{"type":"FeatureCollection","metadata":{"source":"https://services3.arcgis.com/T4QMspbfLg3qTGWY/arcgis/rest/services/NV_FireOccurence_1992_to_present/FeatureServer/0","attribution":"BLM Nevada Fire and Aviation / Nevada Fire Info (nevadafireinfo.org)","disclaimer":"Data provided by BLM 'as is' and may contain errors or omissions. Historical fire records, not a predictive risk model.","region":"Reno / Lake Tahoe / Truckee / Northern Nevada","bbox":{"xmin":-120.5,"ymin":38.8,"xmax":-119,"ymax":40.3},"retrieved":"2026-06-29","count":5281},"features":[{"type":"Feature","geometry":{"type":"Point","coordinates":[-120.00501,39.36667]},"properties":{"Fire_Name":"BRONCO","Acres":0.1,"Cause":"Natural","Year":1998}},{"type":"Feature","geometry":{"type":"Point","coordinates":[-120.05085,39.93501]},"properties":{"Fire_Name":"UPPER","Acres":0.1,"Cause":"Natural","Year":1999}},{"type":"Feature","geometry":{"type":"Point","coordinates":[-119.81501,39.39501]},"properties":{"Fire_Name":null,"Acres":1,"Cause":"Natural","Year":1992}},{"type":"Feature","geometry":{"type":"Point","coordinates":[-120.00001,39.52667]},"properties":{"Fire_Name":null,"Acres":0.1,"Cause":"Human","Year":1992}},{"type":"Feature","geometry":{"type":"Point","coordinates":[-119.78835,38.79167]},"properties":{"Fire_Name":null,"Acres":0.1,"Cause":"Human","Year":1992}},{"type":"Feature","geometry":{"type":"Point","coordinates":[-119.81668,39.23501]},"properties":{"Fire_Name":null,"Acres":0.1,"Cause":"Natural","Year":1992}},{"type":"Feature","geometry":{"type":"Point","coordinates":[-119.86335,38.81001]},"properties":{"Fire_Name":null,"Acres":0.1,"Cause":"Natural","Year":1992}},{"type":"Feature","geometry":{"type":"Point","coordinates":[-120.03335,39.44167]},"properties":{"Fire_Name":null,"Acres":12,"Cause":"Human","Year":1992}},{"type":"Feature","geometry":{"type":"Point","coordinates":[-119.81668,39.31667]},"properties":{"Fire_Name":null,"Acres":0.1,"Cause":"Natural","Year":1992}},{"type":"Feature","geometry":{"type":"Point","coordinates":[-119.98335,39.31667]},"properties":{"Fire_Name":null,"Acres":0.1,"Cause":"Natural","Year":1992}},{"type":"Feature","geometry":{"type":"Point","coordinates":[-119.88835,39.19334]},"properties":{"Fire_Name":null,"Acres":0.5,"Cause":"Natural","Year":1992}},{"type":"Feature","geometry":{"type":"Point","coordinates":[-119.88835,39.19334]},"properties":{"Fire_Name":null,"Acres":0.1,"Cause":"Natural","Year":1992}},{"type":"Feature","geometry":{"type":"Point","coordinates":[-119.88835,39.35167]},"properties":{"Fire_Name":null,"Acres":0.1,"Cause":"Natural","Year":1992}},{"type":"Feature","geometry":{"type":"Point","coordinates":[-119.96335,39.31667]},"properties":{"Fire_Name":null,"Acres":0.1,"Cause":"Natural","Year":1992}},{"type":"Feature","geometry":{"type":"Point","coordinates":[-120.11668,39.68334]},"properties":{"Fire_Name":null,"Acres":0.3,"Cause":"Natural","Year":1992}},{"type":"Feature","geometry":{"type":"Point","coordinates":[-119.83335,39.44001]},"properties":{"Fire_Name":null,"Acres":10,"Cause":"Human","Year":1992}},{"type":"Feature","geometry":{"type":"Point","coordinates":[-120.03335,39.55334]},"properties":{"Fire_Name":null,"Acres":0.1,"Cause":"Natural","Year":1992}},{"type":"Feature","geometry":{"type":"Point","coordinates":[-120.08001,39.55501]},"properties":{"Fire_Name":null,"Acres":0.2,"Cause":"Natural","Year":1992}},{"type":"Feature","geometry":{"type":"Point","coordinates":[-119.85835,38.89501]},"properties":{"Fire_Name":null,"Acres":0.1,"Cause":"Human","Year":1992}},{"type":"Feature","geometry":{"type":"Point","coordinates":[-119.92668,38.79167]},"properties":{"Fire_Name":null,"Acres":0.1,"Cause":"Natural","Year":1992}},{"type":"Feature","geometry":{"type":"Point","coordinates":[-120.09501,39.74667]},"properties":{"Fire_Name":null,"Acres":150,"Cause":"Natural","Year":1992}},{"type":"Feature","geometry":{"type":"Point","coordinates":[-119.91668,39.40501]},"properties":{"Fire_Name":null,"Acres":0.1,"Cause":"Natural","Year":1992}},{"type":"Feature","geometry":{"type":"Point","coordinates":[-120.05501,39.52667]},"properties":{"Fire_Name":null,"Acres":0.1,"Cause":"Natural","Year":1992}},{"type":"Feature","geometry":{"type":"Point","coordinates":[-119.87168,39.11001]},"properties":{"Fire_Name":null,"Acres":2,"Cause":"Natural","Year":1992}},{"type":"Feature","geometry":{"type":"Point","coordinates":[-120.06335,39.54167]},"properties":{"Fire_Name":null,"Acres":0.1,"Cause":"Human","Year":1992}},{"type":"Feature","geometry":{"type":"Point","coordinates":[-119.86668,38.78334]},"properties":{"Fire_Name":null,"Acres":5,"Cause":"Natural","Year":1992}},{"type":"Feature","geometry":{"type":"Point","coordinates":[-120.12501,39.71834]},"properties":{"Fire_Name":null,"Acres":0.1,"Cause":"Natural","Year":1992}},{"type":"Feature","geometry":{"type":"Point","coordinates":[-120.02168,39.44167]},"properties":{"Fire_Name":null,"Acres":0.1,"Cause":"Natural","Year":1992}},{"type":"Feature","geometry":{"type":"Point","coordinates":[-119.78335,39.12167]},"properties":{"Fire_Name":null,"Acres":71.1,"Cause":"Natural","Year":1992}},{"type":"Feature","geometry":{"type":"Point","coordinates":[-120.03835,39.48334]},"properties":{"Fire_Name":null,"Acres":0.1,"Cause":"Human","Year":1992}},{"type":"Feature","geometry":{"type":"Point","coordinates":[-120.12668,39.67667]},"properties":{"Fire_Name":null,"Acres":0.2,"Cause":"Natural","Year":1992}},{"type":"Feature","geometry":{"type":"Point","coordinates":[-120.03168,39.54334]},"properties":{"Fire_Name":null,"Acres":0.1,"Cause":"Natural","Year":1992}},{"type":"Feature","geometry":{"type":"Point","coordinates":[-119.84501,39.58501]},"properties":{"Fire_Name":null,"Acres":1,"Cause":"Human","Year":1992}},{"type":"Feature","geometry":{"type":"Point","coordinates":[-120.09835,39.85417]},"properties":{"Fire_Name":"SCOTT","Acres":15,"Cause":"Human","Year":1992}},{"type":"Feature","geometry":{"type":"Point","coordinates":[-120.16335,40.01334]},"properties":{"Fire_Name":"WOLF","Acres":2,"Cause":"Natural","Year":1992}},{"type":"Feature","geometry":{"type":"Point","coordinates":[-120.17362,40.03695]},"properties":{"Fire_Name":"CLUBHOUSE","Acres":0.1,"Cause":"Human","Year":1992}},{"type":"Feature","geometry":{"type":"Point","coordinates":[-120.28501,40.13667]},"properties":{"Fire_Name":"MARK","Acres":0.5,"Cause":"Human","Year":1992}},{"type":"Feature","geometry":{"type":"Point","coordinates":[-120.14529,40.00556]},"properties":{"Fire_Name":"ROBINSON","Acres":480,"Cause":"Natural","Year":1992}},{"type":"Feature","geometry":{"type":"Point","coordinates":[-120.13668,39.98667]},"properties":{"Fire_Name":"ROLO","Acres":8.5,"Cause":"Natural","Year":1992}},{"type":"Feature","geometry":{"type":"Point","coordinates":[-120.17446,40.05556]},"properties":{"Fire_Name":"GOSS","Acres":0.2,"Cause":"Human","Year":1992}},{"type":"Feature","geometry":{"type":"Point","coordinates":[-120.13835,39.63334]},"properties":{"Fire_Name":"PINE","Acres":0.1,"Cause":"Natural","Year":1992}},{"type":"Feature","geometry":{"type":"Point","coordinates":[-120.18668,39.58501]},"properties":{"Fire_Name":"ALDER","Acres":0.1,"Cause":"Natural","Year":1992}},{"type":"Feature","geometry":{"type":"Point","coordinates":[-120.16835,39.60001]},"properties":{"Fire_Name":"SMITHNECK","Acres":0.2,"Cause":"Human","Year":1992}},{"type":"Feature","geometry":{"type":"Point","coordinates":[-120.16835,39.55667]},"properties":{"Fire_Name":"LINEHOG","Acres":0.1,"Cause":"Natural","Year":1992}},{"type":"Feature","geometry":{"type":"Point","coordinates":[-120.11335,39.57167]},"properties":{"Fire_Name":"ROCK","Acres":0.1,"Cause":"Natural","Year":1992}},{"type":"Feature","geometry":{"type":"Point","coordinates":[-120.16835,39.54167]},"properties":{"Fire_Name":"HIDDEN","Acres":0.2,"Cause":"Natural","Year":1992}},{"type":"Feature","geometry":{"type":"Point","coordinates":[-120.23001,39.64667]},"properties":{"Fire_Name":"JUICY","Acres":0.1,"Cause":"Natural","Year":1992}},{"type":"Feature","geometry":{"type":"Point","coordinates":[-120.16835,39.54167]},"properties":{"Fire_Name":"BLACKJACK","Acres":0.2,"Cause":"Natural","Year":1992}},{"type":"Feature","geometry":{"type":"Point","coordinates":[-120.18668,39.57167]},"properties":{"Fire_Name":"BONE","Acres":0.1,"Cause":"Natural","Year":1992}},{"type":"Feature","geometry":{"type":"Point","coordinates":[-120.16835,39.51334]},"properties":{"Fire_Name":"DAVIES","Acres":0.1,"Cause":"Natural","Year":1992}},{"type":"Feature","geometry":{"type":"Point","coordinates":[-120.18668,39.60001]},"properties":{"Fire_Name":"DRY","Acres":0.1,"Cause":"Natural","Year":1992}},{"type":"Feature","geometry":{"type":"Point","coordinates":[-120.17501,39.66167]},"properties":{"Fire_Name":"HORN","Acres":0.1,"Cause":"Natural","Year":1992}},{"type":"Feature","geometry":{"type":"Point","coordinates":[-120.21168,39.66167]},"properties":{"Fire_Name":"TRESPASS","Acres":0.1,"Cause":"Natural","Year":1992}},{"type":"Feature","geometry":{"type":"Point","coordinates":[-120.19335,39.63334]},"properties":{"Fire_Name":"GAGING","Acres":0.1,"Cause":"Natural","Year":1992}},{"type":"Feature","geometry":{"type":"Point","coordinates":[-120.11335,39.60001]},"properties":{"Fire_Name":"BABBIT","Acres":0.1,"Cause":"Natural","Year":1992}},{"type":"Feature","geometry":{"type":"Point","coordinates":[-120.15668,39.63334]},"properties":{"Fire_Name":"DODGE","Acres":0.1,"Cause":"Natural","Year":1992}},{"type":"Feature","geometry":{"type":"Point","coordinates":[-120.11335,39.60001]},"properties":{"Fire_Name":"BADENAUGH","Acres":0.1,"Cause":"Natural","Year":1992}},{"type":"Feature","geometry":{"type":"Point","coordinates":[-120.15001,39.58501]},"properties":{"Fire_Name":"LEWIS","Acres":0.3,"Cause":"Natural","Year":1992}},{"type":"Feature","geometry":{"type":"Point","coordinates":[-120.20501,39.61501]},"properties":{"Fire_Name":"MADIGAN","Acres":0.1,"Cause":"Natural","Year":1992}},{"type":"Feature","geometry":{"type":"Point","coordinates":[-120.13168,39.38167]},"properties":{"Fire_Name":"PROSSER","Acres":0.1,"Cause":"Human","Year":1992}},{"type":"Feature","geometry":{"type":"Point","coordinates":[-120.11335,39.49834]},"properties":{"Fire_Name":"STAMPEDE","Acres":0.5,"Cause":"Natural","Year":1992}},{"type":"Feature","geometry":{"type":"Point","coordinates":[-120.03835,39.47001]},"properties":{"Fire_Name":"VERDI","Acres":0.1,"Cause":"Natural","Year":1992}},{"type":"Feature","geometry":{"type":"Point","coordinates":[-120.13168,39.44001]},"properties":{"Fire_Name":"DEBRIS","Acres":0.1,"Cause":"Human","Year":1992}},{"type":"Feature","geometry":{"type":"Point","coordinates":[-120.09335,39.38167]},"properties":{"Fire_Name":"CCC","Acres":0.1,"Cause":"Human","Year":1992}},{"type":"Feature","geometry":{"type":"Point","coordinates":[-120.05668,39.47001]},"properties":{"Fire_Name":"LADYBUG","Acres":0.1,"Cause":"Human","Year":1992}},{"type":"Feature","geometry":{"type":"Point","coordinates":[-120.07501,39.39667]},"properties":{"Fire_Name":"RIDGE","Acres":0.1,"Cause":"Natural","Year":1992}},{"type":"Feature","geometry":{"type":"Point","coordinates":[-120.13168,39.41167]},"properties":{"Fire_Name":"WOODCHOPPER","Acres":0.1,"Cause":"Natural","Year":1992}},{"type":"Feature","geometry":{"type":"Point","coordinates":[-120.05668,39.41167]},"properties":{"Fire_Name":"BOW","Acres":0.1,"Cause":"Natural","Year":1992}},{"type":"Feature","geometry":{"type":"Point","coordinates":[-120.07501,39.52834]},"properties":{"Fire_Name":"SUMMIT","Acres":0.1,"Cause":"Natural","Year":1992}},{"type":"Feature","geometry":{"type":"Point","coordinates":[-120.03835,39.49834]},"properties":{"Fire_Name":"BUG","Acres":0.1,"Cause":"Natural","Year":1992}},{"type":"Feature","geometry":{"type":"Point","coordinates":[-120.09335,39.38167]},"properties":{"Fire_Name":"WEDDING","Acres":0.1,"Cause":"Human","Year":1992}},{"type":"Feature","geometry":{"type":"Point","coordinates":[-120.11335,39.54167]},"properties":{"Fire_Name":"JAMMER","Acres":0.1,"Cause":"Natural","Year":1992}},{"type":"Feature","geometry":{"type":"Point","coordinates":[-119.87001,39.45334]},"properties":{"Fire_Name":null,"Acres":0.1,"Cause":"Natural","Year":1993}},{"type":"Feature","geometry":{"type":"Point","coordinates":[-119.99335,39.49167]},"properties":{"Fire_Name":null,"Acres":25,"Cause":"Human","Year":1993}},{"type":"Feature","geometry":{"type":"Point","coordinates":[-120.13168,39.60001]},"properties":{"Fire_Name":null,"Acres":0.1,"Cause":"Human","Year":1993}},{"type":"Feature","geometry":{"type":"Point","coordinates":[-120.08001,39.73501]},"properties":{"Fire_Name":null,"Acres":3.5,"Cause":"Natural","Year":1993}},{"type":"Feature","geometry":{"type":"Point","coordinates":[-119.77835,39.36667]},"properties":{"Fire_Name":null,"Acres":5,"Cause":"Natural","Year":1993}},{"type":"Feature","geometry":{"type":"Point","coordinates":[-119.79168,38.79501]},"properties":{"Fire_Name":null,"Acres":0.2,"Cause":"Human","Year":1993}},{"type":"Feature","geometry":{"type":"Point","coordinates":[-119.85168,39.36667]},"properties":{"Fire_Name":null,"Acres":0.2,"Cause":"Human","Year":1993}},{"type":"Feature","geometry":{"type":"Point","coordinates":[-119.92668,39.33834]},"properties":{"Fire_Name":null,"Acres":0.2,"Cause":"Human","Year":1993}},{"type":"Feature","geometry":{"type":"Point","coordinates":[-119.85335,38.78334]},"properties":{"Fire_Name":null,"Acres":0.1,"Cause":"Natural","Year":1993}},{"type":"Feature","geometry":{"type":"Point","coordinates":[-120.10168,39.69001]},"properties":{"Fire_Name":null,"Acres":0.5,"Cause":"Natural","Year":1993}},{"type":"Feature","geometry":{"type":"Point","coordinates":[-119.83335,39.39501]},"properties":{"Fire_Name":null,"Acres":0.1,"Cause":"Human","Year":1993}},{"type":"Feature","geometry":{"type":"Point","coordinates":[-119.87001,39.13501]},"properties":{"Fire_Name":null,"Acres":0.1,"Cause":"Natural","Year":1993}},{"type":"Feature","geometry":{"type":"Point","coordinates":[-120.06501,39.63334]},"properties":{"Fire_Name":null,"Acres":2,"Cause":"Human","Year":1993}},{"type":"Feature","geometry":{"type":"Point","coordinates":[-120.12168,39.93001]},"properties":{"Fire_Name":"CRYSTAL","Acres":80,"Cause":"Human","Year":1993}},{"type":"Feature","geometry":{"type":"Point","coordinates":[-120.15668,39.84334]},"properties":{"Fire_Name":"GREEN","Acres":0.5,"Cause":"Natural","Year":1993}},{"type":"Feature","geometry":{"type":"Point","coordinates":[-120.16835,39.54167]},"properties":{"Fire_Name":"PAT'S","Acres":0.1,"Cause":"Natural","Year":1993}},{"type":"Feature","geometry":{"type":"Point","coordinates":[-120.15001,39.51334]},"properties":{"Fire_Name":"BOVINE","Acres":0.1,"Cause":"Natural","Year":1993}},{"type":"Feature","geometry":{"type":"Point","coordinates":[-120.21224,39.67612]},"properties":{"Fire_Name":"ARMADILLO","Acres":0.1,"Cause":"Natural","Year":1993}},{"type":"Feature","geometry":{"type":"Point","coordinates":[-120.11335,39.39667]},"properties":{"Fire_Name":"BOCA","Acres":0.5,"Cause":"Human","Year":1993}},{"type":"Feature","geometry":{"type":"Point","coordinates":[-120.13168,39.38167]},"properties":{"Fire_Name":"PROSSER","Acres":0.2,"Cause":"Human","Year":1993}},{"type":"Feature","geometry":{"type":"Point","coordinates":[-120.13112,39.48417]},"properties":{"Fire_Name":"SANCHEZ","Acres":0.3,"Cause":"Natural","Year":1993}},{"type":"Feature","geometry":{"type":"Point","coordinates":[-120.05668,39.55501]},"properties":{"Fire_Name":"USFS 001","Acres":0.1,"Cause":"Human","Year":1994}},{"type":"Feature","geometry":{"type":"Point","coordinates":[-119.87501,39.45001]},"properties":{"Fire_Name":"USFS 006","Acres":0.1,"Cause":"Human","Year":1994}},{"type":"Feature","geometry":{"type":"Point","coordinates":[-120.03835,39.55667]},"properties":{"Fire_Name":"USFS 007","Acres":0.1,"Cause":"Human","Year":1994}},{"type":"Feature","geometry":{"type":"Point","coordinates":[-119.87501,39.45001]},"properties":{"Fire_Name":"USFS 008","Acres":2,"Cause":"Human","Year":1994}},{"type":"Feature","geometry":{"type":"Point","coordinates":[-120.05668,39.55667]},"properties":{"Fire_Name":"USFS 009","Acres":0.1,"Cause":"Human","Year":1994}},{"type":"Feature","geometry":{"type":"Point","coordinates":[-119.89168,39.45834]},"properties":{"Fire_Name":"USFS 013","Acres":0.1,"Cause":"Human","Year":1994}},{"type":"Feature","geometry":{"type":"Point","coordinates":[-119.89168,39.45834]},"properties":{"Fire_Name":"USFS 014","Acres":0.1,"Cause":"Human","Year":1994}},{"type":"Feature","geometry":{"type":"Point","coordinates":[-119.99168,39.51834]},"properties":{"Fire_Name":"USFS 016","Acres":0.1,"Cause":"Human","Year":1994}},{"type":"Feature","geometry":{"type":"Point","coordinates":[-119.81501,39.20667]},"properties":{"Fire_Name":"USFS 017","Acres":2.5,"Cause":"Human","Year":1994}},{"type":"Feature","geometry":{"type":"Point","coordinates":[-119.73501,38.80001]},"properties":{"Fire_Name":"USFS 022","Acres":25,"Cause":"Natural","Year":1994}},{"type":"Feature","geometry":{"type":"Point","coordinates":[-120.02835,39.39167]},"properties":{"Fire_Name":"USFS 023","Acres":5,"Cause":"Human","Year":1994}},{"type":"Feature","geometry":{"type":"Point","coordinates":[-119.96335,39.29501]},"properties":{"Fire_Name":"USFS 030","Acres":0.1,"Cause":"Natural","Year":1994}},{"type":"Feature","geometry":{"type":"Point","coordinates":[-119.69168,38.86001]},"properties":{"Fire_Name":"USFS 036","Acres":5,"Cause":"Natural","Year":1994}},{"type":"Feature","geometry":{"type":"Point","coordinates":[-120.04335,39.44167]},"properties":{"Fire_Name":"USFS 042","Acres":0.1,"Cause":"Human","Year":1994}},{"type":"Feature","geometry":{"type":"Point","coordinates":[-120.03835,39.42667]},"properties":{"Fire_Name":"USFS 044","Acres":0.1,"Cause":"Human","Year":1994}},{"type":"Feature","geometry":{"type":"Point","coordinates":[-119.92668,39.62834]},"properties":{"Fire_Name":"USFS 045","Acres":5,"Cause":"Natural","Year":1994}},{"type":"Feature","geometry":{"type":"Point","coordinates":[-119.93001,39.62834]},"properties":{"Fire_Name":"USFS 046","Acres":0.1,"Cause":"Natural","Year":1994}},{"type":"Feature","geometry":{"type":"Point","coordinates":[-119.90835,39.29501]},"properties":{"Fire_Name":"USFS 047","Acres":0.1,"Cause":"Human","Year":1994}},{"type":"Feature","geometry":{"type":"Point","coordinates":[-119.87001,39.12001]},"properties":{"Fire_Name":"USFS 048","Acres":0.5,"Cause":"Human","Year":1994}},{"type":"Feature","geometry":{"type":"Point","coordinates":[-119.78168,38.79667]},"properties":{"Fire_Name":"USFS 066","Acres":0.1,"Cause":"Human","Year":1994}},{"type":"Feature","geometry":{"type":"Point","coordinates":[-119.88501,39.30834]},"properties":{"Fire_Name":"USFS 068","Acres":0.1,"Cause":"Human","Year":1994}},{"type":"Feature","geometry":{"type":"Point","coordinates":[-119.95501,39.45667]},"properties":{"Fire_Name":"USFS 080","Acres":0.2,"Cause":"Natural","Year":1994}},{"type":"Feature","geometry":{"type":"Point","coordinates":[-119.88835,38.80667]},"properties":{"Fire_Name":"USFS 082","Acres":0.1,"Cause":"Natural","Year":1994}},{"type":"Feature","geometry":{"type":"Point","coordinates":[-119.88168,38.81001]},"properties":{"Fire_Name":"USFS 083","Acres":0.1,"Cause":"Natural","Year":1994}},{"type":"Feature","geometry":{"type":"Point","coordinates":[-120.03335,39.55667]},"properties":{"Fire_Name":"USFS 085","Acres":0.1,"Cause":"Natural","Year":1994}},{"type":"Feature","geometry":{"type":"Point","coordinates":[-119.98501,39.45834]},"properties":{"Fire_Name":"USFS 089","Acres":0.2,"Cause":"Natural","Year":1994}},{"type":"Feature","geometry":{"type":"Point","coordinates":[-120.00001,39.47834]},"properties":{"Fire_Name":"USFS 090","Acres":0.3,"Cause":"Natural","Year":1994}},{"type":"Feature","geometry":{"type":"Point","coordinates":[-119.90835,39.49167]},"properties":{"Fire_Name":"USFS 091","Acres":0.1,"Cause":"Natural","Year":1994}},{"type":"Feature","geometry":{"type":"Point","coordinates":[-119.89168,39.45501]},"properties":{"Fire_Name":"USFS 092","Acres":0.2,"Cause":"Natural","Year":1994}},{"type":"Feature","geometry":{"type":"Point","coordinates":[-119.96835,39.42501]},"properties":{"Fire_Name":"USFS 093","Acres":0.3,"Cause":"Natural","Year":1994}},{"type":"Feature","geometry":{"type":"Point","coordinates":[-119.85168,39.04834]},"properties":{"Fire_Name":"USFS 094","Acres":0.3,"Cause":"Natural","Year":1994}},{"type":"Feature","geometry":{"type":"Point","coordinates":[-119.89168,39.14167]},"properties":{"Fire_Name":"USFS 095","Acres":0.1,"Cause":"Natural","Year":1994}},{"type":"Feature","geometry":{"type":"Point","coordinates":[-119.86918,38.80167]},"properties":{"Fire_Name":"HORSE 2","Acres":0.2,"Cause":"Natural","Year":1994}},{"type":"Feature","geometry":{"type":"Point","coordinates":[-120.07501,39.65001]},"properties":{"Fire_Name":"USFS 097","Acres":0.2,"Cause":"Natural","Year":1994}},{"type":"Feature","geometry":{"type":"Point","coordinates":[-119.83335,39.55834]},"properties":{"Fire_Name":"USFS 099","Acres":0.1,"Cause":"Human","Year":1994}},{"type":"Feature","geometry":{"type":"Point","coordinates":[-120.19418,39.81056]},"properties":{"Fire_Name":"TURF","Acres":0.1,"Cause":"Human","Year":1994}},{"type":"Feature","geometry":{"type":"Point","coordinates":[-120.09974,39.86001]},"properties":{"Fire_Name":"SCOTT","Acres":5,"Cause":"Human","Year":1994}},{"type":"Feature","geometry":{"type":"Point","coordinates":[-120.10168,39.86334]},"properties":{"Fire_Name":"UP","Acres":0.1,"Cause":"Human","Year":1994}},{"type":"Feature","geometry":{"type":"Point","coordinates":[-120.14501,40.00695]},"properties":{"Fire_Name":"DOYLE","Acres":2000,"Cause":"Human","Year":1994}},{"type":"Feature","geometry":{"type":"Point","coordinates":[-120.2389,40.10862]},"properties":{"Fire_Name":"MARK","Acres":0.1,"Cause":"Human","Year":1994}},{"type":"Feature","geometry":{"type":"Point","coordinates":[-120.19168,39.95167]},"properties":{"Fire_Name":"FRENCH","Acres":1,"Cause":"Human","Year":1994}},{"type":"Feature","geometry":{"type":"Point","coordinates":[-120.16446,40.01945]},"properties":{"Fire_Name":"LOOP","Acres":0.1,"Cause":"Human","Year":1994}},{"type":"Feature","geometry":{"type":"Point","coordinates":[-120.17362,40.03973]},"properties":{"Fire_Name":"TOWN","Acres":11,"Cause":"Human","Year":1994}},{"type":"Feature","geometry":{"type":"Point","coordinates":[-120.25001,40.11667]},"properties":{"Fire_Name":"HEAD","Acres":0.1,"Cause":"Human","Year":1994}},{"type":"Feature","geometry":{"type":"Point","coordinates":[-120.25807,40.12223]},"properties":{"Fire_Name":"HERLONG","Acres":0.5,"Cause":"Human","Year":1994}},{"type":"Feature","geometry":{"type":"Point","coordinates":[-120.23001,39.66167]},"properties":{"Fire_Name":"MILL","Acres":1.5,"Cause":"Human","Year":1994}},{"type":"Feature","geometry":{"type":"Point","coordinates":[-120.09335,39.52834]},"properties":{"Fire_Name":"MERRIL","Acres":0.1,"Cause":"Natural","Year":1994}},{"type":"Feature","geometry":{"type":"Point","coordinates":[-120.15668,39.72001]},"properties":{"Fire_Name":"INA","Acres":0.5,"Cause":"Natural","Year":1994}},{"type":"Feature","geometry":{"type":"Point","coordinates":[-120.08501,39.38501]},"properties":{"Fire_Name":"BOCA","Acres":0.1,"Cause":"Human","Year":1994}},{"type":"Feature","geometry":{"type":"Point","coordinates":[-120.06668,39.50167]},"properties":{"Fire_Name":"CRYSTAL","Acres":7310,"Cause":"Human","Year":1994}},{"type":"Feature","geometry":{"type":"Point","coordinates":[-120.08168,39.38167]},"properties":{"Fire_Name":"HIRSCHDALE","Acres":1300,"Cause":"Human","Year":1994}},{"type":"Feature","geometry":{"type":"Point","coordinates":[-120.11335,39.41167]},"properties":{"Fire_Name":"WOODCHOPPER","Acres":0.1,"Cause":"Human","Year":1994}},{"type":"Feature","geometry":{"type":"Point","coordinates":[-120.03835,39.47001]},"properties":{"Fire_Name":"VERDI","Acres":0.3,"Cause":"Natural","Year":1994}},{"type":"Feature","geometry":{"type":"Point","coordinates":[-120.05668,39.42667]},"properties":{"Fire_Name":"CANYON","Acres":0.1,"Cause":"Natural","Year":1994}},{"type":"Feature","geometry":{"type":"Point","coordinates":[-119.77668,39.09167]},"properties":{"Fire_Name":"JAMES LEE","Acres":0.1,"Cause":"Human","Year":1995}},{"type":"Feature","geometry":{"type":"Point","coordinates":[-120.00001,39.59834]},"properties":{"Fire_Name":"MITCHELL","Acres":0.1,"Cause":"Human","Year":1995}},{"type":"Feature","geometry":{"type":"Point","coordinates":[-120.00001,39.42501]},"properties":{"Fire_Name":"MYSTIC","Acres":40,"Cause":"Natural","Year":1995}},{"type":"Feature","geometry":{"type":"Point","coordinates":[-119.90835,39.42501]},"properties":{"Fire_Name":"HUNTER","Acres":0.2,"Cause":"Natural","Year":1995}},{"type":"Feature","geometry":{"type":"Point","coordinates":[-119.83335,39.04834]},"properties":{"Fire_Name":"JAMES","Acres":0.1,"Cause":"Natural","Year":1995}},{"type":"Feature","geometry":{"type":"Point","coordinates":[-119.85168,39.04834]},"properties":{"Fire_Name":"GENOA","Acres":0.2,"Cause":"Natural","Year":1995}},{"type":"Feature","geometry":{"type":"Point","coordinates":[-119.98668,39.61167]},"properties":{"Fire_Name":"BLACK PINE","Acres":0.1,"Cause":"Natural","Year":1995}},{"type":"Feature","geometry":{"type":"Point","coordinates":[-119.85168,38.96167]},"properties":{"Fire_Name":"KING","Acres":6,"Cause":"Natural","Year":1995}},{"type":"Feature","geometry":{"type":"Point","coordinates":[-119.89335,39.48667]},"properties":{"Fire_Name":"WOODCHUCK","Acres":3,"Cause":"Human","Year":1995}},{"type":"Feature","geometry":{"type":"Point","coordinates":[-120.07501,39.60167]},"properties":{"Fire_Name":"SHELLY","Acres":0.1,"Cause":"Human","Year":1995}},{"type":"Feature","geometry":{"type":"Point","coordinates":[-120.09001,39.69167]},"properties":{"Fire_Name":"EVANS","Acres":0.2,"Cause":"Natural","Year":1995}},{"type":"Feature","geometry":{"type":"Point","coordinates":[-120.00835,39.55834]},"properties":{"Fire_Name":"DOG","Acres":0.1,"Cause":"Natural","Year":1995}},{"type":"Feature","geometry":{"type":"Point","coordinates":[-120.00501,39.44001]},"properties":{"Fire_Name":"LUCKY STRIKE","Acres":0.1,"Cause":"Natural","Year":1995}},{"type":"Feature","geometry":{"type":"Point","coordinates":[-119.99001,39.47167]},"properties":{"Fire_Name":"FIREBIRD","Acres":5,"Cause":"Human","Year":1995}},{"type":"Feature","geometry":{"type":"Point","coordinates":[-119.79168,38.80167]},"properties":{"Fire_Name":"DAY","Acres":0.1,"Cause":"Human","Year":1995}},{"type":"Feature","geometry":{"type":"Point","coordinates":[-120.00001,39.48001]},"properties":{"Fire_Name":"STATELINE","Acres":0.3,"Cause":"Human","Year":1995}},{"type":"Feature","geometry":{"type":"Point","coordinates":[-119.97835,39.63001]},"properties":{"Fire_Name":"COLD SPRINGS","Acres":3,"Cause":"Human","Year":1995}},{"type":"Feature","geometry":{"type":"Point","coordinates":[-119.98168,39.63001]},"properties":{"Fire_Name":"EAST","Acres":0.3,"Cause":"Human","Year":1995}},{"type":"Feature","geometry":{"type":"Point","coordinates":[-119.83001,39.17501]},"properties":{"Fire_Name":"ASH","Acres":30,"Cause":"Human","Year":1995}},{"type":"Feature","geometry":{"type":"Point","coordinates":[-119.91501,39.45334]},"properties":{"Fire_Name":"HUNTER II","Acres":50,"Cause":"Human","Year":1995}},{"type":"Feature","geometry":{"type":"Point","coordinates":[-119.67501,38.80001]},"properties":{"Fire_Name":"CELIO","Acres":0.5,"Cause":"Human","Year":1995}},{"type":"Feature","geometry":{"type":"Point","coordinates":[-119.80835,38.80834]},"properties":{"Fire_Name":"MESA VISTA","Acres":40,"Cause":"Human","Year":1995}},{"type":"Feature","geometry":{"type":"Point","coordinates":[-120.16835,39.90501]},"properties":{"Fire_Name":"COVE","Acres":0.1,"Cause":"Human","Year":1995}},{"type":"Feature","geometry":{"type":"Point","coordinates":[-120.17501,39.89501]},"properties":{"Fire_Name":"GATE","Acres":0.2,"Cause":"Human","Year":1995}},{"type":"Feature","geometry":{"type":"Point","coordinates":[-120.18835,39.95501]},"properties":{"Fire_Name":"HOUSE","Acres":0.6,"Cause":"Human","Year":1995}},{"type":"Feature","geometry":{"type":"Point","coordinates":[-120.30501,40.03667]},"properties":{"Fire_Name":"DOWNING","Acres":0.1,"Cause":"Natural","Year":1995}},{"type":"Feature","geometry":{"type":"Point","coordinates":[-120.20501,39.95501]},"properties":{"Fire_Name":"BLOOMER","Acres":0.1,"Cause":"Natural","Year":1995}},{"type":"Feature","geometry":{"type":"Point","coordinates":[-120.16335,39.98501]},"properties":{"Fire_Name":"DIAMOND","Acres":0.2,"Cause":"Natural","Year":1995}},{"type":"Feature","geometry":{"type":"Point","coordinates":[-120.24751,40.12028]},"properties":{"Fire_Name":"BORDER","Acres":1,"Cause":"Human","Year":1995}},{"type":"Feature","geometry":{"type":"Point","coordinates":[-120.06668,39.90334]},"properties":{"Fire_Name":"ADAMS","Acres":0.1,"Cause":"Natural","Year":1995}},{"type":"Feature","geometry":{"type":"Point","coordinates":[-120.11001,39.39834]},"properties":{"Fire_Name":"BOCA","Acres":0.1,"Cause":"Human","Year":1995}},{"type":"Feature","geometry":{"type":"Point","coordinates":[-120.05668,39.38167]},"properties":{"Fire_Name":"HIRSHDALE","Acres":0.1,"Cause":"Human","Year":1995}},{"type":"Feature","geometry":{"type":"Point","coordinates":[-120.13168,39.44001]},"properties":{"Fire_Name":"RUSSELL","Acres":0.1,"Cause":"Human","Year":1995}},{"type":"Feature","geometry":{"type":"Point","coordinates":[-119.97668,38.88667]},"properties":{"Fire_Name":"MOUNTAIN","Acres":0.1,"Cause":"Human","Year":1995}},{"type":"Feature","geometry":{"type":"Point","coordinates":[-119.94335,38.94667]},"properties":{"Fire_Name":"CAESARS","Acres":0.1,"Cause":"Human","Year":1995}},{"type":"Feature","geometry":{"type":"Point","coordinates":[-119.94335,38.99001]},"properties":{"Fire_Name":"RABE MEADOWS","Acres":0.2,"Cause":"Human","Year":1995}},{"type":"Feature","geometry":{"type":"Point","coordinates":[-119.99668,38.85834]},"properties":{"Fire_Name":"OJIBWA","Acres":0.1,"Cause":"Human","Year":1995}},{"type":"Feature","geometry":{"type":"Point","coordinates":[-119.89168,38.91667]},"properties":{"Fire_Name":"BLACK BART I","Acres":0.1,"Cause":"Human","Year":1995}},{"type":"Feature","geometry":{"type":"Point","coordinates":[-119.97668,38.90167]},"properties":{"Fire_Name":"HANK MONK","Acres":0.1,"Cause":"Human","Year":1995}},{"type":"Feature","geometry":{"type":"Point","coordinates":[-120.03835,39.25167]},"properties":{"Fire_Name":"GRANITE","Acres":0.1,"Cause":"Human","Year":1995}},{"type":"Feature","geometry":{"type":"Point","coordinates":[-119.88835,39.03334]},"properties":{"Fire_Name":"LINCOLN","Acres":0.1,"Cause":"Natural","Year":1995}},{"type":"Feature","geometry":{"type":"Point","coordinates":[-119.97668,38.88667]},"properties":{"Fire_Name":"NEZ PERCE","Acres":0.1,"Cause":"Human","Year":1995}},{"type":"Feature","geometry":{"type":"Point","coordinates":[-119.94168,38.96167]},"properties":{"Fire_Name":"PARK","Acres":0.1,"Cause":"Human","Year":1995}},{"type":"Feature","geometry":{"type":"Point","coordinates":[-119.94335,39.00501]},"properties":{"Fire_Name":"COLUMBINE","Acres":0.1,"Cause":"Human","Year":1995}},{"type":"Feature","geometry":{"type":"Point","coordinates":[-119.95835,38.91667]},"properties":{"Fire_Name":"GLENWOOD","Acres":0.1,"Cause":"Human","Year":1995}},{"type":"Feature","geometry":{"type":"Point","coordinates":[-119.94335,38.94667]},"properties":{"Fire_Name":"CHONOKIS","Acres":0.1,"Cause":"Human","Year":1995}},{"type":"Feature","geometry":{"type":"Point","coordinates":[-119.99668,38.87167]},"properties":{"Fire_Name":"SUNSET","Acres":0.1,"Cause":"Human","Year":1995}},{"type":"Feature","geometry":{"type":"Point","coordinates":[-119.99835,39.01834]},"properties":{"Fire_Name":"POPE","Acres":0.2,"Cause":"Human","Year":1995}},{"type":"Feature","geometry":{"type":"Point","coordinates":[-119.92501,39.16334]},"properties":{"Fire_Name":"MARLETTE","Acres":0.1,"Cause":"Human","Year":1995}},{"type":"Feature","geometry":{"type":"Point","coordinates":[-120.02501,38.79167]},"properties":{"Fire_Name":"DARDANELLES","Acres":0.1,"Cause":"Human","Year":1995}},{"type":"Feature","geometry":{"type":"Point","coordinates":[-120.00001,39.23667]},"properties":{"Fire_Name":"BEAVER","Acres":0.1,"Cause":"Human","Year":1995}},{"type":"Feature","geometry":{"type":"Point","coordinates":[-119.90835,39.26501]},"properties":{"Fire_Name":"TIROL","Acres":0.1,"Cause":"Human","Year":1995}},{"type":"Feature","geometry":{"type":"Point","coordinates":[-119.92501,39.12001]},"properties":{"Fire_Name":"SKUNK","Acres":0.1,"Cause":"Human","Year":1995}},{"type":"Feature","geometry":{"type":"Point","coordinates":[-119.94335,39.06167]},"properties":{"Fire_Name":"VISTA","Acres":0.1,"Cause":"Human","Year":1995}},{"type":"Feature","geometry":{"type":"Point","coordinates":[-120.03335,38.78501]},"properties":{"Fire_Name":"PCT","Acres":0.1,"Cause":"Human","Year":1995}},{"type":"Feature","geometry":{"type":"Point","coordinates":[-120.05668,39.25167]},"properties":{"Fire_Name":"BROCKWAY","Acres":0.1,"Cause":"Human","Year":1995}},{"type":"Feature","geometry":{"type":"Point","coordinates":[-119.99668,39.30001]},"properties":{"Fire_Name":"LUTHER","Acres":0.1,"Cause":"Human","Year":1995}},{"type":"Feature","geometry":{"type":"Point","coordinates":[-119.91668,38.95001]},"properties":{"Fire_Name":"HARRAH'S","Acres":0.1,"Cause":"Human","Year":1995}},{"type":"Feature","geometry":{"type":"Point","coordinates":[-119.89668,39.13334]},"properties":{"Fire_Name":"SILVER","Acres":0.1,"Cause":"Human","Year":1995}},{"type":"Feature","geometry":{"type":"Point","coordinates":[-119.88335,38.87501]},"properties":{"Fire_Name":"FOUNTAIN","Acres":0.1,"Cause":"Human","Year":1995}},{"type":"Feature","geometry":{"type":"Point","coordinates":[-119.99668,38.87167]},"properties":{"Fire_Name":"APPLE","Acres":0.1,"Cause":"Human","Year":1995}},{"type":"Feature","geometry":{"type":"Point","coordinates":[-119.94001,38.90167]},"properties":{"Fire_Name":"POWERLINE","Acres":0.1,"Cause":"Human","Year":1995}},{"type":"Feature","geometry":{"type":"Point","coordinates":[-120.05668,39.26667]},"properties":{"Fire_Name":"PINEDROP","Acres":0.1,"Cause":"Human","Year":1995}},{"type":"Feature","geometry":{"type":"Point","coordinates":[-119.89001,38.87334]},"properties":{"Fire_Name":"STAR","Acres":0.1,"Cause":"Human","Year":1995}},{"type":"Feature","geometry":{"type":"Point","coordinates":[-119.95835,38.91667]},"properties":{"Fire_Name":"BART","Acres":0.1,"Cause":"Human","Year":1993}},{"type":"Feature","geometry":{"type":"Point","coordinates":[-120.09335,39.57167]},"properties":{"Fire_Name":"CRYSTAL","Acres":0.1,"Cause":"Natural","Year":1996}},{"type":"Feature","geometry":{"type":"Point","coordinates":[-120.10001,39.50501]},"properties":{"Fire_Name":"RED","Acres":0.1,"Cause":"Natural","Year":1996}},{"type":"Feature","geometry":{"type":"Point","coordinates":[-120.09335,39.44001]},"properties":{"Fire_Name":"BOYINGTON","Acres":0.1,"Cause":"Natural","Year":1996}},{"type":"Feature","geometry":{"type":"Point","coordinates":[-120.07501,39.51334]},"properties":{"Fire_Name":"SERVICE","Acres":0.1,"Cause":"Natural","Year":1996}},{"type":"Feature","geometry":{"type":"Point","coordinates":[-120.11335,39.44001]},"properties":{"Fire_Name":"RUSSEL","Acres":0.1,"Cause":"Natural","Year":1996}},{"type":"Feature","geometry":{"type":"Point","coordinates":[-120.09335,39.47001]},"properties":{"Fire_Name":"STAMPEDE","Acres":0.2,"Cause":"Human","Year":1996}},{"type":"Feature","geometry":{"type":"Point","coordinates":[-119.72001,38.88334]},"properties":{"Fire_Name":"MARY JO","Acres":0.2,"Cause":"Human","Year":1996}},{"type":"Feature","geometry":{"type":"Point","coordinates":[-119.87168,39.60667]},"properties":{"Fire_Name":"SENECA","Acres":0.3,"Cause":"Human","Year":1996}},{"type":"Feature","geometry":{"type":"Point","coordinates":[-120.01168,39.42834]},"properties":{"Fire_Name":"MYSTIC","Acres":0.1,"Cause":"Natural","Year":1996}},{"type":"Feature","geometry":{"type":"Point","coordinates":[-119.77668,39.12501]},"properties":{"Fire_Name":"VOLTAIRE I","Acres":0.2,"Cause":"Natural","Year":1996}},{"type":"Feature","geometry":{"type":"Point","coordinates":[-119.79335,39.13334]},"properties":{"Fire_Name":"VOLTAIRE II","Acres":0.5,"Cause":"Natural","Year":1996}},{"type":"Feature","geometry":{"type":"Point","coordinates":[-120.12335,39.73501]},"properties":{"Fire_Name":"MARTINECIC","Acres":1,"Cause":"Natural","Year":1996}},{"type":"Feature","geometry":{"type":"Point","coordinates":[-120.00501,39.49667]},"properties":{"Fire_Name":"CHANCE","Acres":0.2,"Cause":"Natural","Year":1996}},{"type":"Feature","geometry":{"type":"Point","coordinates":[-119.86668,39.58501]},"properties":{"Fire_Name":"KNOB","Acres":4,"Cause":"Human","Year":1996}},{"type":"Feature","geometry":{"type":"Point","coordinates":[-119.85168,39.33834]},"properties":{"Fire_Name":"MT.ROSE","Acres":1,"Cause":"Natural","Year":1996}},{"type":"Feature","geometry":{"type":"Point","coordinates":[-119.84168,38.82501]},"properties":{"Fire_Name":"WADE","Acres":0.1,"Cause":"Natural","Year":1996}},{"type":"Feature","geometry":{"type":"Point","coordinates":[-120.12001,39.63334]},"properties":{"Fire_Name":"MOLE","Acres":0.1,"Cause":"Natural","Year":1996}},{"type":"Feature","geometry":{"type":"Point","coordinates":[-120.12001,39.66167]},"properties":{"Fire_Name":"BALLS","Acres":0.1,"Cause":"Natural","Year":1996}},{"type":"Feature","geometry":{"type":"Point","coordinates":[-120.01835,39.56834]},"properties":{"Fire_Name":"PEARL","Acres":0.1,"Cause":"Natural","Year":1996}},{"type":"Feature","geometry":{"type":"Point","coordinates":[-120.03835,39.48001]},"properties":{"Fire_Name":"CHEYENNE","Acres":0.1,"Cause":"Natural","Year":1996}},{"type":"Feature","geometry":{"type":"Point","coordinates":[-120.10168,39.73501]},"properties":{"Fire_Name":"ROBERTS 1","Acres":1,"Cause":"Natural","Year":1996}},{"type":"Feature","geometry":{"type":"Point","coordinates":[-120.10168,39.74834]},"properties":{"Fire_Name":"ROBERTS 2","Acres":1,"Cause":"Natural","Year":1996}},{"type":"Feature","geometry":{"type":"Point","coordinates":[-119.98335,39.55334]},"properties":{"Fire_Name":"BULL 1","Acres":11,"Cause":"Natural","Year":1996}},{"type":"Feature","geometry":{"type":"Point","coordinates":[-119.98335,39.56001]},"properties":{"Fire_Name":"BULL 2","Acres":2,"Cause":"Natural","Year":1996}},{"type":"Feature","geometry":{"type":"Point","coordinates":[-119.81668,38.81667]},"properties":{"Fire_Name":"DRY","Acres":0.1,"Cause":"Natural","Year":1996}},{"type":"Feature","geometry":{"type":"Point","coordinates":[-119.85001,38.86334]},"properties":{"Fire_Name":"JOBS","Acres":0.1,"Cause":"Natural","Year":1996}},{"type":"Feature","geometry":{"type":"Point","coordinates":[-120.08335,39.67667]},"properties":{"Fire_Name":"DARK","Acres":1,"Cause":"Natural","Year":1996}},{"type":"Feature","geometry":{"type":"Point","coordinates":[-119.93001,38.80001]},"properties":{"Fire_Name":"WILLOW","Acres":0.2,"Cause":"Natural","Year":1996}},{"type":"Feature","geometry":{"type":"Point","coordinates":[-119.94668,39.60667]},"properties":{"Fire_Name":"RED METAL 2","Acres":0.1,"Cause":"Natural","Year":1996}},{"type":"Feature","geometry":{"type":"Point","coordinates":[-119.69501,38.79834]},"properties":{"Fire_Name":"CHINA SPRINGS","Acres":20,"Cause":"Human","Year":1996}},{"type":"Feature","geometry":{"type":"Point","coordinates":[-119.80501,39.07334]},"properties":{"Fire_Name":"JACKS VALLEY","Acres":2,"Cause":"Natural","Year":1996}},{"type":"Feature","geometry":{"type":"Point","coordinates":[-119.85335,38.84334]},"properties":{"Fire_Name":"FAY","Acres":0.1,"Cause":"Natural","Year":1996}},{"type":"Feature","geometry":{"type":"Point","coordinates":[-119.91501,39.55667]},"properties":{"Fire_Name":"MOGUL","Acres":0.2,"Cause":"Human","Year":1996}},{"type":"Feature","geometry":{"type":"Point","coordinates":[-120.03279,39.48389]},"properties":{"Fire_Name":"OUTCROP","Acres":0.1,"Cause":"Natural","Year":1996}},{"type":"Feature","geometry":{"type":"Point","coordinates":[-119.99668,39.47667]},"properties":{"Fire_Name":"MYSTIC 2","Acres":5,"Cause":"Natural","Year":1996}},{"type":"Feature","geometry":{"type":"Point","coordinates":[-119.98168,39.48334]},"properties":{"Fire_Name":"BELLI","Acres":6700,"Cause":"Human","Year":1996}},{"type":"Feature","geometry":{"type":"Point","coordinates":[-119.92668,39.61501]},"properties":{"Fire_Name":"ANDERSON","Acres":3,"Cause":"Natural","Year":1996}},{"type":"Feature","geometry":{"type":"Point","coordinates":[-119.99668,38.91667]},"properties":{"Fire_Name":"MEADOW","Acres":0.1,"Cause":"Human","Year":1996}},{"type":"Feature","geometry":{"type":"Point","coordinates":[-120.07501,39.23667]},"properties":{"Fire_Name":"AGATE","Acres":0.1,"Cause":"Human","Year":1996}},{"type":"Feature","geometry":{"type":"Point","coordinates":[-119.92501,39.04834]},"properties":{"Fire_Name":"WINDING","Acres":0.1,"Cause":"Natural","Year":1996}},{"type":"Feature","geometry":{"type":"Point","coordinates":[-120.19335,39.63334]},"properties":{"Fire_Name":"VAN","Acres":0.1,"Cause":"Human","Year":1996}},{"type":"Feature","geometry":{"type":"Point","coordinates":[-120.11335,39.54167]},"properties":{"Fire_Name":"JAMMER","Acres":0.1,"Cause":"Natural","Year":1996}},{"type":"Feature","geometry":{"type":"Point","coordinates":[-120.17501,39.70667]},"properties":{"Fire_Name":"STAVERVILLE","Acres":0.2,"Cause":"Natural","Year":1996}},{"type":"Feature","geometry":{"type":"Point","coordinates":[-120.15668,39.72001]},"properties":{"Fire_Name":"COOLBRITH","Acres":0.3,"Cause":"Natural","Year":1996}},{"type":"Feature","geometry":{"type":"Point","coordinates":[-120.15835,39.72501]},"properties":{"Fire_Name":"MARTINECK","Acres":580,"Cause":"Natural","Year":1996}},{"type":"Feature","geometry":{"type":"Point","coordinates":[-119.88335,38.93167]},"properties":{"Fire_Name":"SPRING","Acres":0.1,"Cause":"Human","Year":1996}},{"type":"Feature","geometry":{"type":"Point","coordinates":[-119.88335,38.91834]},"properties":{"Fire_Name":"HIGH MEADOWS","Acres":0.1,"Cause":"Natural","Year":1996}},{"type":"Feature","geometry":{"type":"Point","coordinates":[-119.93001,39.05667]},"properties":{"Fire_Name":"CAVE","Acres":0.1,"Cause":"Natural","Year":1996}},{"type":"Feature","geometry":{"type":"Point","coordinates":[-119.88335,38.91834]},"properties":{"Fire_Name":"AUTUMN HILLS","Acres":160,"Cause":"Human","Year":1996}},{"type":"Feature","geometry":{"type":"Point","coordinates":[-119.94001,39.60834]},"properties":{"Fire_Name":"RED METAL 1","Acres":0.1,"Cause":"Natural","Year":1996}},{"type":"Feature","geometry":{"type":"Point","coordinates":[-120.02668,39.73334]},"properties":{"Fire_Name":"DUTCH BOY","Acres":0.1,"Cause":"Natural","Year":1996}},{"type":"Feature","geometry":{"type":"Point","coordinates":[-120.02668,39.73334]},"properties":{"Fire_Name":"DUTCHMAN","Acres":5,"Cause":"Natural","Year":1996}},{"type":"Feature","geometry":{"type":"Point","coordinates":[-120.00001,39.26501]},"properties":{"Fire_Name":"BALDY","Acres":0.3,"Cause":"Human","Year":1996}},{"type":"Feature","geometry":{"type":"Point","coordinates":[-119.99835,39.05001]},"properties":{"Fire_Name":"LARCH","Acres":0.1,"Cause":"Human","Year":1996}},{"type":"Feature","geometry":{"type":"Point","coordinates":[-119.92501,38.97501]},"properties":{"Fire_Name":"SEWER","Acres":0.1,"Cause":"Human","Year":1996}},{"type":"Feature","geometry":{"type":"Point","coordinates":[-120.03835,39.25167]},"properties":{"Fire_Name":"WINDSOR","Acres":0.1,"Cause":"Human","Year":1996}},{"type":"Feature","geometry":{"type":"Point","coordinates":[-120.07501,39.22334]},"properties":{"Fire_Name":"ONYX","Acres":0.1,"Cause":"Human","Year":1996}},{"type":"Feature","geometry":{"type":"Point","coordinates":[-119.94001,38.87167]},"properties":{"Fire_Name":"FREEL","Acres":0.1,"Cause":"Natural","Year":1996}},{"type":"Feature","geometry":{"type":"Point","coordinates":[-119.95835,38.80001]},"properties":{"Fire_Name":"LUTHER","Acres":0.1,"Cause":"Natural","Year":1996}},{"type":"Feature","geometry":{"type":"Point","coordinates":[-120.09001,39.86889]},"properties":{"Fire_Name":"BOUNDARY","Acres":1.5,"Cause":"Human","Year":1996}},{"type":"Feature","geometry":{"type":"Point","coordinates":[-120.17001,39.90501]},"properties":{"Fire_Name":"COVE","Acres":0.1,"Cause":"Human","Year":1996}},{"type":"Feature","geometry":{"type":"Point","coordinates":[-120.30501,40.05167]},"properties":{"Fire_Name":"JORDAN","Acres":0.2,"Cause":"Natural","Year":1996}},{"type":"Feature","geometry":{"type":"Point","coordinates":[-120.25501,40.00334]},"properties":{"Fire_Name":"ARTRAY","Acres":0.1,"Cause":"Natural","Year":1996}},{"type":"Feature","geometry":{"type":"Point","coordinates":[-120.15001,39.87334]},"properties":{"Fire_Name":"SNOW","Acres":0.1,"Cause":"Natural","Year":1996}},{"type":"Feature","geometry":{"type":"Point","coordinates":[-120.03501,38.81001]},"properties":{"Fire_Name":"ECHO","Acres":0.1,"Cause":"Human","Year":1996}},{"type":"Feature","geometry":{"type":"Point","coordinates":[-120.03335,38.81667]},"properties":{"Fire_Name":"SIERRA","Acres":0.1,"Cause":"Natural","Year":1996}},{"type":"Feature","geometry":{"type":"Point","coordinates":[-119.95668,39.27667]},"properties":{"Fire_Name":"BALDY 2","Acres":0.1,"Cause":"Natural","Year":1996}},{"type":"Feature","geometry":{"type":"Point","coordinates":[-120.05668,39.23667]},"properties":{"Fire_Name":"ESTATES","Acres":0.1,"Cause":"Human","Year":1996}},{"type":"Feature","geometry":{"type":"Point","coordinates":[-119.90668,38.99001]},"properties":{"Fire_Name":"CASTLE","Acres":1.5,"Cause":"Natural","Year":1996}},{"type":"Feature","geometry":{"type":"Point","coordinates":[-120.33335,40.10001]},"properties":{"Fire_Name":"043605BLACK","Acres":0.1,"Cause":"Natural","Year":1996}},{"type":"Feature","geometry":{"type":"Point","coordinates":[-120.10168,39.82501]},"properties":{"Fire_Name":"CHILL","Acres":0.1,"Cause":"Natural","Year":1996}},{"type":"Feature","geometry":{"type":"Point","coordinates":[-120.20668,40.01501]},"properties":{"Fire_Name":"HALL","Acres":0.1,"Cause":"Natural","Year":1996}},{"type":"Feature","geometry":{"type":"Point","coordinates":[-120.25001,40.03834]},"properties":{"Fire_Name":"BIRD","Acres":0.1,"Cause":"Natural","Year":1996}},{"type":"Feature","geometry":{"type":"Point","coordinates":[-120.10168,39.97001]},"properties":{"Fire_Name":"EAGLE","Acres":0.3,"Cause":"Natural","Year":1996}},{"type":"Feature","geometry":{"type":"Point","coordinates":[-120.09001,39.92834]},"properties":{"Fire_Name":"SKI","Acres":0.5,"Cause":"Natural","Year":1996}},{"type":"Feature","geometry":{"type":"Point","coordinates":[-120.18668,39.99667]},"properties":{"Fire_Name":"BLOOMER","Acres":0.2,"Cause":"Natural","Year":1996}},{"type":"Feature","geometry":{"type":"Point","coordinates":[-119.94335,38.96167]},"properties":{"Fire_Name":"LOOP","Acres":0.1,"Cause":"Human","Year":1996}},{"type":"Feature","geometry":{"type":"Point","coordinates":[-119.99668,38.87167]},"properties":{"Fire_Name":"ECHO","Acres":0.1,"Cause":"Human","Year":1996}},{"type":"Feature","geometry":{"type":"Point","coordinates":[-120.13335,39.83834]},"properties":{"Fire_Name":"COOT","Acres":0.1,"Cause":"Natural","Year":1996}},{"type":"Feature","geometry":{"type":"Point","coordinates":[-120.14668,39.95834]},"properties":{"Fire_Name":"LATER","Acres":0.1,"Cause":"Natural","Year":1996}},{"type":"Feature","geometry":{"type":"Point","coordinates":[-120.33668,40.11834]},"properties":{"Fire_Name":"GOOSE","Acres":0.1,"Cause":"Natural","Year":1996}},{"type":"Feature","geometry":{"type":"Point","coordinates":[-120.28668,40.00667]},"properties":{"Fire_Name":"ROLAND","Acres":0.1,"Cause":"Natural","Year":1996}},{"type":"Feature","geometry":{"type":"Point","coordinates":[-119.97501,38.80501]},"properties":{"Fire_Name":"RIM","Acres":0.5,"Cause":"Human","Year":1996}},{"type":"Feature","geometry":{"type":"Point","coordinates":[-119.92501,38.94667]},"properties":{"Fire_Name":"KELLER","Acres":0.1,"Cause":"Human","Year":1996}},{"type":"Feature","geometry":{"type":"Point","coordinates":[-120.03835,39.25167]},"properties":{"Fire_Name":"COMMONWEALTH","Acres":0.1,"Cause":"Human","Year":1996}},{"type":"Feature","geometry":{"type":"Point","coordinates":[-119.94335,38.94667]},"properties":{"Fire_Name":"STABLE","Acres":0.1,"Cause":"Human","Year":1996}},{"type":"Feature","geometry":{"type":"Point","coordinates":[-119.99668,38.87167]},"properties":{"Fire_Name":"ONEITAS","Acres":1.5,"Cause":"Human","Year":1996}},{"type":"Feature","geometry":{"type":"Point","coordinates":[-120.01668,39.27001]},"properties":{"Fire_Name":"BEAVER","Acres":0.1,"Cause":"Human","Year":1996}},{"type":"Feature","geometry":{"type":"Point","coordinates":[-120.03835,39.26667]},"properties":{"Fire_Name":"GASLINE","Acres":0.1,"Cause":"Human","Year":1996}},{"type":"Feature","geometry":{"type":"Point","coordinates":[-120.05668,39.22334]},"properties":{"Fire_Name":"HIGHLAND","Acres":0.1,"Cause":"Human","Year":1996}},{"type":"Feature","geometry":{"type":"Point","coordinates":[-119.95835,38.91667]},"properties":{"Fire_Name":"WALKUP","Acres":0.2,"Cause":"Human","Year":1997}},{"type":"Feature","geometry":{"type":"Point","coordinates":[-120.17001,39.90501]},"properties":{"Fire_Name":"COVE","Acres":0.1,"Cause":"Human","Year":1997}},{"type":"Feature","geometry":{"type":"Point","coordinates":[-119.90668,39.07667]},"properties":{"Fire_Name":"MONTREAL","Acres":0.1,"Cause":"Natural","Year":1997}},{"type":"Feature","geometry":{"type":"Point","coordinates":[-119.94501,39.28001]},"properties":{"Fire_Name":"MUD","Acres":0.1,"Cause":"Natural","Year":1997}},{"type":"Feature","geometry":{"type":"Point","coordinates":[-120.00001,39.28001]},"properties":{"Fire_Name":"BALDY","Acres":0.1,"Cause":"Natural","Year":1997}},{"type":"Feature","geometry":{"type":"Point","coordinates":[-120.05668,39.23667]},"properties":{"Fire_Name":"VISTA II","Acres":0.1,"Cause":"Human","Year":1997}},{"type":"Feature","geometry":{"type":"Point","coordinates":[-119.94335,38.99001]},"properties":{"Fire_Name":"ELKS POINT","Acres":0.3,"Cause":"Human","Year":1997}},{"type":"Feature","geometry":{"type":"Point","coordinates":[-119.92501,39.00001]},"properties":{"Fire_Name":"BOURNE","Acres":0.3,"Cause":"Natural","Year":1997}},{"type":"Feature","geometry":{"type":"Point","coordinates":[-120.03835,39.25167]},"properties":{"Fire_Name":"VISTA","Acres":0.1,"Cause":"Human","Year":1997}},{"type":"Feature","geometry":{"type":"Point","coordinates":[-119.97668,38.91667]},"properties":{"Fire_Name":"BARBARA","Acres":0.1,"Cause":"Human","Year":1997}},{"type":"Feature","geometry":{"type":"Point","coordinates":[-119.99668,38.84334]},"properties":{"Fire_Name":"TOAD","Acres":0.1,"Cause":"Human","Year":1997}},{"type":"Feature","geometry":{"type":"Point","coordinates":[-120.29335,40.05334]},"properties":{"Fire_Name":"JORDAN","Acres":0.1,"Cause":"Natural","Year":1997}},{"type":"Feature","geometry":{"type":"Point","coordinates":[-120.07501,39.42667]},"properties":{"Fire_Name":"SPRING","Acres":0.5,"Cause":"Human","Year":1997}},{"type":"Feature","geometry":{"type":"Point","coordinates":[-120.13168,39.58501]},"properties":{"Fire_Name":"ROCK","Acres":0.1,"Cause":"Natural","Year":1997}},{"type":"Feature","geometry":{"type":"Point","coordinates":[-120.13168,39.52834]},"properties":{"Fire_Name":"JAMMER","Acres":0.1,"Cause":"Natural","Year":1997}},{"type":"Feature","geometry":{"type":"Point","coordinates":[-120.17501,39.66251]},"properties":{"Fire_Name":"STAVER","Acres":0.1,"Cause":"Natural","Year":1997}},{"type":"Feature","geometry":{"type":"Point","coordinates":[-119.85168,38.91834]},"properties":{"Fire_Name":"JOBS PEAK","Acres":0.1,"Cause":"Natural","Year":1997}},{"type":"Feature","geometry":{"type":"Point","coordinates":[-119.88835,39.28001]},"properties":{"Fire_Name":"EVANS CREEK","Acres":0.2,"Cause":"Natural","Year":1997}},{"type":"Feature","geometry":{"type":"Point","coordinates":[-119.81501,39.07167]},"properties":{"Fire_Name":"JACKS VALLEY 2","Acres":0.5,"Cause":"Natural","Year":1997}},{"type":"Feature","geometry":{"type":"Point","coordinates":[-119.7989,39.05834]},"properties":{"Fire_Name":"JACKS VALLEY 3","Acres":0.1,"Cause":"Natural","Year":1997}},{"type":"Feature","geometry":{"type":"Point","coordinates":[-119.87168,38.85834]},"properties":{"Fire_Name":"GOAT ROCKS","Acres":0.1,"Cause":"Natural","Year":1997}},{"type":"Feature","geometry":{"type":"Point","coordinates":[-119.82501,38.82834]},"properties":{"Fire_Name":"BRUNS","Acres":0.2,"Cause":"Natural","Year":1997}},{"type":"Feature","geometry":{"type":"Point","coordinates":[-119.98001,39.50501]},"properties":{"Fire_Name":"WATER TOWER","Acres":0.1,"Cause":"Human","Year":1997}},{"type":"Feature","geometry":{"type":"Point","coordinates":[-119.82501,38.89001]},"properties":{"Fire_Name":"UPPER ROAD","Acres":0.1,"Cause":"Natural","Year":1997}},{"type":"Feature","geometry":{"type":"Point","coordinates":[-120.02335,39.59167]},"properties":{"Fire_Name":"VINE","Acres":0.3,"Cause":"Natural","Year":1997}},{"type":"Feature","geometry":{"type":"Point","coordinates":[-120.00001,39.53667]},"properties":{"Fire_Name":"DOG CREEK","Acres":0.6,"Cause":"Natural","Year":1997}},{"type":"Feature","geometry":{"type":"Point","coordinates":[-119.89168,39.58001]},"properties":{"Fire_Name":"HORIZEN ONE","Acres":2,"Cause":"Natural","Year":1997}},{"type":"Feature","geometry":{"type":"Point","coordinates":[-120.05835,39.55834]},"properties":{"Fire_Name":"SUMMIT I","Acres":0.1,"Cause":"Human","Year":1997}},{"type":"Feature","geometry":{"type":"Point","coordinates":[-120.12001,39.74834]},"properties":{"Fire_Name":"BUZZ","Acres":0.1,"Cause":"Natural","Year":1997}},{"type":"Feature","geometry":{"type":"Point","coordinates":[-119.80279,39.10278]},"properties":{"Fire_Name":"JACKS VALLEY 1","Acres":0.2,"Cause":"Natural","Year":1997}},{"type":"Feature","geometry":{"type":"Point","coordinates":[-120.12668,39.70001]},"properties":{"Fire_Name":"MOM","Acres":0.2,"Cause":"Natural","Year":1997}},{"type":"Feature","geometry":{"type":"Point","coordinates":[-119.81168,38.79501]},"properties":{"Fire_Name":"EMIGRANT","Acres":0.2,"Cause":"Natural","Year":1997}},{"type":"Feature","geometry":{"type":"Point","coordinates":[-119.82668,38.78834]},"properties":{"Fire_Name":"WADE","Acres":0.2,"Cause":"Natural","Year":1997}},{"type":"Feature","geometry":{"type":"Point","coordinates":[-119.88168,39.45167]},"properties":{"Fire_Name":"HUNTER LAKE","Acres":0.4,"Cause":"Natural","Year":1997}},{"type":"Feature","geometry":{"type":"Point","coordinates":[-119.88501,39.55834]},"properties":{"Fire_Name":"SEVEN","Acres":0.1,"Cause":"Human","Year":1997}},{"type":"Feature","geometry":{"type":"Point","coordinates":[-120.02668,39.70501]},"properties":{"Fire_Name":"RAIL ONE","Acres":0.1,"Cause":"Human","Year":1997}},{"type":"Feature","geometry":{"type":"Point","coordinates":[-120.04501,39.72001]},"properties":{"Fire_Name":"RAIL 2","Acres":0.1,"Cause":"Human","Year":1997}},{"type":"Feature","geometry":{"type":"Point","coordinates":[-119.88835,39.61334]},"properties":{"Fire_Name":"KNOB","Acres":2,"Cause":"Natural","Year":1997}},{"type":"Feature","geometry":{"type":"Point","coordinates":[-119.82501,38.90334]},"properties":{"Fire_Name":"LOWER ROAD","Acres":0.1,"Cause":"Natural","Year":1997}},{"type":"Feature","geometry":{"type":"Point","coordinates":[-119.88835,39.58334]},"properties":{"Fire_Name":"HORIZON 2","Acres":1,"Cause":"Natural","Year":1997}},{"type":"Feature","geometry":{"type":"Point","coordinates":[-120.15668,39.73501]},"properties":{"Fire_Name":"CHILCOOT","Acres":2,"Cause":"Human","Year":1997}},{"type":"Feature","geometry":{"type":"Point","coordinates":[-120.28668,40.05001]},"properties":{"Fire_Name":"OAK","Acres":0.1,"Cause":"Natural","Year":1997}},{"type":"Feature","geometry":{"type":"Point","coordinates":[-119.97668,38.91667]},"properties":{"Fire_Name":"GOLDEN","Acres":0.1,"Cause":"Natural","Year":1997}},{"type":"Feature","geometry":{"type":"Point","coordinates":[-119.94001,38.91667]},"properties":{"Fire_Name":"WILDWOOD","Acres":0.1,"Cause":"Human","Year":1997}},{"type":"Feature","geometry":{"type":"Point","coordinates":[-119.94335,39.13501]},"properties":{"Fire_Name":"SKUNK","Acres":0.1,"Cause":"Human","Year":1997}},{"type":"Feature","geometry":{"type":"Point","coordinates":[-119.94335,38.96167]},"properties":{"Fire_Name":"CHONOKIS","Acres":0.1,"Cause":"Human","Year":1997}},{"type":"Feature","geometry":{"type":"Point","coordinates":[-119.95835,38.78501]},"properties":{"Fire_Name":"LUTHER","Acres":0.1,"Cause":"Natural","Year":1997}},{"type":"Feature","geometry":{"type":"Point","coordinates":[-119.94001,38.87167]},"properties":{"Fire_Name":"ANGORA RIDGE","Acres":0.1,"Cause":"Natural","Year":1997}},{"type":"Feature","geometry":{"type":"Point","coordinates":[-120.01501,38.82834]},"properties":{"Fire_Name":"CRISTMAS","Acres":2,"Cause":"Natural","Year":1997}},{"type":"Feature","geometry":{"type":"Point","coordinates":[-120.22501,40.05667]},"properties":{"Fire_Name":"MEADOW","Acres":2,"Cause":"Human","Year":1997}},{"type":"Feature","geometry":{"type":"Point","coordinates":[-120.13335,39.98501]},"properties":{"Fire_Name":"DOYLE","Acres":2,"Cause":"Natural","Year":1997}},{"type":"Feature","geometry":{"type":"Point","coordinates":[-120.11335,39.48334]},"properties":{"Fire_Name":"STAMPEDE","Acres":0.1,"Cause":"Human","Year":1997}},{"type":"Feature","geometry":{"type":"Point","coordinates":[-120.09335,39.48334]},"properties":{"Fire_Name":"RAW","Acres":0.1,"Cause":"Natural","Year":1997}},{"type":"Feature","geometry":{"type":"Point","coordinates":[-120.10335,39.90334]},"properties":{"Fire_Name":"ADAMS","Acres":0.1,"Cause":"Natural","Year":1997}},{"type":"Feature","geometry":{"type":"Point","coordinates":[-120.16835,39.90501]},"properties":{"Fire_Name":"BIG","Acres":0.1,"Cause":"Human","Year":1997}},{"type":"Feature","geometry":{"type":"Point","coordinates":[-120.02668,38.80834]},"properties":{"Fire_Name":"LODGE","Acres":0.1,"Cause":"Human","Year":1997}},{"type":"Feature","geometry":{"type":"Point","coordinates":[-120.03835,39.47001]},"properties":{"Fire_Name":"LOOKOUT","Acres":0.1,"Cause":"Natural","Year":1997}},{"type":"Feature","geometry":{"type":"Point","coordinates":[-119.87001,39.59834]},"properties":{"Fire_Name":"BLACKFOOT","Acres":0.5,"Cause":"Human","Year":1997}},{"type":"Feature","geometry":{"type":"Point","coordinates":[-119.88835,39.59834]},"properties":{"Fire_Name":"SENICA","Acres":0.8,"Cause":"Human","Year":1997}},{"type":"Feature","geometry":{"type":"Point","coordinates":[-119.92168,38.80667]},"properties":{"Fire_Name":"WILLOW","Acres":0.1,"Cause":"Human","Year":1997}},{"type":"Feature","geometry":{"type":"Point","coordinates":[-120.08001,39.94334]},"properties":{"Fire_Name":"LATE","Acres":0.1,"Cause":"Natural","Year":1997}},{"type":"Feature","geometry":{"type":"Point","coordinates":[-119.94001,38.87167]},"properties":{"Fire_Name":"MEWUK","Acres":0.1,"Cause":"Human","Year":1997}},{"type":"Feature","geometry":{"type":"Point","coordinates":[-120.00001,39.23667]},"properties":{"Fire_Name":"BEAVER","Acres":0.1,"Cause":"Human","Year":1997}},{"type":"Feature","geometry":{"type":"Point","coordinates":[-119.90001,38.95001]},"properties":{"Fire_Name":"KINGSBURY","Acres":2,"Cause":"Human","Year":1997}},{"type":"Feature","geometry":{"type":"Point","coordinates":[-120.00001,39.25001]},"properties":{"Fire_Name":"CANTERBURY","Acres":0.1,"Cause":"Human","Year":1997}},{"type":"Feature","geometry":{"type":"Point","coordinates":[-119.95001,39.28334]},"properties":{"Fire_Name":"KNOB","Acres":0.1,"Cause":"Natural","Year":1997}},{"type":"Feature","geometry":{"type":"Point","coordinates":[-119.95835,38.87167]},"properties":{"Fire_Name":"CHUTE","Acres":0.1,"Cause":"Human","Year":1997}},{"type":"Feature","geometry":{"type":"Point","coordinates":[-119.94335,38.97501]},"properties":{"Fire_Name":"RABE","Acres":0.1,"Cause":"Human","Year":1997}},{"type":"Feature","geometry":{"type":"Point","coordinates":[-119.92501,39.01834]},"properties":{"Fire_Name":"LIBRARY","Acres":0.1,"Cause":"Human","Year":1997}},{"type":"Feature","geometry":{"type":"Point","coordinates":[-120.06668,39.30001]},"properties":{"Fire_Name":"CROMWELL","Acres":0.1,"Cause":"Human","Year":1997}},{"type":"Feature","geometry":{"type":"Point","coordinates":[-119.99668,38.85834]},"properties":{"Fire_Name":"SAXON","Acres":0.1,"Cause":"Human","Year":1997}},{"type":"Feature","geometry":{"type":"Point","coordinates":[-120.11001,39.94167]},"properties":{"Fire_Name":"CB","Acres":0.1,"Cause":"Natural","Year":1997}},{"type":"Feature","geometry":{"type":"Point","coordinates":[-119.87001,39.30834]},"properties":{"Fire_Name":"SLIDE","Acres":0.1,"Cause":"Natural","Year":1997}},{"type":"Feature","geometry":{"type":"Point","coordinates":[-119.83335,39.13501]},"properties":{"Fire_Name":"KINGS CANYON","Acres":0.1,"Cause":"Natural","Year":1997}},{"type":"Feature","geometry":{"type":"Point","coordinates":[-119.87501,39.12334]},"properties":{"Fire_Name":"BON","Acres":0.1,"Cause":"Human","Year":1997}},{"type":"Feature","geometry":{"type":"Point","coordinates":[-120.00335,39.52501]},"properties":{"Fire_Name":"SENTRA","Acres":0.1,"Cause":"Human","Year":1997}},{"type":"Feature","geometry":{"type":"Point","coordinates":[-119.94168,39.38056]},"properties":{"Fire_Name":"MT ROSE","Acres":0.1,"Cause":"Human","Year":1997}},{"type":"Feature","geometry":{"type":"Point","coordinates":[-119.83335,39.13334]},"properties":{"Fire_Name":"KING 1","Acres":0.1,"Cause":"Natural","Year":1997}},{"type":"Feature","geometry":{"type":"Point","coordinates":[-119.88835,39.38167]},"properties":{"Fire_Name":"WHITES CREEK","Acres":0.1,"Cause":"Natural","Year":1997}},{"type":"Feature","geometry":{"type":"Point","coordinates":[-119.81501,39.10667]},"properties":{"Fire_Name":"SNYDER","Acres":0.1,"Cause":"Natural","Year":1997}},{"type":"Feature","geometry":{"type":"Point","coordinates":[-120.03335,39.46667]},"properties":{"Fire_Name":"TROUT","Acres":0.1,"Cause":"Human","Year":1997}},{"type":"Feature","geometry":{"type":"Point","coordinates":[-119.94335,38.96167]},"properties":{"Fire_Name":"STABLE","Acres":0.1,"Cause":"Human","Year":1997}},{"type":"Feature","geometry":{"type":"Point","coordinates":[-119.98335,38.88834]},"properties":{"Fire_Name":"ROUND","Acres":0.1,"Cause":"Human","Year":1998}},{"type":"Feature","geometry":{"type":"Point","coordinates":[-119.98335,38.88834]},"properties":{"Fire_Name":"SAXTON","Acres":0.1,"Cause":"Natural","Year":1998}},{"type":"Feature","geometry":{"type":"Point","coordinates":[-119.92168,38.92501]},"properties":{"Fire_Name":"NAVAJO","Acres":0.1,"Cause":"Human","Year":1998}},{"type":"Feature","geometry":{"type":"Point","coordinates":[-120.14168,39.66167]},"properties":{"Fire_Name":"LOYALTON","Acres":0.1,"Cause":"Natural","Year":1998}},{"type":"Feature","geometry":{"type":"Point","coordinates":[-119.90335,38.87001]},"properties":{"Fire_Name":"SENECA","Acres":0.1,"Cause":"Human","Year":1998}},{"type":"Feature","geometry":{"type":"Point","coordinates":[-119.92168,38.85501]},"properties":{"Fire_Name":"MONTREAL","Acres":0.1,"Cause":"Human","Year":1998}},{"type":"Feature","geometry":{"type":"Point","coordinates":[-119.92168,38.91667]},"properties":{"Fire_Name":"PIONEER","Acres":0.1,"Cause":"Human","Year":1998}},{"type":"Feature","geometry":{"type":"Point","coordinates":[-119.92168,38.87001]},"properties":{"Fire_Name":"BURR","Acres":0.1,"Cause":"Human","Year":1998}},{"type":"Feature","geometry":{"type":"Point","coordinates":[-119.92168,38.92501]},"properties":{"Fire_Name":"RALPH","Acres":0.2,"Cause":"Human","Year":1998}},{"type":"Feature","geometry":{"type":"Point","coordinates":[-119.92168,38.88501]},"properties":{"Fire_Name":"FOUNTAIN","Acres":0.8,"Cause":"Human","Year":1998}},{"type":"Feature","geometry":{"type":"Point","coordinates":[-120.30418,40.14556]},"properties":{"Fire_Name":"STILES","Acres":0.1,"Cause":"Natural","Year":1998}},{"type":"Feature","geometry":{"type":"Point","coordinates":[-120.10168,39.83001]},"properties":{"Fire_Name":"SCOTT","Acres":0.1,"Cause":"Natural","Year":1998}},{"type":"Feature","geometry":{"type":"Point","coordinates":[-119.95668,38.92334]},"properties":{"Fire_Name":"LODI","Acres":0.1,"Cause":"Human","Year":1998}},{"type":"Feature","geometry":{"type":"Point","coordinates":[-119.94501,38.81167]},"properties":{"Fire_Name":"ARMSTRONG","Acres":0.1,"Cause":"Natural","Year":1998}},{"type":"Feature","geometry":{"type":"Point","coordinates":[-120.17501,39.63334]},"properties":{"Fire_Name":"BUDDY","Acres":0.1,"Cause":"Natural","Year":1998}},{"type":"Feature","geometry":{"type":"Point","coordinates":[-120.02835,39.66167]},"properties":{"Fire_Name":"MITCHELL","Acres":1,"Cause":"Human","Year":1998}},{"type":"Feature","geometry":{"type":"Point","coordinates":[-120.02335,39.59167]},"properties":{"Fire_Name":"MITCH","Acres":1,"Cause":"Natural","Year":1998}},{"type":"Feature","geometry":{"type":"Point","coordinates":[-119.72001,38.87667]},"properties":{"Fire_Name":"RANCHOS","Acres":0.1,"Cause":"Human","Year":1998}},{"type":"Feature","geometry":{"type":"Point","coordinates":[-119.90335,39.03501]},"properties":{"Fire_Name":"CAVE","Acres":0.1,"Cause":"Natural","Year":1998}},{"type":"Feature","geometry":{"type":"Point","coordinates":[-119.99168,38.84001]},"properties":{"Fire_Name":"47","Acres":0.1,"Cause":"Human","Year":1998}},{"type":"Feature","geometry":{"type":"Point","coordinates":[-119.92501,39.10667]},"properties":{"Fire_Name":"SPOONER","Acres":0.1,"Cause":"Human","Year":1998}},{"type":"Feature","geometry":{"type":"Point","coordinates":[-119.95835,38.90167]},"properties":{"Fire_Name":"SIERRA HOUSE","Acres":0.2,"Cause":"Human","Year":1998}},{"type":"Feature","geometry":{"type":"Point","coordinates":[-119.95835,38.90167]},"properties":{"Fire_Name":"SUTTER","Acres":0.2,"Cause":"Human","Year":1998}},{"type":"Feature","geometry":{"type":"Point","coordinates":[-119.91335,38.81667]},"properties":{"Fire_Name":"WILLOW","Acres":0.1,"Cause":"Human","Year":1998}},{"type":"Feature","geometry":{"type":"Point","coordinates":[-119.88335,38.78834]},"properties":{"Fire_Name":"HORSETHIEF","Acres":0.1,"Cause":"Natural","Year":1998}},{"type":"Feature","geometry":{"type":"Point","coordinates":[-119.88835,39.55501]},"properties":{"Fire_Name":"FORTY FIVE","Acres":0.1,"Cause":"Human","Year":1998}},{"type":"Feature","geometry":{"type":"Point","coordinates":[-120.04168,39.56001]},"properties":{"Fire_Name":"POLE","Acres":0.1,"Cause":"Natural","Year":1998}},{"type":"Feature","geometry":{"type":"Point","coordinates":[-119.86668,39.58334]},"properties":{"Fire_Name":"TAURUS","Acres":0.1,"Cause":"Human","Year":1998}},{"type":"Feature","geometry":{"type":"Point","coordinates":[-119.96335,39.49667]},"properties":{"Fire_Name":"COUNTY","Acres":1,"Cause":"Natural","Year":1998}},{"type":"Feature","geometry":{"type":"Point","coordinates":[-120.09335,39.65667]},"properties":{"Fire_Name":"BALLS","Acres":0.2,"Cause":"Natural","Year":1998}},{"type":"Feature","geometry":{"type":"Point","coordinates":[-120.03835,39.44001]},"properties":{"Fire_Name":"TWENTY FOUR","Acres":0.2,"Cause":"Natural","Year":1998}},{"type":"Feature","geometry":{"type":"Point","coordinates":[-119.99779,39.52445]},"properties":{"Fire_Name":"SILVER FOX","Acres":0.1,"Cause":"Natural","Year":1998}},{"type":"Feature","geometry":{"type":"Point","coordinates":[-120.00001,39.33667]},"properties":{"Fire_Name":"NORTH","Acres":0.1,"Cause":"Natural","Year":1998}},{"type":"Feature","geometry":{"type":"Point","coordinates":[-119.87335,39.45834]},"properties":{"Fire_Name":"EVANS 2","Acres":0.1,"Cause":"Natural","Year":1998}},{"type":"Feature","geometry":{"type":"Point","coordinates":[-119.98168,39.33667]},"properties":{"Fire_Name":"ROSE","Acres":0.1,"Cause":"Natural","Year":1998}},{"type":"Feature","geometry":{"type":"Point","coordinates":[-119.97668,38.78501]},"properties":{"Fire_Name":"WATERHOUSE","Acres":0.1,"Cause":"Natural","Year":1998}},{"type":"Feature","geometry":{"type":"Point","coordinates":[-119.95835,38.78667]},"properties":{"Fire_Name":"ECHO","Acres":0.1,"Cause":"Human","Year":1998}},{"type":"Feature","geometry":{"type":"Point","coordinates":[-119.95835,38.91667]},"properties":{"Fire_Name":"COLD CREEK","Acres":0.1,"Cause":"Human","Year":1998}},{"type":"Feature","geometry":{"type":"Point","coordinates":[-119.94001,38.85834]},"properties":{"Fire_Name":"FOUNTAIN","Acres":0.1,"Cause":"Human","Year":1998}},{"type":"Feature","geometry":{"type":"Point","coordinates":[-120.19168,39.96501]},"properties":{"Fire_Name":"DOOLEY","Acres":4.5,"Cause":"Human","Year":1998}},{"type":"Feature","geometry":{"type":"Point","coordinates":[-120.03835,39.39667]},"properties":{"Fire_Name":"ACID","Acres":0.1,"Cause":"Natural","Year":1998}},{"type":"Feature","geometry":{"type":"Point","coordinates":[-120.07501,39.57501]},"properties":{"Fire_Name":"CELIA RANCH","Acres":0.1,"Cause":"Human","Year":1998}},{"type":"Feature","geometry":{"type":"Point","coordinates":[-119.88668,39.14834]},"properties":{"Fire_Name":"C-HILL","Acres":32,"Cause":"Human","Year":1998}},{"type":"Feature","geometry":{"type":"Point","coordinates":[-119.83335,39.30834]},"properties":{"Fire_Name":"DAVIS CREEK","Acres":10,"Cause":"Natural","Year":1998}},{"type":"Feature","geometry":{"type":"Point","coordinates":[-120.04835,39.48001]},"properties":{"Fire_Name":"AMY","Acres":0.1,"Cause":"Natural","Year":1998}},{"type":"Feature","geometry":{"type":"Point","coordinates":[-120.07501,39.68667]},"properties":{"Fire_Name":"EVANS 1","Acres":1,"Cause":"Natural","Year":1998}},{"type":"Feature","geometry":{"type":"Point","coordinates":[-119.75335,38.79501]},"properties":{"Fire_Name":"WIC 3","Acres":0.3,"Cause":"Human","Year":1998}},{"type":"Feature","geometry":{"type":"Point","coordinates":[-120.01501,38.78501]},"properties":{"Fire_Name":"MEADOW","Acres":0.1,"Cause":"Natural","Year":1998}},{"type":"Feature","geometry":{"type":"Point","coordinates":[-120.09001,39.95167]},"properties":{"Fire_Name":"CRYSTAL","Acres":0.2,"Cause":"Natural","Year":1998}},{"type":"Feature","geometry":{"type":"Point","coordinates":[-120.17168,39.90501]},"properties":{"Fire_Name":"FRENCHMAN","Acres":0.2,"Cause":"Human","Year":1998}},{"type":"Feature","geometry":{"type":"Point","coordinates":[-120.17168,39.85834]},"properties":{"Fire_Name":"LAKE","Acres":0.2,"Cause":"Natural","Year":1998}},{"type":"Feature","geometry":{"type":"Point","coordinates":[-120.10918,39.98973]},"properties":{"Fire_Name":"OMAR","Acres":0.1,"Cause":"Natural","Year":1998}},{"type":"Feature","geometry":{"type":"Point","coordinates":[-120.09335,39.90667]},"properties":{"Fire_Name":"ADAMS","Acres":1,"Cause":"Natural","Year":1998}},{"type":"Feature","geometry":{"type":"Point","coordinates":[-120.16668,39.86501]},"properties":{"Fire_Name":"CHILCOOT","Acres":0.1,"Cause":"Human","Year":1998}},{"type":"Feature","geometry":{"type":"Point","coordinates":[-119.92501,39.13501]},"properties":{"Fire_Name":"TWENTY EIGHT","Acres":0.1,"Cause":"Natural","Year":1998}},{"type":"Feature","geometry":{"type":"Point","coordinates":[-119.86224,39.47001]},"properties":{"Fire_Name":"HUNTER","Acres":0.1,"Cause":"Human","Year":1999}},{"type":"Feature","geometry":{"type":"Point","coordinates":[-119.68529,38.86723]},"properties":{"Fire_Name":"DAM","Acres":0.2,"Cause":"Human","Year":1999}},{"type":"Feature","geometry":{"type":"Point","coordinates":[-120.00001,39.35001]},"properties":{"Fire_Name":"GREY","Acres":3,"Cause":"Human","Year":1999}},{"type":"Feature","geometry":{"type":"Point","coordinates":[-119.87501,39.33334]},"properties":{"Fire_Name":"SLIDE","Acres":0.1,"Cause":"Natural","Year":1999}},{"type":"Feature","geometry":{"type":"Point","coordinates":[-119.86668,39.46751]},"properties":{"Fire_Name":"ALUM CREEK","Acres":0.1,"Cause":"Human","Year":1999}},{"type":"Feature","geometry":{"type":"Point","coordinates":[-119.82696,39.44167]},"properties":{"Fire_Name":"BRUNSWICK HILL","Acres":77,"Cause":"Human","Year":1999}},{"type":"Feature","geometry":{"type":"Point","coordinates":[-119.94168,39.60834]},"properties":{"Fire_Name":"PEAVINE","Acres":88,"Cause":"Human","Year":1999}},{"type":"Feature","geometry":{"type":"Point","coordinates":[-119.83529,39.58473]},"properties":{"Fire_Name":"WELLINGTON","Acres":1,"Cause":"Human","Year":1999}},{"type":"Feature","geometry":{"type":"Point","coordinates":[-120.08779,39.76639]},"properties":{"Fire_Name":"LONG","Acres":0.5,"Cause":"Human","Year":1999}},{"type":"Feature","geometry":{"type":"Point","coordinates":[-120.05529,39.60723]},"properties":{"Fire_Name":"CHINA","Acres":0.2,"Cause":"Human","Year":1999}},{"type":"Feature","geometry":{"type":"Point","coordinates":[-120.00029,39.46695]},"properties":{"Fire_Name":"STATELINE","Acres":2,"Cause":"Human","Year":1999}},{"type":"Feature","geometry":{"type":"Point","coordinates":[-119.81862,39.56723]},"properties":{"Fire_Name":"PARR","Acres":13,"Cause":"Human","Year":1999}},{"type":"Feature","geometry":{"type":"Point","coordinates":[-119.8289,39.43139]},"properties":{"Fire_Name":"BELLHAVEN","Acres":7,"Cause":"Human","Year":1999}},{"type":"Feature","geometry":{"type":"Point","coordinates":[-119.68585,38.86806]},"properties":{"Fire_Name":"DRESSLERVILLE","Acres":100,"Cause":"Human","Year":1999}},{"type":"Feature","geometry":{"type":"Point","coordinates":[-119.92501,39.60834]},"properties":{"Fire_Name":"PEAVINE 2","Acres":30,"Cause":"Natural","Year":1999}},{"type":"Feature","geometry":{"type":"Point","coordinates":[-119.88585,38.83584]},"properties":{"Fire_Name":"WILLOW","Acres":0.1,"Cause":"Natural","Year":1999}},{"type":"Feature","geometry":{"type":"Point","coordinates":[-119.88446,39.11667]},"properties":{"Fire_Name":"SPOONER","Acres":0.1,"Cause":"Human","Year":1999}},{"type":"Feature","geometry":{"type":"Point","coordinates":[-120.08474,39.78473]},"properties":{"Fire_Name":"SCOTT","Acres":0.1,"Cause":"Natural","Year":1999}},{"type":"Feature","geometry":{"type":"Point","coordinates":[-120.0339,39.66445]},"properties":{"Fire_Name":"EVANS","Acres":7,"Cause":"Natural","Year":1999}},{"type":"Feature","geometry":{"type":"Point","coordinates":[-119.93585,39.43445]},"properties":{"Fire_Name":"MYSTIC","Acres":1,"Cause":"Natural","Year":1999}},{"type":"Feature","geometry":{"type":"Point","coordinates":[-119.75224,38.80112]},"properties":{"Fire_Name":"COLONY","Acres":30,"Cause":"Natural","Year":1999}},{"type":"Feature","geometry":{"type":"Point","coordinates":[-119.87362,39.33473]},"properties":{"Fire_Name":"GRASS LAKE","Acres":1,"Cause":"Natural","Year":1999}},{"type":"Feature","geometry":{"type":"Point","coordinates":[-120.1014,39.68584]},"properties":{"Fire_Name":"ROUGH","Acres":0.3,"Cause":"Natural","Year":1999}},{"type":"Feature","geometry":{"type":"Point","coordinates":[-120.03196,39.43695]},"properties":{"Fire_Name":"FARAD","Acres":5,"Cause":"Human","Year":1999}},{"type":"Feature","geometry":{"type":"Point","coordinates":[-120.07224,39.60278]},"properties":{"Fire_Name":"MINE","Acres":0.1,"Cause":"Human","Year":1999}},{"type":"Feature","geometry":{"type":"Point","coordinates":[-120.05168,39.55251]},"properties":{"Fire_Name":"MEADOW","Acres":1,"Cause":"Human","Year":1999}},{"type":"Feature","geometry":{"type":"Point","coordinates":[-120.11335,39.68584]},"properties":{"Fire_Name":"RUFF","Acres":3,"Cause":"Natural","Year":1999}},{"type":"Feature","geometry":{"type":"Point","coordinates":[-119.9414,39.63612]},"properties":{"Fire_Name":"FRONTAGE 2","Acres":0.2,"Cause":"Human","Year":1999}},{"type":"Feature","geometry":{"type":"Point","coordinates":[-119.85112,39.10139]},"properties":{"Fire_Name":"SPOONER 2","Acres":0.1,"Cause":"Human","Year":1999}},{"type":"Feature","geometry":{"type":"Point","coordinates":[-119.92085,39.60695]},"properties":{"Fire_Name":"GULLY","Acres":69,"Cause":"Human","Year":1999}},{"type":"Feature","geometry":{"type":"Point","coordinates":[-119.85418,39.55834]},"properties":{"Fire_Name":"KEYSTONE 2","Acres":40,"Cause":"Human","Year":1999}},{"type":"Feature","geometry":{"type":"Point","coordinates":[-119.84585,39.58862]},"properties":{"Fire_Name":"YORKSHIRE","Acres":0.2,"Cause":"Human","Year":1999}},{"type":"Feature","geometry":{"type":"Point","coordinates":[-119.87418,39.60278]},"properties":{"Fire_Name":"MANDN","Acres":2,"Cause":"Human","Year":1999}},{"type":"Feature","geometry":{"type":"Point","coordinates":[-120.03418,39.38528]},"properties":{"Fire_Name":"FLORISTON","Acres":282,"Cause":"Human","Year":1999}},{"type":"Feature","geometry":{"type":"Point","coordinates":[-120.00001,39.45056]},"properties":{"Fire_Name":"CORRIDOR","Acres":0.1,"Cause":"Human","Year":1999}},{"type":"Feature","geometry":{"type":"Point","coordinates":[-119.96918,39.25251]},"properties":{"Fire_Name":"CEDAR","Acres":0.1,"Cause":"Natural","Year":1999}},{"type":"Feature","geometry":{"type":"Point","coordinates":[-119.91807,38.95195]},"properties":{"Fire_Name":"MONTREAL","Acres":0.1,"Cause":"Human","Year":1999}},{"type":"Feature","geometry":{"type":"Point","coordinates":[-119.98557,38.80001]},"properties":{"Fire_Name":"LUTHER","Acres":0.1,"Cause":"Human","Year":1999}},{"type":"Feature","geometry":{"type":"Point","coordinates":[-119.9514,38.86751]},"properties":{"Fire_Name":"ONIEDAS","Acres":0.1,"Cause":"Human","Year":1999}},{"type":"Feature","geometry":{"type":"Point","coordinates":[-119.91807,38.93556]},"properties":{"Fire_Name":"ADAMS","Acres":0.1,"Cause":"Human","Year":1999}},{"type":"Feature","geometry":{"type":"Point","coordinates":[-119.9514,38.86751]},"properties":{"Fire_Name":"CORRAL","Acres":0.1,"Cause":"Human","Year":1999}},{"type":"Feature","geometry":{"type":"Point","coordinates":[-119.98585,39.15001]},"properties":{"Fire_Name":"SUMMIT ROAD","Acres":0.1,"Cause":"Human","Year":1999}},{"type":"Feature","geometry":{"type":"Point","coordinates":[-119.98557,38.86751]},"properties":{"Fire_Name":"ONIEDAS ST","Acres":0.1,"Cause":"Human","Year":1999}},{"type":"Feature","geometry":{"type":"Point","coordinates":[-119.90112,39.01695]},"properties":{"Fire_Name":"CHONOKIS","Acres":0.5,"Cause":"Human","Year":1999}},{"type":"Feature","geometry":{"type":"Point","coordinates":[-119.9514,38.83501]},"properties":{"Fire_Name":"PARTY","Acres":0.1,"Cause":"Human","Year":1999}},{"type":"Feature","geometry":{"type":"Point","coordinates":[-119.96835,38.91667]},"properties":{"Fire_Name":"HORRACE","Acres":0.1,"Cause":"Human","Year":1999}},{"type":"Feature","geometry":{"type":"Point","coordinates":[-120.05112,39.25028]},"properties":{"Fire_Name":"WILDWOOD","Acres":0.1,"Cause":"Human","Year":1999}},{"type":"Feature","geometry":{"type":"Point","coordinates":[-119.93446,38.90028]},"properties":{"Fire_Name":"COLD","Acres":0.1,"Cause":"Natural","Year":1999}},{"type":"Feature","geometry":{"type":"Point","coordinates":[-119.9514,38.78362]},"properties":{"Fire_Name":"GRASS","Acres":0.1,"Cause":"Natural","Year":1999}},{"type":"Feature","geometry":{"type":"Point","coordinates":[-120.00001,39.23389]},"properties":{"Fire_Name":"LOOKOUT","Acres":0.5,"Cause":"Natural","Year":1999}},{"type":"Feature","geometry":{"type":"Point","coordinates":[-119.98557,38.86751]},"properties":{"Fire_Name":"AIRPORT","Acres":0.1,"Cause":"Human","Year":1999}},{"type":"Feature","geometry":{"type":"Point","coordinates":[-120.00001,39.25001]},"properties":{"Fire_Name":"BEAVER","Acres":0.1,"Cause":"Human","Year":1999}},{"type":"Feature","geometry":{"type":"Point","coordinates":[-119.9514,38.85139]},"properties":{"Fire_Name":"FOUNTAIN","Acres":0.1,"Cause":"Human","Year":1999}},{"type":"Feature","geometry":{"type":"Point","coordinates":[-120.00001,39.25001]},"properties":{"Fire_Name":"WALK","Acres":0.1,"Cause":"Human","Year":1999}},{"type":"Feature","geometry":{"type":"Point","coordinates":[-119.93501,38.95195]},"properties":{"Fire_Name":"INN","Acres":0.1,"Cause":"Human","Year":1999}},{"type":"Feature","geometry":{"type":"Point","coordinates":[-120.03085,38.80778]},"properties":{"Fire_Name":"ECHO","Acres":0.1,"Cause":"Human","Year":1999}},{"type":"Feature","geometry":{"type":"Point","coordinates":[-120.03446,38.81917]},"properties":{"Fire_Name":"AUDRAIN","Acres":0.1,"Cause":"Natural","Year":1999}},{"type":"Feature","geometry":{"type":"Point","coordinates":[-119.93501,38.93556]},"properties":{"Fire_Name":"STABLE","Acres":0.1,"Cause":"Human","Year":1999}},{"type":"Feature","geometry":{"type":"Point","coordinates":[-119.93501,38.98445]},"properties":{"Fire_Name":"ROUND","Acres":0.5,"Cause":"Human","Year":1999}},{"type":"Feature","geometry":{"type":"Point","coordinates":[-120.00001,39.23389]},"properties":{"Fire_Name":"BILTMORE","Acres":0.1,"Cause":"Human","Year":1999}},{"type":"Feature","geometry":{"type":"Point","coordinates":[-119.91807,38.96806]},"properties":{"Fire_Name":"SHADY","Acres":0.1,"Cause":"Human","Year":1999}},{"type":"Feature","geometry":{"type":"Point","coordinates":[-119.93501,38.95195]},"properties":{"Fire_Name":"EBASSEY","Acres":0.1,"Cause":"Human","Year":1999}},{"type":"Feature","geometry":{"type":"Point","coordinates":[-120.00001,39.23389]},"properties":{"Fire_Name":"STATELINE","Acres":0.1,"Cause":"Natural","Year":1999}},{"type":"Feature","geometry":{"type":"Point","coordinates":[-119.91807,38.98445]},"properties":{"Fire_Name":"SEMINOLE","Acres":0.2,"Cause":"Human","Year":1999}},{"type":"Feature","geometry":{"type":"Point","coordinates":[-119.91807,39.06834]},"properties":{"Fire_Name":"LOGAN","Acres":0.1,"Cause":"Natural","Year":1999}},{"type":"Feature","geometry":{"type":"Point","coordinates":[-119.93501,38.95195]},"properties":{"Fire_Name":"LATE","Acres":0.1,"Cause":"Human","Year":1999}},{"type":"Feature","geometry":{"type":"Point","coordinates":[-120.00001,39.31778]},"properties":{"Fire_Name":"FOX","Acres":0.1,"Cause":"Human","Year":1999}},{"type":"Feature","geometry":{"type":"Point","coordinates":[-120.08418,39.95195]},"properties":{"Fire_Name":"CONSTANTIA","Acres":0.3,"Cause":"Human","Year":1999}},{"type":"Feature","geometry":{"type":"Point","coordinates":[-120.26918,40.00251]},"properties":{"Fire_Name":"ROWLAND","Acres":0.1,"Cause":"Human","Year":1999}},{"type":"Feature","geometry":{"type":"Point","coordinates":[-120.10029,39.93584]},"properties":{"Fire_Name":"DOYLE","Acres":0.2,"Cause":"Human","Year":1999}},{"type":"Feature","geometry":{"type":"Point","coordinates":[-120.3339,40.13334]},"properties":{"Fire_Name":"EAST","Acres":0.1,"Cause":"Natural","Year":1999}},{"type":"Feature","geometry":{"type":"Point","coordinates":[-120.31807,40.11834]},"properties":{"Fire_Name":"BLACK","Acres":0.1,"Cause":"Natural","Year":1999}},{"type":"Feature","geometry":{"type":"Point","coordinates":[-120.30196,40.03584]},"properties":{"Fire_Name":"JORDAN","Acres":0.1,"Cause":"Natural","Year":1999}},{"type":"Feature","geometry":{"type":"Point","coordinates":[-120.09001,39.86945]},"properties":{"Fire_Name":"SCOTT","Acres":0.1,"Cause":"Natural","Year":1999}},{"type":"Feature","geometry":{"type":"Point","coordinates":[-120.2189,39.96695]},"properties":{"Fire_Name":"FRENCH","Acres":2,"Cause":"Human","Year":1999}},{"type":"Feature","geometry":{"type":"Point","coordinates":[-120.06779,39.93389]},"properties":{"Fire_Name":"SUGAR","Acres":0.1,"Cause":"Natural","Year":1999}},{"type":"Feature","geometry":{"type":"Point","coordinates":[-120.04307,39.93139]},"properties":{"Fire_Name":"SOUTHERN","Acres":0.3,"Cause":"Natural","Year":1999}},{"type":"Feature","geometry":{"type":"Point","coordinates":[-120.14085,39.80251]},"properties":{"Fire_Name":"CEMETARY","Acres":3930,"Cause":"Human","Year":1999}},{"type":"Feature","geometry":{"type":"Point","coordinates":[-120.06807,39.50223]},"properties":{"Fire_Name":"SARDINE","Acres":1,"Cause":"Human","Year":1999}},{"type":"Feature","geometry":{"type":"Point","coordinates":[-120.16696,39.51862]},"properties":{"Fire_Name":"SALES","Acres":0.1,"Cause":"Natural","Year":1999}},{"type":"Feature","geometry":{"type":"Point","coordinates":[-120.13418,39.68445]},"properties":{"Fire_Name":"CASTLE","Acres":10,"Cause":"Natural","Year":1999}},{"type":"Feature","geometry":{"type":"Point","coordinates":[-120.13529,39.38445]},"properties":{"Fire_Name":"ANNIE","Acres":0.1,"Cause":"Human","Year":1999}},{"type":"Feature","geometry":{"type":"Point","coordinates":[-120.0689,39.46834]},"properties":{"Fire_Name":"KEYSTONE","Acres":0.5,"Cause":"Human","Year":1999}},{"type":"Feature","geometry":{"type":"Point","coordinates":[-120.08335,39.40001]},"properties":{"Fire_Name":"BOCA","Acres":0.5,"Cause":"Human","Year":1999}},{"type":"Feature","geometry":{"type":"Point","coordinates":[-120.11751,39.40084]},"properties":{"Fire_Name":"WOODCHOPPER","Acres":1,"Cause":"Human","Year":1999}},{"type":"Feature","geometry":{"type":"Point","coordinates":[-120.11918,39.48584]},"properties":{"Fire_Name":"HOKE","Acres":0.5,"Cause":"Human","Year":1999}},{"type":"Feature","geometry":{"type":"Point","coordinates":[-120.11751,39.36751]},"properties":{"Fire_Name":"FOURTEEN","Acres":0.1,"Cause":"Human","Year":1999}},{"type":"Feature","geometry":{"type":"Point","coordinates":[-120.11918,39.36917]},"properties":{"Fire_Name":"PROSSER","Acres":0.1,"Cause":"Human","Year":1999}},{"type":"Feature","geometry":{"type":"Point","coordinates":[-120.03418,39.40195]},"properties":{"Fire_Name":"FARAD","Acres":0.2,"Cause":"Natural","Year":1999}},{"type":"Feature","geometry":{"type":"Point","coordinates":[-120.11751,39.37501]},"properties":{"Fire_Name":"CAMP","Acres":0.1,"Cause":"Human","Year":1999}},{"type":"Feature","geometry":{"type":"Point","coordinates":[-120.05112,39.43445]},"properties":{"Fire_Name":"BUNKER","Acres":0.1,"Cause":"Natural","Year":1999}},{"type":"Feature","geometry":{"type":"Point","coordinates":[-120.10224,39.48334]},"properties":{"Fire_Name":"DETAIL","Acres":0.2,"Cause":"Human","Year":1999}},{"type":"Feature","geometry":{"type":"Point","coordinates":[-119.36571,39.68351]},"properties":{"Fire_Name":"CRAZYHORSE","Acres":0.1,"Cause":"Natural","Year":1992}},{"type":"Feature","geometry":{"type":"Point","coordinates":[-119.38381,39.72851]},"properties":{"Fire_Name":"CRAZYHORSE","Acres":0.3,"Cause":"Natural","Year":1993}},{"type":"Feature","geometry":{"type":"Point","coordinates":[-119.40931,39.77691]},"properties":{"Fire_Name":"PAIUTE 2","Acres":0.5,"Cause":"Natural","Year":1993}},{"type":"Feature","geometry":{"type":"Point","coordinates":[-119.40931,39.77691]},"properties":{"Fire_Name":"PAIUTE 1","Acres":0.1,"Cause":"Natural","Year":1993}},{"type":"Feature","geometry":{"type":"Point","coordinates":[-119.39711,39.73241]},"properties":{"Fire_Name":"SUGARLOAF","Acres":0.5,"Cause":"Natural","Year":1993}},{"type":"Feature","geometry":{"type":"Point","coordinates":[-119.60101,39.93321]},"properties":{"Fire_Name":"CORNER","Acres":0.1,"Cause":"Human","Year":1995}},{"type":"Feature","geometry":{"type":"Point","coordinates":[-119.40101,39.84991]},"properties":{"Fire_Name":"LARSEN","Acres":0.3,"Cause":"Human","Year":1995}},{"type":"Feature","geometry":{"type":"Point","coordinates":[-119.38321,39.65191]},"properties":{"Fire_Name":"BIA 16 CCD","Acres":0.1,"Cause":"Human","Year":1995}},{"type":"Feature","geometry":{"type":"Point","coordinates":[-119.26901,38.91381]},"properties":{"Fire_Name":"BIA 13 CCD","Acres":0.5,"Cause":"Human","Year":1997}},{"type":"Feature","geometry":{"type":"Point","coordinates":[-119.40771,39.77521]},"properties":{"Fire_Name":"PAIUTE","Acres":3,"Cause":"Human","Year":1997}},{"type":"Feature","geometry":{"type":"Point","coordinates":[-120.10101,39.99991]},"properties":{"Fire_Name":"BOGART","Acres":0.1,"Cause":"Human","Year":1997}},{"type":"Feature","geometry":{"type":"Point","coordinates":[-120.11771,40.01661]},"properties":{"Fire_Name":"BROWN","Acres":0.5,"Cause":"Human","Year":1997}},{"type":"Feature","geometry":{"type":"Point","coordinates":[-120.10101,40.01661]},"properties":{"Fire_Name":"CONSTANTIA","Acres":0.1,"Cause":"Human","Year":1997}},{"type":"Feature","geometry":{"type":"Point","coordinates":[-120.10101,39.99991]},"properties":{"Fire_Name":"BOGART #3","Acres":2,"Cause":"Human","Year":1997}},{"type":"Feature","geometry":{"type":"Point","coordinates":[-120.00101,39.93321]},"properties":{"Fire_Name":"SEVEN","Acres":0.2,"Cause":"Natural","Year":1997}},{"type":"Feature","geometry":{"type":"Point","coordinates":[-120.06771,40.06661]},"properties":{"Fire_Name":"MOTO","Acres":0.1,"Cause":"Natural","Year":1997}},{"type":"Feature","geometry":{"type":"Point","coordinates":[-120.18441,40.14991]},"properties":{"Fire_Name":"ARROYO","Acres":3,"Cause":"Human","Year":1997}},{"type":"Feature","geometry":{"type":"Point","coordinates":[-120.18441,40.13321]},"properties":{"Fire_Name":"DUNN","Acres":0.1,"Cause":"Human","Year":1997}},{"type":"Feature","geometry":{"type":"Point","coordinates":[-120.23441,40.11661]},"properties":{"Fire_Name":"CCD MART","Acres":4,"Cause":"Human","Year":1997}},{"type":"Feature","geometry":{"type":"Point","coordinates":[-120.11771,40.01661]},"properties":{"Fire_Name":"CCD GRADE","Acres":1.5,"Cause":"Natural","Year":1997}},{"type":"Feature","geometry":{"type":"Point","coordinates":[-120.18441,40.08321]},"properties":{"Fire_Name":"CCD CHIMNE","Acres":0.1,"Cause":"Natural","Year":1997}},{"type":"Feature","geometry":{"type":"Point","coordinates":[-120.10101,39.99991]},"properties":{"Fire_Name":"CCD PETE","Acres":0.1,"Cause":"Natural","Year":1997}},{"type":"Feature","geometry":{"type":"Point","coordinates":[-120.13441,40.04991]},"properties":{"Fire_Name":"CCD PAYLES","Acres":0.1,"Cause":"Human","Year":1997}},{"type":"Feature","geometry":{"type":"Point","coordinates":[-120.23441,40.11661]},"properties":{"Fire_Name":"CCD PIKE","Acres":8,"Cause":"Human","Year":1997}},{"type":"Feature","geometry":{"type":"Point","coordinates":[-120.15101,40.11661]},"properties":{"Fire_Name":"CCD COWBOY","Acres":5.1,"Cause":"Human","Year":1997}},{"type":"Feature","geometry":{"type":"Point","coordinates":[-120.23441,40.11661]},"properties":{"Fire_Name":"CCD PIKE#2","Acres":0.1,"Cause":"Human","Year":1997}},{"type":"Feature","geometry":{"type":"Point","coordinates":[-120.03441,39.98321]},"properties":{"Fire_Name":"CCD SAGE","Acres":0.1,"Cause":"Natural","Year":1997}},{"type":"Feature","geometry":{"type":"Point","coordinates":[-120.15101,40.11661]},"properties":{"Fire_Name":"CCD LONG","Acres":0.1,"Cause":"Human","Year":1997}},{"type":"Feature","geometry":{"type":"Point","coordinates":[-120.08441,40.01661]},"properties":{"Fire_Name":"CCD HOME","Acres":4,"Cause":"Human","Year":1997}},{"type":"Feature","geometry":{"type":"Point","coordinates":[-120.17771,40.13661]},"properties":{"Fire_Name":"CCD MORGAN","Acres":0.1,"Cause":"Human","Year":1998}},{"type":"Feature","geometry":{"type":"Point","coordinates":[-120.08441,40.00661]},"properties":{"Fire_Name":"CCD HALL","Acres":0.3,"Cause":"Human","Year":1998}},{"type":"Feature","geometry":{"type":"Point","coordinates":[-120.10271,40.03491]},"properties":{"Fire_Name":"CCD TURTLE","Acres":0.1,"Cause":"Human","Year":1998}},{"type":"Feature","geometry":{"type":"Point","coordinates":[-120.06441,40.06491]},"properties":{"Fire_Name":"CCD MOTO","Acres":0.5,"Cause":"Natural","Year":1998}},{"type":"Feature","geometry":{"type":"Point","coordinates":[-120.10271,40.00661]},"properties":{"Fire_Name":"CCD ROLAND","Acres":1,"Cause":"Human","Year":1998}},{"type":"Feature","geometry":{"type":"Point","coordinates":[-120.15771,40.13661]},"properties":{"Fire_Name":"CCD MANZ","Acres":0.1,"Cause":"Human","Year":1998}},{"type":"Feature","geometry":{"type":"Point","coordinates":[-120.02601,40.28321]},"properties":{"Fire_Name":"DEMO 2","Acres":50,"Cause":"Human","Year":1998}},{"type":"Feature","geometry":{"type":"Point","coordinates":[-120.10271,40.03491]},"properties":{"Fire_Name":"CCD CAN","Acres":0.1,"Cause":"Human","Year":1998}},{"type":"Feature","geometry":{"type":"Point","coordinates":[-120.08441,39.99161]},"properties":{"Fire_Name":"CCD LOOP","Acres":0.1,"Cause":"Human","Year":1998}},{"type":"Feature","geometry":{"type":"Point","coordinates":[-120.10271,40.04991]},"properties":{"Fire_Name":"CCD HACK","Acres":0.5,"Cause":"Human","Year":1998}},{"type":"Feature","geometry":{"type":"Point","coordinates":[-120.10272,40.03491]},"properties":{"Fire_Name":"CCD LONG","Acres":2,"Cause":"Human","Year":1999}},{"type":"Feature","geometry":{"type":"Point","coordinates":[-120.12106,40.00657]},"properties":{"Fire_Name":"CCD LEROY","Acres":0.1,"Cause":"Human","Year":1999}},{"type":"Feature","geometry":{"type":"Point","coordinates":[-120.09405,39.96907]},"properties":{"Fire_Name":"CCD MALLOR","Acres":1,"Cause":"Human","Year":1999}},{"type":"Feature","geometry":{"type":"Point","coordinates":[-120.04555,40.09558]},"properties":{"Fire_Name":"CCD TURTLE","Acres":0.2,"Cause":"Human","Year":1999}},{"type":"Feature","geometry":{"type":"Point","coordinates":[-120.06605,40.00658]},"properties":{"Fire_Name":"CCD HOME","Acres":51,"Cause":"Human","Year":1999}},{"type":"Feature","geometry":{"type":"Point","coordinates":[-120.12106,40.04991]},"properties":{"Fire_Name":"CCD SUSAN","Acres":0.1,"Cause":"Human","Year":1999}},{"type":"Feature","geometry":{"type":"Point","coordinates":[-120.10272,40.03491]},"properties":{"Fire_Name":"CCD LOOP","Acres":0.1,"Cause":"Human","Year":1999}},{"type":"Feature","geometry":{"type":"Point","coordinates":[-120.13939,40.06491]},"properties":{"Fire_Name":"CCD COWBOY","Acres":5,"Cause":"Natural","Year":1999}},{"type":"Feature","geometry":{"type":"Point","coordinates":[-119.87438,40.29657]},"properties":{"Fire_Name":"DRY","Acres":10000,"Cause":"Natural","Year":1999}},{"type":"Feature","geometry":{"type":"Point","coordinates":[-120.13939,40.12325]},"properties":{"Fire_Name":"CCD HACK","Acres":1,"Cause":"Natural","Year":1999}},{"type":"Feature","geometry":{"type":"Point","coordinates":[-120.13939,40.01991]},"properties":{"Fire_Name":"CCD PETE","Acres":0.5,"Cause":"Human","Year":1999}},{"type":"Feature","geometry":{"type":"Point","coordinates":[-120.10272,40.01991]},"properties":{"Fire_Name":"CCD RIVER","Acres":0.1,"Cause":"Natural","Year":1999}},{"type":"Feature","geometry":{"type":"Point","coordinates":[-120.13939,40.10824]},"properties":{"Fire_Name":"CCD LAVER","Acres":1,"Cause":"Human","Year":1999}},{"type":"Feature","geometry":{"type":"Point","coordinates":[-120.02772,39.97824]},"properties":{"Fire_Name":"CCD DRY","Acres":3,"Cause":"Natural","Year":1999}},{"type":"Feature","geometry":{"type":"Point","coordinates":[-119.81605,40.28158]},"properties":{"Fire_Name":"BONHAM","Acres":1,"Cause":"Natural","Year":1999}},{"type":"Feature","geometry":{"type":"Point","coordinates":[-119.81271,40.27325]},"properties":{"Fire_Name":"SAND","Acres":0.1,"Cause":"Natural","Year":1999}},{"type":"Feature","geometry":{"type":"Point","coordinates":[-120.20941,40.13661]},"properties":{"Fire_Name":"CCD CAMPER","Acres":0.1,"Cause":"Human","Year":1999}},{"type":"Feature","geometry":{"type":"Point","coordinates":[-120.18441,40.11661]},"properties":{"Fire_Name":"LONG","Acres":0.2,"Cause":"Human","Year":1992}},{"type":"Feature","geometry":{"type":"Point","coordinates":[-120.05101,40.08321]},"properties":{"Fire_Name":"FT SAGE 1","Acres":0.1,"Cause":"Natural","Year":1992}},{"type":"Feature","geometry":{"type":"Point","coordinates":[-120.01771,39.93321]},"properties":{"Fire_Name":"TWIN LAKES","Acres":0.1,"Cause":"Natural","Year":1992}},{"type":"Feature","geometry":{"type":"Point","coordinates":[-120.06771,40.01661]},"properties":{"Fire_Name":"LONG 2","Acres":0.1,"Cause":"Natural","Year":1992}},{"type":"Feature","geometry":{"type":"Point","coordinates":[-120.03441,39.93321]},"properties":{"Fire_Name":"CONSTANTIA","Acres":0.1,"Cause":"Natural","Year":1992}},{"type":"Feature","geometry":{"type":"Point","coordinates":[-119.81771,40.28321]},"properties":{"Fire_Name":"RESTRICTED","Acres":2,"Cause":"Natural","Year":1993}},{"type":"Feature","geometry":{"type":"Point","coordinates":[-120.18441,40.13321]},"properties":{"Fire_Name":"HERLONG#1","Acres":7,"Cause":"Human","Year":1994}},{"type":"Feature","geometry":{"type":"Point","coordinates":[-120.10101,40.01661]},"properties":{"Fire_Name":"DOY#1","Acres":0.1,"Cause":"Human","Year":1994}},{"type":"Feature","geometry":{"type":"Point","coordinates":[-120.08441,40.01661]},"properties":{"Fire_Name":"LAZY","Acres":0.1,"Cause":"Human","Year":1994}},{"type":"Feature","geometry":{"type":"Point","coordinates":[-120.08441,40.03321]},"properties":{"Fire_Name":"DOY#2","Acres":0.1,"Cause":"Human","Year":1994}},{"type":"Feature","geometry":{"type":"Point","coordinates":[-120.10101,40.03321]},"properties":{"Fire_Name":"DOY#3","Acres":0.1,"Cause":"Human","Year":1994}},{"type":"Feature","geometry":{"type":"Point","coordinates":[-120.03441,39.89991]},"properties":{"Fire_Name":"RING","Acres":0.2,"Cause":"Human","Year":1994}},{"type":"Feature","geometry":{"type":"Point","coordinates":[-120.21771,40.09991]},"properties":{"Fire_Name":"HERLONG","Acres":1,"Cause":"Human","Year":1995}},{"type":"Feature","geometry":{"type":"Point","coordinates":[-120.13441,40.09991]},"properties":{"Fire_Name":"TWO ROAD","Acres":2.5,"Cause":"Human","Year":1995}},{"type":"Feature","geometry":{"type":"Point","coordinates":[-120.08441,40.03321]},"properties":{"Fire_Name":"HAKENSTAFF","Acres":0.1,"Cause":"Human","Year":1995}},{"type":"Feature","geometry":{"type":"Point","coordinates":[-120.15101,40.01661]},"properties":{"Fire_Name":"CANNON","Acres":2,"Cause":"Human","Year":1995}},{"type":"Feature","geometry":{"type":"Point","coordinates":[-120.11771,40.03321]},"properties":{"Fire_Name":"CHERYL","Acres":1.5,"Cause":"Human","Year":1995}},{"type":"Feature","geometry":{"type":"Point","coordinates":[-120.18441,40.13321]},"properties":{"Fire_Name":"HERLONG #2","Acres":0.1,"Cause":"Human","Year":1995}},{"type":"Feature","geometry":{"type":"Point","coordinates":[-120.15101,40.13321]},"properties":{"Fire_Name":"HERLONG","Acres":0.1,"Cause":"Human","Year":1996}},{"type":"Feature","geometry":{"type":"Point","coordinates":[-120.03441,39.94991]},"properties":{"Fire_Name":"CONSTANTIA","Acres":0.5,"Cause":"Human","Year":1996}},{"type":"Feature","geometry":{"type":"Point","coordinates":[-120.16771,40.04991]},"properties":{"Fire_Name":"CCD COWBOY","Acres":1.5,"Cause":"Natural","Year":1996}},{"type":"Feature","geometry":{"type":"Point","coordinates":[-120.15101,40.13321]},"properties":{"Fire_Name":"BLM #9","Acres":0.1,"Cause":"Human","Year":1996}},{"type":"Feature","geometry":{"type":"Point","coordinates":[-120.10101,40.08321]},"properties":{"Fire_Name":"DEBBIE","Acres":0.1,"Cause":"Human","Year":1996}},{"type":"Feature","geometry":{"type":"Point","coordinates":[-120.11771,39.99991]},"properties":{"Fire_Name":"CONSTAN.#2","Acres":0.2,"Cause":"Natural","Year":1996}},{"type":"Feature","geometry":{"type":"Point","coordinates":[-120.06771,40.04991]},"properties":{"Fire_Name":"CCD INDIAN","Acres":0.1,"Cause":"Natural","Year":1996}},{"type":"Feature","geometry":{"type":"Point","coordinates":[-120.10101,39.99991]},"properties":{"Fire_Name":"CCD WILLOW","Acres":0.1,"Cause":"Natural","Year":1996}},{"type":"Feature","geometry":{"type":"Point","coordinates":[-120.00941,40.00661]},"properties":{"Fire_Name":"CCD BUG#1","Acres":1,"Cause":"Natural","Year":1996}},{"type":"Feature","geometry":{"type":"Point","coordinates":[-119.95101,40.28321]},"properties":{"Fire_Name":"PIPE","Acres":2,"Cause":"Natural","Year":1996}},{"type":"Feature","geometry":{"type":"Point","coordinates":[-120.11771,40.03321]},"properties":{"Fire_Name":"CCD LAURA","Acres":1,"Cause":"Natural","Year":1996}},{"type":"Feature","geometry":{"type":"Point","coordinates":[-120.08441,39.98321]},"properties":{"Fire_Name":"OBERHAUS","Acres":0.1,"Cause":"Human","Year":1996}},{"type":"Feature","geometry":{"type":"Point","coordinates":[-119.66771,39.18321]},"properties":{"Fire_Name":"BRUNSWICK1","Acres":0.1,"Cause":"Human","Year":1992}},{"type":"Feature","geometry":{"type":"Point","coordinates":[-119.30101,39.66661]},"properties":{"Fire_Name":"BIA 2","Acres":3,"Cause":"Human","Year":1992}},{"type":"Feature","geometry":{"type":"Point","coordinates":[-119.20101,39.59991]},"properties":{"Fire_Name":"FERNLEY","Acres":12,"Cause":"Human","Year":1992}},{"type":"Feature","geometry":{"type":"Point","coordinates":[-119.26771,39.64991]},"properties":{"Fire_Name":"BIA 2","Acres":12,"Cause":"Human","Year":1992}},{"type":"Feature","geometry":{"type":"Point","coordinates":[-119.31771,39.73321]},"properties":{"Fire_Name":"BIA 3","Acres":5,"Cause":"Human","Year":1992}},{"type":"Feature","geometry":{"type":"Point","coordinates":[-119.70101,38.88321]},"properties":{"Fire_Name":"BIA 4","Acres":15,"Cause":"Human","Year":1992}},{"type":"Feature","geometry":{"type":"Point","coordinates":[-119.68431,39.18321]},"properties":{"Fire_Name":"BRUNSWICK2","Acres":0.5,"Cause":"Human","Year":1992}},{"type":"Feature","geometry":{"type":"Point","coordinates":[-119.70101,40.11661]},"properties":{"Fire_Name":"BIA 5","Acres":4,"Cause":"Human","Year":1992}},{"type":"Feature","geometry":{"type":"Point","coordinates":[-119.66771,39.23321]},"properties":{"Fire_Name":"MOUNDHSE1","Acres":1,"Cause":"Human","Year":1992}},{"type":"Feature","geometry":{"type":"Point","coordinates":[-119.98441,39.91661]},"properties":{"Fire_Name":"REDROCK","Acres":0.2,"Cause":"Natural","Year":1992}},{"type":"Feature","geometry":{"type":"Point","coordinates":[-119.95101,40.04991]},"properties":{"Fire_Name":"FT SAGE","Acres":10,"Cause":"Natural","Year":1992}},{"type":"Feature","geometry":{"type":"Point","coordinates":[-119.65101,39.21661]},"properties":{"Fire_Name":"MOUNDHS2","Acres":0.5,"Cause":"Human","Year":1992}},{"type":"Feature","geometry":{"type":"Point","coordinates":[-119.66771,39.54991]},"properties":{"Fire_Name":"VISTA","Acres":0.5,"Cause":"Natural","Year":1992}},{"type":"Feature","geometry":{"type":"Point","coordinates":[-119.51771,39.76661]},"properties":{"Fire_Name":"PAIUTE","Acres":0.1,"Cause":"Natural","Year":1992}},{"type":"Feature","geometry":{"type":"Point","coordinates":[-119.38431,39.66661]},"properties":{"Fire_Name":"OLING 1","Acres":0.5,"Cause":"Natural","Year":1992}},{"type":"Feature","geometry":{"type":"Point","coordinates":[-119.38431,39.66661]},"properties":{"Fire_Name":"OLING 2","Acres":0.1,"Cause":"Natural","Year":1992}},{"type":"Feature","geometry":{"type":"Point","coordinates":[-119.51771,39.79991]},"properties":{"Fire_Name":"MCRISTO","Acres":2,"Cause":"Natural","Year":1992}},{"type":"Feature","geometry":{"type":"Point","coordinates":[-119.53431,39.88321]},"properties":{"Fire_Name":"BIA 6","Acres":0.1,"Cause":"Natural","Year":1992}},{"type":"Feature","geometry":{"type":"Point","coordinates":[-119.93441,40.04991]},"properties":{"Fire_Name":"HONEYLAKE","Acres":1,"Cause":"Natural","Year":1992}},{"type":"Feature","geometry":{"type":"Point","coordinates":[-119.60101,39.88321]},"properties":{"Fire_Name":"QUAIL CYN","Acres":0.1,"Cause":"Natural","Year":1992}},{"type":"Feature","geometry":{"type":"Point","coordinates":[-119.86771,39.98321]},"properties":{"Fire_Name":"DRY VALLEY","Acres":0.5,"Cause":"Natural","Year":1992}},{"type":"Feature","geometry":{"type":"Point","coordinates":[-119.08431,39.58321]},"properties":{"Fire_Name":"FERNLEY 2","Acres":7,"Cause":"Natural","Year":1992}},{"type":"Feature","geometry":{"type":"Point","coordinates":[-120.01771,40.09991]},"properties":{"Fire_Name":"DOYLE 1","Acres":0.3,"Cause":"Human","Year":1992}},{"type":"Feature","geometry":{"type":"Point","coordinates":[-119.23431,39.44991]},"properties":{"Fire_Name":"FERNLEY 3","Acres":0.1,"Cause":"Natural","Year":1992}},{"type":"Feature","geometry":{"type":"Point","coordinates":[-119.95101,40.06661]},"properties":{"Fire_Name":"FT SAGE 2","Acres":10,"Cause":"Natural","Year":1992}},{"type":"Feature","geometry":{"type":"Point","coordinates":[-119.80101,39.74991]},"properties":{"Fire_Name":"HUNGRY 1","Acres":0.1,"Cause":"Natural","Year":1992}},{"type":"Feature","geometry":{"type":"Point","coordinates":[-119.71771,39.83321]},"properties":{"Fire_Name":"RANGELAND","Acres":0.5,"Cause":"Natural","Year":1992}},{"type":"Feature","geometry":{"type":"Point","coordinates":[-119.71771,39.66661]},"properties":{"Fire_Name":"HUNGRY 2","Acres":0.1,"Cause":"Natural","Year":1992}},{"type":"Feature","geometry":{"type":"Point","coordinates":[-119.55101,39.78321]},"properties":{"Fire_Name":"TEST SITE","Acres":0.1,"Cause":"Natural","Year":1992}},{"type":"Feature","geometry":{"type":"Point","coordinates":[-119.91771,40.03321]},"properties":{"Fire_Name":"FT SAGE 3","Acres":0.1,"Cause":"Natural","Year":1992}},{"type":"Feature","geometry":{"type":"Point","coordinates":[-119.25101,38.81661]},"properties":{"Fire_Name":"WILSON CYN","Acres":2,"Cause":"Human","Year":1992}},{"type":"Feature","geometry":{"type":"Point","coordinates":[-119.43431,39.43321]},"properties":{"Fire_Name":"SILVERSRGS","Acres":0.1,"Cause":"Natural","Year":1992}},{"type":"Feature","geometry":{"type":"Point","coordinates":[-119.70101,39.11661]},"properties":{"Fire_Name":"MEXICANDAM","Acres":0.1,"Cause":"Natural","Year":1992}},{"type":"Feature","geometry":{"type":"Point","coordinates":[-119.56771,39.69991]},"properties":{"Fire_Name":"LIGHTNING","Acres":0.1,"Cause":"Natural","Year":1992}},{"type":"Feature","geometry":{"type":"Point","coordinates":[-119.18431,39.39991]},"properties":{"Fire_Name":"LAHONTAN 1","Acres":0.1,"Cause":"Natural","Year":1992}},{"type":"Feature","geometry":{"type":"Point","coordinates":[-120.01771,39.94991]},"properties":{"Fire_Name":"REDROCK","Acres":2,"Cause":"Natural","Year":1992}},{"type":"Feature","geometry":{"type":"Point","coordinates":[-119.96771,39.89991]},"properties":{"Fire_Name":"SEVENLAKES","Acres":0.5,"Cause":"Natural","Year":1992}},{"type":"Feature","geometry":{"type":"Point","coordinates":[-120.06771,40.04991]},"properties":{"Fire_Name":"RICH","Acres":0.5,"Cause":"Natural","Year":1992}},{"type":"Feature","geometry":{"type":"Point","coordinates":[-120.10101,39.76661]},"properties":{"Fire_Name":"HALLELUJAH","Acres":4,"Cause":"Natural","Year":1992}},{"type":"Feature","geometry":{"type":"Point","coordinates":[-120.08441,39.98321]},"properties":{"Fire_Name":"CONSTANTIA","Acres":0.5,"Cause":"Human","Year":1992}},{"type":"Feature","geometry":{"type":"Point","coordinates":[-119.48431,39.73321]},"properties":{"Fire_Name":"WILCOX 5","Acres":0.3,"Cause":"Natural","Year":1992}},{"type":"Feature","geometry":{"type":"Point","coordinates":[-119.51771,39.71661]},"properties":{"Fire_Name":"WILCOX 2","Acres":0.5,"Cause":"Natural","Year":1992}},{"type":"Feature","geometry":{"type":"Point","coordinates":[-119.50101,39.66661]},"properties":{"Fire_Name":"WILCOX 3","Acres":0.5,"Cause":"Natural","Year":1992}},{"type":"Feature","geometry":{"type":"Point","coordinates":[-119.48431,39.73321]},"properties":{"Fire_Name":"WILCOX 4","Acres":0.1,"Cause":"Natural","Year":1992}},{"type":"Feature","geometry":{"type":"Point","coordinates":[-119.53431,39.73321]},"properties":{"Fire_Name":"WILCOX 1","Acres":0.1,"Cause":"Natural","Year":1992}},{"type":"Feature","geometry":{"type":"Point","coordinates":[-119.90101,39.66661]},"properties":{"Fire_Name":"LEMON VAL","Acres":0.3,"Cause":"Natural","Year":1992}},{"type":"Feature","geometry":{"type":"Point","coordinates":[-119.61771,38.84991]},"properties":{"Fire_Name":"INDIAN","Acres":0.1,"Cause":"Natural","Year":1992}},{"type":"Feature","geometry":{"type":"Point","coordinates":[-119.65101,38.86661]},"properties":{"Fire_Name":"CEDAR","Acres":0.1,"Cause":"Natural","Year":1992}},{"type":"Feature","geometry":{"type":"Point","coordinates":[-119.66771,39.73321]},"properties":{"Fire_Name":"AX HANDLE","Acres":0.1,"Cause":"Natural","Year":1992}},{"type":"Feature","geometry":{"type":"Point","coordinates":[-119.66771,39.91661]},"properties":{"Fire_Name":"VIRGINIA 1","Acres":0.5,"Cause":"Natural","Year":1992}},{"type":"Feature","geometry":{"type":"Point","coordinates":[-119.61771,39.86661]},"properties":{"Fire_Name":"VIRGINIA 2","Acres":0.1,"Cause":"Natural","Year":1992}},{"type":"Feature","geometry":{"type":"Point","coordinates":[-119.55101,39.74991]},"properties":{"Fire_Name":"MIDDEN","Acres":0.1,"Cause":"Natural","Year":1992}},{"type":"Feature","geometry":{"type":"Point","coordinates":[-119.93441,39.83321]},"properties":{"Fire_Name":"PORKYPINE","Acres":0.5,"Cause":"Natural","Year":1992}},{"type":"Feature","geometry":{"type":"Point","coordinates":[-119.68441,39.96661]},"properties":{"Fire_Name":"BIA 9","Acres":0.1,"Cause":"Natural","Year":1992}},{"type":"Feature","geometry":{"type":"Point","coordinates":[-119.63441,39.61661]},"properties":{"Fire_Name":"HUNGRY 3","Acres":0.1,"Cause":"Natural","Year":1992}},{"type":"Feature","geometry":{"type":"Point","coordinates":[-120.11771,40.06661]},"properties":{"Fire_Name":"DOYLE","Acres":0.1,"Cause":"Human","Year":1992}},{"type":"Feature","geometry":{"type":"Point","coordinates":[-119.76771,39.64991]},"properties":{"Fire_Name":"HUNGRY 4","Acres":0.1,"Cause":"Human","Year":1992}},{"type":"Feature","geometry":{"type":"Point","coordinates":[-119.31771,39.48321]},"properties":{"Fire_Name":"TALA","Acres":4,"Cause":"Human","Year":1992}},{"type":"Feature","geometry":{"type":"Point","coordinates":[-119.43431,39.06661]},"properties":{"Fire_Name":"SUNRISE 1","Acres":0.5,"Cause":"Natural","Year":1992}},{"type":"Feature","geometry":{"type":"Point","coordinates":[-119.55101,39.16661]},"properties":{"Fire_Name":"ELDORADO","Acres":0.1,"Cause":"Natural","Year":1992}},{"type":"Feature","geometry":{"type":"Point","coordinates":[-119.63441,39.74991]},"properties":{"Fire_Name":"WILCOX 6","Acres":0.1,"Cause":"Natural","Year":1992}},{"type":"Feature","geometry":{"type":"Point","coordinates":[-119.48431,39.14991]},"properties":{"Fire_Name":"LYON","Acres":0.5,"Cause":"Natural","Year":1992}},{"type":"Feature","geometry":{"type":"Point","coordinates":[-119.78441,39.78321]},"properties":{"Fire_Name":"ANTELOPE","Acres":0.1,"Cause":"Natural","Year":1992}},{"type":"Feature","geometry":{"type":"Point","coordinates":[-119.55101,38.83321]},"properties":{"Fire_Name":"BLOSSOM","Acres":0.1,"Cause":"Natural","Year":1992}},{"type":"Feature","geometry":{"type":"Point","coordinates":[-119.45101,39.64991]},"properties":{"Fire_Name":"OLINGHOUSE","Acres":0.1,"Cause":"Natural","Year":1992}},{"type":"Feature","geometry":{"type":"Point","coordinates":[-119.80101,39.91661]},"properties":{"Fire_Name":"DOGSKIN","Acres":0.1,"Cause":"Natural","Year":1992}},{"type":"Feature","geometry":{"type":"Point","coordinates":[-119.70101,39.33321]},"properties":{"Fire_Name":"STEAMBOAT","Acres":0.1,"Cause":"Natural","Year":1992}},{"type":"Feature","geometry":{"type":"Point","coordinates":[-119.50101,39.21661]},"properties":{"Fire_Name":"GOLF 1","Acres":0.1,"Cause":"Natural","Year":1992}},{"type":"Feature","geometry":{"type":"Point","coordinates":[-119.53431,39.78321]},"properties":{"Fire_Name":"WHISKEY","Acres":0.1,"Cause":"Natural","Year":1992}},{"type":"Feature","geometry":{"type":"Point","coordinates":[-119.50101,39.21661]},"properties":{"Fire_Name":"GOLF 2","Acres":0.5,"Cause":"Natural","Year":1992}},{"type":"Feature","geometry":{"type":"Point","coordinates":[-120.03441,39.81661]},"properties":{"Fire_Name":"HALLELUJA3","Acres":0.5,"Cause":"Natural","Year":1992}},{"type":"Feature","geometry":{"type":"Point","coordinates":[-119.65101,39.79991]},"properties":{"Fire_Name":"RED","Acres":0.1,"Cause":"Natural","Year":1992}},{"type":"Feature","geometry":{"type":"Point","coordinates":[-119.75101,39.89991]},"properties":{"Fire_Name":"RANCH RD","Acres":0.1,"Cause":"Natural","Year":1992}},{"type":"Feature","geometry":{"type":"Point","coordinates":[-119.45101,38.88321]},"properties":{"Fire_Name":"PIPELINE","Acres":0.5,"Cause":"Natural","Year":1992}},{"type":"Feature","geometry":{"type":"Point","coordinates":[-120.10101,40.06661]},"properties":{"Fire_Name":"DOYLE 3","Acres":0.1,"Cause":"Natural","Year":1992}},{"type":"Feature","geometry":{"type":"Point","coordinates":[-119.80101,39.66661]},"properties":{"Fire_Name":"EAGLE","Acres":0.1,"Cause":"Natural","Year":1992}},{"type":"Feature","geometry":{"type":"Point","coordinates":[-119.50101,38.98321]},"properties":{"Fire_Name":"NUT VALLEY","Acres":0.5,"Cause":"Natural","Year":1992}},{"type":"Feature","geometry":{"type":"Point","coordinates":[-119.51771,39.71661]},"properties":{"Fire_Name":"VIRGINIA 3","Acres":0.1,"Cause":"Natural","Year":1992}},{"type":"Feature","geometry":{"type":"Point","coordinates":[-119.38431,39.84991]},"properties":{"Fire_Name":"BIA 12","Acres":1,"Cause":"Human","Year":1992}},{"type":"Feature","geometry":{"type":"Point","coordinates":[-120.11771,40.06661]},"properties":{"Fire_Name":"DOYLE 4","Acres":0.1,"Cause":"Human","Year":1992}},{"type":"Feature","geometry":{"type":"Point","coordinates":[-120.05101,39.84991]},"properties":{"Fire_Name":"HALELUJAH4","Acres":0.1,"Cause":"Natural","Year":1992}},{"type":"Feature","geometry":{"type":"Point","coordinates":[-119.81771,39.61661]},"properties":{"Fire_Name":"SHAWNEVA","Acres":0.1,"Cause":"Natural","Year":1992}},{"type":"Feature","geometry":{"type":"Point","coordinates":[-119.60101,39.73321]},"properties":{"Fire_Name":"CRAZYHORSE","Acres":0.1,"Cause":"Natural","Year":1992}},{"type":"Feature","geometry":{"type":"Point","coordinates":[-119.13431,38.81661]},"properties":{"Fire_Name":"COPPERBELT","Acres":5,"Cause":"Human","Year":1993}},{"type":"Feature","geometry":{"type":"Point","coordinates":[-119.65101,39.19991]},"properties":{"Fire_Name":"SANTIGO","Acres":0.5,"Cause":"Human","Year":1993}},{"type":"Feature","geometry":{"type":"Point","coordinates":[-119.75101,39.86661]},"properties":{"Fire_Name":"WMCRNCH1","Acres":0.1,"Cause":"Natural","Year":1993}},{"type":"Feature","geometry":{"type":"Point","coordinates":[-119.28431,39.26661]},"properties":{"Fire_Name":"FTCHURCHLL","Acres":0.1,"Cause":"Human","Year":1993}},{"type":"Feature","geometry":{"type":"Point","coordinates":[-119.60101,39.23321]},"properties":{"Fire_Name":"RANDALL","Acres":0.5,"Cause":"Human","Year":1993}},{"type":"Feature","geometry":{"type":"Point","coordinates":[-119.46771,39.18321]},"properties":{"Fire_Name":"COMO","Acres":0.5,"Cause":"Natural","Year":1993}},{"type":"Feature","geometry":{"type":"Point","coordinates":[-119.55101,39.76661]},"properties":{"Fire_Name":"PALVAL1","Acres":0.5,"Cause":"Natural","Year":1993}},{"type":"Feature","geometry":{"type":"Point","coordinates":[-119.68441,39.78321]},"properties":{"Fire_Name":"WMCRNCH2","Acres":0.2,"Cause":"Natural","Year":1993}},{"type":"Feature","geometry":{"type":"Point","coordinates":[-119.51771,39.68321]},"properties":{"Fire_Name":"PALVAL2","Acres":0.5,"Cause":"Natural","Year":1993}},{"type":"Feature","geometry":{"type":"Point","coordinates":[-119.86771,39.89991]},"properties":{"Fire_Name":"BEDELL","Acres":0.5,"Cause":"Natural","Year":1993}},{"type":"Feature","geometry":{"type":"Point","coordinates":[-119.60101,39.81661]},"properties":{"Fire_Name":"PALVAL3","Acres":0.2,"Cause":"Natural","Year":1993}},{"type":"Feature","geometry":{"type":"Point","coordinates":[-119.76771,39.09991]},"properties":{"Fire_Name":"TOPSY","Acres":0.5,"Cause":"Human","Year":1993}},{"type":"Feature","geometry":{"type":"Point","coordinates":[-119.66771,39.71661]},"properties":{"Fire_Name":"TMFD 1","Acres":0.1,"Cause":"Natural","Year":1993}},{"type":"Feature","geometry":{"type":"Point","coordinates":[-119.63441,39.73321]},"properties":{"Fire_Name":"CRAZYHORSE","Acres":0.3,"Cause":"Natural","Year":1993}},{"type":"Feature","geometry":{"type":"Point","coordinates":[-119.66771,39.09991]},"properties":{"Fire_Name":"MEXDAM 1","Acres":0.3,"Cause":"Human","Year":1993}},{"type":"Feature","geometry":{"type":"Point","coordinates":[-120.03441,39.91661]},"properties":{"Fire_Name":"HOTSPRING","Acres":0.5,"Cause":"Natural","Year":1993}},{"type":"Feature","geometry":{"type":"Point","coordinates":[-119.70101,39.16661]},"properties":{"Fire_Name":"PRISONHILL","Acres":0.5,"Cause":"Natural","Year":1993}},{"type":"Feature","geometry":{"type":"Point","coordinates":[-119.68431,39.01661]},"properties":{"Fire_Name":"JOHNSONLN1","Acres":0.5,"Cause":"Human","Year":1993}},{"type":"Feature","geometry":{"type":"Point","coordinates":[-119.35101,39.83321]},"properties":{"Fire_Name":"BIA 1","Acres":0.1,"Cause":"Human","Year":1993}},{"type":"Feature","geometry":{"type":"Point","coordinates":[-119.81771,40.14991]},"properties":{"Fire_Name":"FLANIGAN","Acres":0.5,"Cause":"Natural","Year":1993}},{"type":"Feature","geometry":{"type":"Point","coordinates":[-119.80101,40.09991]},"properties":{"Fire_Name":"TELEPHONE","Acres":0.5,"Cause":"Natural","Year":1993}},{"type":"Feature","geometry":{"type":"Point","coordinates":[-119.80101,40.11661]},"properties":{"Fire_Name":"POLE","Acres":0.5,"Cause":"Natural","Year":1993}},{"type":"Feature","geometry":{"type":"Point","coordinates":[-119.81771,39.98321]},"properties":{"Fire_Name":"BLACK CYN","Acres":0.1,"Cause":"Natural","Year":1993}},{"type":"Feature","geometry":{"type":"Point","coordinates":[-119.76771,39.78321]},"properties":{"Fire_Name":"WARMSPGS 1","Acres":0.5,"Cause":"Natural","Year":1993}},{"type":"Feature","geometry":{"type":"Point","coordinates":[-119.66771,39.11661]},"properties":{"Fire_Name":"BADGER","Acres":0.1,"Cause":"Human","Year":1993}},{"type":"Feature","geometry":{"type":"Point","coordinates":[-119.66771,39.51661]},"properties":{"Fire_Name":"VISTA","Acres":0.1,"Cause":"Human","Year":1993}},{"type":"Feature","geometry":{"type":"Point","coordinates":[-119.78441,39.68321]},"properties":{"Fire_Name":"HUNGRYVAL","Acres":0.5,"Cause":"Human","Year":1993}},{"type":"Feature","geometry":{"type":"Point","coordinates":[-119.55101,39.78321]},"properties":{"Fire_Name":"PAIUTE 1","Acres":0.1,"Cause":"Natural","Year":1993}},{"type":"Feature","geometry":{"type":"Point","coordinates":[-119.55101,39.78321]},"properties":{"Fire_Name":"PAIUTE 2","Acres":0.5,"Cause":"Natural","Year":1993}},{"type":"Feature","geometry":{"type":"Point","coordinates":[-119.58431,38.88321]},"properties":{"Fire_Name":"MINESHAFT","Acres":0.5,"Cause":"Natural","Year":1993}},{"type":"Feature","geometry":{"type":"Point","coordinates":[-119.58431,39.29991]},"properties":{"Fire_Name":"SIX MILE","Acres":0.5,"Cause":"Natural","Year":1993}},{"type":"Feature","geometry":{"type":"Point","coordinates":[-119.76771,39.56661]},"properties":{"Fire_Name":"PAHRAH","Acres":0.5,"Cause":"Human","Year":1993}},{"type":"Feature","geometry":{"type":"Point","coordinates":[-119.85101,39.64991]},"properties":{"Fire_Name":"TMFD2","Acres":0.5,"Cause":"Human","Year":1993}},{"type":"Feature","geometry":{"type":"Point","coordinates":[-119.66771,39.73321]},"properties":{"Fire_Name":"SUGARLOAF","Acres":0.5,"Cause":"Natural","Year":1993}},{"type":"Feature","geometry":{"type":"Point","coordinates":[-119.66771,39.96661]},"properties":{"Fire_Name":"BIA 2","Acres":0.5,"Cause":"Natural","Year":1993}},{"type":"Feature","geometry":{"type":"Point","coordinates":[-119.68431,38.88321]},"properties":{"Fire_Name":"BODIE","Acres":0.1,"Cause":"Human","Year":1993}},{"type":"Feature","geometry":{"type":"Point","coordinates":[-119.35101,39.58321]},"properties":{"Fire_Name":"TMFD 3","Acres":0.3,"Cause":"Human","Year":1993}},{"type":"Feature","geometry":{"type":"Point","coordinates":[-120.03441,39.89991]},"properties":{"Fire_Name":"RED","Acres":0.5,"Cause":"Human","Year":1993}},{"type":"Feature","geometry":{"type":"Point","coordinates":[-119.53431,39.04991]},"properties":{"Fire_Name":"BIA 1","Acres":4.5,"Cause":"Human","Year":1994}},{"type":"Feature","geometry":{"type":"Point","coordinates":[-119.43431,39.29991]},"properties":{"Fire_Name":"TABLE","Acres":0.1,"Cause":"Human","Year":1994}},{"type":"Feature","geometry":{"type":"Point","coordinates":[-119.26771,39.64991]},"properties":{"Fire_Name":"BIA 2","Acres":100,"Cause":"Human","Year":1994}},{"type":"Feature","geometry":{"type":"Point","coordinates":[-119.55101,39.18321]},"properties":{"Fire_Name":"ELDORADO","Acres":0.1,"Cause":"Human","Year":1994}},{"type":"Feature","geometry":{"type":"Point","coordinates":[-120.05101,39.86661]},"properties":{"Fire_Name":"RED ROCK","Acres":0.1,"Cause":"Natural","Year":1994}},{"type":"Feature","geometry":{"type":"Point","coordinates":[-119.30101,39.69991]},"properties":{"Fire_Name":"BIA 3","Acres":2,"Cause":"Human","Year":1994}},{"type":"Feature","geometry":{"type":"Point","coordinates":[-119.63441,39.99991]},"properties":{"Fire_Name":"BIA 4","Acres":0.1,"Cause":"Human","Year":1994}},{"type":"Feature","geometry":{"type":"Point","coordinates":[-120.10101,40.06661]},"properties":{"Fire_Name":"MP 365","Acres":0.3,"Cause":"Human","Year":1994}},{"type":"Feature","geometry":{"type":"Point","coordinates":[-119.55101,38.96661]},"properties":{"Fire_Name":"BIA 6","Acres":0.5,"Cause":"Natural","Year":1994}},{"type":"Feature","geometry":{"type":"Point","coordinates":[-119.31771,39.71661]},"properties":{"Fire_Name":"BIA 7","Acres":1,"Cause":"Human","Year":1994}},{"type":"Feature","geometry":{"type":"Point","coordinates":[-119.68431,39.03321]},"properties":{"Fire_Name":"GRAVEL PIT","Acres":0.1,"Cause":"Human","Year":1994}},{"type":"Feature","geometry":{"type":"Point","coordinates":[-119.66771,39.01661]},"properties":{"Fire_Name":"BIA 8","Acres":0.1,"Cause":"Human","Year":1994}},{"type":"Feature","geometry":{"type":"Point","coordinates":[-119.58431,38.88321]},"properties":{"Fire_Name":"BUFFALO","Acres":1,"Cause":"Human","Year":1994}},{"type":"Feature","geometry":{"type":"Point","coordinates":[-119.61771,39.94991]},"properties":{"Fire_Name":"BIA 3","Acres":0.3,"Cause":"Human","Year":1994}},{"type":"Feature","geometry":{"type":"Point","coordinates":[-120.05101,39.83321]},"properties":{"Fire_Name":"HALLELUJAH","Acres":12585,"Cause":"Human","Year":1994}},{"type":"Feature","geometry":{"type":"Point","coordinates":[-119.63431,39.24991]},"properties":{"Fire_Name":"SILVER","Acres":1,"Cause":"Human","Year":1994}},{"type":"Feature","geometry":{"type":"Point","coordinates":[-119.70101,38.99991]},"properties":{"Fire_Name":"BAKER","Acres":0.1,"Cause":"Human","Year":1994}},{"type":"Feature","geometry":{"type":"Point","coordinates":[-119.66771,38.86661]},"properties":{"Fire_Name":"BODIEFLATS","Acres":0.2,"Cause":"Human","Year":1994}},{"type":"Feature","geometry":{"type":"Point","coordinates":[-119.85101,39.68321]},"properties":{"Fire_Name":"AX","Acres":0.5,"Cause":"Natural","Year":1994}},{"type":"Feature","geometry":{"type":"Point","coordinates":[-119.48431,38.88321]},"properties":{"Fire_Name":"SPIRIT","Acres":0.5,"Cause":"Natural","Year":1994}},{"type":"Feature","geometry":{"type":"Point","coordinates":[-119.58431,39.08321]},"properties":{"Fire_Name":"COMO 2","Acres":0.5,"Cause":"Natural","Year":1994}},{"type":"Feature","geometry":{"type":"Point","coordinates":[-119.55101,39.16661]},"properties":{"Fire_Name":"COMO 4","Acres":0.1,"Cause":"Natural","Year":1994}},{"type":"Feature","geometry":{"type":"Point","coordinates":[-119.55101,39.16661]},"properties":{"Fire_Name":"COMO 3","Acres":0.3,"Cause":"Natural","Year":1994}},{"type":"Feature","geometry":{"type":"Point","coordinates":[-119.55101,39.08321]},"properties":{"Fire_Name":"COMO 1","Acres":0.5,"Cause":"Natural","Year":1994}},{"type":"Feature","geometry":{"type":"Point","coordinates":[-119.53431,38.91661]},"properties":{"Fire_Name":"BIA 12","Acres":0.5,"Cause":"Natural","Year":1994}},{"type":"Feature","geometry":{"type":"Point","coordinates":[-119.53431,39.83321]},"properties":{"Fire_Name":"VIRGINIA 1","Acres":0.1,"Cause":"Natural","Year":1994}},{"type":"Feature","geometry":{"type":"Point","coordinates":[-119.76771,39.78321]},"properties":{"Fire_Name":"HUNGRY 2","Acres":0.1,"Cause":"Natural","Year":1994}},{"type":"Feature","geometry":{"type":"Point","coordinates":[-119.50101,39.79991]},"properties":{"Fire_Name":"VIRGINIA 2","Acres":0.3,"Cause":"Natural","Year":1994}},{"type":"Feature","geometry":{"type":"Point","coordinates":[-119.90101,40.13321]},"properties":{"Fire_Name":"FISH","Acres":0.1,"Cause":"Natural","Year":1994}},{"type":"Feature","geometry":{"type":"Point","coordinates":[-119.66771,39.94991]},"properties":{"Fire_Name":"BIA 11","Acres":0.5,"Cause":"Natural","Year":1994}},{"type":"Feature","geometry":{"type":"Point","coordinates":[-119.71771,39.69991]},"properties":{"Fire_Name":"HUNGRY","Acres":0.1,"Cause":"Natural","Year":1994}},{"type":"Feature","geometry":{"type":"Point","coordinates":[-119.53431,39.83321]},"properties":{"Fire_Name":"VIRGINIA 3","Acres":0.5,"Cause":"Natural","Year":1994}},{"type":"Feature","geometry":{"type":"Point","coordinates":[-119.75101,39.64991]},"properties":{"Fire_Name":"EAGLE 2","Acres":0.2,"Cause":"Natural","Year":1994}},{"type":"Feature","geometry":{"type":"Point","coordinates":[-119.75101,39.64991]},"properties":{"Fire_Name":"EAGLE","Acres":0.1,"Cause":"Natural","Year":1994}},{"type":"Feature","geometry":{"type":"Point","coordinates":[-119.68441,40.01661]},"properties":{"Fire_Name":"BIA 13","Acres":0.5,"Cause":"Natural","Year":1994}},{"type":"Feature","geometry":{"type":"Point","coordinates":[-119.68431,39.21661]},"properties":{"Fire_Name":"MOUNDHOUSE","Acres":0.3,"Cause":"Natural","Year":1994}},{"type":"Feature","geometry":{"type":"Point","coordinates":[-119.75101,39.68321]},"properties":{"Fire_Name":"COLONY","Acres":0.1,"Cause":"Natural","Year":1994}},{"type":"Feature","geometry":{"type":"Point","coordinates":[-119.65101,39.91661]},"properties":{"Fire_Name":"MULLEN","Acres":0.1,"Cause":"Natural","Year":1994}},{"type":"Feature","geometry":{"type":"Point","coordinates":[-119.86771,39.78321]},"properties":{"Fire_Name":"BLACK DOG","Acres":0.1,"Cause":"Natural","Year":1994}},{"type":"Feature","geometry":{"type":"Point","coordinates":[-119.70101,39.79991]},"properties":{"Fire_Name":"TMF ASST 1","Acres":0.1,"Cause":"Human","Year":1994}},{"type":"Feature","geometry":{"type":"Point","coordinates":[-119.76771,39.19991]},"properties":{"Fire_Name":"SUTRO","Acres":35,"Cause":"Human","Year":1994}},{"type":"Feature","geometry":{"type":"Point","coordinates":[-119.65101,39.61661]},"properties":{"Fire_Name":"EAGLE NEST","Acres":0.3,"Cause":"Human","Year":1994}},{"type":"Feature","geometry":{"type":"Point","coordinates":[-119.78441,39.61661]},"properties":{"Fire_Name":"VEHICLE","Acres":0.1,"Cause":"Human","Year":1994}},{"type":"Feature","geometry":{"type":"Point","coordinates":[-119.50101,38.93321]},"properties":{"Fire_Name":"SLATER","Acres":10,"Cause":"Human","Year":1994}},{"type":"Feature","geometry":{"type":"Point","coordinates":[-119.35101,39.83321]},"properties":{"Fire_Name":"BIA 14","Acres":0.1,"Cause":"Human","Year":1994}},{"type":"Feature","geometry":{"type":"Point","coordinates":[-119.40101,39.18321]},"properties":{"Fire_Name":"PINE NUT","Acres":0.1,"Cause":"Natural","Year":1994}},{"type":"Feature","geometry":{"type":"Point","coordinates":[-119.65101,38.93321]},"properties":{"Fire_Name":"ROBINSON 1","Acres":0.3,"Cause":"Natural","Year":1994}},{"type":"Feature","geometry":{"type":"Point","coordinates":[-119.55101,38.88321]},"properties":{"Fire_Name":"ROBINSON 2","Acres":0.4,"Cause":"Natural","Year":1994}},{"type":"Feature","geometry":{"type":"Point","coordinates":[-119.55101,38.88321]},"properties":{"Fire_Name":"ROBINSON 3","Acres":0.1,"Cause":"Natural","Year":1994}},{"type":"Feature","geometry":{"type":"Point","coordinates":[-119.55101,38.93321]},"properties":{"Fire_Name":"ROBINSON 4","Acres":0.1,"Cause":"Natural","Year":1994}},{"type":"Feature","geometry":{"type":"Point","coordinates":[-119.60101,39.81661]},"properties":{"Fire_Name":"WHISKEY","Acres":0.3,"Cause":"Natural","Year":1994}},{"type":"Feature","geometry":{"type":"Point","coordinates":[-119.65101,38.98321]},"properties":{"Fire_Name":"BIA 16","Acres":0.5,"Cause":"Natural","Year":1994}},{"type":"Feature","geometry":{"type":"Point","coordinates":[-119.55101,39.63321]},"properties":{"Fire_Name":"SPANISH","Acres":0.1,"Cause":"Natural","Year":1994}},{"type":"Feature","geometry":{"type":"Point","coordinates":[-119.60101,39.69991]},"properties":{"Fire_Name":"YELLOW 1","Acres":0.1,"Cause":"Natural","Year":1994}},{"type":"Feature","geometry":{"type":"Point","coordinates":[-119.60101,39.69991]},"properties":{"Fire_Name":"YELLOW 2","Acres":0.1,"Cause":"Natural","Year":1994}},{"type":"Feature","geometry":{"type":"Point","coordinates":[-119.53431,39.79991]},"properties":{"Fire_Name":"PAH RAH","Acres":0.1,"Cause":"Natural","Year":1994}},{"type":"Feature","geometry":{"type":"Point","coordinates":[-119.86771,39.89991]},"properties":{"Fire_Name":"DOG SKIN","Acres":0.1,"Cause":"Natural","Year":1994}},{"type":"Feature","geometry":{"type":"Point","coordinates":[-119.48441,40.19991]},"properties":{"Fire_Name":"BIA 17","Acres":0.3,"Cause":"Natural","Year":1994}},{"type":"Feature","geometry":{"type":"Point","coordinates":[-119.30101,39.69991]},"properties":{"Fire_Name":"BIA 1","Acres":0.3,"Cause":"Human","Year":1995}},{"type":"Feature","geometry":{"type":"Point","coordinates":[-119.70101,39.06661]},"properties":{"Fire_Name":"HOTSPRINGS","Acres":0.1,"Cause":"Human","Year":1995}},{"type":"Feature","geometry":{"type":"Point","coordinates":[-119.36771,39.83321]},"properties":{"Fire_Name":"BIA 3","Acres":0.5,"Cause":"Human","Year":1995}},{"type":"Feature","geometry":{"type":"Point","coordinates":[-119.70431,38.87491]},"properties":{"Fire_Name":"BIA 4","Acres":0.5,"Cause":"Human","Year":1995}},{"type":"Feature","geometry":{"type":"Point","coordinates":[-119.66771,39.88321]},"properties":{"Fire_Name":"KEYSTONE","Acres":0.1,"Cause":"Human","Year":1995}},{"type":"Feature","geometry":{"type":"Point","coordinates":[-119.70431,38.88821]},"properties":{"Fire_Name":"BIA 5","Acres":0.5,"Cause":"Human","Year":1995}},{"type":"Feature","geometry":{"type":"Point","coordinates":[-119.70101,39.13321]},"properties":{"Fire_Name":"RIVER","Acres":0.1,"Cause":"Human","Year":1995}},{"type":"Feature","geometry":{"type":"Point","coordinates":[-119.26771,39.66661]},"properties":{"Fire_Name":"BIA 6","Acres":0.5,"Cause":"Human","Year":1995}},{"type":"Feature","geometry":{"type":"Point","coordinates":[-119.74101,39.14991]},"properties":{"Fire_Name":"PRISON","Acres":0.2,"Cause":"Human","Year":1995}},{"type":"Feature","geometry":{"type":"Point","coordinates":[-119.58441,39.94991]},"properties":{"Fire_Name":"BIA 7","Acres":0.5,"Cause":"Human","Year":1995}},{"type":"Feature","geometry":{"type":"Point","coordinates":[-119.60101,39.81661]},"properties":{"Fire_Name":"WAYSIDE","Acres":0.1,"Cause":"Natural","Year":1995}},{"type":"Feature","geometry":{"type":"Point","coordinates":[-119.55101,39.81661]},"properties":{"Fire_Name":"RODEO","Acres":0.1,"Cause":"Natural","Year":1995}},{"type":"Feature","geometry":{"type":"Point","coordinates":[-119.60101,39.81661]},"properties":{"Fire_Name":"APPIAN","Acres":0.1,"Cause":"Natural","Year":1995}},{"type":"Feature","geometry":{"type":"Point","coordinates":[-119.61771,39.88321]},"properties":{"Fire_Name":"MULLEN","Acres":1.5,"Cause":"Human","Year":1995}},{"type":"Feature","geometry":{"type":"Point","coordinates":[-119.58441,39.94991]},"properties":{"Fire_Name":"BIA 8","Acres":0.1,"Cause":"Human","Year":1995}},{"type":"Feature","geometry":{"type":"Point","coordinates":[-119.63441,39.88321]},"properties":{"Fire_Name":"MARKER 28","Acres":0.1,"Cause":"Human","Year":1995}},{"type":"Feature","geometry":{"type":"Point","coordinates":[-119.41771,39.29991]},"properties":{"Fire_Name":"CHURCHILL","Acres":0.1,"Cause":"Human","Year":1995}},{"type":"Feature","geometry":{"type":"Point","coordinates":[-119.33431,39.63321]},"properties":{"Fire_Name":"POLE","Acres":0.1,"Cause":"Natural","Year":1995}},{"type":"Feature","geometry":{"type":"Point","coordinates":[-119.40101,39.69991]},"properties":{"Fire_Name":"OLINGHOUSE","Acres":0.1,"Cause":"Natural","Year":1995}},{"type":"Feature","geometry":{"type":"Point","coordinates":[-119.68441,39.91661]},"properties":{"Fire_Name":"TULE","Acres":0.1,"Cause":"Natural","Year":1995}},{"type":"Feature","geometry":{"type":"Point","coordinates":[-119.60101,38.89991]},"properties":{"Fire_Name":"FISH","Acres":0.1,"Cause":"Natural","Year":1995}},{"type":"Feature","geometry":{"type":"Point","coordinates":[-119.53431,39.69991]},"properties":{"Fire_Name":"DEFIANCE","Acres":0.5,"Cause":"Natural","Year":1995}},{"type":"Feature","geometry":{"type":"Point","coordinates":[-119.72271,39.04821]},"properties":{"Fire_Name":"HENNEY","Acres":0.5,"Cause":"Human","Year":1995}},{"type":"Feature","geometry":{"type":"Point","coordinates":[-119.66771,39.27991]},"properties":{"Fire_Name":"AMERICAN","Acres":0.3,"Cause":"Human","Year":1995}},{"type":"Feature","geometry":{"type":"Point","coordinates":[-119.55601,39.81821]},"properties":{"Fire_Name":"WILD HORSE","Acres":0.1,"Cause":"Natural","Year":1995}},{"type":"Feature","geometry":{"type":"Point","coordinates":[-119.94941,39.67321]},"properties":{"Fire_Name":"CRYSTAL","Acres":1.5,"Cause":"Human","Year":1995}},{"type":"Feature","geometry":{"type":"Point","coordinates":[-119.42601,39.58491]},"properties":{"Fire_Name":"DERBY","Acres":0.1,"Cause":"Human","Year":1995}},{"type":"Feature","geometry":{"type":"Point","coordinates":[-119.62931,39.26491]},"properties":{"Fire_Name":"SILVER","Acres":1,"Cause":"Human","Year":1995}},{"type":"Feature","geometry":{"type":"Point","coordinates":[-119.20271,39.62821]},"properties":{"Fire_Name":"TWO TIPS","Acres":0.1,"Cause":"Human","Year":1995}},{"type":"Feature","geometry":{"type":"Point","coordinates":[-119.61271,39.94821]},"properties":{"Fire_Name":"BIA 10","Acres":0.1,"Cause":"Human","Year":1995}},{"type":"Feature","geometry":{"type":"Point","coordinates":[-119.64771,39.22161]},"properties":{"Fire_Name":"CALICO","Acres":0.1,"Cause":"Human","Year":1995}},{"type":"Feature","geometry":{"type":"Point","coordinates":[-119.64771,39.22161]},"properties":{"Fire_Name":"NUGGET","Acres":1,"Cause":"Human","Year":1995}},{"type":"Feature","geometry":{"type":"Point","coordinates":[-119.70431,39.36661]},"properties":{"Fire_Name":"GEIGER","Acres":192,"Cause":"Human","Year":1995}},{"type":"Feature","geometry":{"type":"Point","coordinates":[-119.59271,39.89161]},"properties":{"Fire_Name":"BIA 11","Acres":0.3,"Cause":"Human","Year":1995}},{"type":"Feature","geometry":{"type":"Point","coordinates":[-119.72271,39.14991]},"properties":{"Fire_Name":"ROAD","Acres":0.2,"Cause":"Human","Year":1995}},{"type":"Feature","geometry":{"type":"Point","coordinates":[-119.70601,38.90161]},"properties":{"Fire_Name":"BIA 12","Acres":0.2,"Cause":"Human","Year":1995}},{"type":"Feature","geometry":{"type":"Point","coordinates":[-119.66771,39.22161]},"properties":{"Fire_Name":"PIT","Acres":0.1,"Cause":"Human","Year":1995}},{"type":"Feature","geometry":{"type":"Point","coordinates":[-119.70431,39.36661]},"properties":{"Fire_Name":"TOLL ROAD","Acres":320,"Cause":"Human","Year":1995}},{"type":"Feature","geometry":{"type":"Point","coordinates":[-119.46271,39.80321]},"properties":{"Fire_Name":"BIA 14","Acres":10,"Cause":"Human","Year":1995}},{"type":"Feature","geometry":{"type":"Point","coordinates":[-119.61271,39.94661]},"properties":{"Fire_Name":"BIA 15","Acres":0.1,"Cause":"Human","Year":1995}},{"type":"Feature","geometry":{"type":"Point","coordinates":[-119.40601,39.86161]},"properties":{"Fire_Name":"BIA 14","Acres":0.3,"Cause":"Human","Year":1995}},{"type":"Feature","geometry":{"type":"Point","coordinates":[-119.64771,39.26491]},"properties":{"Fire_Name":"HIGHSTREET","Acres":0.3,"Cause":"Human","Year":1995}},{"type":"Feature","geometry":{"type":"Point","coordinates":[-119.76931,39.23661]},"properties":{"Fire_Name":"DUCK HILL","Acres":20,"Cause":"Human","Year":1995}},{"type":"Feature","geometry":{"type":"Point","coordinates":[-119.61271,39.94821]},"properties":{"Fire_Name":"BIA 17","Acres":0.1,"Cause":"Human","Year":1995}},{"type":"Feature","geometry":{"type":"Point","coordinates":[-119.53771,39.61321]},"properties":{"Fire_Name":"BIA 16","Acres":0.1,"Cause":"Human","Year":1995}},{"type":"Feature","geometry":{"type":"Point","coordinates":[-119.36771,39.83321]},"properties":{"Fire_Name":"BIA 17","Acres":0.1,"Cause":"Human","Year":1995}},{"type":"Feature","geometry":{"type":"Point","coordinates":[-119.38771,39.89161]},"properties":{"Fire_Name":"BIA 20","Acres":0.1,"Cause":"Human","Year":1995}},{"type":"Feature","geometry":{"type":"Point","coordinates":[-119.55601,39.90491]},"properties":{"Fire_Name":"BIA 18","Acres":0.3,"Cause":"Human","Year":1995}},{"type":"Feature","geometry":{"type":"Point","coordinates":[-119.46271,39.22161]},"properties":{"Fire_Name":"COMO","Acres":175,"Cause":"Human","Year":1995}},{"type":"Feature","geometry":{"type":"Point","coordinates":[-119.62931,39.23661]},"properties":{"Fire_Name":"DAYTON 1","Acres":1,"Cause":"Human","Year":1995}},{"type":"Feature","geometry":{"type":"Point","coordinates":[-119.59271,39.22161]},"properties":{"Fire_Name":"RICKY","Acres":2,"Cause":"Human","Year":1995}},{"type":"Feature","geometry":{"type":"Point","coordinates":[-119.70431,39.01821]},"properties":{"Fire_Name":"SUNRISE","Acres":0.1,"Cause":"Human","Year":1995}},{"type":"Feature","geometry":{"type":"Point","coordinates":[-119.71101,39.10661]},"properties":{"Fire_Name":"BIA 22","Acres":0.1,"Cause":"Human","Year":1995}},{"type":"Feature","geometry":{"type":"Point","coordinates":[-119.29271,39.63321]},"properties":{"Fire_Name":"BIA#1","Acres":4,"Cause":"Human","Year":1996}},{"type":"Feature","geometry":{"type":"Point","coordinates":[-119.58431,39.30821]},"properties":{"Fire_Name":"6 MILE","Acres":3,"Cause":"Human","Year":1996}},{"type":"Feature","geometry":{"type":"Point","coordinates":[-119.61271,38.81661]},"properties":{"Fire_Name":"BIA#2","Acres":0.1,"Cause":"Human","Year":1996}},{"type":"Feature","geometry":{"type":"Point","coordinates":[-119.29271,39.64321]},"properties":{"Fire_Name":"BIA#3","Acres":0.1,"Cause":"Human","Year":1996}},{"type":"Feature","geometry":{"type":"Point","coordinates":[-119.27431,39.65821]},"properties":{"Fire_Name":"BIA#4","Acres":7,"Cause":"Human","Year":1996}},{"type":"Feature","geometry":{"type":"Point","coordinates":[-119.29271,39.64321]},"properties":{"Fire_Name":"BIA#5","Acres":5,"Cause":"Human","Year":1996}},{"type":"Feature","geometry":{"type":"Point","coordinates":[-119.29271,39.64321]},"properties":{"Fire_Name":"BIA#6","Acres":1,"Cause":"Human","Year":1996}},{"type":"Feature","geometry":{"type":"Point","coordinates":[-119.61271,39.94821]},"properties":{"Fire_Name":"BIA#7","Acres":1,"Cause":"Human","Year":1996}},{"type":"Feature","geometry":{"type":"Point","coordinates":[-119.74101,39.56991]},"properties":{"Fire_Name":"MONITE","Acres":0.5,"Cause":"Human","Year":1996}},{"type":"Feature","geometry":{"type":"Point","coordinates":[-119.59351,39.94881]},"properties":{"Fire_Name":"BIA #8","Acres":0.3,"Cause":"Human","Year":1996}},{"type":"Feature","geometry":{"type":"Point","coordinates":[-119.74131,39.58441]},"properties":{"Fire_Name":"OASIS","Acres":0.2,"Cause":"Human","Year":1996}},{"type":"Feature","geometry":{"type":"Point","coordinates":[-119.81601,39.07661]},"properties":{"Fire_Name":"BIA#10","Acres":1,"Cause":"Human","Year":1996}},{"type":"Feature","geometry":{"type":"Point","coordinates":[-119.81601,39.04821]},"properties":{"Fire_Name":"BIA#9","Acres":10,"Cause":"Human","Year":1996}},{"type":"Feature","geometry":{"type":"Point","coordinates":[-119.27601,39.23661]},"properties":{"Fire_Name":"NARROWS","Acres":1,"Cause":"Human","Year":1996}},{"type":"Feature","geometry":{"type":"Point","coordinates":[-120.08441,39.77661]},"properties":{"Fire_Name":"SCOTT","Acres":0.3,"Cause":"Natural","Year":1996}},{"type":"Feature","geometry":{"type":"Point","coordinates":[-119.98771,39.99321]},"properties":{"Fire_Name":"DOYLE","Acres":8,"Cause":"Natural","Year":1996}},{"type":"Feature","geometry":{"type":"Point","coordinates":[-119.14651,39.25081]},"properties":{"Fire_Name":"CLEAVER PK","Acres":60,"Cause":"Natural","Year":1996}},{"type":"Feature","geometry":{"type":"Point","coordinates":[-119.81881,40.16601]},"properties":{"Fire_Name":"NEVERSWEAT","Acres":20,"Cause":"Human","Year":1996}},{"type":"Feature","geometry":{"type":"Point","coordinates":[-119.36821,39.83271]},"properties":{"Fire_Name":"BIA 11","Acres":0.5,"Cause":"Human","Year":1996}},{"type":"Feature","geometry":{"type":"Point","coordinates":[-119.29521,39.61321]},"properties":{"Fire_Name":"DEPOLI","Acres":2,"Cause":"Human","Year":1996}},{"type":"Feature","geometry":{"type":"Point","coordinates":[-119.55601,39.55491]},"properties":{"Fire_Name":"PATRICK","Acres":35,"Cause":"Human","Year":1996}},{"type":"Feature","geometry":{"type":"Point","coordinates":[-119.25541,39.81821]},"properties":{"Fire_Name":"BIA 12","Acres":0.5,"Cause":"Human","Year":1996}},{"type":"Feature","geometry":{"type":"Point","coordinates":[-119.74381,40.26801]},"properties":{"Fire_Name":"SAND","Acres":30,"Cause":"Human","Year":1996}},{"type":"Feature","geometry":{"type":"Point","coordinates":[-119.62991,39.51191]},"properties":{"Fire_Name":"MUSTANG","Acres":15,"Cause":"Human","Year":1996}},{"type":"Feature","geometry":{"type":"Point","coordinates":[-119.68601,39.16321]},"properties":{"Fire_Name":"SEDGE","Acres":0.1,"Cause":"Human","Year":1996}},{"type":"Feature","geometry":{"type":"Point","coordinates":[-119.38771,39.84661]},"properties":{"Fire_Name":"BIA 13","Acres":2,"Cause":"Human","Year":1996}},{"type":"Feature","geometry":{"type":"Point","coordinates":[-119.46601,39.17821]},"properties":{"Fire_Name":"SUNRISE","Acres":3656,"Cause":"Human","Year":1996}},{"type":"Feature","geometry":{"type":"Point","coordinates":[-119.50211,39.57191]},"properties":{"Fire_Name":"TRACYCLARK","Acres":18,"Cause":"Human","Year":1996}},{"type":"Feature","geometry":{"type":"Point","coordinates":[-119.61271,39.94821]},"properties":{"Fire_Name":"BIA 14","Acres":0.2,"Cause":"Human","Year":1996}},{"type":"Feature","geometry":{"type":"Point","coordinates":[-119.95021,40.10801]},"properties":{"Fire_Name":"BONANZA","Acres":3,"Cause":"Human","Year":1996}},{"type":"Feature","geometry":{"type":"Point","coordinates":[-119.46601,38.84491]},"properties":{"Fire_Name":"RED CANYON","Acres":12,"Cause":"Natural","Year":1996}},{"type":"Feature","geometry":{"type":"Point","coordinates":[-120.00991,39.90571]},"properties":{"Fire_Name":"RED ROCK","Acres":0.1,"Cause":"Natural","Year":1996}},{"type":"Feature","geometry":{"type":"Point","coordinates":[-119.61271,38.80191]},"properties":{"Fire_Name":"DOUBLESPGS","Acres":0.1,"Cause":"Natural","Year":1996}},{"type":"Feature","geometry":{"type":"Point","coordinates":[-119.53911,39.17821]},"properties":{"Fire_Name":"RAWE","Acres":0.1,"Cause":"Natural","Year":1996}},{"type":"Feature","geometry":{"type":"Point","coordinates":[-119.42431,39.86161]},"properties":{"Fire_Name":"NIXON COMP","Acres":2000,"Cause":"Natural","Year":1996}},{"type":"Feature","geometry":{"type":"Point","coordinates":[-119.44601,38.87491]},"properties":{"Fire_Name":"PIPELINE","Acres":0.1,"Cause":"Natural","Year":1996}},{"type":"Feature","geometry":{"type":"Point","coordinates":[-119.53911,39.03351]},"properties":{"Fire_Name":"MINERAL PK","Acres":2,"Cause":"Natural","Year":1996}},{"type":"Feature","geometry":{"type":"Point","coordinates":[-119.29271,39.64321]},"properties":{"Fire_Name":"BIA 16","Acres":0.1,"Cause":"Human","Year":1996}},{"type":"Feature","geometry":{"type":"Point","coordinates":[-119.72321,39.14941]},"properties":{"Fire_Name":"PRISON 2","Acres":15,"Cause":"Natural","Year":1996}},{"type":"Feature","geometry":{"type":"Point","coordinates":[-119.74161,39.14941]},"properties":{"Fire_Name":"PRISON 1","Acres":0.1,"Cause":"Natural","Year":1996}},{"type":"Feature","geometry":{"type":"Point","coordinates":[-119.66851,40.02161]},"properties":{"Fire_Name":"BIA #17","Acres":0.5,"Cause":"Natural","Year":1996}},{"type":"Feature","geometry":{"type":"Point","coordinates":[-119.74351,39.87631]},"properties":{"Fire_Name":"DOGSKINS","Acres":0.1,"Cause":"Undetermined","Year":1996}},{"type":"Feature","geometry":{"type":"Point","coordinates":[-119.57461,39.81821]},"properties":{"Fire_Name":"LITTLEBULL","Acres":0.3,"Cause":"Natural","Year":1996}},{"type":"Feature","geometry":{"type":"Point","coordinates":[-119.72441,39.91991]},"properties":{"Fire_Name":"CORRAL","Acres":0.1,"Cause":"Undetermined","Year":1996}},{"type":"Feature","geometry":{"type":"Point","coordinates":[-119.57431,39.80321]},"properties":{"Fire_Name":"PAH RAH","Acres":0.1,"Cause":"Natural","Year":1996}},{"type":"Feature","geometry":{"type":"Point","coordinates":[-119.70491,39.09131]},"properties":{"Fire_Name":"MEXICANDAM","Acres":0.1,"Cause":"Natural","Year":1996}},{"type":"Feature","geometry":{"type":"Point","coordinates":[-119.72321,39.09131]},"properties":{"Fire_Name":"HOT SPGS","Acres":4,"Cause":"Natural","Year":1996}},{"type":"Feature","geometry":{"type":"Point","coordinates":[-119.64961,38.91771]},"properties":{"Fire_Name":"PINENUT FL","Acres":0.1,"Cause":"Natural","Year":1996}},{"type":"Feature","geometry":{"type":"Point","coordinates":[-119.81881,39.83271]},"properties":{"Fire_Name":"ANTELOPE","Acres":60,"Cause":"Natural","Year":1996}},{"type":"Feature","geometry":{"type":"Point","coordinates":[-119.74131,39.22161]},"properties":{"Fire_Name":"GONI","Acres":4,"Cause":"Natural","Year":1996}},{"type":"Feature","geometry":{"type":"Point","coordinates":[-119.64961,38.78741]},"properties":{"Fire_Name":"BIA #18","Acres":0.1,"Cause":"Natural","Year":1996}},{"type":"Feature","geometry":{"type":"Point","coordinates":[-119.61271,39.70161]},"properties":{"Fire_Name":"CURNOW","Acres":0.1,"Cause":"Natural","Year":1996}},{"type":"Feature","geometry":{"type":"Point","coordinates":[-119.70441,39.56961]},"properties":{"Fire_Name":"VISTA","Acres":0.3,"Cause":"Natural","Year":1996}},{"type":"Feature","geometry":{"type":"Point","coordinates":[-120.00991,39.71911]},"properties":{"Fire_Name":"BUG STA.","Acres":0.1,"Cause":"Natural","Year":1996}},{"type":"Feature","geometry":{"type":"Point","coordinates":[-119.35101,39.49961]},"properties":{"Fire_Name":"RAMSEY","Acres":3,"Cause":"Natural","Year":1996}},{"type":"Feature","geometry":{"type":"Point","coordinates":[-119.64941,39.90491]},"properties":{"Fire_Name":"NEEDLEROCK","Acres":0.1,"Cause":"Natural","Year":1996}},{"type":"Feature","geometry":{"type":"Point","coordinates":[-119.53771,39.68821]},"properties":{"Fire_Name":"WILCOX","Acres":0.1,"Cause":"Natural","Year":1996}},{"type":"Feature","geometry":{"type":"Point","coordinates":[-119.85631,39.84711]},"properties":{"Fire_Name":"SANDHILL","Acres":0.1,"Cause":"Natural","Year":1996}},{"type":"Feature","geometry":{"type":"Point","coordinates":[-119.34931,39.80321]},"properties":{"Fire_Name":"BIA 19","Acres":3,"Cause":"Human","Year":1996}},{"type":"Feature","geometry":{"type":"Point","coordinates":[-119.55601,39.77461]},"properties":{"Fire_Name":"WHISKEY","Acres":2,"Cause":"Human","Year":1996}},{"type":"Feature","geometry":{"type":"Point","coordinates":[-119.75941,39.56991]},"properties":{"Fire_Name":"SEGURO","Acres":1,"Cause":"Human","Year":1996}},{"type":"Feature","geometry":{"type":"Point","coordinates":[-119.68551,39.17821]},"properties":{"Fire_Name":"RIFLE","Acres":1,"Cause":"Human","Year":1996}},{"type":"Feature","geometry":{"type":"Point","coordinates":[-119.66771,39.26491]},"properties":{"Fire_Name":"AM FLAT","Acres":185.5,"Cause":"Natural","Year":1996}},{"type":"Feature","geometry":{"type":"Point","coordinates":[-119.96941,39.75991]},"properties":{"Fire_Name":"MUD FIRE","Acres":1,"Cause":"Natural","Year":1996}},{"type":"Feature","geometry":{"type":"Point","coordinates":[-119.89441,39.90491]},"properties":{"Fire_Name":"RANCHO","Acres":15,"Cause":"Natural","Year":1996}},{"type":"Feature","geometry":{"type":"Point","coordinates":[-119.49931,39.75991]},"properties":{"Fire_Name":"MICROWAVE","Acres":4,"Cause":"Natural","Year":1996}},{"type":"Feature","geometry":{"type":"Point","coordinates":[-119.87441,39.91991]},"properties":{"Fire_Name":"RED","Acres":2,"Cause":"Natural","Year":1996}},{"type":"Feature","geometry":{"type":"Point","coordinates":[-119.87441,39.93491]},"properties":{"Fire_Name":"ROCK","Acres":0.3,"Cause":"Natural","Year":1996}},{"type":"Feature","geometry":{"type":"Point","coordinates":[-119.66801,38.85961]},"properties":{"Fire_Name":"COURTLAND","Acres":0.2,"Cause":"Human","Year":1996}},{"type":"Feature","geometry":{"type":"Point","coordinates":[-119.63101,38.88851]},"properties":{"Fire_Name":"PINENUT","Acres":0.1,"Cause":"Natural","Year":1996}},{"type":"Feature","geometry":{"type":"Point","coordinates":[-119.75991,39.22161]},"properties":{"Fire_Name":"SUGARLOAF","Acres":75,"Cause":"Natural","Year":1996}},{"type":"Feature","geometry":{"type":"Point","coordinates":[-119.70441,39.39491]},"properties":{"Fire_Name":"GEIGER","Acres":80,"Cause":"Human","Year":1996}},{"type":"Feature","geometry":{"type":"Point","coordinates":[-119.66801,39.17821]},"properties":{"Fire_Name":"CARSON RVR","Acres":10,"Cause":"Human","Year":1996}},{"type":"Feature","geometry":{"type":"Point","coordinates":[-119.68571,39.52631]},"properties":{"Fire_Name":"JEEP","Acres":2,"Cause":"Human","Year":1996}},{"type":"Feature","geometry":{"type":"Point","coordinates":[-119.87101,39.89661]},"properties":{"Fire_Name":"FLAT","Acres":80,"Cause":"Human","Year":1996}},{"type":"Feature","geometry":{"type":"Point","coordinates":[-119.68741,39.78911]},"properties":{"Fire_Name":"GARDEN","Acres":0.3,"Cause":"Human","Year":1996}},{"type":"Feature","geometry":{"type":"Point","coordinates":[-119.76161,38.78661]},"properties":{"Fire_Name":"GIMPY","Acres":0.1,"Cause":"Natural","Year":1996}},{"type":"Feature","geometry":{"type":"Point","coordinates":[-120.00941,39.79161]},"properties":{"Fire_Name":"PETERSEN","Acres":2.5,"Cause":"Natural","Year":1996}},{"type":"Feature","geometry":{"type":"Point","coordinates":[-120.04691,39.71911]},"properties":{"Fire_Name":"LONG","Acres":0.3,"Cause":"Natural","Year":1996}},{"type":"Feature","geometry":{"type":"Point","coordinates":[-120.04691,39.79071]},"properties":{"Fire_Name":"WASILLA","Acres":0.1,"Cause":"Natural","Year":1996}},{"type":"Feature","geometry":{"type":"Point","coordinates":[-120.00941,39.77661]},"properties":{"Fire_Name":"PETERSENII","Acres":1,"Cause":"Natural","Year":1996}},{"type":"Feature","geometry":{"type":"Point","coordinates":[-119.94941,39.67661]},"properties":{"Fire_Name":"GRANITE","Acres":1,"Cause":"Natural","Year":1996}},{"type":"Feature","geometry":{"type":"Point","coordinates":[-119.93101,39.93491]},"properties":{"Fire_Name":"SEVEN","Acres":0.1,"Cause":"Natural","Year":1996}},{"type":"Feature","geometry":{"type":"Point","coordinates":[-119.43431,39.81661]},"properties":{"Fire_Name":"BIA 21","Acres":2,"Cause":"Natural","Year":1996}},{"type":"Feature","geometry":{"type":"Point","coordinates":[-119.74351,39.87631]},"properties":{"Fire_Name":"MOON","Acres":0.3,"Cause":"Natural","Year":1996}},{"type":"Feature","geometry":{"type":"Point","coordinates":[-119.59431,38.87491]},"properties":{"Fire_Name":"PREACHER","Acres":0.1,"Cause":"Natural","Year":1996}},{"type":"Feature","geometry":{"type":"Point","coordinates":[-119.64941,39.93491]},"properties":{"Fire_Name":"BIA 22","Acres":0.5,"Cause":"Natural","Year":1996}},{"type":"Feature","geometry":{"type":"Point","coordinates":[-119.66941,39.93491]},"properties":{"Fire_Name":"SUTCLIFFE3","Acres":0.1,"Cause":"Natural","Year":1996}},{"type":"Feature","geometry":{"type":"Point","coordinates":[-119.50271,38.96161]},"properties":{"Fire_Name":"SLATER","Acres":0.1,"Cause":"Natural","Year":1996}},{"type":"Feature","geometry":{"type":"Point","coordinates":[-119.93101,39.97821]},"properties":{"Fire_Name":"MILLER","Acres":3,"Cause":"Natural","Year":1996}},{"type":"Feature","geometry":{"type":"Point","coordinates":[-119.61211,39.94881]},"properties":{"Fire_Name":"BIA 23","Acres":0.1,"Cause":"Human","Year":1996}},{"type":"Feature","geometry":{"type":"Point","coordinates":[-119.53931,38.96161]},"properties":{"Fire_Name":"SLATER II","Acres":0.1,"Cause":"Natural","Year":1996}},{"type":"Feature","geometry":{"type":"Point","coordinates":[-119.66931,39.20661]},"properties":{"Fire_Name":"NEWMAN","Acres":1,"Cause":"Human","Year":1996}},{"type":"Feature","geometry":{"type":"Point","coordinates":[-119.98771,40.07881]},"properties":{"Fire_Name":"LINE","Acres":2.5,"Cause":"Natural","Year":1996}},{"type":"Feature","geometry":{"type":"Point","coordinates":[-119.91271,39.83321]},"properties":{"Fire_Name":"SANDII","Acres":250,"Cause":"Human","Year":1996}},{"type":"Feature","geometry":{"type":"Point","coordinates":[-119.76161,38.78661]},"properties":{"Fire_Name":"BIA#20","Acres":0.1,"Cause":"Human","Year":1996}},{"type":"Feature","geometry":{"type":"Point","coordinates":[-119.49961,40.03601]},"properties":{"Fire_Name":"BIA#24","Acres":25,"Cause":"Human","Year":1996}},{"type":"Feature","geometry":{"type":"Point","coordinates":[-120.04691,39.74771]},"properties":{"Fire_Name":"JUNCTION","Acres":0.1,"Cause":"Human","Year":1996}},{"type":"Feature","geometry":{"type":"Point","coordinates":[-119.31431,39.55491]},"properties":{"Fire_Name":"TIGER","Acres":2,"Cause":"Natural","Year":1996}},{"type":"Feature","geometry":{"type":"Point","coordinates":[-119.51771,39.68821]},"properties":{"Fire_Name":"WILCOX","Acres":0.1,"Cause":"Natural","Year":1996}},{"type":"Feature","geometry":{"type":"Point","coordinates":[-119.79941,39.96321]},"properties":{"Fire_Name":"VALLEY","Acres":0.1,"Cause":"Natural","Year":1996}},{"type":"Feature","geometry":{"type":"Point","coordinates":[-119.64941,39.73161]},"properties":{"Fire_Name":"AXEHANDLE","Acres":0.1,"Cause":"Natural","Year":1996}},{"type":"Feature","geometry":{"type":"Point","coordinates":[-119.66941,40.31161]},"properties":{"Fire_Name":"BIA 25","Acres":151,"Cause":"Natural","Year":1996}},{"type":"Feature","geometry":{"type":"Point","coordinates":[-119.72441,39.89821]},"properties":{"Fire_Name":"PUMP HOUSE","Acres":0.3,"Cause":"Natural","Year":1996}},{"type":"Feature","geometry":{"type":"Point","coordinates":[-119.33351,39.51161]},"properties":{"Fire_Name":"SHEEP CAMP","Acres":5,"Cause":"Natural","Year":1996}},{"type":"Feature","geometry":{"type":"Point","coordinates":[-119.75991,39.56961]},"properties":{"Fire_Name":"HIGH ROCK","Acres":15,"Cause":"Human","Year":1996}},{"type":"Feature","geometry":{"type":"Point","coordinates":[-119.98771,40.07821]},"properties":{"Fire_Name":"WEBB","Acres":0.1,"Cause":"Human","Year":1996}},{"type":"Feature","geometry":{"type":"Point","coordinates":[-119.77851,39.32321]},"properties":{"Fire_Name":"POWERLINE","Acres":0.3,"Cause":"Human","Year":1996}},{"type":"Feature","geometry":{"type":"Point","coordinates":[-119.75991,39.58441]},"properties":{"Fire_Name":"SUN","Acres":0.3,"Cause":"Human","Year":1996}},{"type":"Feature","geometry":{"type":"Point","coordinates":[-119.72271,38.90321]},"properties":{"Fire_Name":"BIA 1","Acres":0.1,"Cause":"Human","Year":1997}},{"type":"Feature","geometry":{"type":"Point","coordinates":[-119.63101,38.85991]},"properties":{"Fire_Name":"BIA 2","Acres":0.1,"Cause":"Human","Year":1997}},{"type":"Feature","geometry":{"type":"Point","coordinates":[-119.29271,39.65821]},"properties":{"Fire_Name":"BIA 3","Acres":0.5,"Cause":"Human","Year":1997}},{"type":"Feature","geometry":{"type":"Point","coordinates":[-119.77941,39.56991]},"properties":{"Fire_Name":"DANDINI","Acres":0.5,"Cause":"Human","Year":1997}},{"type":"Feature","geometry":{"type":"Point","coordinates":[-119.76271,39.77491]},"properties":{"Fire_Name":"ANIVERSARY","Acres":0.1,"Cause":"Natural","Year":1997}},{"type":"Feature","geometry":{"type":"Point","coordinates":[-119.77941,39.62821]},"properties":{"Fire_Name":"SUNVALLEY1","Acres":0.1,"Cause":"Natural","Year":1997}},{"type":"Feature","geometry":{"type":"Point","coordinates":[-119.76271,39.64321]},"properties":{"Fire_Name":"SUNVALLEY2","Acres":0.1,"Cause":"Natural","Year":1997}},{"type":"Feature","geometry":{"type":"Point","coordinates":[-119.74101,38.96161]},"properties":{"Fire_Name":"BIA 4","Acres":0.3,"Cause":"Natural","Year":1997}},{"type":"Feature","geometry":{"type":"Point","coordinates":[-119.59431,38.90321]},"properties":{"Fire_Name":"PINENUT","Acres":0.1,"Cause":"Natural","Year":1997}},{"type":"Feature","geometry":{"type":"Point","coordinates":[-119.93101,39.64321]},"properties":{"Fire_Name":"RED ROCK","Acres":0.1,"Cause":"Natural","Year":1997}},{"type":"Feature","geometry":{"type":"Point","coordinates":[-119.79771,39.04821]},"properties":{"Fire_Name":"BIA 5","Acres":1,"Cause":"Human","Year":1997}},{"type":"Feature","geometry":{"type":"Point","coordinates":[-119.55601,39.70161]},"properties":{"Fire_Name":"ALEXANDER","Acres":0.5,"Cause":"Natural","Year":1997}},{"type":"Feature","geometry":{"type":"Point","coordinates":[-119.14601,39.24991]},"properties":{"Fire_Name":"CLEAVER","Acres":0.6,"Cause":"Natural","Year":1997}},{"type":"Feature","geometry":{"type":"Point","coordinates":[-119.75941,39.58491]},"properties":{"Fire_Name":"WALL","Acres":10,"Cause":"Human","Year":1997}},{"type":"Feature","geometry":{"type":"Point","coordinates":[-119.49931,39.97821]},"properties":{"Fire_Name":"BIA 6","Acres":0.5,"Cause":"Human","Year":1997}},{"type":"Feature","geometry":{"type":"Point","coordinates":[-119.79771,39.58491]},"properties":{"Fire_Name":"CHOCOLATE","Acres":0.5,"Cause":"Human","Year":1997}},{"type":"Feature","geometry":{"type":"Point","coordinates":[-119.61271,39.94821]},"properties":{"Fire_Name":"BIA 7","Acres":0.5,"Cause":"Human","Year":1997}},{"type":"Feature","geometry":{"type":"Point","coordinates":[-119.64941,39.93491]},"properties":{"Fire_Name":"BIA 8","Acres":75,"Cause":"Human","Year":1997}},{"type":"Feature","geometry":{"type":"Point","coordinates":[-119.74101,39.20661]},"properties":{"Fire_Name":"BIA 9","Acres":0.1,"Cause":"Human","Year":1997}},{"type":"Feature","geometry":{"type":"Point","coordinates":[-119.59271,39.93491]},"properties":{"Fire_Name":"BIA 10","Acres":0.3,"Cause":"Human","Year":1997}},{"type":"Feature","geometry":{"type":"Point","coordinates":[-119.59271,39.53991]},"properties":{"Fire_Name":"MUSTANG","Acres":40,"Cause":"Human","Year":1997}},{"type":"Feature","geometry":{"type":"Point","coordinates":[-119.74101,39.46821]},"properties":{"Fire_Name":"RATTLESNAK","Acres":70,"Cause":"Human","Year":1997}},{"type":"Feature","geometry":{"type":"Point","coordinates":[-119.77771,39.13491]},"properties":{"Fire_Name":"BIA 11","Acres":0.5,"Cause":"Human","Year":1997}},{"type":"Feature","geometry":{"type":"Point","coordinates":[-119.29601,39.62821]},"properties":{"Fire_Name":"BIA 12","Acres":0.1,"Cause":"Human","Year":1997}},{"type":"Feature","geometry":{"type":"Point","coordinates":[-119.29271,39.64321]},"properties":{"Fire_Name":"BIA 13","Acres":0.5,"Cause":"Natural","Year":1997}},{"type":"Feature","geometry":{"type":"Point","coordinates":[-119.20271,39.46821]},"properties":{"Fire_Name":"CURVE","Acres":1,"Cause":"Human","Year":1997}},{"type":"Feature","geometry":{"type":"Point","coordinates":[-119.83771,39.71661]},"properties":{"Fire_Name":"ANTELOPE 1","Acres":2,"Cause":"Natural","Year":1997}},{"type":"Feature","geometry":{"type":"Point","coordinates":[-119.49931,39.75991]},"properties":{"Fire_Name":"RIGHT HAND","Acres":0.1,"Cause":"Natural","Year":1997}},{"type":"Feature","geometry":{"type":"Point","coordinates":[-119.53771,39.71661]},"properties":{"Fire_Name":"JUNIPER","Acres":0.1,"Cause":"Natural","Year":1997}},{"type":"Feature","geometry":{"type":"Point","coordinates":[-119.55601,39.68821]},"properties":{"Fire_Name":"SAGE","Acres":1.5,"Cause":"Natural","Year":1997}},{"type":"Feature","geometry":{"type":"Point","coordinates":[-119.76271,39.86161]},"properties":{"Fire_Name":"DOG TOO","Acres":0.5,"Cause":"Natural","Year":1997}},{"type":"Feature","geometry":{"type":"Point","coordinates":[-119.79941,39.90491]},"properties":{"Fire_Name":"DOG","Acres":1,"Cause":"Natural","Year":1997}},{"type":"Feature","geometry":{"type":"Point","coordinates":[-119.78101,39.86161]},"properties":{"Fire_Name":"SKIN","Acres":0.1,"Cause":"Natural","Year":1997}},{"type":"Feature","geometry":{"type":"Point","coordinates":[-119.70431,39.35161]},"properties":{"Fire_Name":"GEIGER","Acres":0.1,"Cause":"Natural","Year":1997}},{"type":"Feature","geometry":{"type":"Point","coordinates":[-119.66771,39.55491]},"properties":{"Fire_Name":"VISTA","Acres":1,"Cause":"Human","Year":1997}},{"type":"Feature","geometry":{"type":"Point","coordinates":[-119.68741,39.96321]},"properties":{"Fire_Name":"TULE","Acres":0.1,"Cause":"Natural","Year":1997}},{"type":"Feature","geometry":{"type":"Point","coordinates":[-119.70491,39.03351]},"properties":{"Fire_Name":"POWERLINE","Acres":0.1,"Cause":"Natural","Year":1997}},{"type":"Feature","geometry":{"type":"Point","coordinates":[-119.55551,39.61321]},"properties":{"Fire_Name":"TRACY","Acres":1,"Cause":"Natural","Year":1997}},{"type":"Feature","geometry":{"type":"Point","coordinates":[-119.51851,39.68741]},"properties":{"Fire_Name":"RAW","Acres":0.1,"Cause":"Natural","Year":1997}},{"type":"Feature","geometry":{"type":"Point","coordinates":[-119.66801,39.19271]},"properties":{"Fire_Name":"DUMP","Acres":0.1,"Cause":"Natural","Year":1997}},{"type":"Feature","geometry":{"type":"Point","coordinates":[-119.68741,39.87631]},"properties":{"Fire_Name":"GRASS","Acres":0.1,"Cause":"Natural","Year":1997}},{"type":"Feature","geometry":{"type":"Point","coordinates":[-119.51851,39.78911]},"properties":{"Fire_Name":"PAH","Acres":0.1,"Cause":"Natural","Year":1997}},{"type":"Feature","geometry":{"type":"Point","coordinates":[-119.70431,39.22161]},"properties":{"Fire_Name":"MCCLELLAN","Acres":0.1,"Cause":"Natural","Year":1997}},{"type":"Feature","geometry":{"type":"Point","coordinates":[-119.81881,40.09321]},"properties":{"Fire_Name":"COTTON","Acres":0.1,"Cause":"Natural","Year":1997}},{"type":"Feature","geometry":{"type":"Point","coordinates":[-119.51821,39.27961]},"properties":{"Fire_Name":"COACH","Acres":0.1,"Cause":"Natural","Year":1997}},{"type":"Feature","geometry":{"type":"Point","coordinates":[-119.81881,40.09321]},"properties":{"Fire_Name":"WOOD","Acres":0.1,"Cause":"Natural","Year":1997}},{"type":"Feature","geometry":{"type":"Point","coordinates":[-119.98771,39.90521]},"properties":{"Fire_Name":"RED","Acres":0.1,"Cause":"Human","Year":1997}},{"type":"Feature","geometry":{"type":"Point","coordinates":[-119.62991,39.26521]},"properties":{"Fire_Name":"SILVERCITY","Acres":0.1,"Cause":"Human","Year":1997}},{"type":"Feature","geometry":{"type":"Point","coordinates":[-119.42851,38.87411]},"properties":{"Fire_Name":"PIPELINE","Acres":0.1,"Cause":"Natural","Year":1997}},{"type":"Feature","geometry":{"type":"Point","coordinates":[-119.53911,38.93211]},"properties":{"Fire_Name":"SIEGAL 1","Acres":0.5,"Cause":"Natural","Year":1997}},{"type":"Feature","geometry":{"type":"Point","coordinates":[-119.53911,38.90321]},"properties":{"Fire_Name":"SIEGAL 2","Acres":0.1,"Cause":"Natural","Year":1997}},{"type":"Feature","geometry":{"type":"Point","coordinates":[-119.53911,38.90321]},"properties":{"Fire_Name":"SIEGAL 3","Acres":0.1,"Cause":"Natural","Year":1997}},{"type":"Feature","geometry":{"type":"Point","coordinates":[-119.74351,39.83271]},"properties":{"Fire_Name":"MOON ROCKS","Acres":0.1,"Cause":"Human","Year":1997}},{"type":"Feature","geometry":{"type":"Point","coordinates":[-119.66851,39.87631]},"properties":{"Fire_Name":"RANGE","Acres":1.5,"Cause":"Human","Year":1997}},{"type":"Feature","geometry":{"type":"Point","coordinates":[-119.33241,39.61321]},"properties":{"Fire_Name":"WADSWORTH","Acres":0.1,"Cause":"Human","Year":1997}},{"type":"Feature","geometry":{"type":"Point","coordinates":[-119.75991,39.56961]},"properties":{"Fire_Name":"WILDCREEK","Acres":13,"Cause":"Human","Year":1997}},{"type":"Feature","geometry":{"type":"Point","coordinates":[-119.61211,39.94881]},"properties":{"Fire_Name":"BIA#14","Acres":0.5,"Cause":"Human","Year":1997}},{"type":"Feature","geometry":{"type":"Point","coordinates":[-119.78131,40.25321]},"properties":{"Fire_Name":"PASS","Acres":10,"Cause":"Human","Year":1997}},{"type":"Feature","geometry":{"type":"Point","coordinates":[-119.87521,39.80381]},"properties":{"Fire_Name":"LEMMON","Acres":0.1,"Cause":"Natural","Year":1997}},{"type":"Feature","geometry":{"type":"Point","coordinates":[-119.33071,39.68741]},"properties":{"Fire_Name":"BIA #15","Acres":0.1,"Cause":"Natural","Year":1997}},{"type":"Feature","geometry":{"type":"Point","coordinates":[-119.79991,39.80381]},"properties":{"Fire_Name":"MINERAL","Acres":0.1,"Cause":"Natural","Year":1997}},{"type":"Feature","geometry":{"type":"Point","coordinates":[-119.79991,39.68741]},"properties":{"Fire_Name":"PIT","Acres":0.1,"Cause":"Natural","Year":1997}},{"type":"Feature","geometry":{"type":"Point","coordinates":[-119.85631,39.71661]},"properties":{"Fire_Name":"AMERICAN","Acres":0.1,"Cause":"Natural","Year":1997}},{"type":"Feature","geometry":{"type":"Point","coordinates":[-119.75991,39.23631]},"properties":{"Fire_Name":"MOUNDHOUSE","Acres":0.1,"Cause":"Natural","Year":1997}},{"type":"Feature","geometry":{"type":"Point","coordinates":[-119.68571,39.56961]},"properties":{"Fire_Name":"MUSTANG 2","Acres":378.8,"Cause":"Natural","Year":1997}},{"type":"Feature","geometry":{"type":"Point","coordinates":[-119.49961,39.71661]},"properties":{"Fire_Name":"ASPEN","Acres":0.1,"Cause":"Natural","Year":1997}},{"type":"Feature","geometry":{"type":"Point","coordinates":[-119.77851,39.62771]},"properties":{"Fire_Name":"METEOR","Acres":0.1,"Cause":"Human","Year":1997}},{"type":"Feature","geometry":{"type":"Point","coordinates":[-119.63101,39.99241]},"properties":{"Fire_Name":"BIA #16","Acres":0.1,"Cause":"Human","Year":1997}},{"type":"Feature","geometry":{"type":"Point","coordinates":[-119.96881,39.68741]},"properties":{"Fire_Name":"AIR RACE","Acres":1.5,"Cause":"Human","Year":1997}},{"type":"Feature","geometry":{"type":"Point","coordinates":[-119.36821,39.78911]},"properties":{"Fire_Name":"BIA #17","Acres":0.5,"Cause":"Human","Year":1997}},{"type":"Feature","geometry":{"type":"Point","coordinates":[-119.45021,39.74321]},"properties":{"Fire_Name":"WRIGHT","Acres":50,"Cause":"Human","Year":1997}},{"type":"Feature","geometry":{"type":"Point","coordinates":[-119.64961,39.17821]},"properties":{"Fire_Name":"RIVER","Acres":0.1,"Cause":"Human","Year":1997}},{"type":"Feature","geometry":{"type":"Point","coordinates":[-119.62991,39.56381]},"properties":{"Fire_Name":"MUSTANG 3","Acres":1,"Cause":"Human","Year":1997}},{"type":"Feature","geometry":{"type":"Point","coordinates":[-119.89381,39.80381]},"properties":{"Fire_Name":"BIRD","Acres":0.1,"Cause":"Human","Year":1997}},{"type":"Feature","geometry":{"type":"Point","coordinates":[-119.72321,39.17821]},"properties":{"Fire_Name":"FLINT","Acres":5,"Cause":"Human","Year":1997}},{"type":"Feature","geometry":{"type":"Point","coordinates":[-119.53711,39.77461]},"properties":{"Fire_Name":"PAIUTE","Acres":3,"Cause":"Human","Year":1997}},{"type":"Feature","geometry":{"type":"Point","coordinates":[-119.27431,39.67301]},"properties":{"Fire_Name":"SPIN","Acres":20,"Cause":"Human","Year":1997}},{"type":"Feature","geometry":{"type":"Point","coordinates":[-119.29321,39.78911]},"properties":{"Fire_Name":"COPELAND","Acres":20,"Cause":"Human","Year":1997}},{"type":"Feature","geometry":{"type":"Point","coordinates":[-119.64851,39.25071]},"properties":{"Fire_Name":"GRIZZLY","Acres":0.1,"Cause":"Human","Year":1997}},{"type":"Feature","geometry":{"type":"Point","coordinates":[-119.66771,39.56991]},"properties":{"Fire_Name":"SPARKS","Acres":30,"Cause":"Human","Year":1997}},{"type":"Feature","geometry":{"type":"Point","coordinates":[-119.57431,39.55491]},"properties":{"Fire_Name":"PATRICK","Acres":130,"Cause":"Human","Year":1997}},{"type":"Feature","geometry":{"type":"Point","coordinates":[-119.99101,39.68991]},"properties":{"Fire_Name":"COLD","Acres":350,"Cause":"Human","Year":1997}},{"type":"Feature","geometry":{"type":"Point","coordinates":[-119.33241,39.59881]},"properties":{"Fire_Name":"MOSQUITO","Acres":0.3,"Cause":"Human","Year":1998}},{"type":"Feature","geometry":{"type":"Point","coordinates":[-119.95021,39.89071]},"properties":{"Fire_Name":"PORCUPINE","Acres":1,"Cause":"Natural","Year":1998}},{"type":"Feature","geometry":{"type":"Point","coordinates":[-119.27661,39.62771]},"properties":{"Fire_Name":"BIA2","Acres":0.5,"Cause":"Human","Year":1998}},{"type":"Feature","geometry":{"type":"Point","coordinates":[-119.48071,39.76021]},"properties":{"Fire_Name":"NAT OUT I","Acres":0.1,"Cause":"Undetermined","Year":1998}},{"type":"Feature","geometry":{"type":"Point","coordinates":[-119.68631,39.17821]},"properties":{"Fire_Name":"DUMP","Acres":0.1,"Cause":"Human","Year":1998}},{"type":"Feature","geometry":{"type":"Point","coordinates":[-119.27431,39.64411]},"properties":{"Fire_Name":"BIA3","Acres":0.5,"Cause":"Human","Year":1998}},{"type":"Feature","geometry":{"type":"Point","coordinates":[-119.23681,39.23581]},"properties":{"Fire_Name":"BIA4","Acres":0.5,"Cause":"Human","Year":1998}},{"type":"Feature","geometry":{"type":"Point","coordinates":[-119.75991,39.22161]},"properties":{"Fire_Name":"DAFFY","Acres":0.3,"Cause":"Human","Year":1998}},{"type":"Feature","geometry":{"type":"Point","coordinates":[-119.61211,39.93441]},"properties":{"Fire_Name":"BIA5","Acres":1.5,"Cause":"Human","Year":1998}},{"type":"Feature","geometry":{"type":"Point","coordinates":[-119.31381,39.61321]},"properties":{"Fire_Name":"BIA6","Acres":0.3,"Cause":"Human","Year":1998}},{"type":"Feature","geometry":{"type":"Point","coordinates":[-119.77851,39.33771]},"properties":{"Fire_Name":"BRUSH","Acres":0.1,"Cause":"Human","Year":1998}},{"type":"Feature","geometry":{"type":"Point","coordinates":[-119.72301,39.56961]},"properties":{"Fire_Name":"SPANISHSPR","Acres":10,"Cause":"Human","Year":1998}},{"type":"Feature","geometry":{"type":"Point","coordinates":[-119.85301,39.62771]},"properties":{"Fire_Name":"LEMMON","Acres":1,"Cause":"Human","Year":1998}},{"type":"Feature","geometry":{"type":"Point","coordinates":[-119.49961,39.56961]},"properties":{"Fire_Name":"TRESTLE","Acres":2,"Cause":"Human","Year":1998}},{"type":"Feature","geometry":{"type":"Point","coordinates":[-119.68441,40.21661]},"properties":{"Fire_Name":"BIA7","Acres":11631,"Cause":"Human","Year":1998}},{"type":"Feature","geometry":{"type":"Point","coordinates":[-119.91271,40.16601]},"properties":{"Fire_Name":"TELEPHONE","Acres":0.5,"Cause":"Human","Year":1998}},{"type":"Feature","geometry":{"type":"Point","coordinates":[-120.08381,39.79071]},"properties":{"Fire_Name":"BUG","Acres":0.1,"Cause":"Human","Year":1998}},{"type":"Feature","geometry":{"type":"Point","coordinates":[-119.59351,39.89071]},"properties":{"Fire_Name":"BIA8","Acres":0.1,"Cause":"Human","Year":1998}},{"type":"Feature","geometry":{"type":"Point","coordinates":[-119.74131,39.38131]},"properties":{"Fire_Name":"STEAMBOAT","Acres":35,"Cause":"Human","Year":1998}},{"type":"Feature","geometry":{"type":"Point","coordinates":[-119.83741,39.70211]},"properties":{"Fire_Name":"LEMMON II","Acres":0.5,"Cause":"Natural","Year":1998}},{"type":"Feature","geometry":{"type":"Point","coordinates":[-119.72301,39.46821]},"properties":{"Fire_Name":"RATTLESNAK","Acres":1,"Cause":"Natural","Year":1998}},{"type":"Feature","geometry":{"type":"Point","coordinates":[-119.53711,39.77461]},"properties":{"Fire_Name":"RIGHTHAND2","Acres":0.5,"Cause":"Natural","Year":1998}},{"type":"Feature","geometry":{"type":"Point","coordinates":[-119.72491,39.93441]},"properties":{"Fire_Name":"TOOLEE","Acres":0.5,"Cause":"Natural","Year":1998}},{"type":"Feature","geometry":{"type":"Point","coordinates":[-119.70601,39.93441]},"properties":{"Fire_Name":"PAINTED","Acres":0.1,"Cause":"Natural","Year":1998}},{"type":"Feature","geometry":{"type":"Point","coordinates":[-119.72491,39.73101]},"properties":{"Fire_Name":"GRAVES","Acres":0.5,"Cause":"Natural","Year":1998}},{"type":"Feature","geometry":{"type":"Point","coordinates":[-119.79991,39.71661]},"properties":{"Fire_Name":"HUNGRY","Acres":0.5,"Cause":"Natural","Year":1998}},{"type":"Feature","geometry":{"type":"Point","coordinates":[-119.59431,38.90321]},"properties":{"Fire_Name":"ROAD","Acres":0.1,"Cause":"Human","Year":1998}},{"type":"Feature","geometry":{"type":"Point","coordinates":[-120.04691,39.73351]},"properties":{"Fire_Name":"HOLT","Acres":0.1,"Cause":"Human","Year":1998}},{"type":"Feature","geometry":{"type":"Point","coordinates":[-119.32271,39.60741]},"properties":{"Fire_Name":"WADSWORTH","Acres":1,"Cause":"Human","Year":1998}},{"type":"Feature","geometry":{"type":"Point","coordinates":[-119.63101,39.74571]},"properties":{"Fire_Name":"IRONWOOD","Acres":70,"Cause":"Human","Year":1998}},{"type":"Feature","geometry":{"type":"Point","coordinates":[-119.66851,39.84711]},"properties":{"Fire_Name":"TRAILER","Acres":0.3,"Cause":"Human","Year":1998}},{"type":"Feature","geometry":{"type":"Point","coordinates":[-119.61131,39.52631]},"properties":{"Fire_Name":"RAPIDS","Acres":0.5,"Cause":"Human","Year":1998}},{"type":"Feature","geometry":{"type":"Point","coordinates":[-119.76021,38.78741]},"properties":{"Fire_Name":"WIC I","Acres":0.1,"Cause":"Natural","Year":1998}},{"type":"Feature","geometry":{"type":"Point","coordinates":[-119.76021,38.78741]},"properties":{"Fire_Name":"WIC II","Acres":0.5,"Cause":"Natural","Year":1998}},{"type":"Feature","geometry":{"type":"Point","coordinates":[-119.76241,39.78911]},"properties":{"Fire_Name":"HUNGRY IV","Acres":0.5,"Cause":"Natural","Year":1998}},{"type":"Feature","geometry":{"type":"Point","coordinates":[-119.57411,39.61321]},"properties":{"Fire_Name":"TRACY","Acres":1.5,"Cause":"Natural","Year":1998}},{"type":"Feature","geometry":{"type":"Point","coordinates":[-119.74351,39.78911]},"properties":{"Fire_Name":"HUNGRY II","Acres":10,"Cause":"Natural","Year":1998}},{"type":"Feature","geometry":{"type":"Point","coordinates":[-119.74351,39.78911]},"properties":{"Fire_Name":"HUNGRY III","Acres":0.5,"Cause":"Natural","Year":1998}},{"type":"Feature","geometry":{"type":"Point","coordinates":[-119.55741,38.94661]},"properties":{"Fire_Name":"SIEGAL","Acres":0.1,"Cause":"Natural","Year":1998}},{"type":"Feature","geometry":{"type":"Point","coordinates":[-120.04691,39.97741]},"properties":{"Fire_Name":"ISUZU","Acres":0.1,"Cause":"Human","Year":1998}},{"type":"Feature","geometry":{"type":"Point","coordinates":[-119.40681,39.42461]},"properties":{"Fire_Name":"STAGECOACH","Acres":0.1,"Cause":"Natural","Year":1998}},{"type":"Feature","geometry":{"type":"Point","coordinates":[-119.49961,39.25071]},"properties":{"Fire_Name":"SPRING","Acres":0.1,"Cause":"Human","Year":1998}},{"type":"Feature","geometry":{"type":"Point","coordinates":[-120.04691,39.77661]},"properties":{"Fire_Name":"MIDDLE","Acres":2,"Cause":"Human","Year":1998}},{"type":"Feature","geometry":{"type":"Point","coordinates":[-119.75991,39.58441]},"properties":{"Fire_Name":"4TH STREET","Acres":200,"Cause":"Human","Year":1998}},{"type":"Feature","geometry":{"type":"Point","coordinates":[-119.33241,39.49711]},"properties":{"Fire_Name":"SPEEDWAY","Acres":0.5,"Cause":"Natural","Year":1998}},{"type":"Feature","geometry":{"type":"Point","coordinates":[-119.72491,40.06491]},"properties":{"Fire_Name":"WITTE","Acres":0.1,"Cause":"Natural","Year":1998}},{"type":"Feature","geometry":{"type":"Point","coordinates":[-119.68431,39.06241]},"properties":{"Fire_Name":"LOST","Acres":0.1,"Cause":"Natural","Year":1998}},{"type":"Feature","geometry":{"type":"Point","coordinates":[-119.77851,38.80181]},"properties":{"Fire_Name":"BIA9","Acres":0.1,"Cause":"Natural","Year":1998}},{"type":"Feature","geometry":{"type":"Point","coordinates":[-119.79711,39.58441]},"properties":{"Fire_Name":"FIRST ST","Acres":2,"Cause":"Human","Year":1998}},{"type":"Feature","geometry":{"type":"Point","coordinates":[-119.70491,38.91771]},"properties":{"Fire_Name":"BIA 1","Acres":2.5,"Cause":"Human","Year":1999}},{"type":"Feature","geometry":{"type":"Point","coordinates":[-119.27431,39.67301]},"properties":{"Fire_Name":"BIA 2","Acres":4,"Cause":"Human","Year":1999}},{"type":"Feature","geometry":{"type":"Point","coordinates":[-119.66801,39.16381]},"properties":{"Fire_Name":"RIVER BEND","Acres":0.1,"Cause":"Human","Year":1999}},{"type":"Feature","geometry":{"type":"Point","coordinates":[-119.24401,39.10581]},"properties":{"Fire_Name":"RIFLERANGE","Acres":0.1,"Cause":"Human","Year":1999}},{"type":"Feature","geometry":{"type":"Point","coordinates":[-119.33071,39.68741]},"properties":{"Fire_Name":"BIA 3","Acres":0.3,"Cause":"Human","Year":1999}},{"type":"Feature","geometry":{"type":"Point","coordinates":[-119.27431,39.64411]},"properties":{"Fire_Name":"BIA 5","Acres":50,"Cause":"Human","Year":1999}},{"type":"Feature","geometry":{"type":"Point","coordinates":[-119.27431,39.67301]},"properties":{"Fire_Name":"BIA 4","Acres":50,"Cause":"Human","Year":1999}},{"type":"Feature","geometry":{"type":"Point","coordinates":[-119.31181,39.64411]},"properties":{"Fire_Name":"BIA 6","Acres":1,"Cause":"Human","Year":1999}},{"type":"Feature","geometry":{"type":"Point","coordinates":[-119.29521,39.61321]},"properties":{"Fire_Name":"BIA 7","Acres":0.8,"Cause":"Human","Year":1999}},{"type":"Feature","geometry":{"type":"Point","coordinates":[-119.34931,39.83271]},"properties":{"Fire_Name":"BIA 8","Acres":0.1,"Cause":"Natural","Year":1999}},{"type":"Feature","geometry":{"type":"Point","coordinates":[-119.66851,39.74271]},"properties":{"Fire_Name":"AX","Acres":0.1,"Cause":"Natural","Year":1999}},{"type":"Feature","geometry":{"type":"Point","coordinates":[-119.63441,39.70161]},"properties":{"Fire_Name":"ENCARTA","Acres":0.1,"Cause":"Natural","Year":1999}},{"type":"Feature","geometry":{"type":"Point","coordinates":[-119.65188,38.87123]},"properties":{"Fire_Name":"CEDAR","Acres":0.5,"Cause":"Natural","Year":1999}},{"type":"Feature","geometry":{"type":"Point","coordinates":[-119.66668,39.79676]},"properties":{"Fire_Name":"CORRAL","Acres":0.1,"Cause":"Human","Year":1999}},{"type":"Feature","geometry":{"type":"Point","coordinates":[-119.55741,39.06241]},"properties":{"Fire_Name":"SUNRISE","Acres":0.1,"Cause":"Human","Year":1999}},{"type":"Feature","geometry":{"type":"Point","coordinates":[-119.77851,39.56961]},"properties":{"Fire_Name":"DANDINI","Acres":5,"Cause":"Human","Year":1999}},{"type":"Feature","geometry":{"type":"Point","coordinates":[-119.77271,39.77461]},"properties":{"Fire_Name":"WINNEMUCCA","Acres":1,"Cause":"Human","Year":1999}},{"type":"Feature","geometry":{"type":"Point","coordinates":[-119.68741,39.74571]},"properties":{"Fire_Name":"AXHANDLE","Acres":75,"Cause":"Human","Year":1999}},{"type":"Feature","geometry":{"type":"Point","coordinates":[-119.58935,39.74309]},"properties":{"Fire_Name":"WILCOX","Acres":1,"Cause":"Human","Year":1999}},{"type":"Feature","geometry":{"type":"Point","coordinates":[-119.68851,39.76491]},"properties":{"Fire_Name":"DATSUN","Acres":0.3,"Cause":"Human","Year":1999}},{"type":"Feature","geometry":{"type":"Point","coordinates":[-119.73491,39.61241]},"properties":{"Fire_Name":"GRANITEPIT","Acres":110,"Cause":"Human","Year":1999}},{"type":"Feature","geometry":{"type":"Point","coordinates":[-119.28101,39.63321]},"properties":{"Fire_Name":"BIA 9","Acres":1.5,"Cause":"Human","Year":1999}},{"type":"Feature","geometry":{"type":"Point","coordinates":[-119.60801,39.95051]},"properties":{"Fire_Name":"BIA 10","Acres":0.3,"Cause":"Human","Year":1999}},{"type":"Feature","geometry":{"type":"Point","coordinates":[-119.83441,39.62771]},"properties":{"Fire_Name":"RESERVOIR","Acres":5742,"Cause":"Human","Year":1999}},{"type":"Feature","geometry":{"type":"Point","coordinates":[-119.86771,40.11741]},"properties":{"Fire_Name":"FISH","Acres":0.1,"Cause":"Human","Year":1999}},{"type":"Feature","geometry":{"type":"Point","coordinates":[-119.77851,39.56961]},"properties":{"Fire_Name":"PAH RAH","Acres":10600,"Cause":"Human","Year":1999}},{"type":"Feature","geometry":{"type":"Point","coordinates":[-119.29321,39.64411]},"properties":{"Fire_Name":"BIA 12","Acres":10,"Cause":"Human","Year":1999}},{"type":"Feature","geometry":{"type":"Point","coordinates":[-119.70491,39.13461]},"properties":{"Fire_Name":"NAT OUT 1","Acres":0.3,"Cause":"Undetermined","Year":1999}},{"type":"Feature","geometry":{"type":"Point","coordinates":[-119.51851,39.89071]},"properties":{"Fire_Name":"BIA 13","Acres":0.1,"Cause":"Human","Year":1999}},{"type":"Feature","geometry":{"type":"Point","coordinates":[-119.66771,39.81661]},"properties":{"Fire_Name":"WHISKEY","Acres":0.3,"Cause":"Human","Year":1999}},{"type":"Feature","geometry":{"type":"Point","coordinates":[-119.58551,39.93321]},"properties":{"Fire_Name":"BIA 14","Acres":4,"Cause":"Human","Year":1999}},{"type":"Feature","geometry":{"type":"Point","coordinates":[-119.70491,39.13461]},"properties":{"Fire_Name":"NAT OUT 2","Acres":0.3,"Cause":"Undetermined","Year":1999}},{"type":"Feature","geometry":{"type":"Point","coordinates":[-119.68101,39.86821]},"properties":{"Fire_Name":"GUN RANGE","Acres":40,"Cause":"Human","Year":1999}},{"type":"Feature","geometry":{"type":"Point","coordinates":[-119.51851,39.87411]},"properties":{"Fire_Name":"BIA 24","Acres":0.1,"Cause":"Human","Year":1999}},{"type":"Feature","geometry":{"type":"Point","coordinates":[-119.57211,39.16551]},"properties":{"Fire_Name":"BULL RUN","Acres":0.1,"Cause":"Natural","Year":1999}},{"type":"Feature","geometry":{"type":"Point","coordinates":[-119.43411,38.98881]},"properties":{"Fire_Name":"ARTESIA 2","Acres":0.1,"Cause":"Natural","Year":1999}},{"type":"Feature","geometry":{"type":"Point","coordinates":[-119.43411,38.98881]},"properties":{"Fire_Name":"ARTESIA 1","Acres":0.1,"Cause":"Natural","Year":1999}},{"type":"Feature","geometry":{"type":"Point","coordinates":[-119.83741,39.71661]},"properties":{"Fire_Name":"FIR","Acres":0.1,"Cause":"Natural","Year":1999}},{"type":"Feature","geometry":{"type":"Point","coordinates":[-119.65381,39.93321]},"properties":{"Fire_Name":"BIA 16","Acres":1,"Cause":"Natural","Year":1999}},{"type":"Feature","geometry":{"type":"Point","coordinates":[-119.48381,38.87411]},"properties":{"Fire_Name":"OREANA","Acres":0.1,"Cause":"Natural","Year":1999}},{"type":"Feature","geometry":{"type":"Point","coordinates":[-119.67101,39.13821]},"properties":{"Fire_Name":"SANDCANYON","Acres":0.1,"Cause":"Human","Year":1999}},{"type":"Feature","geometry":{"type":"Point","coordinates":[-119.72321,39.17821]},"properties":{"Fire_Name":"FLINT","Acres":3,"Cause":"Human","Year":1999}},{"type":"Feature","geometry":{"type":"Point","coordinates":[-119.77851,39.07691]},"properties":{"Fire_Name":"BIA 17","Acres":0.1,"Cause":"Human","Year":1999}},{"type":"Feature","geometry":{"type":"Point","coordinates":[-119.68571,39.55021]},"properties":{"Fire_Name":"ANDREA","Acres":2,"Cause":"Natural","Year":1999}},{"type":"Feature","geometry":{"type":"Point","coordinates":[-119.50101,39.63321]},"properties":{"Fire_Name":"WILCOX 2","Acres":7000,"Cause":"Natural","Year":1999}},{"type":"Feature","geometry":{"type":"Point","coordinates":[-119.59351,39.68741]},"properties":{"Fire_Name":"SPANISH","Acres":0.1,"Cause":"Natural","Year":1999}},{"type":"Feature","geometry":{"type":"Point","coordinates":[-119.61271,38.91771]},"properties":{"Fire_Name":"OUT R WAY","Acres":0.1,"Cause":"Natural","Year":1999}},{"type":"Feature","geometry":{"type":"Point","coordinates":[-119.66801,38.94661]},"properties":{"Fire_Name":"WINDMILL","Acres":0.1,"Cause":"Natural","Year":1999}},{"type":"Feature","geometry":{"type":"Point","coordinates":[-119.65381,39.93301]},"properties":{"Fire_Name":"HIGHLANDS","Acres":150,"Cause":"Human","Year":1999}},{"type":"Feature","geometry":{"type":"Point","coordinates":[-120.06521,39.87711]},"properties":{"Fire_Name":"LONG 2","Acres":0.1,"Cause":"Natural","Year":1999}},{"type":"Feature","geometry":{"type":"Point","coordinates":[-119.97771,40.09161]},"properties":{"Fire_Name":"FLOWING","Acres":25,"Cause":"Human","Year":1999}},{"type":"Feature","geometry":{"type":"Point","coordinates":[-119.50211,38.87411]},"properties":{"Fire_Name":"MILL","Acres":0.1,"Cause":"Natural","Year":1999}},{"type":"Feature","geometry":{"type":"Point","coordinates":[-119.64961,39.19271]},"properties":{"Fire_Name":"HACKETT","Acres":0.1,"Cause":"Natural","Year":1999}},{"type":"Feature","geometry":{"type":"Point","coordinates":[-119.61351,39.26661]},"properties":{"Fire_Name":"SILVER","Acres":1,"Cause":"Natural","Year":1999}},{"type":"Feature","geometry":{"type":"Point","coordinates":[-119.72301,39.36661]},"properties":{"Fire_Name":"TOLL","Acres":10,"Cause":"Human","Year":1999}},{"type":"Feature","geometry":{"type":"Point","coordinates":[-119.64851,39.30881]},"properties":{"Fire_Name":"SIX MILE","Acres":5,"Cause":"Human","Year":1999}},{"type":"Feature","geometry":{"type":"Point","coordinates":[-119.52041,38.80191]},"properties":{"Fire_Name":"SMITH","Acres":23,"Cause":"Human","Year":1999}},{"type":"Feature","geometry":{"type":"Point","coordinates":[-119.59431,38.85961]},"properties":{"Fire_Name":"BUFFALO","Acres":0.3,"Cause":"Natural","Year":1999}},{"type":"Feature","geometry":{"type":"Point","coordinates":[-119.64961,38.85961]},"properties":{"Fire_Name":"BIA 18","Acres":0.3,"Cause":"Human","Year":1999}},{"type":"Feature","geometry":{"type":"Point","coordinates":[-119.31771,39.64551]},"properties":{"Fire_Name":"BIA 19","Acres":0.3,"Cause":"Human","Year":1999}},{"type":"Feature","geometry":{"type":"Point","coordinates":[-119.62931,38.87101]},"properties":{"Fire_Name":"BIA 20","Acres":1,"Cause":"Natural","Year":1999}},{"type":"Feature","geometry":{"type":"Point","coordinates":[-119.72301,39.20711]},"properties":{"Fire_Name":"EAGLE VLY","Acres":0.1,"Cause":"Natural","Year":1999}},{"type":"Feature","geometry":{"type":"Point","coordinates":[-119.58271,38.89271]},"properties":{"Fire_Name":"PINENUT","Acres":0.2,"Cause":"Natural","Year":1999}},{"type":"Feature","geometry":{"type":"Point","coordinates":[-119.59431,38.93211]},"properties":{"Fire_Name":"MONARCH","Acres":0.2,"Cause":"Natural","Year":1999}},{"type":"Feature","geometry":{"type":"Point","coordinates":[-119.31271,39.64551]},"properties":{"Fire_Name":"BIA 21","Acres":0.3,"Cause":"Human","Year":1999}},{"type":"Feature","geometry":{"type":"Point","coordinates":[-119.59431,39.04801]},"properties":{"Fire_Name":"PIPE","Acres":0.1,"Cause":"Natural","Year":1999}},{"type":"Feature","geometry":{"type":"Point","coordinates":[-119.86271,40.10431]},"properties":{"Fire_Name":"SPRINGS","Acres":400,"Cause":"Natural","Year":1999}},{"type":"Feature","geometry":{"type":"Point","coordinates":[-119.87491,40.00801]},"properties":{"Fire_Name":"FISH 2","Acres":47133,"Cause":"Natural","Year":1999}},{"type":"Feature","geometry":{"type":"Point","coordinates":[-119.98771,40.10801]},"properties":{"Fire_Name":"FISH 3","Acres":100,"Cause":"Natural","Year":1999}},{"type":"Feature","geometry":{"type":"Point","coordinates":[-119.43211,39.78491]},"properties":{"Fire_Name":"BIA 23","Acres":1,"Cause":"Natural","Year":1999}},{"type":"Feature","geometry":{"type":"Point","coordinates":[-119.64961,38.85961]},"properties":{"Fire_Name":"BIA 22","Acres":0.1,"Cause":"Human","Year":1999}},{"type":"Feature","geometry":{"type":"Point","coordinates":[-120.08381,39.83411]},"properties":{"Fire_Name":"SCOTTS","Acres":1,"Cause":"Natural","Year":1999}},{"type":"Feature","geometry":{"type":"Point","coordinates":[-119.76691,39.56521]},"properties":{"Fire_Name":"HIGH ROCK","Acres":10,"Cause":"Human","Year":1999}},{"type":"Feature","geometry":{"type":"Point","coordinates":[-119.87521,39.76021]},"properties":{"Fire_Name":"RED ROCK","Acres":7015,"Cause":"Human","Year":1999}},{"type":"Feature","geometry":{"type":"Point","coordinates":[-119.75991,39.20711]},"properties":{"Fire_Name":"SUTRO","Acres":1000,"Cause":"Human","Year":1999}},{"type":"Feature","geometry":{"type":"Point","coordinates":[-119.57411,39.55521]},"properties":{"Fire_Name":"PATRICK","Acres":50,"Cause":"Human","Year":1999}},{"type":"Feature","geometry":{"type":"Point","coordinates":[-119.66801,39.19271]},"properties":{"Fire_Name":"RAILROAD","Acres":10,"Cause":"Human","Year":1999}},{"type":"Feature","geometry":{"type":"Point","coordinates":[-119.70431,39.36661]},"properties":{"Fire_Name":"TOLL ROAD","Acres":1.5,"Cause":"Human","Year":1999}},{"type":"Feature","geometry":{"type":"Point","coordinates":[-119.70491,39.13461]},"properties":{"Fire_Name":"MEXICAN","Acres":0.1,"Cause":"Human","Year":1999}},{"type":"Feature","geometry":{"type":"Point","coordinates":[-120.04601,39.94571]},"properties":{"Fire_Name":"CONSTANTIA","Acres":0.5,"Cause":"Natural","Year":1999}},{"type":"Feature","geometry":{"type":"Point","coordinates":[-119.60321,39.01821]},"properties":{"Fire_Name":"BUCKEYE","Acres":0.1,"Cause":"Natural","Year":1999}},{"type":"Feature","geometry":{"type":"Point","coordinates":[-119.49961,39.68741]},"properties":{"Fire_Name":"QUAKENING","Acres":0.3,"Cause":"Natural","Year":1999}},{"type":"Feature","geometry":{"type":"Point","coordinates":[-119.52271,39.71491]},"properties":{"Fire_Name":"QUAKING 2","Acres":0.1,"Cause":"Natural","Year":1999}},{"type":"Feature","geometry":{"type":"Point","coordinates":[-119.61211,39.86191]},"properties":{"Fire_Name":"DOMINION","Acres":1,"Cause":"Human","Year":1999}},{"type":"Feature","geometry":{"type":"Point","coordinates":[-119.66801,38.88851]},"properties":{"Fire_Name":"MUSTANG","Acres":0.1,"Cause":"Human","Year":1999}},{"type":"Feature","geometry":{"type":"Point","coordinates":[-119.66801,39.17821]},"properties":{"Fire_Name":"MIRA MACK","Acres":0.8,"Cause":"Human","Year":1999}},{"type":"Feature","geometry":{"type":"Point","coordinates":[-119.68271,39.56491]},"properties":{"Fire_Name":"PARK","Acres":5,"Cause":"Human","Year":1999}},{"type":"Feature","geometry":{"type":"Point","coordinates":[-119.71321,39.20021]},"properties":{"Fire_Name":"CENTENNIAL","Acres":10,"Cause":"Human","Year":1999}},{"type":"Feature","geometry":{"type":"Point","coordinates":[-119.67321,39.14301]},"properties":{"Fire_Name":"SAND CYN","Acres":0.1,"Cause":"Human","Year":1999}},{"type":"Feature","geometry":{"type":"Point","coordinates":[-119.68741,39.78911]},"properties":{"Fire_Name":"TMFD 11","Acres":5,"Cause":"Human","Year":1999}},{"type":"Feature","geometry":{"type":"Point","coordinates":[-119.35411,39.83241]},"properties":{"Fire_Name":"BIA 24","Acres":0.3,"Cause":"Human","Year":1999}},{"type":"Feature","geometry":{"type":"Point","coordinates":[-119.68131,39.18101]},"properties":{"Fire_Name":"RIFLERANGE","Acres":3,"Cause":"Human","Year":1999}},{"type":"Feature","geometry":{"type":"Point","coordinates":[-120.08381,39.76211]},"properties":{"Fire_Name":"FIVE MILE","Acres":0.5,"Cause":"Human","Year":1999}},{"type":"Feature","geometry":{"type":"Point","coordinates":[-119.66711,39.29411]},"properties":{"Fire_Name":"AMERFLAT","Acres":0.1,"Cause":"Human","Year":1999}},{"type":"Feature","geometry":{"type":"Point","coordinates":[-119.21791,39.90521]},"properties":{"Fire_Name":"LITTLEVALL","Acres":5172,"Cause":"Natural","Year":1996}},{"type":"Feature","geometry":{"type":"Point","coordinates":[-119.16181,39.80381]},"properties":{"Fire_Name":"TOLBERT","Acres":4017,"Cause":"Natural","Year":1997}},{"type":"Feature","geometry":{"type":"Point","coordinates":[-119.19931,39.93441]},"properties":{"Fire_Name":"WARRIOR","Acres":3353,"Cause":"Natural","Year":1997}},{"type":"Feature","geometry":{"type":"Point","coordinates":[-119.27431,39.90521]},"properties":{"Fire_Name":"PIUTE","Acres":1648,"Cause":"Human","Year":1999}},{"type":"Feature","geometry":{"type":"Point","coordinates":[-119.37001,39.50001]},"properties":{"Fire_Name":"BLM 04","Acres":0.1,"Cause":"Natural","Year":1999}},{"type":"Feature","geometry":{"type":"Point","coordinates":[-120.01501,39.44001]},"properties":{"Fire_Name":"STICK                    ","Acres":0.1,"Cause":"Human","Year":1992}},{"type":"Feature","geometry":{"type":"Point","coordinates":[-120.01501,39.49806]},"properties":{"Fire_Name":"JACK                     ","Acres":1,"Cause":"Human","Year":1992}},{"type":"Feature","geometry":{"type":"Point","coordinates":[-120.11307,39.33806]},"properties":{"Fire_Name":"CANTABERRY               ","Acres":0.1,"Cause":"Human","Year":1993}},{"type":"Feature","geometry":{"type":"Point","coordinates":[-120.07612,39.35306]},"properties":{"Fire_Name":"WILSHIRE                 ","Acres":0.1,"Cause":"Human","Year":1993}},{"type":"Feature","geometry":{"type":"Point","coordinates":[-120.01612,39.39612]},"properties":{"Fire_Name":"\"I-80, FLORISTON\"        ","Acres":5,"Cause":"Human","Year":1994}},{"type":"Feature","geometry":{"type":"Point","coordinates":[-120.0939,39.35306]},"properties":{"Fire_Name":"DORCHESTER               ","Acres":0.1,"Cause":"Human","Year":1999}},{"type":"Feature","geometry":{"type":"Point","coordinates":[-120.05696,39.35306]},"properties":{"Fire_Name":"LIGHTNING                ","Acres":0.1,"Cause":"Natural","Year":1992}},{"type":"Feature","geometry":{"type":"Point","coordinates":[-120.05696,39.36695]},"properties":{"Fire_Name":"LIGHTNING                ","Acres":0.1,"Cause":"Natural","Year":1996}},{"type":"Feature","geometry":{"type":"Point","coordinates":[-120.01612,39.30889]},"properties":{"Fire_Name":"LIGHTNING                ","Acres":0.1,"Cause":"Natural","Year":1996}},{"type":"Feature","geometry":{"type":"Point","coordinates":[-120.05696,39.36695]},"properties":{"Fire_Name":"LIGHTNING                ","Acres":0.1,"Cause":"Natural","Year":1996}},{"type":"Feature","geometry":{"type":"Point","coordinates":[-120.03807,39.33806]},"properties":{"Fire_Name":"SOMERSET                 ","Acres":0.1,"Cause":"Human","Year":1993}},{"type":"Feature","geometry":{"type":"Point","coordinates":[-120.05696,39.35306]},"properties":{"Fire_Name":"PROSSER                  ","Acres":0.1,"Cause":"Human","Year":1993}},{"type":"Feature","geometry":{"type":"Point","coordinates":[-120.11307,39.36695]},"properties":{"Fire_Name":"SCALES                   ","Acres":0.1,"Cause":"Human","Year":1994}},{"type":"Feature","geometry":{"type":"Point","coordinates":[-120.01612,39.42501]},"properties":{"Fire_Name":"FARAD                    ","Acres":0.5,"Cause":"Human","Year":1994}},{"type":"Feature","geometry":{"type":"Point","coordinates":[-120.01612,39.35195]},"properties":{"Fire_Name":"GRAY                     ","Acres":3,"Cause":"Human","Year":1999}},{"type":"Feature","geometry":{"type":"Point","coordinates":[-120.07501,39.38195]},"properties":{"Fire_Name":"80                       ","Acres":2,"Cause":"Human","Year":1998}},{"type":"Feature","geometry":{"type":"Point","coordinates":[-120.11307,39.33806]},"properties":{"Fire_Name":"LIGHTNING                ","Acres":0.1,"Cause":"Human","Year":1992}},{"type":"Feature","geometry":{"type":"Point","coordinates":[-120.11307,39.35195]},"properties":{"Fire_Name":"COURTENAY                ","Acres":0.1,"Cause":"Human","Year":1992}},{"type":"Feature","geometry":{"type":"Point","coordinates":[-120.03807,39.29389]},"properties":{"Fire_Name":"MARTIS                   ","Acres":0.1,"Cause":"Human","Year":1994}},{"type":"Feature","geometry":{"type":"Point","coordinates":[-120.05696,39.25001]},"properties":{"Fire_Name":"COACHLAND                ","Acres":0.1,"Cause":"Human","Year":1994}},{"type":"Feature","geometry":{"type":"Point","coordinates":[-120.07501,39.38195]},"properties":{"Fire_Name":"ICELAND                  ","Acres":0.1,"Cause":"Human","Year":1996}},{"type":"Feature","geometry":{"type":"Point","coordinates":[-120.0939,39.35306]},"properties":{"Fire_Name":"GLENSHIRE                ","Acres":2,"Cause":"Human","Year":1999}},{"type":"Feature","geometry":{"type":"Point","coordinates":[-120.11307,39.35195]},"properties":{"Fire_Name":"COURTENAY                ","Acres":0.1,"Cause":"Human","Year":1995}},{"type":"Feature","geometry":{"type":"Point","coordinates":[-120.0939,39.35306]},"properties":{"Fire_Name":"CHANCELLOR               ","Acres":0.1,"Cause":"Human","Year":1994}},{"type":"Feature","geometry":{"type":"Point","coordinates":[-120.09501,39.28001]},"properties":{"Fire_Name":"PURDY                    ","Acres":0.1,"Cause":"Human","Year":1995}},{"type":"Feature","geometry":{"type":"Point","coordinates":[-120.03807,39.42612]},"properties":{"Fire_Name":"FARAD                    ","Acres":0.1,"Cause":"Human","Year":1996}},{"type":"Feature","geometry":{"type":"Point","coordinates":[-120.11307,39.35195]},"properties":{"Fire_Name":"SCHLESKE                 ","Acres":0.1,"Cause":"Human","Year":1996}},{"type":"Feature","geometry":{"type":"Point","coordinates":[-120.0939,39.32306]},"properties":{"Fire_Name":"DRY LAKE                 ","Acres":0.1,"Cause":"Human","Year":1998}},{"type":"Feature","geometry":{"type":"Point","coordinates":[-120.11307,39.32306]},"properties":{"Fire_Name":"FISH                     ","Acres":0.1,"Cause":"Human","Year":1995}},{"type":"Feature","geometry":{"type":"Point","coordinates":[-120.03807,39.42612]},"properties":{"Fire_Name":"FARAD                    ","Acres":12,"Cause":"Human","Year":1992}},{"type":"Feature","geometry":{"type":"Point","coordinates":[-120.01612,39.39612]},"properties":{"Fire_Name":"SIERRA PACIFIC           ","Acres":0.1,"Cause":"Human","Year":1997}},{"type":"Feature","geometry":{"type":"Point","coordinates":[-119.71668,39.43334]},"properties":{"Fire_Name":"MIRA LOMA","Acres":2297,"Cause":"Undetermined","Year":1999}},{"type":"Feature","geometry":{"type":"Point","coordinates":[-119.66668,39.48334]},"properties":{"Fire_Name":"LOCKWOOD","Acres":15584,"Cause":"Undetermined","Year":1999}},{"type":"Feature","geometry":{"type":"Point","coordinates":[-120.0689,39.95139]},"properties":{"Fire_Name":"ROWLAND","Acres":114,"Cause":"Natural","Year":2003}},{"type":"Feature","geometry":{"type":"Point","coordinates":[-120.07601,39.96491]},"properties":{"Fire_Name":"CCD SINK","Acres":0.4,"Cause":"Natural","Year":2002}},{"type":"Feature","geometry":{"type":"Point","coordinates":[-119.8864,38.83973]},"properties":{"Fire_Name":"WILLOW","Acres":0.5,"Cause":"Natural","Year":2005}},{"type":"Feature","geometry":{"type":"Point","coordinates":[-119.84501,39.11667]},"properties":{"Fire_Name":"CLEAR CREEK","Acres":1,"Cause":"Human","Year":2005}},{"type":"Feature","geometry":{"type":"Point","coordinates":[-119.87418,39.08556]},"properties":{"Fire_Name":"CLEAR CREEK 5","Acres":0.5,"Cause":"Natural","Year":2005}},{"type":"Feature","geometry":{"type":"Point","coordinates":[-119.8514,39.47973]},"properties":{"Fire_Name":"PINEBRUSH","Acres":1,"Cause":"Human","Year":2005}},{"type":"Feature","geometry":{"type":"Point","coordinates":[-119.88751,39.11584]},"properties":{"Fire_Name":"SPOONER","Acres":0.1,"Cause":"Human","Year":2005}},{"type":"Feature","geometry":{"type":"Point","coordinates":[-119.84974,39.22028]},"properties":{"Fire_Name":"BIG CANYON","Acres":0.25,"Cause":"Human","Year":2005}},{"type":"Feature","geometry":{"type":"Point","coordinates":[-119.85974,39.11056]},"properties":{"Fire_Name":"CLEAR CREEK 2","Acres":0.5,"Cause":"Human","Year":2005}},{"type":"Feature","geometry":{"type":"Point","coordinates":[-119.99724,39.61473]},"properties":{"Fire_Name":"192","Acres":0.5,"Cause":"Human","Year":2005}},{"type":"Feature","geometry":{"type":"Point","coordinates":[-119.8464,38.98917]},"properties":{"Fire_Name":"GENOA","Acres":8,"Cause":"Natural","Year":2005}},{"type":"Feature","geometry":{"type":"Point","coordinates":[-119.81112,39.06667]},"properties":{"Fire_Name":"HOBO","Acres":0.1,"Cause":"Natural","Year":2005}},{"type":"Feature","geometry":{"type":"Point","coordinates":[-119.86251,39.01973]},"properties":{"Fire_Name":"SCHOOLHOUSE","Acres":0.1,"Cause":"Natural","Year":2005}},{"type":"Feature","geometry":{"type":"Point","coordinates":[-119.85974,38.79084]},"properties":{"Fire_Name":"HORSETHIEF","Acres":0.1,"Cause":"Natural","Year":2005}},{"type":"Feature","geometry":{"type":"Point","coordinates":[-119.8289,39.10306]},"properties":{"Fire_Name":"SANDY POINT","Acres":0.2,"Cause":"Natural","Year":2005}},{"type":"Feature","geometry":{"type":"Point","coordinates":[-119.86946,39.04584]},"properties":{"Fire_Name":"GLIDER","Acres":0.1,"Cause":"Natural","Year":2005}},{"type":"Feature","geometry":{"type":"Point","coordinates":[-119.87168,39.00001]},"properties":{"Fire_Name":"KIMBERLY","Acres":0.3,"Cause":"Human","Year":2005}},{"type":"Feature","geometry":{"type":"Point","coordinates":[-119.85612,39.33862]},"properties":{"Fire_Name":"REINDEER","Acres":0.1,"Cause":"Human","Year":2005}},{"type":"Feature","geometry":{"type":"Point","coordinates":[-120.00751,39.45056]},"properties":{"Fire_Name":"I-80","Acres":0.1,"Cause":"Human","Year":2005}},{"type":"Feature","geometry":{"type":"Point","coordinates":[-120.08279,39.41862]},"properties":{"Fire_Name":"HILL","Acres":0.1,"Cause":"Human","Year":2005}},{"type":"Feature","geometry":{"type":"Point","coordinates":[-120.11168,39.40806]},"properties":{"Fire_Name":"RAMP","Acres":0.25,"Cause":"Human","Year":2005}},{"type":"Feature","geometry":{"type":"Point","coordinates":[-120.04751,39.45556]},"properties":{"Fire_Name":"MILL FIRE","Acres":0.1,"Cause":"Human","Year":2005}},{"type":"Feature","geometry":{"type":"Point","coordinates":[-120.08974,39.33001]},"properties":{"Fire_Name":"INDEPENDENCE","Acres":0.1,"Cause":"Human","Year":2005}},{"type":"Feature","geometry":{"type":"Point","coordinates":[-119.84835,39.57695]},"properties":{"Fire_Name":"HOGE","Acres":4.1,"Cause":"Human","Year":2005}},{"type":"Feature","geometry":{"type":"Point","coordinates":[-119.85974,39.59167]},"properties":{"Fire_Name":"KIOWA","Acres":0.5,"Cause":"Human","Year":2005}},{"type":"Feature","geometry":{"type":"Point","coordinates":[-120.22751,40.04195]},"properties":{"Fire_Name":"MEADOW","Acres":0.1,"Cause":"Natural","Year":2005}},{"type":"Feature","geometry":{"type":"Point","coordinates":[-120.1189,39.43556]},"properties":{"Fire_Name":"GREEN","Acres":2,"Cause":"Human","Year":2005}},{"type":"Feature","geometry":{"type":"Point","coordinates":[-120.13307,39.70528]},"properties":{"Fire_Name":"BOCA","Acres":0.1,"Cause":"Natural","Year":2005}},{"type":"Feature","geometry":{"type":"Point","coordinates":[-120.00446,39.52917]},"properties":{"Fire_Name":"BEAVER CREEK","Acres":0.1,"Cause":"Human","Year":2005}},{"type":"Feature","geometry":{"type":"Point","coordinates":[-120.15307,39.57389]},"properties":{"Fire_Name":"ROCK","Acres":0.1,"Cause":"Human","Year":2005}},{"type":"Feature","geometry":{"type":"Point","coordinates":[-120.02668,38.81167]},"properties":{"Fire_Name":"WEST","Acres":0.1,"Cause":"Human","Year":2005}},{"type":"Feature","geometry":{"type":"Point","coordinates":[-119.93168,39.15112]},"properties":{"Fire_Name":"MARLETTE","Acres":0.1,"Cause":"Natural","Year":2005}},{"type":"Feature","geometry":{"type":"Point","coordinates":[-119.6739,38.79556]},"properties":{"Fire_Name":"CARSON RIVER","Acres":0.2,"Cause":"Natural","Year":2000}},{"type":"Feature","geometry":{"type":"Point","coordinates":[-119.80168,38.78362]},"properties":{"Fire_Name":"ALPINE","Acres":0.2,"Cause":"Human","Year":2000}},{"type":"Feature","geometry":{"type":"Point","coordinates":[-119.80474,38.83334]},"properties":{"Fire_Name":"FRED","Acres":20,"Cause":"Natural","Year":2000}},{"type":"Feature","geometry":{"type":"Point","coordinates":[-119.82001,38.80167]},"properties":{"Fire_Name":"STUARD","Acres":0.1,"Cause":"Natural","Year":2000}},{"type":"Feature","geometry":{"type":"Point","coordinates":[-119.83612,38.78612]},"properties":{"Fire_Name":"NIGHT","Acres":0.2,"Cause":"Natural","Year":2000}},{"type":"Feature","geometry":{"type":"Point","coordinates":[-119.84224,38.79667]},"properties":{"Fire_Name":"VOIGHT 1","Acres":0.1,"Cause":"Natural","Year":2000}},{"type":"Feature","geometry":{"type":"Point","coordinates":[-119.88001,38.81334]},"properties":{"Fire_Name":"HORSE","Acres":0.1,"Cause":"Natural","Year":2000}},{"type":"Feature","geometry":{"type":"Point","coordinates":[-119.88668,38.79167]},"properties":{"Fire_Name":"HOLE N WALL","Acres":0.1,"Cause":"Natural","Year":2000}},{"type":"Feature","geometry":{"type":"Point","coordinates":[-119.89446,38.79167]},"properties":{"Fire_Name":"THIEF","Acres":0.1,"Cause":"Natural","Year":2000}},{"type":"Feature","geometry":{"type":"Point","coordinates":[-119.72335,38.79001]},"properties":{"Fire_Name":"DUTCH","Acres":0.1,"Cause":"Natural","Year":2000}},{"type":"Feature","geometry":{"type":"Point","coordinates":[-119.68057,38.85889]},"properties":{"Fire_Name":"JAKES HILL","Acres":102,"Cause":"Human","Year":2000}},{"type":"Feature","geometry":{"type":"Point","coordinates":[-119.86668,39.56667]},"properties":{"Fire_Name":"RALEIGH HEIGHTS","Acres":1,"Cause":"Human","Year":2000}},{"type":"Feature","geometry":{"type":"Point","coordinates":[-119.98501,39.44473]},"properties":{"Fire_Name":"COOL GUY","Acres":0.2,"Cause":"Natural","Year":2000}},{"type":"Feature","geometry":{"type":"Point","coordinates":[-119.98585,39.44612]},"properties":{"Fire_Name":"FIRE #5","Acres":0.2,"Cause":"Natural","Year":2000}},{"type":"Feature","geometry":{"type":"Point","coordinates":[-119.8689,39.46084]},"properties":{"Fire_Name":"HUNTER","Acres":0.3,"Cause":"Human","Year":2000}},{"type":"Feature","geometry":{"type":"Point","coordinates":[-119.85224,39.47167]},"properties":{"Fire_Name":"MOSS","Acres":18,"Cause":"Human","Year":2000}},{"type":"Feature","geometry":{"type":"Point","coordinates":[-119.95057,39.46917]},"properties":{"Fire_Name":"REPEATER","Acres":0.2,"Cause":"Natural","Year":2000}},{"type":"Feature","geometry":{"type":"Point","coordinates":[-119.95224,39.41917]},"properties":{"Fire_Name":"SMART GUY","Acres":0.2,"Cause":"Natural","Year":2000}},{"type":"Feature","geometry":{"type":"Point","coordinates":[-119.89946,39.58167]},"properties":{"Fire_Name":"UPPER HORIZON","Acres":5,"Cause":"Natural","Year":2000}},{"type":"Feature","geometry":{"type":"Point","coordinates":[-119.98251,39.44306]},"properties":{"Fire_Name":"WILLY","Acres":0.2,"Cause":"Natural","Year":2000}},{"type":"Feature","geometry":{"type":"Point","coordinates":[-119.86307,39.05139]},"properties":{"Fire_Name":"JACKS VALLEY","Acres":0.1,"Cause":"Natural","Year":2000}},{"type":"Feature","geometry":{"type":"Point","coordinates":[-119.9514,38.86751]},"properties":{"Fire_Name":"ONIEDAS 1","Acres":0.1,"Cause":"Human","Year":2000}},{"type":"Feature","geometry":{"type":"Point","coordinates":[-119.91807,39.08473]},"properties":{"Fire_Name":"VEHICLE","Acres":0.1,"Cause":"Human","Year":2000}},{"type":"Feature","geometry":{"type":"Point","coordinates":[-119.91807,39.15001]},"properties":{"Fire_Name":"WHALE","Acres":0.1,"Cause":"Human","Year":2000}},{"type":"Feature","geometry":{"type":"Point","coordinates":[-119.9514,38.86751]},"properties":{"Fire_Name":"ONIEDAS 5","Acres":0.1,"Cause":"Human","Year":2000}},{"type":"Feature","geometry":{"type":"Point","coordinates":[-119.91807,38.93556]},"properties":{"Fire_Name":"SADDLE","Acres":0.1,"Cause":"Human","Year":2000}},{"type":"Feature","geometry":{"type":"Point","coordinates":[-119.9514,38.86751]},"properties":{"Fire_Name":"ONIEDAS 6","Acres":0.1,"Cause":"Human","Year":2000}},{"type":"Feature","geometry":{"type":"Point","coordinates":[-119.98557,38.86751]},"properties":{"Fire_Name":"SKYLINE","Acres":0.1,"Cause":"Human","Year":2000}},{"type":"Feature","geometry":{"type":"Point","coordinates":[-120.0564,38.78889]},"properties":{"Fire_Name":"NORWAY","Acres":0.1,"Cause":"Human","Year":2000}},{"type":"Feature","geometry":{"type":"Point","coordinates":[-119.9514,38.86751]},"properties":{"Fire_Name":"ONEIDAS#4","Acres":0.1,"Cause":"Human","Year":2000}},{"type":"Feature","geometry":{"type":"Point","coordinates":[-119.91807,38.93556]},"properties":{"Fire_Name":"EAST PEAK","Acres":0.1,"Cause":"Natural","Year":2000}},{"type":"Feature","geometry":{"type":"Point","coordinates":[-119.98557,38.81862]},"properties":{"Fire_Name":"CHRISTMAS","Acres":0.1,"Cause":"Natural","Year":2000}},{"type":"Feature","geometry":{"type":"Point","coordinates":[-119.98557,38.80195]},"properties":{"Fire_Name":"RIM","Acres":0.1,"Cause":"Natural","Year":2000}},{"type":"Feature","geometry":{"type":"Point","coordinates":[-119.91807,38.93556]},"properties":{"Fire_Name":"MOSS","Acres":0.1,"Cause":"Human","Year":2000}},{"type":"Feature","geometry":{"type":"Point","coordinates":[-119.96835,38.88389]},"properties":{"Fire_Name":"TOWER","Acres":0.1,"Cause":"Natural","Year":2000}},{"type":"Feature","geometry":{"type":"Point","coordinates":[-119.98557,38.90028]},"properties":{"Fire_Name":"VALLEY","Acres":0.1,"Cause":"Human","Year":2000}},{"type":"Feature","geometry":{"type":"Point","coordinates":[-119.93446,38.90028]},"properties":{"Fire_Name":"PINE","Acres":0.1,"Cause":"Human","Year":2000}},{"type":"Feature","geometry":{"type":"Point","coordinates":[-120.01918,39.10084]},"properties":{"Fire_Name":"BLACKWOOD","Acres":0.1,"Cause":"Human","Year":2000}},{"type":"Feature","geometry":{"type":"Point","coordinates":[-119.9514,38.86751]},"properties":{"Fire_Name":"SAXON","Acres":0.1,"Cause":"Human","Year":2000}},{"type":"Feature","geometry":{"type":"Point","coordinates":[-119.98557,38.88389]},"properties":{"Fire_Name":"APALACHE","Acres":0.1,"Cause":"Human","Year":2000}},{"type":"Feature","geometry":{"type":"Point","coordinates":[-119.9514,38.86751]},"properties":{"Fire_Name":"ONIEDAS II","Acres":0.1,"Cause":"Human","Year":2000}},{"type":"Feature","geometry":{"type":"Point","coordinates":[-120.00251,38.91667]},"properties":{"Fire_Name":"SAND","Acres":0.1,"Cause":"Natural","Year":2000}},{"type":"Feature","geometry":{"type":"Point","coordinates":[-119.98335,38.90001]},"properties":{"Fire_Name":"HOSPITAL","Acres":0.1,"Cause":"Human","Year":2000}},{"type":"Feature","geometry":{"type":"Point","coordinates":[-119.96835,38.85139]},"properties":{"Fire_Name":"ONEIDAS III","Acres":0.1,"Cause":"Human","Year":2000}},{"type":"Feature","geometry":{"type":"Point","coordinates":[-119.91807,39.00084]},"properties":{"Fire_Name":"HILLFINGER","Acres":0.1,"Cause":"Natural","Year":2000}},{"type":"Feature","geometry":{"type":"Point","coordinates":[-119.96835,38.85139]},"properties":{"Fire_Name":"FREEL","Acres":0.1,"Cause":"Natural","Year":2000}},{"type":"Feature","geometry":{"type":"Point","coordinates":[-120.03418,39.18501]},"properties":{"Fire_Name":"CARNELLIAN","Acres":0.3,"Cause":"Human","Year":2000}},{"type":"Feature","geometry":{"type":"Point","coordinates":[-119.93446,38.91667]},"properties":{"Fire_Name":"SADDLE","Acres":0.1,"Cause":"Human","Year":2000}},{"type":"Feature","geometry":{"type":"Point","coordinates":[-120.00001,39.23389]},"properties":{"Fire_Name":"BEAVER","Acres":0.1,"Cause":"Human","Year":2000}},{"type":"Feature","geometry":{"type":"Point","coordinates":[-119.91807,39.16862]},"properties":{"Fire_Name":"LAKE VIEW","Acres":0.2,"Cause":"Human","Year":2000}},{"type":"Feature","geometry":{"type":"Point","coordinates":[-120.00001,38.81862]},"properties":{"Fire_Name":"DARDANELLES","Acres":0.1,"Cause":"Human","Year":2000}},{"type":"Feature","geometry":{"type":"Point","coordinates":[-119.96835,38.88389]},"properties":{"Fire_Name":"SAXON #2","Acres":0.1,"Cause":"Natural","Year":2000}},{"type":"Feature","geometry":{"type":"Point","coordinates":[-120.11696,39.98334]},"properties":{"Fire_Name":"ROBINSON I","Acres":7.5,"Cause":"Human","Year":2000}},{"type":"Feature","geometry":{"type":"Point","coordinates":[-120.21862,39.97223]},"properties":{"Fire_Name":"TRUCK","Acres":0.1,"Cause":"Human","Year":2000}},{"type":"Feature","geometry":{"type":"Point","coordinates":[-120.06196,39.88556]},"properties":{"Fire_Name":"ADAM","Acres":2,"Cause":"Natural","Year":2000}},{"type":"Feature","geometry":{"type":"Point","coordinates":[-120.10057,39.95223]},"properties":{"Fire_Name":"SECOND","Acres":0.1,"Cause":"Natural","Year":2000}},{"type":"Feature","geometry":{"type":"Point","coordinates":[-120.04307,39.91889]},"properties":{"Fire_Name":"ZAMBONI","Acres":0.1,"Cause":"Natural","Year":2000}},{"type":"Feature","geometry":{"type":"Point","coordinates":[-120.10029,39.96889]},"properties":{"Fire_Name":"CONSTANTIA","Acres":50,"Cause":"Natural","Year":2000}},{"type":"Feature","geometry":{"type":"Point","coordinates":[-120.11696,39.98334]},"properties":{"Fire_Name":"ROBINSON II","Acres":505,"Cause":"Human","Year":2000}},{"type":"Feature","geometry":{"type":"Point","coordinates":[-120.11918,39.53473]},"properties":{"Fire_Name":"LEWIS","Acres":0.1,"Cause":"Human","Year":2000}},{"type":"Feature","geometry":{"type":"Point","coordinates":[-120.06807,39.40195]},"properties":{"Fire_Name":"BOCA SPRING","Acres":0.1,"Cause":"Natural","Year":2000}},{"type":"Feature","geometry":{"type":"Point","coordinates":[-120.10001,39.41667]},"properties":{"Fire_Name":"BOCA","Acres":0.5,"Cause":"Human","Year":2000}},{"type":"Feature","geometry":{"type":"Point","coordinates":[-120.10224,39.48584]},"properties":{"Fire_Name":"DAVIES CREEK","Acres":0.1,"Cause":"Human","Year":2000}},{"type":"Feature","geometry":{"type":"Point","coordinates":[-120.10224,39.48584]},"properties":{"Fire_Name":"STAMPEDE","Acres":0.1,"Cause":"Human","Year":2000}},{"type":"Feature","geometry":{"type":"Point","coordinates":[-120.10224,39.36695]},"properties":{"Fire_Name":"EMIGRANT","Acres":0.1,"Cause":"Natural","Year":2000}},{"type":"Feature","geometry":{"type":"Point","coordinates":[-120.11918,39.36917]},"properties":{"Fire_Name":"RODEO","Acres":0.1,"Cause":"Natural","Year":2000}},{"type":"Feature","geometry":{"type":"Point","coordinates":[-120.18501,39.75195]},"properties":{"Fire_Name":"DYSON","Acres":20,"Cause":"Human","Year":2000}},{"type":"Feature","geometry":{"type":"Point","coordinates":[-120.20196,39.63556]},"properties":{"Fire_Name":"SMITHNECK","Acres":0.1,"Cause":"Human","Year":2000}},{"type":"Feature","geometry":{"type":"Point","coordinates":[-120.18585,39.66834]},"properties":{"Fire_Name":"ELEPHANT","Acres":7,"Cause":"Natural","Year":2000}},{"type":"Feature","geometry":{"type":"Point","coordinates":[-120.2189,39.63556]},"properties":{"Fire_Name":"BROOKS","Acres":8,"Cause":"Human","Year":2000}},{"type":"Feature","geometry":{"type":"Point","coordinates":[-120.08501,39.48584]},"properties":{"Fire_Name":"BAG","Acres":0.1,"Cause":"Human","Year":2000}},{"type":"Feature","geometry":{"type":"Point","coordinates":[-119.96668,39.55334]},"properties":{"Fire_Name":"MITCHELL","Acres":604,"Cause":"Natural","Year":2000}},{"type":"Feature","geometry":{"type":"Point","coordinates":[-119.84724,38.79723]},"properties":{"Fire_Name":"BLACKHAWK","Acres":0.1,"Cause":"Natural","Year":2000}},{"type":"Feature","geometry":{"type":"Point","coordinates":[-120.00001,39.45973]},"properties":{"Fire_Name":"BILL","Acres":0.2,"Cause":"Natural","Year":2000}},{"type":"Feature","geometry":{"type":"Point","coordinates":[-119.86862,38.97889]},"properties":{"Fire_Name":"KINGSBURY","Acres":0.2,"Cause":"Human","Year":2000}},{"type":"Feature","geometry":{"type":"Point","coordinates":[-119.95279,39.53251]},"properties":{"Fire_Name":"LUCKY","Acres":0.1,"Cause":"Natural","Year":2000}},{"type":"Feature","geometry":{"type":"Point","coordinates":[-120.01751,39.50112]},"properties":{"Fire_Name":"HILL LANE","Acres":15,"Cause":"Natural","Year":2000}},{"type":"Feature","geometry":{"type":"Point","coordinates":[-119.98335,39.54584]},"properties":{"Fire_Name":"CRYSTAL","Acres":7,"Cause":"Natural","Year":2000}},{"type":"Feature","geometry":{"type":"Point","coordinates":[-120.08557,39.64167]},"properties":{"Fire_Name":"BALLS","Acres":0.1,"Cause":"Natural","Year":2000}},{"type":"Feature","geometry":{"type":"Point","coordinates":[-120.00835,39.43751]},"properties":{"Fire_Name":"MYSTIC","Acres":0.1,"Cause":"Natural","Year":2000}},{"type":"Feature","geometry":{"type":"Point","coordinates":[-119.88029,39.14917]},"properties":{"Fire_Name":"SNOW PEAK","Acres":0.1,"Cause":"Natural","Year":2000}},{"type":"Feature","geometry":{"type":"Point","coordinates":[-119.89168,39.45834]},"properties":{"Fire_Name":"LOST1","Acres":0.1,"Cause":"Human","Year":2000}},{"type":"Feature","geometry":{"type":"Point","coordinates":[-119.99335,39.47889]},"properties":{"Fire_Name":"RAILROAD","Acres":2,"Cause":"Human","Year":2000}},{"type":"Feature","geometry":{"type":"Point","coordinates":[-119.85224,39.32917]},"properties":{"Fire_Name":"BROWNS CREEK","Acres":0.1,"Cause":"Natural","Year":2000}},{"type":"Feature","geometry":{"type":"Point","coordinates":[-119.8189,39.41612]},"properties":{"Fire_Name":"ARROW CREEK","Acres":2900,"Cause":"Natural","Year":2000}},{"type":"Feature","geometry":{"type":"Point","coordinates":[-119.96835,39.49723]},"properties":{"Fire_Name":"4TH STREET","Acres":45,"Cause":"Natural","Year":2000}},{"type":"Feature","geometry":{"type":"Point","coordinates":[-119.8914,39.61251]},"properties":{"Fire_Name":"SENECA","Acres":1110,"Cause":"Human","Year":2000}},{"type":"Feature","geometry":{"type":"Point","coordinates":[-119.79974,39.35362]},"properties":{"Fire_Name":"GALENA HILL","Acres":75,"Cause":"Natural","Year":2000}},{"type":"Feature","geometry":{"type":"Point","coordinates":[-119.87085,39.33306]},"properties":{"Fire_Name":"SLIDE","Acres":0.1,"Cause":"Natural","Year":2000}},{"type":"Feature","geometry":{"type":"Point","coordinates":[-119.9189,39.07695]},"properties":{"Fire_Name":"WHITELL","Acres":0.3,"Cause":"Natural","Year":2000}},{"type":"Feature","geometry":{"type":"Point","coordinates":[-119.85029,39.05195]},"properties":{"Fire_Name":"SKYLINE","Acres":0.1,"Cause":"Human","Year":2000}},{"type":"Feature","geometry":{"type":"Point","coordinates":[-119.96835,38.90028]},"properties":{"Fire_Name":"WASHOAN","Acres":0.3,"Cause":"Human","Year":2000}},{"type":"Feature","geometry":{"type":"Point","coordinates":[-119.8639,39.07056]},"properties":{"Fire_Name":"WATERS","Acres":0.1,"Cause":"Natural","Year":2001}},{"type":"Feature","geometry":{"type":"Point","coordinates":[-119.81335,38.80334]},"properties":{"Fire_Name":"EMIGRANT","Acres":0.1,"Cause":"Human","Year":2001}},{"type":"Feature","geometry":{"type":"Point","coordinates":[-119.88446,38.81723]},"properties":{"Fire_Name":"BURNSIDE","Acres":0.1,"Cause":"Human","Year":2001}},{"type":"Feature","geometry":{"type":"Point","coordinates":[-119.78585,39.08528]},"properties":{"Fire_Name":"JAMES LEE","Acres":0.5,"Cause":"Human","Year":2001}},{"type":"Feature","geometry":{"type":"Point","coordinates":[-119.81362,38.84445]},"properties":{"Fire_Name":"FAYE","Acres":0.1,"Cause":"Natural","Year":2001}},{"type":"Feature","geometry":{"type":"Point","coordinates":[-119.68085,38.83028]},"properties":{"Fire_Name":"RANCHO","Acres":0.1,"Cause":"Natural","Year":2001}},{"type":"Feature","geometry":{"type":"Point","coordinates":[-119.89724,39.13112]},"properties":{"Fire_Name":"KINGS CANYON","Acres":0.1,"Cause":"Human","Year":2001}},{"type":"Feature","geometry":{"type":"Point","coordinates":[-119.76946,38.80278]},"properties":{"Fire_Name":"ROADSIDE","Acres":0.5,"Cause":"Human","Year":2001}},{"type":"Feature","geometry":{"type":"Point","coordinates":[-119.88112,39.59001]},"properties":{"Fire_Name":"HOGUE","Acres":0.5,"Cause":"Human","Year":2001}},{"type":"Feature","geometry":{"type":"Point","coordinates":[-119.87224,39.59001]},"properties":{"Fire_Name":"PEAVINE 2","Acres":71,"Cause":"Human","Year":2001}},{"type":"Feature","geometry":{"type":"Point","coordinates":[-119.84974,39.58751]},"properties":{"Fire_Name":"WELLINGTON","Acres":0.2,"Cause":"Human","Year":2001}},{"type":"Feature","geometry":{"type":"Point","coordinates":[-119.86724,38.98139]},"properties":{"Fire_Name":"PINE","Acres":0.2,"Cause":"Human","Year":2001}},{"type":"Feature","geometry":{"type":"Point","coordinates":[-119.91529,38.79084]},"properties":{"Fire_Name":"OTTER POP","Acres":0.1,"Cause":"Natural","Year":2001}},{"type":"Feature","geometry":{"type":"Point","coordinates":[-119.88446,38.80195]},"properties":{"Fire_Name":"BRANDON","Acres":0.2,"Cause":"Natural","Year":2001}},{"type":"Feature","geometry":{"type":"Point","coordinates":[-119.85557,39.34223]},"properties":{"Fire_Name":"KNOB","Acres":0.1,"Cause":"Human","Year":2001}},{"type":"Feature","geometry":{"type":"Point","coordinates":[-120.06585,39.55473]},"properties":{"Fire_Name":"128","Acres":0.1,"Cause":"Human","Year":2001}},{"type":"Feature","geometry":{"type":"Point","coordinates":[-119.92807,39.58973]},"properties":{"Fire_Name":"POEVILLE","Acres":0.2,"Cause":"Natural","Year":2001}},{"type":"Feature","geometry":{"type":"Point","coordinates":[-119.96085,39.40417]},"properties":{"Fire_Name":"MARTIS FIND","Acres":0.1,"Cause":"Natural","Year":2001}},{"type":"Feature","geometry":{"type":"Point","coordinates":[-120.02085,39.47223]},"properties":{"Fire_Name":"VERDI","Acres":7,"Cause":"Natural","Year":2001}},{"type":"Feature","geometry":{"type":"Point","coordinates":[-119.96862,39.55612]},"properties":{"Fire_Name":"RIDGE I","Acres":0.1,"Cause":"Natural","Year":2001}},{"type":"Feature","geometry":{"type":"Point","coordinates":[-119.83612,39.02917]},"properties":{"Fire_Name":"GENOA","Acres":240,"Cause":"Natural","Year":2001}},{"type":"Feature","geometry":{"type":"Point","coordinates":[-120.20001,39.97139]},"properties":{"Fire_Name":"DOOLEY","Acres":13,"Cause":"Human","Year":2001}},{"type":"Feature","geometry":{"type":"Point","coordinates":[-120.15112,39.88528]},"properties":{"Fire_Name":"FRENCH","Acres":43,"Cause":"Human","Year":2001}},{"type":"Feature","geometry":{"type":"Point","coordinates":[-120.11779,39.90084]},"properties":{"Fire_Name":"DIAMOND","Acres":0.1,"Cause":"Natural","Year":2001}},{"type":"Feature","geometry":{"type":"Point","coordinates":[-120.16751,39.96834]},"properties":{"Fire_Name":"LAKE","Acres":0.5,"Cause":"Natural","Year":2001}},{"type":"Feature","geometry":{"type":"Point","coordinates":[-120.16807,39.98473]},"properties":{"Fire_Name":"BLOOMER","Acres":0.1,"Cause":"Natural","Year":2001}},{"type":"Feature","geometry":{"type":"Point","coordinates":[-120.30085,40.10251]},"properties":{"Fire_Name":"MINE","Acres":0.1,"Cause":"Natural","Year":2001}},{"type":"Feature","geometry":{"type":"Point","coordinates":[-120.2514,40.03362]},"properties":{"Fire_Name":"ROWLAND","Acres":0.1,"Cause":"Natural","Year":2001}},{"type":"Feature","geometry":{"type":"Point","coordinates":[-120.13446,39.90028]},"properties":{"Fire_Name":"PRIVATE","Acres":0.1,"Cause":"Human","Year":2001}},{"type":"Feature","geometry":{"type":"Point","coordinates":[-120.26779,40.03473]},"properties":{"Fire_Name":"ART","Acres":0.1,"Cause":"Natural","Year":2001}},{"type":"Feature","geometry":{"type":"Point","coordinates":[-120.30168,40.06806]},"properties":{"Fire_Name":"FLAT","Acres":0.1,"Cause":"Natural","Year":2001}},{"type":"Feature","geometry":{"type":"Point","coordinates":[-120.13557,39.83473]},"properties":{"Fire_Name":"COOT","Acres":0.1,"Cause":"Human","Year":2001}},{"type":"Feature","geometry":{"type":"Point","coordinates":[-119.87501,39.47084]},"properties":{"Fire_Name":"MOSS","Acres":0.1,"Cause":"Human","Year":2001}},{"type":"Feature","geometry":{"type":"Point","coordinates":[-120.02501,39.53334]},"properties":{"Fire_Name":"SUNRISE","Acres":4,"Cause":"Natural","Year":2001}},{"type":"Feature","geometry":{"type":"Point","coordinates":[-120.15112,39.80084]},"properties":{"Fire_Name":"CHILCOOT","Acres":0.3,"Cause":"Human","Year":2001}},{"type":"Feature","geometry":{"type":"Point","coordinates":[-120.11668,39.48417]},"properties":{"Fire_Name":"STAMPEDE","Acres":0.2,"Cause":"Human","Year":2001}},{"type":"Feature","geometry":{"type":"Point","coordinates":[-120.15112,39.70084]},"properties":{"Fire_Name":"COOL","Acres":9,"Cause":"Natural","Year":2001}},{"type":"Feature","geometry":{"type":"Point","coordinates":[-120.16696,39.58362]},"properties":{"Fire_Name":"NECK","Acres":0.1,"Cause":"Natural","Year":2001}},{"type":"Feature","geometry":{"type":"Point","coordinates":[-120.16807,39.63334]},"properties":{"Fire_Name":"UNDERPASS","Acres":1.3,"Cause":"Human","Year":2001}},{"type":"Feature","geometry":{"type":"Point","coordinates":[-120.15112,39.80084]},"properties":{"Fire_Name":"COOT","Acres":5.1,"Cause":"Human","Year":2001}},{"type":"Feature","geometry":{"type":"Point","coordinates":[-120.16696,39.58362]},"properties":{"Fire_Name":"ALDER","Acres":0.1,"Cause":"Natural","Year":2001}},{"type":"Feature","geometry":{"type":"Point","coordinates":[-120.15001,39.58362]},"properties":{"Fire_Name":"BAD","Acres":0.1,"Cause":"Natural","Year":2001}},{"type":"Feature","geometry":{"type":"Point","coordinates":[-120.11918,39.56751]},"properties":{"Fire_Name":"ROCK","Acres":400,"Cause":"Human","Year":2001}},{"type":"Feature","geometry":{"type":"Point","coordinates":[-120.16751,39.50001]},"properties":{"Fire_Name":"LOST","Acres":0.1,"Cause":"Natural","Year":2001}},{"type":"Feature","geometry":{"type":"Point","coordinates":[-120.1189,39.38334]},"properties":{"Fire_Name":"SPILLWAY","Acres":0.1,"Cause":"Human","Year":2001}},{"type":"Feature","geometry":{"type":"Point","coordinates":[-120.20196,39.70251]},"properties":{"Fire_Name":"CASTLE","Acres":1.2,"Cause":"Human","Year":2001}},{"type":"Feature","geometry":{"type":"Point","coordinates":[-120.06862,39.41778]},"properties":{"Fire_Name":"BOCA","Acres":0.1,"Cause":"Human","Year":2001}},{"type":"Feature","geometry":{"type":"Point","coordinates":[-120.08474,39.45056]},"properties":{"Fire_Name":"BOYINGTON","Acres":0.1,"Cause":"Human","Year":2001}},{"type":"Feature","geometry":{"type":"Point","coordinates":[-120.20224,39.61889]},"properties":{"Fire_Name":"BEAR","Acres":0.1,"Cause":"Natural","Year":2001}},{"type":"Feature","geometry":{"type":"Point","coordinates":[-119.96696,38.90223]},"properties":{"Fire_Name":"BLACK BART","Acres":0.1,"Cause":"Natural","Year":2001}},{"type":"Feature","geometry":{"type":"Point","coordinates":[-120.01668,38.80195]},"properties":{"Fire_Name":"EASY","Acres":0.1,"Cause":"Human","Year":2001}},{"type":"Feature","geometry":{"type":"Point","coordinates":[-119.98251,38.93778]},"properties":{"Fire_Name":"ALBERTSON","Acres":0.3,"Cause":"Human","Year":2001}},{"type":"Feature","geometry":{"type":"Point","coordinates":[-119.95251,38.90251]},"properties":{"Fire_Name":"CHINOPIN","Acres":0.3,"Cause":"Human","Year":2001}},{"type":"Feature","geometry":{"type":"Point","coordinates":[-119.91918,38.93528]},"properties":{"Fire_Name":"PARTY","Acres":0.1,"Cause":"Human","Year":2001}},{"type":"Feature","geometry":{"type":"Point","coordinates":[-119.88418,39.00084]},"properties":{"Fire_Name":"ANDREA","Acres":0.1,"Cause":"Natural","Year":2001}},{"type":"Feature","geometry":{"type":"Point","coordinates":[-119.95085,38.88417]},"properties":{"Fire_Name":"POWERLINE","Acres":0.5,"Cause":"Human","Year":2001}},{"type":"Feature","geometry":{"type":"Point","coordinates":[-119.98585,39.00112]},"properties":{"Fire_Name":"POPE","Acres":0.1,"Cause":"Human","Year":2001}},{"type":"Feature","geometry":{"type":"Point","coordinates":[-119.98585,38.86695]},"properties":{"Fire_Name":"CHICARILLO","Acres":0.3,"Cause":"Human","Year":2001}},{"type":"Feature","geometry":{"type":"Point","coordinates":[-120.0189,38.81862]},"properties":{"Fire_Name":"HEAVENLY","Acres":0.1,"Cause":"Natural","Year":2001}},{"type":"Feature","geometry":{"type":"Point","coordinates":[-120.05029,39.00112]},"properties":{"Fire_Name":"MEEKS","Acres":1.5,"Cause":"Natural","Year":2001}},{"type":"Feature","geometry":{"type":"Point","coordinates":[-120.01779,38.81862]},"properties":{"Fire_Name":"ALPINE","Acres":0.1,"Cause":"Human","Year":2001}},{"type":"Feature","geometry":{"type":"Point","coordinates":[-119.93501,38.96695]},"properties":{"Fire_Name":"RABE","Acres":0.1,"Cause":"Human","Year":2001}},{"type":"Feature","geometry":{"type":"Point","coordinates":[-119.96751,38.90056]},"properties":{"Fire_Name":"GOLDENBEAR","Acres":0.1,"Cause":"Human","Year":2001}},{"type":"Feature","geometry":{"type":"Point","coordinates":[-119.90112,38.95223]},"properties":{"Fire_Name":"KINGSBURY","Acres":15,"Cause":"Human","Year":2001}},{"type":"Feature","geometry":{"type":"Point","coordinates":[-119.9339,38.93528]},"properties":{"Fire_Name":"CHONOKIS","Acres":0.5,"Cause":"Human","Year":2001}},{"type":"Feature","geometry":{"type":"Point","coordinates":[-120.16696,39.50223]},"properties":{"Fire_Name":"GROUND HOG","Acres":0.1,"Cause":"Natural","Year":2001}},{"type":"Feature","geometry":{"type":"Point","coordinates":[-120.1189,39.43473]},"properties":{"Fire_Name":"RUSSELL","Acres":0.1,"Cause":"Human","Year":2001}},{"type":"Feature","geometry":{"type":"Point","coordinates":[-119.88418,38.96862]},"properties":{"Fire_Name":"KINGSBURY.","Acres":0.1,"Cause":"Human","Year":2002}},{"type":"Feature","geometry":{"type":"Point","coordinates":[-119.93446,38.88445]},"properties":{"Fire_Name":"HIGH MEADOWS","Acres":0.1,"Cause":"Natural","Year":2002}},{"type":"Feature","geometry":{"type":"Point","coordinates":[-119.98418,38.83334]},"properties":{"Fire_Name":"DARNELLS","Acres":0.1,"Cause":"Natural","Year":2002}},{"type":"Feature","geometry":{"type":"Point","coordinates":[-120.23557,40.11806]},"properties":{"Fire_Name":"MARK","Acres":0.4,"Cause":"Human","Year":2002}},{"type":"Feature","geometry":{"type":"Point","coordinates":[-120.06696,39.91834]},"properties":{"Fire_Name":"SHED","Acres":0.1,"Cause":"Human","Year":2002}},{"type":"Feature","geometry":{"type":"Point","coordinates":[-120.03474,39.85028]},"properties":{"Fire_Name":"POSILIN","Acres":0.1,"Cause":"Natural","Year":2002}},{"type":"Feature","geometry":{"type":"Point","coordinates":[-120.08335,39.93584]},"properties":{"Fire_Name":"BORDER","Acres":0.3,"Cause":"Natural","Year":2002}},{"type":"Feature","geometry":{"type":"Point","coordinates":[-120.06779,39.93584]},"properties":{"Fire_Name":"CONSTANTIA","Acres":0.1,"Cause":"Natural","Year":2002}},{"type":"Feature","geometry":{"type":"Point","coordinates":[-119.9689,38.88417]},"properties":{"Fire_Name":"SAXON","Acres":0.3,"Cause":"Natural","Year":2002}},{"type":"Feature","geometry":{"type":"Point","coordinates":[-120.04446,38.78334]},"properties":{"Fire_Name":"BENWOOD 2","Acres":0.1,"Cause":"Natural","Year":2002}},{"type":"Feature","geometry":{"type":"Point","coordinates":[-120.03168,38.80806]},"properties":{"Fire_Name":"ECHO","Acres":0.1,"Cause":"Human","Year":2002}},{"type":"Feature","geometry":{"type":"Point","coordinates":[-120.21751,39.95112]},"properties":{"Fire_Name":"LOOKOUT","Acres":0.1,"Cause":"Natural","Year":2002}},{"type":"Feature","geometry":{"type":"Point","coordinates":[-120.18446,40.00112]},"properties":{"Fire_Name":"BLOOMER","Acres":0.1,"Cause":"Natural","Year":2002}},{"type":"Feature","geometry":{"type":"Point","coordinates":[-119.90112,39.16667]},"properties":{"Fire_Name":"MARLETTE","Acres":0.1,"Cause":"Natural","Year":2002}},{"type":"Feature","geometry":{"type":"Point","coordinates":[-119.96779,38.88501]},"properties":{"Fire_Name":"PIONEER","Acres":0.1,"Cause":"Human","Year":2002}},{"type":"Feature","geometry":{"type":"Point","coordinates":[-119.96696,38.86917]},"properties":{"Fire_Name":"COLUMBINE","Acres":0.1,"Cause":"Human","Year":2002}},{"type":"Feature","geometry":{"type":"Point","coordinates":[-120.03446,38.81751]},"properties":{"Fire_Name":"CCC","Acres":0.1,"Cause":"Human","Year":2002}},{"type":"Feature","geometry":{"type":"Point","coordinates":[-119.88418,39.00084]},"properties":{"Fire_Name":"GENOA","Acres":0.1,"Cause":"Human","Year":2002}},{"type":"Feature","geometry":{"type":"Point","coordinates":[-120.13585,39.75195]},"properties":{"Fire_Name":"MARTIN","Acres":1,"Cause":"Natural","Year":2002}},{"type":"Feature","geometry":{"type":"Point","coordinates":[-120.1689,39.78501]},"properties":{"Fire_Name":"VINTON","Acres":13,"Cause":"Human","Year":2002}},{"type":"Feature","geometry":{"type":"Point","coordinates":[-120.13501,39.50112]},"properties":{"Fire_Name":"GROUNDHOG","Acres":0.1,"Cause":"Natural","Year":2002}},{"type":"Feature","geometry":{"type":"Point","coordinates":[-120.05029,39.40251]},"properties":{"Fire_Name":"BOCA","Acres":0.1,"Cause":"Human","Year":2002}},{"type":"Feature","geometry":{"type":"Point","coordinates":[-120.00751,39.45001]},"properties":{"Fire_Name":"VERDI","Acres":0.2,"Cause":"Natural","Year":2002}},{"type":"Feature","geometry":{"type":"Point","coordinates":[-120.16668,39.53501]},"properties":{"Fire_Name":"PEAK","Acres":0.2,"Cause":"Natural","Year":2002}},{"type":"Feature","geometry":{"type":"Point","coordinates":[-120.06696,39.46917]},"properties":{"Fire_Name":"WORN MILL","Acres":0.1,"Cause":"Natural","Year":2002}},{"type":"Feature","geometry":{"type":"Point","coordinates":[-120.05085,39.40084]},"properties":{"Fire_Name":"BOCA 2","Acres":0.1,"Cause":"Human","Year":2002}},{"type":"Feature","geometry":{"type":"Point","coordinates":[-119.95029,38.81917]},"properties":{"Fire_Name":"TROUT","Acres":0.1,"Cause":"Natural","Year":2002}},{"type":"Feature","geometry":{"type":"Point","coordinates":[-120.01751,39.28334]},"properties":{"Fire_Name":"MARTIS","Acres":0.2,"Cause":"Natural","Year":2002}},{"type":"Feature","geometry":{"type":"Point","coordinates":[-119.9314,38.93417]},"properties":{"Fire_Name":"GONDOLA","Acres":673,"Cause":"Human","Year":2002}},{"type":"Feature","geometry":{"type":"Point","coordinates":[-120.01807,39.35056]},"properties":{"Fire_Name":"GRIFF","Acres":0.1,"Cause":"Human","Year":2002}},{"type":"Feature","geometry":{"type":"Point","coordinates":[-119.9689,39.11806]},"properties":{"Fire_Name":"SKUNK","Acres":0.1,"Cause":"Human","Year":2002}},{"type":"Feature","geometry":{"type":"Point","coordinates":[-120.01807,39.23473]},"properties":{"Fire_Name":"CANTERBURY","Acres":0.1,"Cause":"Human","Year":2002}},{"type":"Feature","geometry":{"type":"Point","coordinates":[-120.06779,39.21889]},"properties":{"Fire_Name":"AGATE","Acres":0.1,"Cause":"Human","Year":2002}},{"type":"Feature","geometry":{"type":"Point","coordinates":[-120.04696,39.54001]},"properties":{"Fire_Name":"DOG","Acres":0.1,"Cause":"Natural","Year":2002}},{"type":"Feature","geometry":{"type":"Point","coordinates":[-119.79446,38.84723]},"properties":{"Fire_Name":"FREDRICKBURG I","Acres":0.2,"Cause":"Human","Year":2002}},{"type":"Feature","geometry":{"type":"Point","coordinates":[-119.79168,38.85278]},"properties":{"Fire_Name":"FREDRICKSBURG II","Acres":0.1,"Cause":"Human","Year":2002}},{"type":"Feature","geometry":{"type":"Point","coordinates":[-119.85501,38.97084]},"properties":{"Fire_Name":"DAGGETT","Acres":0.1,"Cause":"Human","Year":2002}},{"type":"Feature","geometry":{"type":"Point","coordinates":[-120.00779,39.45167]},"properties":{"Fire_Name":"STATELINE","Acres":0.5,"Cause":"Human","Year":2002}},{"type":"Feature","geometry":{"type":"Point","coordinates":[-119.93085,39.33945]},"properties":{"Fire_Name":"MT. ROSE CAMPFIRE","Acres":0.1,"Cause":"Human","Year":2002}},{"type":"Feature","geometry":{"type":"Point","coordinates":[-119.77612,38.80945]},"properties":{"Fire_Name":"ALPINE","Acres":3,"Cause":"Human","Year":2002}},{"type":"Feature","geometry":{"type":"Point","coordinates":[-119.83362,39.14028]},"properties":{"Fire_Name":"QUAD CAMPFIRE","Acres":0.1,"Cause":"Human","Year":2002}},{"type":"Feature","geometry":{"type":"Point","coordinates":[-119.75751,38.83278]},"properties":{"Fire_Name":"RIVER RANCH","Acres":2,"Cause":"Natural","Year":2002}},{"type":"Feature","geometry":{"type":"Point","coordinates":[-119.73224,38.81195]},"properties":{"Fire_Name":"DANA","Acres":0.2,"Cause":"Natural","Year":2002}},{"type":"Feature","geometry":{"type":"Point","coordinates":[-119.94168,39.59834]},"properties":{"Fire_Name":"MITCHELL","Acres":0.1,"Cause":"Natural","Year":2002}},{"type":"Feature","geometry":{"type":"Point","coordinates":[-119.89946,39.45001]},"properties":{"Fire_Name":"HUNTER","Acres":0.1,"Cause":"Natural","Year":2002}},{"type":"Feature","geometry":{"type":"Point","coordinates":[-119.88612,39.44751]},"properties":{"Fire_Name":"EVANS","Acres":0.1,"Cause":"Natural","Year":2002}},{"type":"Feature","geometry":{"type":"Point","coordinates":[-119.89668,39.44667]},"properties":{"Fire_Name":"ALUM","Acres":0.1,"Cause":"Natural","Year":2002}},{"type":"Feature","geometry":{"type":"Point","coordinates":[-119.95307,39.46945]},"properties":{"Fire_Name":"MOGUL","Acres":0.1,"Cause":"Natural","Year":2002}},{"type":"Feature","geometry":{"type":"Point","coordinates":[-119.84418,39.13334]},"properties":{"Fire_Name":"FIRE ROAD 039","Acres":0.1,"Cause":"Human","Year":2002}},{"type":"Feature","geometry":{"type":"Point","coordinates":[-120.03112,39.65778]},"properties":{"Fire_Name":"BORDERTOWN","Acres":0.8,"Cause":"Natural","Year":2002}},{"type":"Feature","geometry":{"type":"Point","coordinates":[-120.06279,39.71251]},"properties":{"Fire_Name":"LONG VALLEY","Acres":34,"Cause":"Natural","Year":2002}},{"type":"Feature","geometry":{"type":"Point","coordinates":[-119.83946,39.39195]},"properties":{"Fire_Name":"GALENA","Acres":0.1,"Cause":"Human","Year":2002}},{"type":"Feature","geometry":{"type":"Point","coordinates":[-119.99029,39.54389]},"properties":{"Fire_Name":"ARBOR","Acres":0.5,"Cause":"Natural","Year":2002}},{"type":"Feature","geometry":{"type":"Point","coordinates":[-120.03862,39.45501]},"properties":{"Fire_Name":"VERDI","Acres":0.3,"Cause":"Natural","Year":2002}},{"type":"Feature","geometry":{"type":"Point","coordinates":[-120.01612,39.43028]},"properties":{"Fire_Name":"MYSTIC","Acres":0.2,"Cause":"Natural","Year":2002}},{"type":"Feature","geometry":{"type":"Point","coordinates":[-120.02335,39.50501]},"properties":{"Fire_Name":"HILL LANE","Acres":0.1,"Cause":"Natural","Year":2002}},{"type":"Feature","geometry":{"type":"Point","coordinates":[-120.14168,39.73056]},"properties":{"Fire_Name":"FLYING","Acres":2,"Cause":"Natural","Year":2002}},{"type":"Feature","geometry":{"type":"Point","coordinates":[-120.03029,39.53445]},"properties":{"Fire_Name":"MOLE","Acres":0.1,"Cause":"Human","Year":2002}},{"type":"Feature","geometry":{"type":"Point","coordinates":[-119.96807,38.81889]},"properties":{"Fire_Name":"HELL HOLE","Acres":0.1,"Cause":"Natural","Year":2002}},{"type":"Feature","geometry":{"type":"Point","coordinates":[-119.91751,38.90084]},"properties":{"Fire_Name":"WILLOW","Acres":0.1,"Cause":"Natural","Year":2002}},{"type":"Feature","geometry":{"type":"Point","coordinates":[-119.88418,38.90084]},"properties":{"Fire_Name":"HIGH","Acres":0.1,"Cause":"Natural","Year":2002}},{"type":"Feature","geometry":{"type":"Point","coordinates":[-120.00168,38.85112]},"properties":{"Fire_Name":"CROW","Acres":0.1,"Cause":"Human","Year":2002}},{"type":"Feature","geometry":{"type":"Point","coordinates":[-119.93501,39.11889]},"properties":{"Fire_Name":"SKUNK 2","Acres":0.1,"Cause":"Human","Year":2002}},{"type":"Feature","geometry":{"type":"Point","coordinates":[-119.9839,38.86667]},"properties":{"Fire_Name":"TROUT 2","Acres":0.1,"Cause":"Human","Year":2002}},{"type":"Feature","geometry":{"type":"Point","coordinates":[-119.95224,38.90223]},"properties":{"Fire_Name":"PIONEER 2","Acres":24,"Cause":"Human","Year":2002}},{"type":"Feature","geometry":{"type":"Point","coordinates":[-120.03446,39.23528]},"properties":{"Fire_Name":"CEDAR","Acres":0.1,"Cause":"Human","Year":2002}},{"type":"Feature","geometry":{"type":"Point","coordinates":[-120.00196,38.85139]},"properties":{"Fire_Name":"APACHE","Acres":0.1,"Cause":"Human","Year":2002}},{"type":"Feature","geometry":{"type":"Point","coordinates":[-120.00001,38.93389]},"properties":{"Fire_Name":"COLLEGE","Acres":0.3,"Cause":"Human","Year":2003}},{"type":"Feature","geometry":{"type":"Point","coordinates":[-120.06779,39.26667]},"properties":{"Fire_Name":"MARTIS","Acres":0.5,"Cause":"Natural","Year":2003}},{"type":"Feature","geometry":{"type":"Point","coordinates":[-119.91807,39.13445]},"properties":{"Fire_Name":"SECRET","Acres":0.1,"Cause":"Natural","Year":2003}},{"type":"Feature","geometry":{"type":"Point","coordinates":[-119.99168,38.86667]},"properties":{"Fire_Name":"SAPONI","Acres":0.1,"Cause":"Human","Year":2003}},{"type":"Feature","geometry":{"type":"Point","coordinates":[-119.91807,39.15195]},"properties":{"Fire_Name":"MARLETTE","Acres":0.1,"Cause":"Natural","Year":2003}},{"type":"Feature","geometry":{"type":"Point","coordinates":[-119.91835,39.18584]},"properties":{"Fire_Name":"INCLINE","Acres":0.1,"Cause":"Natural","Year":2003}},{"type":"Feature","geometry":{"type":"Point","coordinates":[-120.00001,38.81862]},"properties":{"Fire_Name":"DARDANELLES","Acres":0.1,"Cause":"Natural","Year":2003}},{"type":"Feature","geometry":{"type":"Point","coordinates":[-119.93529,39.28334]},"properties":{"Fire_Name":"THIRD","Acres":0.1,"Cause":"Natural","Year":2003}},{"type":"Feature","geometry":{"type":"Point","coordinates":[-120.05085,38.78389]},"properties":{"Fire_Name":"KIVA","Acres":0.1,"Cause":"Natural","Year":2003}},{"type":"Feature","geometry":{"type":"Point","coordinates":[-119.90112,39.01751]},"properties":{"Fire_Name":"CAVE","Acres":0.1,"Cause":"Natural","Year":2003}},{"type":"Feature","geometry":{"type":"Point","coordinates":[-119.98362,38.88334]},"properties":{"Fire_Name":"HEKPA","Acres":0.1,"Cause":"Human","Year":2003}},{"type":"Feature","geometry":{"type":"Point","coordinates":[-119.9514,38.90001]},"properties":{"Fire_Name":"MARSHALL","Acres":0.1,"Cause":"Human","Year":2003}},{"type":"Feature","geometry":{"type":"Point","coordinates":[-119.93446,38.88445]},"properties":{"Fire_Name":"COLD","Acres":0.6,"Cause":"Natural","Year":2003}},{"type":"Feature","geometry":{"type":"Point","coordinates":[-120.01668,38.81695]},"properties":{"Fire_Name":"HWY 89-A","Acres":0.1,"Cause":"Natural","Year":2003}},{"type":"Feature","geometry":{"type":"Point","coordinates":[-119.91807,39.10167]},"properties":{"Fire_Name":"SKUNK","Acres":0.1,"Cause":"Natural","Year":2003}},{"type":"Feature","geometry":{"type":"Point","coordinates":[-119.9014,39.26834]},"properties":{"Fire_Name":"DIAMOND","Acres":0.1,"Cause":"Natural","Year":2003}},{"type":"Feature","geometry":{"type":"Point","coordinates":[-119.8839,39.18334]},"properties":{"Fire_Name":"MARLETTE 2","Acres":0.1,"Cause":"Natural","Year":2003}},{"type":"Feature","geometry":{"type":"Point","coordinates":[-120.05001,39.23528]},"properties":{"Fire_Name":"PARK","Acres":0.1,"Cause":"Human","Year":2003}},{"type":"Feature","geometry":{"type":"Point","coordinates":[-120.00001,38.93417]},"properties":{"Fire_Name":"CASCADE","Acres":0.1,"Cause":"Natural","Year":2003}},{"type":"Feature","geometry":{"type":"Point","coordinates":[-119.95001,39.01806]},"properties":{"Fire_Name":"ROSE","Acres":0.3,"Cause":"Natural","Year":2003}},{"type":"Feature","geometry":{"type":"Point","coordinates":[-119.96779,38.81723]},"properties":{"Fire_Name":"TUCKER","Acres":0.1,"Cause":"Natural","Year":2003}},{"type":"Feature","geometry":{"type":"Point","coordinates":[-119.91807,38.98417]},"properties":{"Fire_Name":"GENOA","Acres":0.2,"Cause":"Natural","Year":2003}},{"type":"Feature","geometry":{"type":"Point","coordinates":[-119.95001,38.95028]},"properties":{"Fire_Name":"KELLER","Acres":0.1,"Cause":"Human","Year":2003}},{"type":"Feature","geometry":{"type":"Point","coordinates":[-119.98529,38.81723]},"properties":{"Fire_Name":"CHRISTMAS","Acres":0.2,"Cause":"Natural","Year":2003}},{"type":"Feature","geometry":{"type":"Point","coordinates":[-119.93501,38.96695]},"properties":{"Fire_Name":"SEWER","Acres":0.1,"Cause":"Human","Year":2003}},{"type":"Feature","geometry":{"type":"Point","coordinates":[-119.95196,38.91667]},"properties":{"Fire_Name":"TERRY","Acres":0.1,"Cause":"Human","Year":2003}},{"type":"Feature","geometry":{"type":"Point","coordinates":[-119.91807,39.16695]},"properties":{"Fire_Name":"VEHICLE","Acres":0.1,"Cause":"Human","Year":2003}},{"type":"Feature","geometry":{"type":"Point","coordinates":[-120.0514,39.23473]},"properties":{"Fire_Name":"SANDY","Acres":0.1,"Cause":"Human","Year":2003}},{"type":"Feature","geometry":{"type":"Point","coordinates":[-120.05029,39.23556]},"properties":{"Fire_Name":"PARK","Acres":0.3,"Cause":"Human","Year":2003}},{"type":"Feature","geometry":{"type":"Point","coordinates":[-119.90112,38.98473]},"properties":{"Fire_Name":"MCFAUL","Acres":0.1,"Cause":"Natural","Year":2003}},{"type":"Feature","geometry":{"type":"Point","coordinates":[-119.90112,39.13389]},"properties":{"Fire_Name":"MARLETTE 3","Acres":0.1,"Cause":"Natural","Year":2003}},{"type":"Feature","geometry":{"type":"Point","coordinates":[-119.91807,39.06917]},"properties":{"Fire_Name":"GLENBROOK","Acres":0.1,"Cause":"Natural","Year":2003}},{"type":"Feature","geometry":{"type":"Point","coordinates":[-119.9839,38.80028]},"properties":{"Fire_Name":"TUCKER 2","Acres":0.1,"Cause":"Natural","Year":2003}},{"type":"Feature","geometry":{"type":"Point","coordinates":[-120.00057,38.86862]},"properties":{"Fire_Name":"MERIAN","Acres":0.1,"Cause":"Human","Year":2003}},{"type":"Feature","geometry":{"type":"Point","coordinates":[-119.95001,39.25028]},"properties":{"Fire_Name":"NORTHWOOD","Acres":0.1,"Cause":"Human","Year":2003}},{"type":"Feature","geometry":{"type":"Point","coordinates":[-119.91807,39.18334]},"properties":{"Fire_Name":"SAND","Acres":0.1,"Cause":"Natural","Year":2003}},{"type":"Feature","geometry":{"type":"Point","coordinates":[-119.96918,38.88584]},"properties":{"Fire_Name":"NADOWA","Acres":0.1,"Cause":"Human","Year":2003}},{"type":"Feature","geometry":{"type":"Point","coordinates":[-119.90112,39.10112]},"properties":{"Fire_Name":"SPOONER","Acres":0.1,"Cause":"Natural","Year":2003}},{"type":"Feature","geometry":{"type":"Point","coordinates":[-119.9514,38.90112]},"properties":{"Fire_Name":"FORTUNE","Acres":0.1,"Cause":"Human","Year":2003}},{"type":"Feature","geometry":{"type":"Point","coordinates":[-120.23529,40.03584]},"properties":{"Fire_Name":"LAST","Acres":0.1,"Cause":"Natural","Year":2003}},{"type":"Feature","geometry":{"type":"Point","coordinates":[-120.18418,39.88389]},"properties":{"Fire_Name":"FRENCH","Acres":0.2,"Cause":"Human","Year":2003}},{"type":"Feature","geometry":{"type":"Point","coordinates":[-120.15001,39.85084]},"properties":{"Fire_Name":"CHILCOOT","Acres":0.1,"Cause":"Human","Year":2003}},{"type":"Feature","geometry":{"type":"Point","coordinates":[-120.10112,39.78473]},"properties":{"Fire_Name":"PASS","Acres":0.1,"Cause":"Human","Year":2003}},{"type":"Feature","geometry":{"type":"Point","coordinates":[-120.10085,39.86723]},"properties":{"Fire_Name":"SCOTT","Acres":0.1,"Cause":"Natural","Year":2003}},{"type":"Feature","geometry":{"type":"Point","coordinates":[-120.1014,39.85056]},"properties":{"Fire_Name":"CEDAR","Acres":0.1,"Cause":"Natural","Year":2003}},{"type":"Feature","geometry":{"type":"Point","coordinates":[-120.17446,39.90501]},"properties":{"Fire_Name":"BIG COVE","Acres":0.1,"Cause":"Human","Year":2003}},{"type":"Feature","geometry":{"type":"Point","coordinates":[-120.16724,39.95112]},"properties":{"Fire_Name":"CRYSTAL PEAK","Acres":0.1,"Cause":"Natural","Year":2003}},{"type":"Feature","geometry":{"type":"Point","coordinates":[-120.20001,39.95167]},"properties":{"Fire_Name":"STREAM","Acres":1.8,"Cause":"Natural","Year":2003}},{"type":"Feature","geometry":{"type":"Point","coordinates":[-120.06029,39.25001]},"properties":{"Fire_Name":"NATIONAL","Acres":0.1,"Cause":"Human","Year":2003}},{"type":"Feature","geometry":{"type":"Point","coordinates":[-119.93529,39.25139]},"properties":{"Fire_Name":"FAIRVIEW","Acres":0.2,"Cause":"Human","Year":2003}},{"type":"Feature","geometry":{"type":"Point","coordinates":[-119.95085,38.83528]},"properties":{"Fire_Name":"ECHO","Acres":0.1,"Cause":"Natural","Year":2003}},{"type":"Feature","geometry":{"type":"Point","coordinates":[-120.0339,40.16917]},"properties":{"Fire_Name":"WOLF","Acres":0.1,"Cause":"Natural","Year":2003}},{"type":"Feature","geometry":{"type":"Point","coordinates":[-120.13418,39.80139]},"properties":{"Fire_Name":"HOSE","Acres":0.1,"Cause":"Natural","Year":2003}},{"type":"Feature","geometry":{"type":"Point","coordinates":[-120.15418,39.50112]},"properties":{"Fire_Name":"BEAN","Acres":0.1,"Cause":"Natural","Year":2003}},{"type":"Feature","geometry":{"type":"Point","coordinates":[-120.16751,39.95084]},"properties":{"Fire_Name":"BIRTHDAY","Acres":0.1,"Cause":"Natural","Year":2003}},{"type":"Feature","geometry":{"type":"Point","coordinates":[-120.31918,40.11751]},"properties":{"Fire_Name":"EAST","Acres":0.1,"Cause":"Natural","Year":2003}},{"type":"Feature","geometry":{"type":"Point","coordinates":[-120.23446,40.06862]},"properties":{"Fire_Name":"BIRD","Acres":0.1,"Cause":"Natural","Year":2003}},{"type":"Feature","geometry":{"type":"Point","coordinates":[-120.23418,40.06806]},"properties":{"Fire_Name":"SMALL","Acres":0.1,"Cause":"Natural","Year":2003}},{"type":"Feature","geometry":{"type":"Point","coordinates":[-120.15196,39.96889]},"properties":{"Fire_Name":"ROBINSON","Acres":0.3,"Cause":"Natural","Year":2003}},{"type":"Feature","geometry":{"type":"Point","coordinates":[-120.25085,40.11862]},"properties":{"Fire_Name":"WEST","Acres":0.1,"Cause":"Human","Year":2003}},{"type":"Feature","geometry":{"type":"Point","coordinates":[-120.05029,39.25195]},"properties":{"Fire_Name":"ROYAL","Acres":270,"Cause":"Human","Year":2003}},{"type":"Feature","geometry":{"type":"Point","coordinates":[-119.98501,38.86778]},"properties":{"Fire_Name":"GLEN","Acres":0.1,"Cause":"Human","Year":2003}},{"type":"Feature","geometry":{"type":"Point","coordinates":[-119.88585,38.80751]},"properties":{"Fire_Name":"HORSETHIEF","Acres":0.2,"Cause":"Natural","Year":2003}},{"type":"Feature","geometry":{"type":"Point","coordinates":[-119.81251,39.11778]},"properties":{"Fire_Name":"HIGHWAY 50","Acres":587.769942052328,"Cause":"Human","Year":2003}},{"type":"Feature","geometry":{"type":"Point","coordinates":[-120.00001,39.46889]},"properties":{"Fire_Name":"EIGHTY (80)","Acres":22,"Cause":"Human","Year":2003}},{"type":"Feature","geometry":{"type":"Point","coordinates":[-119.98974,39.58584]},"properties":{"Fire_Name":"PEAVINE","Acres":0.1,"Cause":"Natural","Year":2003}},{"type":"Feature","geometry":{"type":"Point","coordinates":[-119.85335,39.58473]},"properties":{"Fire_Name":"WELLINGTON","Acres":0.1,"Cause":"Natural","Year":2003}},{"type":"Feature","geometry":{"type":"Point","coordinates":[-119.94362,38.78751]},"properties":{"Fire_Name":"LUTHER","Acres":0.1,"Cause":"Natural","Year":2003}},{"type":"Feature","geometry":{"type":"Point","coordinates":[-119.86085,38.78945]},"properties":{"Fire_Name":"PINKY","Acres":0.3,"Cause":"Natural","Year":2003}},{"type":"Feature","geometry":{"type":"Point","coordinates":[-119.90585,38.81389]},"properties":{"Fire_Name":"MINDY","Acres":0.1,"Cause":"Natural","Year":2003}},{"type":"Feature","geometry":{"type":"Point","coordinates":[-119.83001,39.14251]},"properties":{"Fire_Name":"KING I","Acres":0.5,"Cause":"Natural","Year":2003}},{"type":"Feature","geometry":{"type":"Point","coordinates":[-119.84196,39.16862]},"properties":{"Fire_Name":"KING II","Acres":0.5,"Cause":"Natural","Year":2003}},{"type":"Feature","geometry":{"type":"Point","coordinates":[-119.89112,39.54445]},"properties":{"Fire_Name":"ROBB","Acres":2195.76385641026,"Cause":"Human","Year":2003}},{"type":"Feature","geometry":{"type":"Point","coordinates":[-119.9614,39.33751]},"properties":{"Fire_Name":"GRAY CREEK","Acres":0.1,"Cause":"Natural","Year":2003}},{"type":"Feature","geometry":{"type":"Point","coordinates":[-120.01446,39.43362]},"properties":{"Fire_Name":"FARAD","Acres":0.5,"Cause":"Natural","Year":2003}},{"type":"Feature","geometry":{"type":"Point","coordinates":[-120.04612,39.54889]},"properties":{"Fire_Name":"SUMMIT ONE","Acres":0.1,"Cause":"Natural","Year":2003}},{"type":"Feature","geometry":{"type":"Point","coordinates":[-119.83862,38.78528]},"properties":{"Fire_Name":"CARY","Acres":0.1,"Cause":"Natural","Year":2003}},{"type":"Feature","geometry":{"type":"Point","coordinates":[-119.82612,38.84223]},"properties":{"Fire_Name":"FAY","Acres":0.1,"Cause":"Natural","Year":2003}},{"type":"Feature","geometry":{"type":"Point","coordinates":[-119.85362,39.09139]},"properties":{"Fire_Name":"CLEAR CREEK","Acres":0.1,"Cause":"Natural","Year":2003}},{"type":"Feature","geometry":{"type":"Point","coordinates":[-119.81029,39.08862]},"properties":{"Fire_Name":"JACKS VALLEY","Acres":0.2,"Cause":"Natural","Year":2003}},{"type":"Feature","geometry":{"type":"Point","coordinates":[-120.05029,39.62695]},"properties":{"Fire_Name":"PURDY","Acres":0.1,"Cause":"Natural","Year":2003}},{"type":"Feature","geometry":{"type":"Point","coordinates":[-119.88057,39.45139]},"properties":{"Fire_Name":"PINEHAVEN 1","Acres":0.5,"Cause":"Natural","Year":2003}},{"type":"Feature","geometry":{"type":"Point","coordinates":[-119.85807,39.46001]},"properties":{"Fire_Name":"PINEHAVEN 2","Acres":0.1,"Cause":"Natural","Year":2003}},{"type":"Feature","geometry":{"type":"Point","coordinates":[-119.86751,39.39445]},"properties":{"Fire_Name":"THOMAS CREEK","Acres":0.5,"Cause":"Natural","Year":2003}},{"type":"Feature","geometry":{"type":"Point","coordinates":[-119.88029,39.26195]},"properties":{"Fire_Name":"LITTLE VALLEY","Acres":0.5,"Cause":"Natural","Year":2003}},{"type":"Feature","geometry":{"type":"Point","coordinates":[-120.06307,39.71751]},"properties":{"Fire_Name":"SCOTT 2","Acres":0.1,"Cause":"Natural","Year":2003}},{"type":"Feature","geometry":{"type":"Point","coordinates":[-120.00418,39.46473]},"properties":{"Fire_Name":"CALIFORNIA","Acres":0.1,"Cause":"Human","Year":2003}},{"type":"Feature","geometry":{"type":"Point","coordinates":[-119.7864,39.11528]},"properties":{"Fire_Name":"VOLTAIRE","Acres":81,"Cause":"Human","Year":2003}},{"type":"Feature","geometry":{"type":"Point","coordinates":[-120.13446,39.70139]},"properties":{"Fire_Name":"INA","Acres":0.1,"Cause":"Natural","Year":2003}},{"type":"Feature","geometry":{"type":"Point","coordinates":[-119.88307,39.37501]},"properties":{"Fire_Name":"WHITES CREEK","Acres":0.1,"Cause":"Natural","Year":2003}},{"type":"Feature","geometry":{"type":"Point","coordinates":[-119.78696,39.36584]},"properties":{"Fire_Name":"GALENA HILL","Acres":1,"Cause":"Human","Year":2003}},{"type":"Feature","geometry":{"type":"Point","coordinates":[-119.86668,39.01667]},"properties":{"Fire_Name":"GENOA","Acres":0.1,"Cause":"Natural","Year":2003}},{"type":"Feature","geometry":{"type":"Point","coordinates":[-120.06307,39.71751]},"properties":{"Fire_Name":"SCOTT 1","Acres":0.1,"Cause":"Natural","Year":2003}},{"type":"Feature","geometry":{"type":"Point","coordinates":[-120.20251,39.63528]},"properties":{"Fire_Name":"SMITHNECK","Acres":0.1,"Cause":"Human","Year":2003}},{"type":"Feature","geometry":{"type":"Point","coordinates":[-120.10835,39.55834]},"properties":{"Fire_Name":"JAMMER","Acres":0.2,"Cause":"Natural","Year":2003}},{"type":"Feature","geometry":{"type":"Point","coordinates":[-120.11112,39.40278]},"properties":{"Fire_Name":"BOCA","Acres":0.1,"Cause":"Human","Year":2003}},{"type":"Feature","geometry":{"type":"Point","coordinates":[-120.19112,39.74278]},"properties":{"Fire_Name":"COTTON","Acres":0.1,"Cause":"Natural","Year":2003}},{"type":"Feature","geometry":{"type":"Point","coordinates":[-120.16668,39.53889]},"properties":{"Fire_Name":"TROSI","Acres":0.1,"Cause":"Natural","Year":2003}},{"type":"Feature","geometry":{"type":"Point","coordinates":[-120.15001,39.44306]},"properties":{"Fire_Name":"RUSS","Acres":0.5,"Cause":"Natural","Year":2003}},{"type":"Feature","geometry":{"type":"Point","coordinates":[-120.19112,39.74278]},"properties":{"Fire_Name":"CORRECO","Acres":80,"Cause":"Natural","Year":2003}},{"type":"Feature","geometry":{"type":"Point","coordinates":[-120.10474,39.39501]},"properties":{"Fire_Name":"OREGON","Acres":0.1,"Cause":"Natural","Year":2003}},{"type":"Feature","geometry":{"type":"Point","coordinates":[-120.17418,39.52584]},"properties":{"Fire_Name":"SARDINE","Acres":0.1,"Cause":"Natural","Year":2003}},{"type":"Feature","geometry":{"type":"Point","coordinates":[-120.15251,39.53223]},"properties":{"Fire_Name":"FISH","Acres":0.1,"Cause":"Natural","Year":2003}},{"type":"Feature","geometry":{"type":"Point","coordinates":[-120.13501,39.41445]},"properties":{"Fire_Name":"RUSSEL","Acres":0.8,"Cause":"Human","Year":2003}},{"type":"Feature","geometry":{"type":"Point","coordinates":[-120.12946,39.37362]},"properties":{"Fire_Name":"MCCLOUD","Acres":12,"Cause":"Human","Year":2003}},{"type":"Feature","geometry":{"type":"Point","coordinates":[-120.12612,39.61056]},"properties":{"Fire_Name":"BALDY","Acres":0.1,"Cause":"Natural","Year":2003}},{"type":"Feature","geometry":{"type":"Point","coordinates":[-120.16029,39.76917]},"properties":{"Fire_Name":"CHILCOOT COMPLEX","Acres":5422.50877218546,"Cause":"Natural","Year":2003}},{"type":"Feature","geometry":{"type":"Point","coordinates":[-120.08168,39.42223]},"properties":{"Fire_Name":"EAST BOCA","Acres":5,"Cause":"Human","Year":2003}},{"type":"Feature","geometry":{"type":"Point","coordinates":[-120.31918,40.11751]},"properties":{"Fire_Name":"SILVER","Acres":0.1,"Cause":"Human","Year":2004}},{"type":"Feature","geometry":{"type":"Point","coordinates":[-120.0089,39.65167]},"properties":{"Fire_Name":"AMERICAN","Acres":0.1,"Cause":"Human","Year":2004}},{"type":"Feature","geometry":{"type":"Point","coordinates":[-120.20251,39.98528]},"properties":{"Fire_Name":"CHANCE","Acres":0.1,"Cause":"Natural","Year":2004}},{"type":"Feature","geometry":{"type":"Point","coordinates":[-120.10724,39.39223]},"properties":{"Fire_Name":"STUMP FIRE","Acres":0.1,"Cause":"Human","Year":2004}},{"type":"Feature","geometry":{"type":"Point","coordinates":[-120.14446,39.43473]},"properties":{"Fire_Name":"RUSSEL","Acres":0.25,"Cause":"Human","Year":2004}},{"type":"Feature","geometry":{"type":"Point","coordinates":[-120.05001,39.88528]},"properties":{"Fire_Name":"PACIFIC","Acres":1,"Cause":"Natural","Year":2004}},{"type":"Feature","geometry":{"type":"Point","coordinates":[-120.12474,39.87223]},"properties":{"Fire_Name":"DIAMOND","Acres":1,"Cause":"Natural","Year":2004}},{"type":"Feature","geometry":{"type":"Point","coordinates":[-120.06668,39.93445]},"properties":{"Fire_Name":"CAMERO","Acres":0.1,"Cause":"Natural","Year":2004}},{"type":"Feature","geometry":{"type":"Point","coordinates":[-120.21862,39.65001]},"properties":{"Fire_Name":"SILVER","Acres":0.1,"Cause":"Natural","Year":2004}},{"type":"Feature","geometry":{"type":"Point","coordinates":[-120.10946,39.53251]},"properties":{"Fire_Name":"MERRIL","Acres":0.1,"Cause":"Natural","Year":2004}},{"type":"Feature","geometry":{"type":"Point","coordinates":[-120.10946,39.53251]},"properties":{"Fire_Name":"JELLY","Acres":0.1,"Cause":"Natural","Year":2004}},{"type":"Feature","geometry":{"type":"Point","coordinates":[-120.14001,39.40528]},"properties":{"Fire_Name":"DAVEY","Acres":0.01,"Cause":"Human","Year":2004}},{"type":"Feature","geometry":{"type":"Point","coordinates":[-120.11696,39.88334]},"properties":{"Fire_Name":"ADAM","Acres":0.1,"Cause":"Natural","Year":2004}},{"type":"Feature","geometry":{"type":"Point","coordinates":[-120.10557,39.93889]},"properties":{"Fire_Name":"QUINCY","Acres":0.1,"Cause":"Human","Year":2004}},{"type":"Feature","geometry":{"type":"Point","coordinates":[-120.05057,39.90167]},"properties":{"Fire_Name":"CONSTANTIA","Acres":0.3,"Cause":"Natural","Year":2004}},{"type":"Feature","geometry":{"type":"Point","coordinates":[-120.15029,39.90139]},"properties":{"Fire_Name":"SPRING","Acres":0.1,"Cause":"Natural","Year":2004}},{"type":"Feature","geometry":{"type":"Point","coordinates":[-120.16751,39.88528]},"properties":{"Fire_Name":"SEVEN","Acres":0.1,"Cause":"Natural","Year":2004}},{"type":"Feature","geometry":{"type":"Point","coordinates":[-120.15168,39.86723]},"properties":{"Fire_Name":"LAST","Acres":0.1,"Cause":"Natural","Year":2004}},{"type":"Feature","geometry":{"type":"Point","coordinates":[-120.08446,39.45195]},"properties":{"Fire_Name":"BRONK","Acres":0.1,"Cause":"Natural","Year":2004}},{"type":"Feature","geometry":{"type":"Point","coordinates":[-120.03501,39.88501]},"properties":{"Fire_Name":"RED ROCK","Acres":11,"Cause":"Natural","Year":2004}},{"type":"Feature","geometry":{"type":"Point","coordinates":[-120.11807,39.86695]},"properties":{"Fire_Name":"SNOWLAKE","Acres":0.1,"Cause":"Natural","Year":2004}},{"type":"Feature","geometry":{"type":"Point","coordinates":[-120.20057,40.01917]},"properties":{"Fire_Name":"MEADOWVIEW","Acres":0.1,"Cause":"Natural","Year":2004}},{"type":"Feature","geometry":{"type":"Point","coordinates":[-120.18335,39.96917]},"properties":{"Fire_Name":"BLOOMER","Acres":0.1,"Cause":"Natural","Year":2004}},{"type":"Feature","geometry":{"type":"Point","coordinates":[-120.20085,40.00084]},"properties":{"Fire_Name":"HALL","Acres":0.1,"Cause":"Natural","Year":2004}},{"type":"Feature","geometry":{"type":"Point","coordinates":[-120.23585,40.05195]},"properties":{"Fire_Name":"MCKESICK","Acres":0.2,"Cause":"Natural","Year":2004}},{"type":"Feature","geometry":{"type":"Point","coordinates":[-120.26724,39.96862]},"properties":{"Fire_Name":"RAMELLI","Acres":0.1,"Cause":"Natural","Year":2004}},{"type":"Feature","geometry":{"type":"Point","coordinates":[-120.1014,39.88417]},"properties":{"Fire_Name":"ADAMS PEAK","Acres":0.5,"Cause":"Natural","Year":2004}},{"type":"Feature","geometry":{"type":"Point","coordinates":[-120.15085,39.96695]},"properties":{"Fire_Name":"DOOLEY","Acres":0.2,"Cause":"Natural","Year":2004}},{"type":"Feature","geometry":{"type":"Point","coordinates":[-120.25112,40.10056]},"properties":{"Fire_Name":"DOWNING","Acres":0.2,"Cause":"Natural","Year":2004}},{"type":"Feature","geometry":{"type":"Point","coordinates":[-120.13418,39.96834]},"properties":{"Fire_Name":"KNOLL","Acres":0.1,"Cause":"Natural","Year":2004}},{"type":"Feature","geometry":{"type":"Point","coordinates":[-120.16696,40.01834]},"properties":{"Fire_Name":"LROCK","Acres":0.1,"Cause":"Natural","Year":2004}},{"type":"Feature","geometry":{"type":"Point","coordinates":[-120.1839,39.93389]},"properties":{"Fire_Name":"WORK STATION","Acres":0.1,"Cause":"Natural","Year":2004}},{"type":"Feature","geometry":{"type":"Point","coordinates":[-120.1839,39.93389]},"properties":{"Fire_Name":"EGG","Acres":0.1,"Cause":"Natural","Year":2004}},{"type":"Feature","geometry":{"type":"Point","coordinates":[-120.13557,39.98362]},"properties":{"Fire_Name":"ROB","Acres":0.2,"Cause":"Natural","Year":2004}},{"type":"Feature","geometry":{"type":"Point","coordinates":[-120.11807,39.78584]},"properties":{"Fire_Name":"PROSPECT","Acres":0.1,"Cause":"Natural","Year":2004}},{"type":"Feature","geometry":{"type":"Point","coordinates":[-120.15251,39.83473]},"properties":{"Fire_Name":"PINE","Acres":0.1,"Cause":"Natural","Year":2004}},{"type":"Feature","geometry":{"type":"Point","coordinates":[-120.11779,39.38501]},"properties":{"Fire_Name":"BOCA","Acres":0.1,"Cause":"Human","Year":2004}},{"type":"Feature","geometry":{"type":"Point","coordinates":[-120.0889,39.50862]},"properties":{"Fire_Name":"DAVIES","Acres":0.1,"Cause":"Human","Year":2004}},{"type":"Feature","geometry":{"type":"Point","coordinates":[-120.05168,39.48584]},"properties":{"Fire_Name":"SPRING","Acres":0.1,"Cause":"Natural","Year":2004}},{"type":"Feature","geometry":{"type":"Point","coordinates":[-120.08335,39.38556]},"properties":{"Fire_Name":"EAST","Acres":0.1,"Cause":"Human","Year":2004}},{"type":"Feature","geometry":{"type":"Point","coordinates":[-120.13418,39.49112]},"properties":{"Fire_Name":"STAMP","Acres":0.1,"Cause":"Natural","Year":2004}},{"type":"Feature","geometry":{"type":"Point","coordinates":[-120.13335,39.55001]},"properties":{"Fire_Name":"WHEELER","Acres":0.3,"Cause":"Natural","Year":2004}},{"type":"Feature","geometry":{"type":"Point","coordinates":[-120.23446,39.95056]},"properties":{"Fire_Name":"GRIGS","Acres":0.1,"Cause":"Natural","Year":2004}},{"type":"Feature","geometry":{"type":"Point","coordinates":[-120.09001,39.39778]},"properties":{"Fire_Name":"ROADSIDE","Acres":0.75,"Cause":"Human","Year":2004}},{"type":"Feature","geometry":{"type":"Point","coordinates":[-120.13529,39.43556]},"properties":{"Fire_Name":"SHEEP","Acres":0.1,"Cause":"Human","Year":2004}},{"type":"Feature","geometry":{"type":"Point","coordinates":[-119.85696,39.47445]},"properties":{"Fire_Name":"PINE HAVEN","Acres":0.5,"Cause":"Human","Year":2004}},{"type":"Feature","geometry":{"type":"Point","coordinates":[-119.65974,38.83723]},"properties":{"Fire_Name":"BODIE FLAT","Acres":0.1,"Cause":"Human","Year":2004}},{"type":"Feature","geometry":{"type":"Point","coordinates":[-119.81668,39.14445]},"properties":{"Fire_Name":"KINGS CANYON","Acres":0.1,"Cause":"Human","Year":2004}},{"type":"Feature","geometry":{"type":"Point","coordinates":[-120.03029,39.43223]},"properties":{"Fire_Name":"I-80","Acres":120,"Cause":"Human","Year":2004}},{"type":"Feature","geometry":{"type":"Point","coordinates":[-119.97112,39.48306]},"properties":{"Fire_Name":"QUILICI","Acres":0.1,"Cause":"Natural","Year":2004}},{"type":"Feature","geometry":{"type":"Point","coordinates":[-119.81446,39.10584]},"properties":{"Fire_Name":"JACKS VALLEY 2","Acres":0.1,"Cause":"Natural","Year":2004}},{"type":"Feature","geometry":{"type":"Point","coordinates":[-119.80307,39.10195]},"properties":{"Fire_Name":"JACKS VALLEY #1","Acres":0.1,"Cause":"Natural","Year":2004}},{"type":"Feature","geometry":{"type":"Point","coordinates":[-119.9814,39.56112]},"properties":{"Fire_Name":"MID-BULL","Acres":1080,"Cause":"Natural","Year":2004}},{"type":"Feature","geometry":{"type":"Point","coordinates":[-119.9939,39.55862]},"properties":{"Fire_Name":"BULL CREEK","Acres":0.1,"Cause":"Natural","Year":2004}},{"type":"Feature","geometry":{"type":"Point","coordinates":[-119.87751,39.08445]},"properties":{"Fire_Name":"BLISS","Acres":0.5,"Cause":"Natural","Year":2004}},{"type":"Feature","geometry":{"type":"Point","coordinates":[-119.88196,39.04612]},"properties":{"Fire_Name":"GENOA PEAK","Acres":0.1,"Cause":"Natural","Year":2004}},{"type":"Feature","geometry":{"type":"Point","coordinates":[-119.82418,38.80695]},"properties":{"Fire_Name":"LARSON","Acres":2,"Cause":"Natural","Year":2004}},{"type":"Feature","geometry":{"type":"Point","coordinates":[-119.82224,38.79945]},"properties":{"Fire_Name":"WADE-2","Acres":0.1,"Cause":"Natural","Year":2004}},{"type":"Feature","geometry":{"type":"Point","coordinates":[-119.93835,38.80639]},"properties":{"Fire_Name":"THOM 2","Acres":0.1,"Cause":"Natural","Year":2004}},{"type":"Feature","geometry":{"type":"Point","coordinates":[-120.08446,39.54028]},"properties":{"Fire_Name":"DOG","Acres":0.5,"Cause":"Human","Year":2004}},{"type":"Feature","geometry":{"type":"Point","coordinates":[-119.85001,38.85001]},"properties":{"Fire_Name":"FAYE 2","Acres":0.1,"Cause":"Natural","Year":2004}},{"type":"Feature","geometry":{"type":"Point","coordinates":[-119.77029,39.15139]},"properties":{"Fire_Name":"POWERPOLE","Acres":0.1,"Cause":"Human","Year":2004}},{"type":"Feature","geometry":{"type":"Point","coordinates":[-119.89057,39.58528]},"properties":{"Fire_Name":"HORIZON","Acres":15,"Cause":"Human","Year":2004}},{"type":"Feature","geometry":{"type":"Point","coordinates":[-119.91668,39.46778]},"properties":{"Fire_Name":"HUNTER","Acres":0.5,"Cause":"Natural","Year":2004}},{"type":"Feature","geometry":{"type":"Point","coordinates":[-120.08446,39.68028]},"properties":{"Fire_Name":"DARK","Acres":0.1,"Cause":"Natural","Year":2004}},{"type":"Feature","geometry":{"type":"Point","coordinates":[-119.89335,39.48973]},"properties":{"Fire_Name":"WOODCHUCK","Acres":5,"Cause":"Natural","Year":2004}},{"type":"Feature","geometry":{"type":"Point","coordinates":[-119.88251,39.39584]},"properties":{"Fire_Name":"THOM","Acres":0.1,"Cause":"Human","Year":2004}},{"type":"Feature","geometry":{"type":"Point","coordinates":[-120.08251,39.57945]},"properties":{"Fire_Name":"LOOKOUT","Acres":0.1,"Cause":"Natural","Year":2004}},{"type":"Feature","geometry":{"type":"Point","coordinates":[-120.06446,39.58667]},"properties":{"Fire_Name":"LOOKOUT 2","Acres":0.1,"Cause":"Natural","Year":2004}},{"type":"Feature","geometry":{"type":"Point","coordinates":[-120.03585,39.53945]},"properties":{"Fire_Name":"SUMMIT 1","Acres":0.1,"Cause":"Human","Year":2004}},{"type":"Feature","geometry":{"type":"Point","coordinates":[-120.08085,39.74056]},"properties":{"Fire_Name":"BUG","Acres":12.423986069890212,"Cause":"Natural","Year":2004}},{"type":"Feature","geometry":{"type":"Point","coordinates":[-119.69057,38.81806]},"properties":{"Fire_Name":"MUD LAKE","Acres":257.60209795813785,"Cause":"Human","Year":2004}},{"type":"Feature","geometry":{"type":"Point","coordinates":[-119.82362,39.15445]},"properties":{"Fire_Name":"WATERFALL","Acres":8758.71001214542,"Cause":"Human","Year":2004}},{"type":"Feature","geometry":{"type":"Point","coordinates":[-120.18557,39.68528]},"properties":{"Fire_Name":"ELEPHANT","Acres":0.1,"Cause":"Natural","Year":2004}},{"type":"Feature","geometry":{"type":"Point","coordinates":[-120.08029,39.58862]},"properties":{"Fire_Name":"CRYSTAL","Acres":0.25,"Cause":"Natural","Year":2004}},{"type":"Feature","geometry":{"type":"Point","coordinates":[-120.06224,39.57251]},"properties":{"Fire_Name":"SPRING FIRE","Acres":0.1,"Cause":"Natural","Year":2004}},{"type":"Feature","geometry":{"type":"Point","coordinates":[-120.03446,39.61973]},"properties":{"Fire_Name":"PURDY FIRE","Acres":0.25,"Cause":"Natural","Year":2004}},{"type":"Feature","geometry":{"type":"Point","coordinates":[-120.00557,39.60917]},"properties":{"Fire_Name":"WESTSIDE FIRE","Acres":2,"Cause":"Natural","Year":2004}},{"type":"Feature","geometry":{"type":"Point","coordinates":[-120.04474,39.60445]},"properties":{"Fire_Name":"CUTTER FIRE","Acres":0.25,"Cause":"Natural","Year":2004}},{"type":"Feature","geometry":{"type":"Point","coordinates":[-119.97196,39.58112]},"properties":{"Fire_Name":"MITCHELL CANYON FIRE","Acres":0.1,"Cause":"Natural","Year":2004}},{"type":"Feature","geometry":{"type":"Point","coordinates":[-120.02307,39.53889]},"properties":{"Fire_Name":"MOLE STATION","Acres":0.25,"Cause":"Human","Year":2004}},{"type":"Feature","geometry":{"type":"Point","coordinates":[-119.94585,39.38445]},"properties":{"Fire_Name":"BRONCO","Acres":0.1,"Cause":"Natural","Year":2004}},{"type":"Feature","geometry":{"type":"Point","coordinates":[-120.08529,39.38389]},"properties":{"Fire_Name":"BOCA 1","Acres":0.3,"Cause":"Human","Year":2004}},{"type":"Feature","geometry":{"type":"Point","coordinates":[-120.18474,39.75251]},"properties":{"Fire_Name":"MARTIN","Acres":131,"Cause":"Human","Year":2004}},{"type":"Feature","geometry":{"type":"Point","coordinates":[-120.06751,39.24306]},"properties":{"Fire_Name":"AGATE","Acres":0.1,"Cause":"Human","Year":2004}},{"type":"Feature","geometry":{"type":"Point","coordinates":[-119.93501,38.93528]},"properties":{"Fire_Name":"KELLER","Acres":0.1,"Cause":"Human","Year":2004}},{"type":"Feature","geometry":{"type":"Point","coordinates":[-119.96668,38.88334]},"properties":{"Fire_Name":"POWERLINE","Acres":0.1,"Cause":"Human","Year":2004}},{"type":"Feature","geometry":{"type":"Point","coordinates":[-119.93557,38.95195]},"properties":{"Fire_Name":"RABE","Acres":0.1,"Cause":"Human","Year":2004}},{"type":"Feature","geometry":{"type":"Point","coordinates":[-120.0839,39.23723]},"properties":{"Fire_Name":"WOODS","Acres":0.1,"Cause":"Human","Year":2004}},{"type":"Feature","geometry":{"type":"Point","coordinates":[-119.96779,38.88751]},"properties":{"Fire_Name":"POWELINE #3","Acres":0.1,"Cause":"Human","Year":2004}},{"type":"Feature","geometry":{"type":"Point","coordinates":[-119.94612,38.95112]},"properties":{"Fire_Name":"MONTREAL","Acres":0.2,"Cause":"Human","Year":2004}},{"type":"Feature","geometry":{"type":"Point","coordinates":[-119.98251,38.91917]},"properties":{"Fire_Name":"ALBERTSON'S #2","Acres":0.1,"Cause":"Human","Year":2004}},{"type":"Feature","geometry":{"type":"Point","coordinates":[-119.9689,38.91917]},"properties":{"Fire_Name":"TROUT","Acres":0.1,"Cause":"Human","Year":2004}},{"type":"Feature","geometry":{"type":"Point","coordinates":[-119.94612,38.95473]},"properties":{"Fire_Name":"CHONOKIS","Acres":0.1,"Cause":"Human","Year":2004}},{"type":"Feature","geometry":{"type":"Point","coordinates":[-119.94335,39.13001]},"properties":{"Fire_Name":"SKUNK","Acres":0.1,"Cause":"Human","Year":2004}},{"type":"Feature","geometry":{"type":"Point","coordinates":[-119.60211,39.95051]},"properties":{"Fire_Name":"V.W.","Acres":0.1,"Cause":"Human","Year":2000}},{"type":"Feature","geometry":{"type":"Point","coordinates":[-119.66431,38.83711]},"properties":{"Fire_Name":"CHINASPRNG","Acres":554,"Cause":"Human","Year":2000}},{"type":"Feature","geometry":{"type":"Point","coordinates":[-119.38271,39.71961]},"properties":{"Fire_Name":"JONES","Acres":2370,"Cause":"Human","Year":2000}},{"type":"Feature","geometry":{"type":"Point","coordinates":[-119.28431,39.62321]},"properties":{"Fire_Name":"BIG BEND","Acres":0.1,"Cause":"Human","Year":2000}},{"type":"Feature","geometry":{"type":"Point","coordinates":[-119.37911,39.71191]},"properties":{"Fire_Name":"NATION","Acres":0.1,"Cause":"Natural","Year":2000}},{"type":"Feature","geometry":{"type":"Point","coordinates":[-119.35461,39.80241]},"properties":{"Fire_Name":"LTL NIXON","Acres":0.1,"Cause":"Human","Year":2001}},{"type":"Feature","geometry":{"type":"Point","coordinates":[-119.42241,40.22431]},"properties":{"Fire_Name":"EMPIRE","Acres":150,"Cause":"Natural","Year":2004}},{"type":"Feature","geometry":{"type":"Point","coordinates":[-120.04271,39.95161]},"properties":{"Fire_Name":"CCD MENDO","Acres":0.2,"Cause":"Human","Year":2000}},{"type":"Feature","geometry":{"type":"Point","coordinates":[-120.10271,40.01991]},"properties":{"Fire_Name":"CCD POLE","Acres":0.5,"Cause":"Human","Year":2000}},{"type":"Feature","geometry":{"type":"Point","coordinates":[-120.04601,40.06491]},"properties":{"Fire_Name":"CCD TURTLE","Acres":1076,"Cause":"Natural","Year":2000}},{"type":"Feature","geometry":{"type":"Point","coordinates":[-120.12771,40.04821]},"properties":{"Fire_Name":"CCD SUSAN","Acres":3,"Cause":"Human","Year":2000}},{"type":"Feature","geometry":{"type":"Point","coordinates":[-120.10271,40.03491]},"properties":{"Fire_Name":"CCD SCHOOL","Acres":0.1,"Cause":"Human","Year":2000}},{"type":"Feature","geometry":{"type":"Point","coordinates":[-120.17771,40.13661]},"properties":{"Fire_Name":"CCD AIR","Acres":0.5,"Cause":"Human","Year":2000}},{"type":"Feature","geometry":{"type":"Point","coordinates":[-120.15771,40.03491]},"properties":{"Fire_Name":"CCD TIE","Acres":0.5,"Cause":"Human","Year":2000}},{"type":"Feature","geometry":{"type":"Point","coordinates":[-120.17771,40.09321]},"properties":{"Fire_Name":"CCD BIRD","Acres":1,"Cause":"Human","Year":2000}},{"type":"Feature","geometry":{"type":"Point","coordinates":[-120.23441,40.12321]},"properties":{"Fire_Name":"CCD HERLON","Acres":3,"Cause":"Human","Year":2000}},{"type":"Feature","geometry":{"type":"Point","coordinates":[-120.12101,40.03491]},"properties":{"Fire_Name":"395","Acres":0.1,"Cause":"Human","Year":2001}},{"type":"Feature","geometry":{"type":"Point","coordinates":[-120.08441,40.01991]},"properties":{"Fire_Name":"CCD HOME","Acres":0.5,"Cause":"Natural","Year":2001}},{"type":"Feature","geometry":{"type":"Point","coordinates":[-120.13941,40.01991]},"properties":{"Fire_Name":"CCD HOBBS","Acres":0.1,"Cause":"Human","Year":2001}},{"type":"Feature","geometry":{"type":"Point","coordinates":[-120.10271,40.01991]},"properties":{"Fire_Name":"CCD DOYLE","Acres":0.5,"Cause":"Human","Year":2001}},{"type":"Feature","geometry":{"type":"Point","coordinates":[-120.12101,40.03491]},"properties":{"Fire_Name":"CCD CASTOD","Acres":0.1,"Cause":"Human","Year":2001}},{"type":"Feature","geometry":{"type":"Point","coordinates":[-120.13941,40.13661]},"properties":{"Fire_Name":"CCD SPRUCE","Acres":0.1,"Cause":"Human","Year":2001}},{"type":"Feature","geometry":{"type":"Point","coordinates":[-120.17771,40.13661]},"properties":{"Fire_Name":"CCD HERLON","Acres":2,"Cause":"Human","Year":2001}},{"type":"Feature","geometry":{"type":"Point","coordinates":[-120.10271,40.00661]},"properties":{"Fire_Name":"CCD ROAD","Acres":2.5,"Cause":"Human","Year":2002}},{"type":"Feature","geometry":{"type":"Point","coordinates":[-120.14771,40.07491]},"properties":{"Fire_Name":"CCD LONG","Acres":0.1,"Cause":"Human","Year":2002}},{"type":"Feature","geometry":{"type":"Point","coordinates":[-120.13941,40.04991]},"properties":{"Fire_Name":"CCD DOYLE","Acres":0.1,"Cause":"Human","Year":2002}},{"type":"Feature","geometry":{"type":"Point","coordinates":[-120.12101,40.01991]},"properties":{"Fire_Name":"CCD GRADE","Acres":1.5,"Cause":"Human","Year":2002}},{"type":"Feature","geometry":{"type":"Point","coordinates":[-120.06601,40.01991]},"properties":{"Fire_Name":"CCD HOME 1","Acres":0.1,"Cause":"Natural","Year":2002}},{"type":"Feature","geometry":{"type":"Point","coordinates":[-120.04601,40.01991]},"properties":{"Fire_Name":"CCD HOME 2","Acres":0.1,"Cause":"Natural","Year":2002}},{"type":"Feature","geometry":{"type":"Point","coordinates":[-120.04271,39.94661]},"properties":{"Fire_Name":"CCD RUSS","Acres":0.3,"Cause":"Natural","Year":2002}},{"type":"Feature","geometry":{"type":"Point","coordinates":[-120.04661,39.94911]},"properties":{"Fire_Name":"CCD TOP","Acres":0.1,"Cause":"Natural","Year":2002}},{"type":"Feature","geometry":{"type":"Point","coordinates":[-120.11491,40.02351]},"properties":{"Fire_Name":"CCD GRADE","Acres":0.1,"Cause":"Natural","Year":2003}},{"type":"Feature","geometry":{"type":"Point","coordinates":[-120.10851,40.08411]},"properties":{"Fire_Name":"CCD HACK","Acres":0.1,"Cause":"Natural","Year":2003}},{"type":"Feature","geometry":{"type":"Point","coordinates":[-120.02831,39.89181]},"properties":{"Fire_Name":"CCD CLAUD","Acres":0.1,"Cause":"Natural","Year":2003}},{"type":"Feature","geometry":{"type":"Point","coordinates":[-120.02831,40.00661]},"properties":{"Fire_Name":"CCD FISH","Acres":0.1,"Cause":"Natural","Year":2003}},{"type":"Feature","geometry":{"type":"Point","coordinates":[-120.18441,40.12771]},"properties":{"Fire_Name":"CCD GARN","Acres":22.2,"Cause":"Human","Year":2003}},{"type":"Feature","geometry":{"type":"Point","coordinates":[-120.13101,40.09821]},"properties":{"Fire_Name":"CCD MP 368","Acres":0.1,"Cause":"Human","Year":2003}},{"type":"Feature","geometry":{"type":"Point","coordinates":[-120.13941,40.04991]},"properties":{"Fire_Name":"CCD LASATE","Acres":0.1,"Cause":"Human","Year":2003}},{"type":"Feature","geometry":{"type":"Point","coordinates":[-120.15491,40.02051]},"properties":{"Fire_Name":"CCD WOLFEN","Acres":0.1,"Cause":"Natural","Year":2004}},{"type":"Feature","geometry":{"type":"Point","coordinates":[-120.08051,40.04411]},"properties":{"Fire_Name":"CCD SAGE","Acres":0.5,"Cause":"Natural","Year":2004}},{"type":"Feature","geometry":{"type":"Point","coordinates":[-120.00831,39.99131]},"properties":{"Fire_Name":"CCD HOME","Acres":0.5,"Cause":"Natural","Year":2004}},{"type":"Feature","geometry":{"type":"Point","coordinates":[-120.05831,40.02801]},"properties":{"Fire_Name":"CCD HOPE","Acres":0.1,"Cause":"Natural","Year":2004}},{"type":"Feature","geometry":{"type":"Point","coordinates":[-120.07051,40.02161]},"properties":{"Fire_Name":"CCD SAT","Acres":0.1,"Cause":"Natural","Year":2004}},{"type":"Feature","geometry":{"type":"Point","coordinates":[-120.06691,40.06491]},"properties":{"Fire_Name":"CCD OHV","Acres":0.1,"Cause":"Natural","Year":2004}},{"type":"Feature","geometry":{"type":"Point","coordinates":[-120.07581,40.06381]},"properties":{"Fire_Name":"CCD OHV 2","Acres":0.1,"Cause":"Natural","Year":2004}},{"type":"Feature","geometry":{"type":"Point","coordinates":[-120.14271,40.07491]},"properties":{"Fire_Name":"CCD 395","Acres":0.7,"Cause":"Human","Year":2005}},{"type":"Feature","geometry":{"type":"Point","coordinates":[-120.17301,40.10271]},"properties":{"Fire_Name":"CCD WILD","Acres":0.1,"Cause":"Human","Year":2005}},{"type":"Feature","geometry":{"type":"Point","coordinates":[-120.05171,40.05751]},"properties":{"Fire_Name":"CCD BALLOO","Acres":0.1,"Cause":"Natural","Year":2005}},{"type":"Feature","geometry":{"type":"Point","coordinates":[-119.65881,39.19301]},"properties":{"Fire_Name":"RIVERCROSS","Acres":4,"Cause":"Human","Year":2000}},{"type":"Feature","geometry":{"type":"Point","coordinates":[-119.83941,39.70321]},"properties":{"Fire_Name":"MATTERHORN","Acres":0.3,"Cause":"Human","Year":2000}},{"type":"Feature","geometry":{"type":"Point","coordinates":[-119.28571,39.63461]},"properties":{"Fire_Name":"WNA  1","Acres":0.1,"Cause":"Human","Year":2000}},{"type":"Feature","geometry":{"type":"Point","coordinates":[-119.31041,39.64071]},"properties":{"Fire_Name":"WNA 2","Acres":0.1,"Cause":"Human","Year":2000}},{"type":"Feature","geometry":{"type":"Point","coordinates":[-119.64821,38.84961]},"properties":{"Fire_Name":"WNA 3","Acres":0.3,"Cause":"Human","Year":2000}},{"type":"Feature","geometry":{"type":"Point","coordinates":[-119.31241,39.63991]},"properties":{"Fire_Name":"WNA 5","Acres":0.1,"Cause":"Human","Year":2000}},{"type":"Feature","geometry":{"type":"Point","coordinates":[-119.63441,39.61661]},"properties":{"Fire_Name":"REFUSE","Acres":1,"Cause":"Human","Year":2000}},{"type":"Feature","geometry":{"type":"Point","coordinates":[-119.54931,39.77691]},"properties":{"Fire_Name":"RIGHT HAND","Acres":1,"Cause":"Human","Year":2000}},{"type":"Feature","geometry":{"type":"Point","coordinates":[-119.14631,39.33301]},"properties":{"Fire_Name":"LAKE","Acres":1,"Cause":"Human","Year":2000}},{"type":"Feature","geometry":{"type":"Point","coordinates":[-119.60771,39.88321]},"properties":{"Fire_Name":"WNA 7","Acres":2,"Cause":"Human","Year":2000}},{"type":"Feature","geometry":{"type":"Point","coordinates":[-119.63411,39.53301]},"properties":{"Fire_Name":"MUSTNGDUMP","Acres":3,"Cause":"Human","Year":2000}},{"type":"Feature","geometry":{"type":"Point","coordinates":[-119.62801,39.99351]},"properties":{"Fire_Name":"WNA 8","Acres":0.1,"Cause":"Human","Year":2000}},{"type":"Feature","geometry":{"type":"Point","coordinates":[-119.78851,39.70461]},"properties":{"Fire_Name":"CAR FIRE","Acres":0.1,"Cause":"Human","Year":2000}},{"type":"Feature","geometry":{"type":"Point","coordinates":[-119.68771,39.90571]},"properties":{"Fire_Name":"SEDGE","Acres":0.1,"Cause":"Natural","Year":2000}},{"type":"Feature","geometry":{"type":"Point","coordinates":[-119.67991,39.90571]},"properties":{"Fire_Name":"MICRO","Acres":0.1,"Cause":"Natural","Year":2000}},{"type":"Feature","geometry":{"type":"Point","coordinates":[-119.35601,39.24571]},"properties":{"Fire_Name":"MINERAL","Acres":40,"Cause":"Natural","Year":2000}},{"type":"Feature","geometry":{"type":"Point","coordinates":[-119.42541,39.29411]},"properties":{"Fire_Name":"TABLE","Acres":0.1,"Cause":"Natural","Year":2000}},{"type":"Feature","geometry":{"type":"Point","coordinates":[-119.75711,39.28241]},"properties":{"Fire_Name":"JUMBO","Acres":3,"Cause":"Human","Year":2000}},{"type":"Feature","geometry":{"type":"Point","coordinates":[-119.63211,39.75661]},"properties":{"Fire_Name":"POLELINE","Acres":1.8,"Cause":"Human","Year":2000}},{"type":"Feature","geometry":{"type":"Point","coordinates":[-119.43101,38.94851]},"properties":{"Fire_Name":"BURBANK 2","Acres":3,"Cause":"Natural","Year":2000}},{"type":"Feature","geometry":{"type":"Point","coordinates":[-119.66521,39.55191]},"properties":{"Fire_Name":"8TH HOLE","Acres":1766,"Cause":"Human","Year":2000}},{"type":"Feature","geometry":{"type":"Point","coordinates":[-119.54461,39.75461]},"properties":{"Fire_Name":"VIRGINIA","Acres":35,"Cause":"Human","Year":2000}},{"type":"Feature","geometry":{"type":"Point","coordinates":[-119.68601,39.69021]},"properties":{"Fire_Name":"HUNGARY","Acres":10,"Cause":"Natural","Year":2000}},{"type":"Feature","geometry":{"type":"Point","coordinates":[-119.77801,39.69821]},"properties":{"Fire_Name":"CANYON","Acres":5,"Cause":"Natural","Year":2000}},{"type":"Feature","geometry":{"type":"Point","coordinates":[-119.99351,39.76351]},"properties":{"Fire_Name":"HAL JCT 2","Acres":0.3,"Cause":"Natural","Year":2000}},{"type":"Feature","geometry":{"type":"Point","coordinates":[-119.98271,39.76521]},"properties":{"Fire_Name":"HAL JCT 1","Acres":0.1,"Cause":"Natural","Year":2000}},{"type":"Feature","geometry":{"type":"Point","coordinates":[-119.99441,39.98181]},"properties":{"Fire_Name":"FT SAGE","Acres":0.1,"Cause":"Natural","Year":2000}},{"type":"Feature","geometry":{"type":"Point","coordinates":[-120.00461,39.98271]},"properties":{"Fire_Name":"FLAT","Acres":0.1,"Cause":"Natural","Year":2000}},{"type":"Feature","geometry":{"type":"Point","coordinates":[-119.99161,40.01961]},"properties":{"Fire_Name":"TURTLE","Acres":0.3,"Cause":"Natural","Year":2000}},{"type":"Feature","geometry":{"type":"Point","coordinates":[-119.72491,40.05051]},"properties":{"Fire_Name":"WHISKEY","Acres":25,"Cause":"Natural","Year":2000}},{"type":"Feature","geometry":{"type":"Point","coordinates":[-119.71271,40.05661]},"properties":{"Fire_Name":"WNA 9","Acres":1,"Cause":"Natural","Year":2000}},{"type":"Feature","geometry":{"type":"Point","coordinates":[-119.60851,39.01851]},"properties":{"Fire_Name":"BUCKEYE","Acres":0.3,"Cause":"Natural","Year":2000}},{"type":"Feature","geometry":{"type":"Point","coordinates":[-119.66351,39.19321]},"properties":{"Fire_Name":"BRUNSWICK","Acres":0.1,"Cause":"Natural","Year":2000}},{"type":"Feature","geometry":{"type":"Point","coordinates":[-119.67131,39.19321]},"properties":{"Fire_Name":"CC DUMP","Acres":11,"Cause":"Natural","Year":2000}},{"type":"Feature","geometry":{"type":"Point","coordinates":[-119.57571,38.84521]},"properties":{"Fire_Name":"RUBY","Acres":0.3,"Cause":"Natural","Year":2000}},{"type":"Feature","geometry":{"type":"Point","coordinates":[-119.33241,39.23631]},"properties":{"Fire_Name":"HOT SPRING","Acres":1,"Cause":"Natural","Year":2000}},{"type":"Feature","geometry":{"type":"Point","coordinates":[-119.49961,39.36661]},"properties":{"Fire_Name":"TIBBIE 2","Acres":0.1,"Cause":"Natural","Year":2000}},{"type":"Feature","geometry":{"type":"Point","coordinates":[-119.68631,39.13491]},"properties":{"Fire_Name":"SEDGE 2","Acres":0.1,"Cause":"Natural","Year":2000}},{"type":"Feature","geometry":{"type":"Point","coordinates":[-119.65101,39.69321]},"properties":{"Fire_Name":"QUIVERRA","Acres":0.1,"Cause":"Natural","Year":2000}},{"type":"Feature","geometry":{"type":"Point","coordinates":[-119.63101,39.13491]},"properties":{"Fire_Name":"RATTLESNKE","Acres":0.1,"Cause":"Natural","Year":2000}},{"type":"Feature","geometry":{"type":"Point","coordinates":[-119.49961,39.36661]},"properties":{"Fire_Name":"TIBBIE 1","Acres":4.5,"Cause":"Natural","Year":2000}},{"type":"Feature","geometry":{"type":"Point","coordinates":[-119.61291,39.01881]},"properties":{"Fire_Name":"CHERRY BOY","Acres":0.5,"Cause":"Natural","Year":2000}},{"type":"Feature","geometry":{"type":"Point","coordinates":[-119.74351,39.76021]},"properties":{"Fire_Name":"ANTELHUNG","Acres":11690,"Cause":"Natural","Year":2000}},{"type":"Feature","geometry":{"type":"Point","coordinates":[-119.62911,39.58711]},"properties":{"Fire_Name":"CANOE","Acres":1795,"Cause":"Natural","Year":2000}},{"type":"Feature","geometry":{"type":"Point","coordinates":[-119.61131,39.53241]},"properties":{"Fire_Name":"MUSTANG","Acres":1,"Cause":"Natural","Year":2000}},{"type":"Feature","geometry":{"type":"Point","coordinates":[-119.37931,39.48521]},"properties":{"Fire_Name":"RAMSEY","Acres":7597,"Cause":"Natural","Year":2000}},{"type":"Feature","geometry":{"type":"Point","coordinates":[-119.59821,38.92771]},"properties":{"Fire_Name":"NUT 1","Acres":0.5,"Cause":"Natural","Year":2000}},{"type":"Feature","geometry":{"type":"Point","coordinates":[-119.56771,38.92131]},"properties":{"Fire_Name":"NUT 2","Acres":0.1,"Cause":"Natural","Year":2000}},{"type":"Feature","geometry":{"type":"Point","coordinates":[-119.42881,39.88241]},"properties":{"Fire_Name":"WNA 11","Acres":2870,"Cause":"Natural","Year":2000}},{"type":"Feature","geometry":{"type":"Point","coordinates":[-119.66801,39.09941]},"properties":{"Fire_Name":"SAND","Acres":2,"Cause":"Natural","Year":2000}},{"type":"Feature","geometry":{"type":"Point","coordinates":[-119.63101,39.13491]},"properties":{"Fire_Name":"BIDWELL","Acres":0.3,"Cause":"Natural","Year":2000}},{"type":"Feature","geometry":{"type":"Point","coordinates":[-119.27931,39.63601]},"properties":{"Fire_Name":"WNA 12","Acres":0.5,"Cause":"Human","Year":2000}},{"type":"Feature","geometry":{"type":"Point","coordinates":[-119.81571,39.62771]},"properties":{"Fire_Name":"ESTATES","Acres":4,"Cause":"Human","Year":2000}},{"type":"Feature","geometry":{"type":"Point","coordinates":[-119.92881,39.79821]},"properties":{"Fire_Name":"RED","Acres":5,"Cause":"Human","Year":2000}},{"type":"Feature","geometry":{"type":"Point","coordinates":[-119.66801,39.16381]},"properties":{"Fire_Name":"MARAMAC","Acres":1.5,"Cause":"Human","Year":2000}},{"type":"Feature","geometry":{"type":"Point","coordinates":[-119.35271,39.82941]},"properties":{"Fire_Name":"WNA 13","Acres":0.1,"Cause":"Human","Year":2000}},{"type":"Feature","geometry":{"type":"Point","coordinates":[-119.53911,38.94661]},"properties":{"Fire_Name":"MINERAL","Acres":0.5,"Cause":"Natural","Year":2000}},{"type":"Feature","geometry":{"type":"Point","coordinates":[-119.54461,38.99711]},"properties":{"Fire_Name":"LONE PINE","Acres":0.1,"Cause":"Natural","Year":2000}},{"type":"Feature","geometry":{"type":"Point","coordinates":[-119.38681,39.70211]},"properties":{"Fire_Name":"NAT OUT 1","Acres":1,"Cause":"Natural","Year":2000}},{"type":"Feature","geometry":{"type":"Point","coordinates":[-119.68571,39.51191]},"properties":{"Fire_Name":"BRIDGE","Acres":0.1,"Cause":"Human","Year":2000}},{"type":"Feature","geometry":{"type":"Point","coordinates":[-119.68601,39.51851]},"properties":{"Fire_Name":"VISTA","Acres":2,"Cause":"Human","Year":2000}},{"type":"Feature","geometry":{"type":"Point","coordinates":[-119.97601,39.97491]},"properties":{"Fire_Name":"CLDSPRINGS","Acres":835,"Cause":"Human","Year":2000}},{"type":"Feature","geometry":{"type":"Point","coordinates":[-119.68631,39.13491]},"properties":{"Fire_Name":"HAUNTZ","Acres":0.1,"Cause":"Human","Year":2000}},{"type":"Feature","geometry":{"type":"Point","coordinates":[-119.64791,38.86521]},"properties":{"Fire_Name":"CHRIS","Acres":0.1,"Cause":"Natural","Year":2000}},{"type":"Feature","geometry":{"type":"Point","coordinates":[-119.61771,38.81411]},"properties":{"Fire_Name":"JAKES","Acres":0.1,"Cause":"Natural","Year":2000}},{"type":"Feature","geometry":{"type":"Point","coordinates":[-119.55381,38.82691]},"properties":{"Fire_Name":"ONION","Acres":0.1,"Cause":"Natural","Year":2000}},{"type":"Feature","geometry":{"type":"Point","coordinates":[-119.66801,39.06241]},"properties":{"Fire_Name":"MCTARNAHAN","Acres":0.5,"Cause":"Natural","Year":2000}},{"type":"Feature","geometry":{"type":"Point","coordinates":[-119.68631,39.09131]},"properties":{"Fire_Name":"HOT SPRG 2","Acres":0.1,"Cause":"Natural","Year":2000}},{"type":"Feature","geometry":{"type":"Point","coordinates":[-119.68631,39.10571]},"properties":{"Fire_Name":"BUCK","Acres":0.1,"Cause":"Natural","Year":2000}},{"type":"Feature","geometry":{"type":"Point","coordinates":[-119.61271,39.00741]},"properties":{"Fire_Name":"FISHSPRGS","Acres":0.1,"Cause":"Natural","Year":2000}},{"type":"Feature","geometry":{"type":"Point","coordinates":[-119.66801,39.13321]},"properties":{"Fire_Name":"COMO","Acres":4,"Cause":"Natural","Year":2000}},{"type":"Feature","geometry":{"type":"Point","coordinates":[-119.62991,39.26521]},"properties":{"Fire_Name":"SILVER","Acres":2,"Cause":"Natural","Year":2000}},{"type":"Feature","geometry":{"type":"Point","coordinates":[-119.95441,39.76211]},"properties":{"Fire_Name":"RED ROCK 2","Acres":2190,"Cause":"Natural","Year":2000}},{"type":"Feature","geometry":{"type":"Point","coordinates":[-119.59431,39.09131]},"properties":{"Fire_Name":"SUNRISE","Acres":0.1,"Cause":"Natural","Year":2000}},{"type":"Feature","geometry":{"type":"Point","coordinates":[-119.53881,39.69021]},"properties":{"Fire_Name":"WILCOXCYN","Acres":0.1,"Cause":"Natural","Year":2000}},{"type":"Feature","geometry":{"type":"Point","coordinates":[-119.71771,39.88321]},"properties":{"Fire_Name":"SKIN","Acres":0.1,"Cause":"Natural","Year":2000}},{"type":"Feature","geometry":{"type":"Point","coordinates":[-119.87491,39.76021]},"properties":{"Fire_Name":"STAMPEDE","Acres":0.1,"Cause":"Natural","Year":2000}},{"type":"Feature","geometry":{"type":"Point","coordinates":[-119.59991,38.89821]},"properties":{"Fire_Name":"TWITCHER","Acres":0.1,"Cause":"Natural","Year":2000}},{"type":"Feature","geometry":{"type":"Point","coordinates":[-119.95021,40.16601]},"properties":{"Fire_Name":"RAILROAD","Acres":0.5,"Cause":"Human","Year":2000}},{"type":"Feature","geometry":{"type":"Point","coordinates":[-119.51821,39.80351]},"properties":{"Fire_Name":"NAT OUT 2","Acres":0.1,"Cause":"Undetermined","Year":2000}},{"type":"Feature","geometry":{"type":"Point","coordinates":[-119.83741,39.73101]},"properties":{"Fire_Name":"ANTELOPE 3","Acres":0.1,"Cause":"Natural","Year":2000}},{"type":"Feature","geometry":{"type":"Point","coordinates":[-119.79991,39.71661]},"properties":{"Fire_Name":"HUNGRY I","Acres":0.1,"Cause":"Natural","Year":2000}},{"type":"Feature","geometry":{"type":"Point","coordinates":[-119.80351,39.71071]},"properties":{"Fire_Name":"HUNGARY 2","Acres":0.1,"Cause":"Natural","Year":2000}},{"type":"Feature","geometry":{"type":"Point","coordinates":[-119.63961,40.00191]},"properties":{"Fire_Name":"WNA 14","Acres":258,"Cause":"Natural","Year":2000}},{"type":"Feature","geometry":{"type":"Point","coordinates":[-119.42131,39.73131]},"properties":{"Fire_Name":"WADSWORTH","Acres":0.1,"Cause":"Natural","Year":2000}},{"type":"Feature","geometry":{"type":"Point","coordinates":[-119.40101,39.74991]},"properties":{"Fire_Name":"STUDHORSE","Acres":0.1,"Cause":"Natural","Year":2000}},{"type":"Feature","geometry":{"type":"Point","coordinates":[-119.66801,38.88851]},"properties":{"Fire_Name":"FISH","Acres":0.1,"Cause":"Natural","Year":2000}},{"type":"Feature","geometry":{"type":"Point","coordinates":[-119.87491,39.73101]},"properties":{"Fire_Name":"ANTELOPE I","Acres":0.1,"Cause":"Natural","Year":2000}},{"type":"Feature","geometry":{"type":"Point","coordinates":[-119.85631,39.71661]},"properties":{"Fire_Name":"ANTELOPE 2","Acres":0.1,"Cause":"Natural","Year":2000}},{"type":"Feature","geometry":{"type":"Point","coordinates":[-119.59551,39.71661]},"properties":{"Fire_Name":"PIOCHE I","Acres":0.1,"Cause":"Natural","Year":2000}},{"type":"Feature","geometry":{"type":"Point","coordinates":[-119.66911,39.66411]},"properties":{"Fire_Name":"PIOCHE II","Acres":0.1,"Cause":"Natural","Year":2000}},{"type":"Feature","geometry":{"type":"Point","coordinates":[-119.70241,39.78631]},"properties":{"Fire_Name":"JACKRABBIT","Acres":1,"Cause":"Natural","Year":2000}},{"type":"Feature","geometry":{"type":"Point","coordinates":[-119.55771,39.74991]},"properties":{"Fire_Name":"TWIN SPRGS","Acres":0.1,"Cause":"Natural","Year":2000}},{"type":"Feature","geometry":{"type":"Point","coordinates":[-119.64991,39.80351]},"properties":{"Fire_Name":"SIERRA","Acres":0.1,"Cause":"Human","Year":2000}},{"type":"Feature","geometry":{"type":"Point","coordinates":[-119.49911,39.73321]},"properties":{"Fire_Name":"BEAR","Acres":0.1,"Cause":"Natural","Year":2000}},{"type":"Feature","geometry":{"type":"Point","coordinates":[-119.34961,39.42991]},"properties":{"Fire_Name":"KARL","Acres":0.1,"Cause":"Natural","Year":2000}},{"type":"Feature","geometry":{"type":"Point","coordinates":[-119.93661,39.68211]},"properties":{"Fire_Name":"GRANITE","Acres":0.5,"Cause":"Natural","Year":2000}},{"type":"Feature","geometry":{"type":"Point","coordinates":[-119.66741,39.94961]},"properties":{"Fire_Name":"WNA 16","Acres":96,"Cause":"Natural","Year":2000}},{"type":"Feature","geometry":{"type":"Point","coordinates":[-119.41771,40.11661]},"properties":{"Fire_Name":"WNA 17","Acres":125,"Cause":"Natural","Year":2000}},{"type":"Feature","geometry":{"type":"Point","coordinates":[-119.67301,39.93381]},"properties":{"Fire_Name":"WNA 18","Acres":0.1,"Cause":"Natural","Year":2000}},{"type":"Feature","geometry":{"type":"Point","coordinates":[-119.49991,39.73851]},"properties":{"Fire_Name":"MICRO","Acres":0.3,"Cause":"Natural","Year":2000}},{"type":"Feature","geometry":{"type":"Point","coordinates":[-119.50101,39.77211]},"properties":{"Fire_Name":"RIGHTHAND2","Acres":300,"Cause":"Natural","Year":2000}},{"type":"Feature","geometry":{"type":"Point","coordinates":[-119.77851,39.13491]},"properties":{"Fire_Name":"WNA 19","Acres":1,"Cause":"Human","Year":2000}},{"type":"Feature","geometry":{"type":"Point","coordinates":[-119.59941,39.77991]},"properties":{"Fire_Name":"COLT","Acres":0.1,"Cause":"Human","Year":2000}},{"type":"Feature","geometry":{"type":"Point","coordinates":[-119.75521,38.79271]},"properties":{"Fire_Name":"PONY","Acres":0.1,"Cause":"Human","Year":2000}},{"type":"Feature","geometry":{"type":"Point","coordinates":[-119.80661,39.60691]},"properties":{"Fire_Name":"7TH","Acres":150,"Cause":"Human","Year":2000}},{"type":"Feature","geometry":{"type":"Point","coordinates":[-119.59491,39.16161]},"properties":{"Fire_Name":"BRUNSWICK2","Acres":81,"Cause":"Human","Year":2000}},{"type":"Feature","geometry":{"type":"Point","coordinates":[-119.45101,39.62321]},"properties":{"Fire_Name":"WNA 20","Acres":0.1,"Cause":"Human","Year":2000}},{"type":"Feature","geometry":{"type":"Point","coordinates":[-119.31161,39.71601]},"properties":{"Fire_Name":"WNA 21","Acres":4,"Cause":"Human","Year":2000}},{"type":"Feature","geometry":{"type":"Point","coordinates":[-119.63441,39.85051]},"properties":{"Fire_Name":"JOHN","Acres":2.2,"Cause":"Human","Year":2000}},{"type":"Feature","geometry":{"type":"Point","coordinates":[-119.58551,39.81881]},"properties":{"Fire_Name":"MOSES ROCK","Acres":0.1,"Cause":"Natural","Year":2000}},{"type":"Feature","geometry":{"type":"Point","coordinates":[-119.51131,39.71411]},"properties":{"Fire_Name":"NATION","Acres":0.1,"Cause":"Natural","Year":2000}},{"type":"Feature","geometry":{"type":"Point","coordinates":[-119.55601,39.80351]},"properties":{"Fire_Name":"OTIS","Acres":0.1,"Cause":"Natural","Year":2000}},{"type":"Feature","geometry":{"type":"Point","coordinates":[-119.55431,38.99991]},"properties":{"Fire_Name":"PEAK","Acres":0.1,"Cause":"Natural","Year":2000}},{"type":"Feature","geometry":{"type":"Point","coordinates":[-119.55601,39.78911]},"properties":{"Fire_Name":"WHISKEYSP2","Acres":18,"Cause":"Human","Year":2000}},{"type":"Feature","geometry":{"type":"Point","coordinates":[-119.64991,39.78911]},"properties":{"Fire_Name":"IRONWOOD","Acres":41.1,"Cause":"Human","Year":2000}},{"type":"Feature","geometry":{"type":"Point","coordinates":[-119.77321,39.14441]},"properties":{"Fire_Name":"WNA 23","Acres":0.1,"Cause":"Human","Year":2000}},{"type":"Feature","geometry":{"type":"Point","coordinates":[-120.03711,39.72351]},"properties":{"Fire_Name":"SHOE TREE","Acres":2,"Cause":"Human","Year":2000}},{"type":"Feature","geometry":{"type":"Point","coordinates":[-119.61321,39.99131]},"properties":{"Fire_Name":"BONFIRE","Acres":0.1,"Cause":"Human","Year":2000}},{"type":"Feature","geometry":{"type":"Point","coordinates":[-119.95851,39.64521]},"properties":{"Fire_Name":"CLDSPRNGS2","Acres":282,"Cause":"Human","Year":2000}},{"type":"Feature","geometry":{"type":"Point","coordinates":[-119.60291,38.89381]},"properties":{"Fire_Name":"PINENUT","Acres":0.1,"Cause":"Human","Year":2000}},{"type":"Feature","geometry":{"type":"Point","coordinates":[-119.4586,39.03067]},"properties":{"Fire_Name":"COMO ESCRX","Acres":1382,"Cause":"Human","Year":2000}},{"type":"Feature","geometry":{"type":"Point","coordinates":[-119.55711,39.77521]},"properties":{"Fire_Name":"HAZCAT","Acres":0.1,"Cause":"Human","Year":2000}},{"type":"Feature","geometry":{"type":"Point","coordinates":[-119.29881,39.61461]},"properties":{"Fire_Name":"WNA 1","Acres":0.1,"Cause":"Human","Year":2001}},{"type":"Feature","geometry":{"type":"Point","coordinates":[-119.68691,39.74571]},"properties":{"Fire_Name":"AX HANDLE","Acres":0.1,"Cause":"Natural","Year":2001}},{"type":"Feature","geometry":{"type":"Point","coordinates":[-119.28381,39.66631]},"properties":{"Fire_Name":"WNA 2","Acres":1,"Cause":"Human","Year":2001}},{"type":"Feature","geometry":{"type":"Point","coordinates":[-119.29321,39.71691]},"properties":{"Fire_Name":"WNA3","Acres":2,"Cause":"Human","Year":2001}},{"type":"Feature","geometry":{"type":"Point","coordinates":[-119.57021,38.90571]},"properties":{"Fire_Name":"WNA 4","Acres":445,"Cause":"Natural","Year":2001}},{"type":"Feature","geometry":{"type":"Point","coordinates":[-119.66801,39.78941]},"properties":{"Fire_Name":"HORSE","Acres":0.1,"Cause":"Human","Year":2001}},{"type":"Feature","geometry":{"type":"Point","coordinates":[-119.66801,39.78941]},"properties":{"Fire_Name":"SUN VALLEY","Acres":4,"Cause":"Human","Year":2001}},{"type":"Feature","geometry":{"type":"Point","coordinates":[-119.49321,39.61571]},"properties":{"Fire_Name":"DERBY DAM","Acres":7,"Cause":"Natural","Year":2001}},{"type":"Feature","geometry":{"type":"Point","coordinates":[-119.70211,40.05071]},"properties":{"Fire_Name":"WNA 5","Acres":0.3,"Cause":"Natural","Year":2001}},{"type":"Feature","geometry":{"type":"Point","coordinates":[-119.68601,40.02271]},"properties":{"Fire_Name":"WNA 6","Acres":6525,"Cause":"Natural","Year":2001}},{"type":"Feature","geometry":{"type":"Point","coordinates":[-119.44131,39.25071]},"properties":{"Fire_Name":"CRYSTAL","Acres":0.5,"Cause":"Human","Year":2001}},{"type":"Feature","geometry":{"type":"Point","coordinates":[-119.65241,38.89631]},"properties":{"Fire_Name":"FOOTHILL","Acres":2,"Cause":"Human","Year":2001}},{"type":"Feature","geometry":{"type":"Point","coordinates":[-119.66801,38.88851]},"properties":{"Fire_Name":"ROCKNHORSE","Acres":7,"Cause":"Human","Year":2001}},{"type":"Feature","geometry":{"type":"Point","coordinates":[-120.04191,39.74051]},"properties":{"Fire_Name":"HALLELUJAH","Acres":2,"Cause":"Human","Year":2001}},{"type":"Feature","geometry":{"type":"Point","coordinates":[-119.71101,38.88441]},"properties":{"Fire_Name":"WNA 7","Acres":0.1,"Cause":"Human","Year":2001}},{"type":"Feature","geometry":{"type":"Point","coordinates":[-119.76021,39.57071]},"properties":{"Fire_Name":"HI ROCK","Acres":10,"Cause":"Human","Year":2001}},{"type":"Feature","geometry":{"type":"Point","coordinates":[-119.68681,39.23741]},"properties":{"Fire_Name":"RED ROCK","Acres":2,"Cause":"Human","Year":2001}},{"type":"Feature","geometry":{"type":"Point","coordinates":[-119.65491,39.78521]},"properties":{"Fire_Name":"WILDHORSE","Acres":0.1,"Cause":"Human","Year":2001}},{"type":"Feature","geometry":{"type":"Point","coordinates":[-119.66271,40.03021]},"properties":{"Fire_Name":"WNA 8","Acres":98,"Cause":"Human","Year":2001}},{"type":"Feature","geometry":{"type":"Point","coordinates":[-119.70521,39.17941]},"properties":{"Fire_Name":"CRSNRIVER","Acres":0.1,"Cause":"Human","Year":2001}},{"type":"Feature","geometry":{"type":"Point","coordinates":[-119.68661,39.17941]},"properties":{"Fire_Name":"RIFLE","Acres":4,"Cause":"Human","Year":2001}},{"type":"Feature","geometry":{"type":"Point","coordinates":[-119.70491,39.13571]},"properties":{"Fire_Name":"DEER RUN","Acres":4,"Cause":"Human","Year":2001}},{"type":"Feature","geometry":{"type":"Point","coordinates":[-119.70711,39.13571]},"properties":{"Fire_Name":"LLOYDS","Acres":0.1,"Cause":"Human","Year":2001}},{"type":"Feature","geometry":{"type":"Point","coordinates":[-119.67051,39.21881]},"properties":{"Fire_Name":"CALCITE","Acres":0.3,"Cause":"Human","Year":2001}},{"type":"Feature","geometry":{"type":"Point","coordinates":[-119.54241,39.12321]},"properties":{"Fire_Name":"RAWE","Acres":0.1,"Cause":"Natural","Year":2001}},{"type":"Feature","geometry":{"type":"Point","coordinates":[-119.63101,38.83071]},"properties":{"Fire_Name":"CARTER","Acres":0.3,"Cause":"Natural","Year":2001}},{"type":"Feature","geometry":{"type":"Point","coordinates":[-119.73991,38.80551]},"properties":{"Fire_Name":"LONG","Acres":1,"Cause":"Natural","Year":2001}},{"type":"Feature","geometry":{"type":"Point","coordinates":[-119.93961,39.63801]},"properties":{"Fire_Name":"COLD SPRGS","Acres":0.1,"Cause":"Natural","Year":2001}},{"type":"Feature","geometry":{"type":"Point","coordinates":[-119.63571,38.86491]},"properties":{"Fire_Name":"PREACHER","Acres":0.1,"Cause":"Natural","Year":2001}},{"type":"Feature","geometry":{"type":"Point","coordinates":[-119.55321,39.78491]},"properties":{"Fire_Name":"PAUITE","Acres":0.5,"Cause":"Natural","Year":2001}},{"type":"Feature","geometry":{"type":"Point","coordinates":[-119.49961,39.70211]},"properties":{"Fire_Name":"WILCOX","Acres":0.1,"Cause":"Natural","Year":2001}},{"type":"Feature","geometry":{"type":"Point","coordinates":[-120.04691,39.86271]},"properties":{"Fire_Name":"POSIUM","Acres":1,"Cause":"Natural","Year":2001}},{"type":"Feature","geometry":{"type":"Point","coordinates":[-119.49821,39.71241]},"properties":{"Fire_Name":"WHISKEY","Acres":45,"Cause":"Natural","Year":2001}},{"type":"Feature","geometry":{"type":"Point","coordinates":[-120.02831,39.83411]},"properties":{"Fire_Name":"PETE","Acres":0.1,"Cause":"Natural","Year":2001}},{"type":"Feature","geometry":{"type":"Point","coordinates":[-119.92741,39.62771]},"properties":{"Fire_Name":"RED ROCK 2","Acres":0.1,"Cause":"Natural","Year":2001}},{"type":"Feature","geometry":{"type":"Point","coordinates":[-120.02831,39.84821]},"properties":{"Fire_Name":"PETE 2","Acres":0.1,"Cause":"Natural","Year":2001}},{"type":"Feature","geometry":{"type":"Point","coordinates":[-119.91741,39.66161]},"properties":{"Fire_Name":"RFD2","Acres":0.1,"Cause":"Natural","Year":2001}},{"type":"Feature","geometry":{"type":"Point","coordinates":[-119.42911,39.65821]},"properties":{"Fire_Name":"OLINGHOUSE","Acres":270,"Cause":"Natural","Year":2001}},{"type":"Feature","geometry":{"type":"Point","coordinates":[-119.77801,40.26571]},"properties":{"Fire_Name":"WNA 9","Acres":3,"Cause":"Human","Year":2001}},{"type":"Feature","geometry":{"type":"Point","coordinates":[-119.56631,39.56351]},"properties":{"Fire_Name":"PATRICK","Acres":3,"Cause":"Human","Year":2001}},{"type":"Feature","geometry":{"type":"Point","coordinates":[-119.68911,39.17631]},"properties":{"Fire_Name":"DEVIL DAM","Acres":0.1,"Cause":"Human","Year":2001}},{"type":"Feature","geometry":{"type":"Point","coordinates":[-119.53661,39.18021]},"properties":{"Fire_Name":"RAWE","Acres":0.1,"Cause":"Natural","Year":2001}},{"type":"Feature","geometry":{"type":"Point","coordinates":[-119.59681,39.16551]},"properties":{"Fire_Name":"BRUNSWICK","Acres":0.1,"Cause":"Natural","Year":2001}},{"type":"Feature","geometry":{"type":"Point","coordinates":[-119.54431,39.24491]},"properties":{"Fire_Name":"RAWE 3","Acres":0.1,"Cause":"Natural","Year":2001}},{"type":"Feature","geometry":{"type":"Point","coordinates":[-119.48101,39.09661]},"properties":{"Fire_Name":"SUNRISE","Acres":0.1,"Cause":"Natural","Year":2001}},{"type":"Feature","geometry":{"type":"Point","coordinates":[-119.56771,39.06661]},"properties":{"Fire_Name":"SUNRISE2","Acres":0.1,"Cause":"Natural","Year":2001}},{"type":"Feature","geometry":{"type":"Point","coordinates":[-119.63101,38.90771]},"properties":{"Fire_Name":"OUTRWAY","Acres":0.3,"Cause":"Human","Year":2001}},{"type":"Feature","geometry":{"type":"Point","coordinates":[-119.50911,39.32771]},"properties":{"Fire_Name":"LYCFD3","Acres":1,"Cause":"Human","Year":2001}},{"type":"Feature","geometry":{"type":"Point","coordinates":[-119.64381,39.14601]},"properties":{"Fire_Name":"BIDWELL","Acres":0.1,"Cause":"Natural","Year":2001}},{"type":"Feature","geometry":{"type":"Point","coordinates":[-119.22321,39.51941]},"properties":{"Fire_Name":"R","Acres":0.3,"Cause":"Natural","Year":2001}},{"type":"Feature","geometry":{"type":"Point","coordinates":[-119.31541,39.51271]},"properties":{"Fire_Name":"G","Acres":0.1,"Cause":"Natural","Year":2001}},{"type":"Feature","geometry":{"type":"Point","coordinates":[-119.73551,39.33691]},"properties":{"Fire_Name":"PLVALLYCOM","Acres":775,"Cause":"Natural","Year":2001}},{"type":"Feature","geometry":{"type":"Point","coordinates":[-119.52771,39.58021]},"properties":{"Fire_Name":"TRACY","Acres":1,"Cause":"Natural","Year":2001}},{"type":"Feature","geometry":{"type":"Point","coordinates":[-119.51821,39.77461]},"properties":{"Fire_Name":"CHIMNEY","Acres":0.1,"Cause":"Natural","Year":2001}},{"type":"Feature","geometry":{"type":"Point","coordinates":[-119.74631,39.33441]},"properties":{"Fire_Name":"TOLL","Acres":10,"Cause":"Natural","Year":2001}},{"type":"Feature","geometry":{"type":"Point","coordinates":[-119.85441,39.88691]},"properties":{"Fire_Name":"DOGSKIN","Acres":1,"Cause":"Natural","Year":2001}},{"type":"Feature","geometry":{"type":"Point","coordinates":[-119.53431,39.73521]},"properties":{"Fire_Name":"JACK A","Acres":0.1,"Cause":"Natural","Year":2001}},{"type":"Feature","geometry":{"type":"Point","coordinates":[-119.52021,39.70161]},"properties":{"Fire_Name":"RED CORRAL","Acres":0.5,"Cause":"Natural","Year":2001}},{"type":"Feature","geometry":{"type":"Point","coordinates":[-119.85631,39.91961]},"properties":{"Fire_Name":"CART SPGS","Acres":25,"Cause":"Natural","Year":2001}},{"type":"Feature","geometry":{"type":"Point","coordinates":[-119.98831,40.06381]},"properties":{"Fire_Name":"FISH","Acres":22674,"Cause":"Natural","Year":2001}},{"type":"Feature","geometry":{"type":"Point","coordinates":[-119.87131,39.77851]},"properties":{"Fire_Name":"ARC 2","Acres":0.1,"Cause":"Natural","Year":2001}},{"type":"Feature","geometry":{"type":"Point","coordinates":[-119.87881,39.75241]},"properties":{"Fire_Name":"ARC 1","Acres":0.3,"Cause":"Natural","Year":2001}},{"type":"Feature","geometry":{"type":"Point","coordinates":[-119.63271,39.97801]},"properties":{"Fire_Name":"WNA 10","Acres":2,"Cause":"Natural","Year":2001}},{"type":"Feature","geometry":{"type":"Point","coordinates":[-119.86821,39.76961]},"properties":{"Fire_Name":"WEST FRED","Acres":0.1,"Cause":"Natural","Year":2001}},{"type":"Feature","geometry":{"type":"Point","coordinates":[-119.56771,39.59991]},"properties":{"Fire_Name":"SPANISH","Acres":9.3,"Cause":"Natural","Year":2001}},{"type":"Feature","geometry":{"type":"Point","coordinates":[-119.60521,39.51961]},"properties":{"Fire_Name":"MUSTANG","Acres":0.1,"Cause":"Human","Year":2001}},{"type":"Feature","geometry":{"type":"Point","coordinates":[-119.39211,39.58911]},"properties":{"Fire_Name":"ORCHARD","Acres":0.3,"Cause":"Human","Year":2001}},{"type":"Feature","geometry":{"type":"Point","coordinates":[-119.62571,39.31441]},"properties":{"Fire_Name":"7 MILE","Acres":60,"Cause":"Human","Year":2001}},{"type":"Feature","geometry":{"type":"Point","coordinates":[-119.70631,39.12881]},"properties":{"Fire_Name":"SILVER","Acres":0.1,"Cause":"Human","Year":2001}},{"type":"Feature","geometry":{"type":"Point","coordinates":[-119.44601,39.20551]},"properties":{"Fire_Name":"531","Acres":0.1,"Cause":"Natural","Year":2001}},{"type":"Feature","geometry":{"type":"Point","coordinates":[-119.41771,39.27441]},"properties":{"Fire_Name":"TABLE","Acres":0.1,"Cause":"Natural","Year":2001}},{"type":"Feature","geometry":{"type":"Point","coordinates":[-119.68881,39.17601]},"properties":{"Fire_Name":"BRUNSWICK","Acres":0.1,"Cause":"Human","Year":2001}},{"type":"Feature","geometry":{"type":"Point","coordinates":[-119.76771,39.67131]},"properties":{"Fire_Name":"CHICKADEE","Acres":0.3,"Cause":"Natural","Year":2001}},{"type":"Feature","geometry":{"type":"Point","coordinates":[-119.79991,39.71661]},"properties":{"Fire_Name":"ARGONAUT","Acres":1.5,"Cause":"Natural","Year":2001}},{"type":"Feature","geometry":{"type":"Point","coordinates":[-119.81631,39.70661]},"properties":{"Fire_Name":"LEMON2","Acres":0.1,"Cause":"Natural","Year":2001}},{"type":"Feature","geometry":{"type":"Point","coordinates":[-119.81381,39.70051]},"properties":{"Fire_Name":"LEMON1","Acres":0.1,"Cause":"Natural","Year":2001}},{"type":"Feature","geometry":{"type":"Point","coordinates":[-119.55101,39.54991]},"properties":{"Fire_Name":"PATRICK","Acres":0.1,"Cause":"Human","Year":2001}},{"type":"Feature","geometry":{"type":"Point","coordinates":[-119.59541,38.87301]},"properties":{"Fire_Name":"OUTRWAY","Acres":0.5,"Cause":"Human","Year":2001}},{"type":"Feature","geometry":{"type":"Point","coordinates":[-119.59541,38.87301]},"properties":{"Fire_Name":"OUTRWAY 2","Acres":0.1,"Cause":"Human","Year":2001}},{"type":"Feature","geometry":{"type":"Point","coordinates":[-119.29291,39.62911]},"properties":{"Fire_Name":"WNA 1","Acres":0.1,"Cause":"Human","Year":2002}},{"type":"Feature","geometry":{"type":"Point","coordinates":[-119.63711,39.51351]},"properties":{"Fire_Name":"MUSTANG","Acres":0.1,"Cause":"Human","Year":2002}},{"type":"Feature","geometry":{"type":"Point","coordinates":[-119.29351,39.64411]},"properties":{"Fire_Name":"WADSWORTH","Acres":0.1,"Cause":"Human","Year":2002}},{"type":"Feature","geometry":{"type":"Point","coordinates":[-119.69211,39.36321]},"properties":{"Fire_Name":"WELDING","Acres":0.1,"Cause":"Human","Year":2002}},{"type":"Feature","geometry":{"type":"Point","coordinates":[-119.48931,39.71161]},"properties":{"Fire_Name":"QUAKING","Acres":0.1,"Cause":"Natural","Year":2002}},{"type":"Feature","geometry":{"type":"Point","coordinates":[-119.28021,39.60601]},"properties":{"Fire_Name":"WNA 5","Acres":0.3,"Cause":"Natural","Year":2002}},{"type":"Feature","geometry":{"type":"Point","coordinates":[-120.04271,39.73351]},"properties":{"Fire_Name":"HALELUJEH","Acres":0.1,"Cause":"Natural","Year":2002}},{"type":"Feature","geometry":{"type":"Point","coordinates":[-119.79991,39.63461]},"properties":{"Fire_Name":"SUN VALLEY","Acres":0.1,"Cause":"Natural","Year":2002}},{"type":"Feature","geometry":{"type":"Point","coordinates":[-119.80071,39.71631]},"properties":{"Fire_Name":"SUN VLY 2","Acres":0.1,"Cause":"Natural","Year":2002}},{"type":"Feature","geometry":{"type":"Point","coordinates":[-119.56271,39.20161]},"properties":{"Fire_Name":"ELDORADO","Acres":0.1,"Cause":"Human","Year":2002}},{"type":"Feature","geometry":{"type":"Point","coordinates":[-119.79941,39.76021]},"properties":{"Fire_Name":"BRONZE","Acres":0.1,"Cause":"Natural","Year":2002}},{"type":"Feature","geometry":{"type":"Point","coordinates":[-119.55431,39.80161]},"properties":{"Fire_Name":"WHISKEY","Acres":0.1,"Cause":"Natural","Year":2002}},{"type":"Feature","geometry":{"type":"Point","coordinates":[-119.74301,40.04851]},"properties":{"Fire_Name":"BIG CANYON","Acres":0.1,"Cause":"Natural","Year":2002}},{"type":"Feature","geometry":{"type":"Point","coordinates":[-119.96461,39.73071]},"properties":{"Fire_Name":"PETERSON","Acres":0.1,"Cause":"Natural","Year":2002}},{"type":"Feature","geometry":{"type":"Point","coordinates":[-120.00101,39.81661]},"properties":{"Fire_Name":"COLD SPG","Acres":0.1,"Cause":"Natural","Year":2002}},{"type":"Feature","geometry":{"type":"Point","coordinates":[-119.88301,40.10071]},"properties":{"Fire_Name":"FISH SPG","Acres":0.5,"Cause":"Natural","Year":2002}},{"type":"Feature","geometry":{"type":"Point","coordinates":[-119.24241,38.82991]},"properties":{"Fire_Name":"WILSON","Acres":2,"Cause":"Human","Year":2002}},{"type":"Feature","geometry":{"type":"Point","coordinates":[-119.62691,39.98521]},"properties":{"Fire_Name":"PELICAN","Acres":0.1,"Cause":"Human","Year":2002}},{"type":"Feature","geometry":{"type":"Point","coordinates":[-120.09631,39.81211]},"properties":{"Fire_Name":"TRAIN","Acres":2,"Cause":"Human","Year":2002}},{"type":"Feature","geometry":{"type":"Point","coordinates":[-119.57791,38.94271]},"properties":{"Fire_Name":"HELICOPTER","Acres":0.1,"Cause":"Natural","Year":2002}},{"type":"Feature","geometry":{"type":"Point","coordinates":[-119.28271,39.68551]},"properties":{"Fire_Name":"WNA 6","Acres":2,"Cause":"Human","Year":2002}},{"type":"Feature","geometry":{"type":"Point","coordinates":[-119.76131,39.13601]},"properties":{"Fire_Name":"SSR","Acres":0.1,"Cause":"Human","Year":2002}},{"type":"Feature","geometry":{"type":"Point","coordinates":[-119.96911,39.97461]},"properties":{"Fire_Name":"DRY","Acres":0.1,"Cause":"Natural","Year":2002}},{"type":"Feature","geometry":{"type":"Point","coordinates":[-119.61131,39.13631]},"properties":{"Fire_Name":"BULL RUN","Acres":8,"Cause":"Natural","Year":2002}},{"type":"Feature","geometry":{"type":"Point","coordinates":[-119.61851,39.72131]},"properties":{"Fire_Name":"AMY","Acres":0.1,"Cause":"Natural","Year":2002}},{"type":"Feature","geometry":{"type":"Point","coordinates":[-119.62441,39.72821]},"properties":{"Fire_Name":"AMY 2","Acres":0.1,"Cause":"Natural","Year":2002}},{"type":"Feature","geometry":{"type":"Point","coordinates":[-119.99881,39.97961]},"properties":{"Fire_Name":"DRY VALLEY","Acres":0.5,"Cause":"Natural","Year":2002}},{"type":"Feature","geometry":{"type":"Point","coordinates":[-119.98801,39.48301]},"properties":{"Fire_Name":"HOMESTEAD","Acres":0.2,"Cause":"Natural","Year":2002}},{"type":"Feature","geometry":{"type":"Point","coordinates":[-119.36801,39.74381]},"properties":{"Fire_Name":"WNA 7","Acres":0.1,"Cause":"Natural","Year":2002}},{"type":"Feature","geometry":{"type":"Point","coordinates":[-119.93101,39.95521]},"properties":{"Fire_Name":"MILLER","Acres":0.2,"Cause":"Natural","Year":2002}},{"type":"Feature","geometry":{"type":"Point","coordinates":[-119.93961,39.95411]},"properties":{"Fire_Name":"RENO","Acres":0.1,"Cause":"Natural","Year":2002}},{"type":"Feature","geometry":{"type":"Point","coordinates":[-119.72071,39.93741]},"properties":{"Fire_Name":"COVE SPRGS","Acres":0.1,"Cause":"Natural","Year":2002}},{"type":"Feature","geometry":{"type":"Point","coordinates":[-119.99661,39.96741]},"properties":{"Fire_Name":"FORT SAGE","Acres":0.5,"Cause":"Natural","Year":2002}},{"type":"Feature","geometry":{"type":"Point","coordinates":[-119.57181,39.80351]},"properties":{"Fire_Name":"SPANISH","Acres":0.2,"Cause":"Natural","Year":2002}},{"type":"Feature","geometry":{"type":"Point","coordinates":[-120.03381,40.00071]},"properties":{"Fire_Name":"MURPHY","Acres":0.1,"Cause":"Natural","Year":2002}},{"type":"Feature","geometry":{"type":"Point","coordinates":[-120.00021,39.93491]},"properties":{"Fire_Name":"PETER","Acres":0.1,"Cause":"Natural","Year":2002}},{"type":"Feature","geometry":{"type":"Point","coordinates":[-119.89881,39.92411]},"properties":{"Fire_Name":"DRY 2","Acres":0.1,"Cause":"Natural","Year":2002}},{"type":"Feature","geometry":{"type":"Point","coordinates":[-119.94241,39.98461]},"properties":{"Fire_Name":"NORTH FORK","Acres":0.1,"Cause":"Natural","Year":2002}},{"type":"Feature","geometry":{"type":"Point","coordinates":[-119.68681,38.90381]},"properties":{"Fire_Name":"PINENUT","Acres":0.1,"Cause":"Natural","Year":2002}},{"type":"Feature","geometry":{"type":"Point","coordinates":[-119.77961,39.13601]},"properties":{"Fire_Name":"WNA 8","Acres":0.3,"Cause":"Natural","Year":2002}},{"type":"Feature","geometry":{"type":"Point","coordinates":[-120.00101,39.97741]},"properties":{"Fire_Name":"E DRY VALY","Acres":0.1,"Cause":"Natural","Year":2002}},{"type":"Feature","geometry":{"type":"Point","coordinates":[-119.98801,39.97461]},"properties":{"Fire_Name":"3 TREES","Acres":0.5,"Cause":"Natural","Year":2002}},{"type":"Feature","geometry":{"type":"Point","coordinates":[-119.70741,39.22821]},"properties":{"Fire_Name":"MC CLELLAN","Acres":0.1,"Cause":"Natural","Year":2002}},{"type":"Feature","geometry":{"type":"Point","coordinates":[-119.74271,39.23741]},"properties":{"Fire_Name":"INDIAN","Acres":0.1,"Cause":"Natural","Year":2002}},{"type":"Feature","geometry":{"type":"Point","coordinates":[-119.78021,39.32491]},"properties":{"Fire_Name":"GIEGER","Acres":2,"Cause":"Natural","Year":2002}},{"type":"Feature","geometry":{"type":"Point","coordinates":[-119.68681,39.34991]},"properties":{"Fire_Name":"STEAMBOAT","Acres":0.1,"Cause":"Natural","Year":2002}},{"type":"Feature","geometry":{"type":"Point","coordinates":[-119.74381,39.87521]},"properties":{"Fire_Name":"TREE","Acres":0.1,"Cause":"Natural","Year":2002}},{"type":"Feature","geometry":{"type":"Point","coordinates":[-119.74021,40.07301]},"properties":{"Fire_Name":"PYRAMID 2","Acres":0.1,"Cause":"Natural","Year":2002}},{"type":"Feature","geometry":{"type":"Point","coordinates":[-119.68771,39.24101]},"properties":{"Fire_Name":"MOUNDHOUSE","Acres":0.1,"Cause":"Natural","Year":2002}},{"type":"Feature","geometry":{"type":"Point","coordinates":[-119.66711,39.94771]},"properties":{"Fire_Name":"SCRABBLE","Acres":0.1,"Cause":"Natural","Year":2002}},{"type":"Feature","geometry":{"type":"Point","coordinates":[-119.53851,39.75211]},"properties":{"Fire_Name":"3 3 0 0","Acres":0.1,"Cause":"Natural","Year":2002}},{"type":"Feature","geometry":{"type":"Point","coordinates":[-119.49661,38.96381]},"properties":{"Fire_Name":"BUCKEYE","Acres":813.5336141853388,"Cause":"Natural","Year":2002}},{"type":"Feature","geometry":{"type":"Point","coordinates":[-119.82131,39.82271]},"properties":{"Fire_Name":"DOG SKIN","Acres":0.1,"Cause":"Natural","Year":2002}},{"type":"Feature","geometry":{"type":"Point","coordinates":[-119.56491,38.90351]},"properties":{"Fire_Name":"SPIRIT","Acres":0.1,"Cause":"Natural","Year":2002}},{"type":"Feature","geometry":{"type":"Point","coordinates":[-119.81851,39.80321]},"properties":{"Fire_Name":"HILL","Acres":5,"Cause":"Natural","Year":2002}},{"type":"Feature","geometry":{"type":"Point","coordinates":[-119.31181,39.62941]},"properties":{"Fire_Name":"WNA 9","Acres":0.1,"Cause":"Natural","Year":2002}},{"type":"Feature","geometry":{"type":"Point","coordinates":[-119.85801,39.84491]},"properties":{"Fire_Name":"SUGAR","Acres":0.1,"Cause":"Natural","Year":2002}},{"type":"Feature","geometry":{"type":"Point","coordinates":[-119.81771,39.71661]},"properties":{"Fire_Name":"HUNGRY","Acres":0.1,"Cause":"Natural","Year":2002}},{"type":"Feature","geometry":{"type":"Point","coordinates":[-119.87211,39.87321]},"properties":{"Fire_Name":"JUMP","Acres":0.1,"Cause":"Natural","Year":2002}},{"type":"Feature","geometry":{"type":"Point","coordinates":[-119.87801,39.90771]},"properties":{"Fire_Name":"TICK","Acres":0.2,"Cause":"Natural","Year":2002}},{"type":"Feature","geometry":{"type":"Point","coordinates":[-119.86881,39.90051]},"properties":{"Fire_Name":"BEDELL","Acres":0.1,"Cause":"Natural","Year":2002}},{"type":"Feature","geometry":{"type":"Point","coordinates":[-119.55571,39.78941]},"properties":{"Fire_Name":"ORANGE","Acres":0.1,"Cause":"Natural","Year":2002}},{"type":"Feature","geometry":{"type":"Point","coordinates":[-119.55571,39.78941]},"properties":{"Fire_Name":"COUSIN","Acres":0.1,"Cause":"Natural","Year":2002}},{"type":"Feature","geometry":{"type":"Point","coordinates":[-119.55521,39.80411]},"properties":{"Fire_Name":"GLORY","Acres":0.1,"Cause":"Natural","Year":2002}},{"type":"Feature","geometry":{"type":"Point","coordinates":[-119.53601,39.62821]},"properties":{"Fire_Name":"BONZAI","Acres":0.1,"Cause":"Natural","Year":2002}},{"type":"Feature","geometry":{"type":"Point","coordinates":[-119.55071,39.79631]},"properties":{"Fire_Name":"PAIUTE 1","Acres":0.1,"Cause":"Natural","Year":2002}},{"type":"Feature","geometry":{"type":"Point","coordinates":[-119.29661,39.48441]},"properties":{"Fire_Name":"VIRGINIA","Acres":0.1,"Cause":"Natural","Year":2002}},{"type":"Feature","geometry":{"type":"Point","coordinates":[-119.95021,39.64351]},"properties":{"Fire_Name":"GRANITE PK","Acres":0.2,"Cause":"Natural","Year":2002}},{"type":"Feature","geometry":{"type":"Point","coordinates":[-119.57801,39.80961]},"properties":{"Fire_Name":"RUSTY","Acres":0.1,"Cause":"Natural","Year":2002}},{"type":"Feature","geometry":{"type":"Point","coordinates":[-119.55571,39.78941]},"properties":{"Fire_Name":"E WHISKEY","Acres":0.1,"Cause":"Natural","Year":2002}},{"type":"Feature","geometry":{"type":"Point","coordinates":[-119.60571,38.91191]},"properties":{"Fire_Name":"PINE CREEK","Acres":0.1,"Cause":"Natural","Year":2002}},{"type":"Feature","geometry":{"type":"Point","coordinates":[-119.57851,39.80571]},"properties":{"Fire_Name":"RUSTY 2","Acres":0.1,"Cause":"Natural","Year":2002}},{"type":"Feature","geometry":{"type":"Point","coordinates":[-119.75941,39.96051]},"properties":{"Fire_Name":"TULE","Acres":0.1,"Cause":"Natural","Year":2002}},{"type":"Feature","geometry":{"type":"Point","coordinates":[-119.67411,38.87821]},"properties":{"Fire_Name":"THOROBRED","Acres":0.1,"Cause":"Natural","Year":2002}},{"type":"Feature","geometry":{"type":"Point","coordinates":[-119.57881,39.80551]},"properties":{"Fire_Name":"MOSES","Acres":0.3,"Cause":"Natural","Year":2002}},{"type":"Feature","geometry":{"type":"Point","coordinates":[-119.30241,39.60691]},"properties":{"Fire_Name":"COTTONWOOD","Acres":0.1,"Cause":"Human","Year":2002}},{"type":"Feature","geometry":{"type":"Point","coordinates":[-119.67961,39.85411]},"properties":{"Fire_Name":"FALCON","Acres":0.1,"Cause":"Human","Year":2002}},{"type":"Feature","geometry":{"type":"Point","coordinates":[-119.58771,38.88161]},"properties":{"Fire_Name":"W SIEGUL","Acres":0.1,"Cause":"Natural","Year":2002}},{"type":"Feature","geometry":{"type":"Point","coordinates":[-119.61571,38.90801]},"properties":{"Fire_Name":"BLUEBIRD","Acres":0.1,"Cause":"Natural","Year":2002}},{"type":"Feature","geometry":{"type":"Point","coordinates":[-119.61211,39.70161]},"properties":{"Fire_Name":"SPANISH 2","Acres":0.1,"Cause":"Natural","Year":2002}},{"type":"Feature","geometry":{"type":"Point","coordinates":[-119.72411,39.74571]},"properties":{"Fire_Name":"HUNGRY MTN","Acres":0.1,"Cause":"Natural","Year":2002}},{"type":"Feature","geometry":{"type":"Point","coordinates":[-119.56431,38.85881]},"properties":{"Fire_Name":"CAMP","Acres":0.1,"Cause":"Human","Year":2002}},{"type":"Feature","geometry":{"type":"Point","coordinates":[-119.67301,39.17961]},"properties":{"Fire_Name":"CARSON RVR","Acres":0.1,"Cause":"Human","Year":2002}},{"type":"Feature","geometry":{"type":"Point","coordinates":[-119.66801,39.20851]},"properties":{"Fire_Name":"JUNKYARD","Acres":0.5,"Cause":"Human","Year":2002}},{"type":"Feature","geometry":{"type":"Point","coordinates":[-119.51161,39.68991]},"properties":{"Fire_Name":"PAH RAH","Acres":0.2,"Cause":"Natural","Year":2002}},{"type":"Feature","geometry":{"type":"Point","coordinates":[-119.56101,39.86691]},"properties":{"Fire_Name":"WNA 12","Acres":0.1,"Cause":"Natural","Year":2002}},{"type":"Feature","geometry":{"type":"Point","coordinates":[-119.65571,39.51191]},"properties":{"Fire_Name":"LOCKWOOD","Acres":0.1,"Cause":"Human","Year":2002}},{"type":"Feature","geometry":{"type":"Point","coordinates":[-119.40381,39.79021]},"properties":{"Fire_Name":"WNA 10","Acres":0.3,"Cause":"Human","Year":2002}},{"type":"Feature","geometry":{"type":"Point","coordinates":[-119.64271,39.88571]},"properties":{"Fire_Name":"CONTRA","Acres":0.3,"Cause":"Human","Year":2002}},{"type":"Feature","geometry":{"type":"Point","coordinates":[-119.60161,39.94911]},"properties":{"Fire_Name":"WNA 11","Acres":0.1,"Cause":"Human","Year":2002}},{"type":"Feature","geometry":{"type":"Point","coordinates":[-119.68661,39.17941]},"properties":{"Fire_Name":"BRUNSWICK","Acres":0.3,"Cause":"Human","Year":2002}},{"type":"Feature","geometry":{"type":"Point","coordinates":[-119.63071,39.23741]},"properties":{"Fire_Name":"MINE","Acres":0.1,"Cause":"Human","Year":2002}},{"type":"Feature","geometry":{"type":"Point","coordinates":[-119.73881,39.13131]},"properties":{"Fire_Name":"KOONTZ","Acres":0.1,"Cause":"Human","Year":2002}},{"type":"Feature","geometry":{"type":"Point","coordinates":[-119.73881,39.13131]},"properties":{"Fire_Name":"KOONTZ 2","Acres":0.1,"Cause":"Human","Year":2002}},{"type":"Feature","geometry":{"type":"Point","coordinates":[-119.35211,39.84351]},"properties":{"Fire_Name":"WNA 14","Acres":0.5,"Cause":"Human","Year":2002}},{"type":"Feature","geometry":{"type":"Point","coordinates":[-119.70521,39.07821]},"properties":{"Fire_Name":"MEXICAN","Acres":0.1,"Cause":"Human","Year":2002}},{"type":"Feature","geometry":{"type":"Point","coordinates":[-119.74351,39.71631]},"properties":{"Fire_Name":"WNA 15","Acres":0.1,"Cause":"Human","Year":2002}},{"type":"Feature","geometry":{"type":"Point","coordinates":[-119.70351,39.13411]},"properties":{"Fire_Name":"LLOYDS","Acres":0.1,"Cause":"Human","Year":2002}},{"type":"Feature","geometry":{"type":"Point","coordinates":[-119.56881,39.05941]},"properties":{"Fire_Name":"WILLIAM","Acres":0.1,"Cause":"Human","Year":2003}},{"type":"Feature","geometry":{"type":"Point","coordinates":[-119.69131,39.15691]},"properties":{"Fire_Name":"SEDGE","Acres":0.1,"Cause":"Human","Year":2003}},{"type":"Feature","geometry":{"type":"Point","coordinates":[-119.36461,39.87241]},"properties":{"Fire_Name":"WNA 1","Acres":0.1,"Cause":"Human","Year":2003}},{"type":"Feature","geometry":{"type":"Point","coordinates":[-119.62071,38.87711]},"properties":{"Fire_Name":"WNA 2","Acres":0.1,"Cause":"Natural","Year":2003}},{"type":"Feature","geometry":{"type":"Point","coordinates":[-119.91101,39.97801]},"properties":{"Fire_Name":"DRY VLY","Acres":0.3,"Cause":"Natural","Year":2003}},{"type":"Feature","geometry":{"type":"Point","coordinates":[-119.82321,39.90021]},"properties":{"Fire_Name":"ANTELOPE","Acres":0.3,"Cause":"Natural","Year":2003}},{"type":"Feature","geometry":{"type":"Point","coordinates":[-119.89491,39.82821]},"properties":{"Fire_Name":"WILDCAT","Acres":0.3,"Cause":"Natural","Year":2003}},{"type":"Feature","geometry":{"type":"Point","coordinates":[-119.92711,39.98961]},"properties":{"Fire_Name":"SAGE","Acres":0.1,"Cause":"Natural","Year":2003}},{"type":"Feature","geometry":{"type":"Point","coordinates":[-119.96961,39.71461]},"properties":{"Fire_Name":"PETERSON","Acres":41.00471069889657,"Cause":"Natural","Year":2003}},{"type":"Feature","geometry":{"type":"Point","coordinates":[-119.86331,39.93051]},"properties":{"Fire_Name":"TICK","Acres":0.3,"Cause":"Natural","Year":2003}},{"type":"Feature","geometry":{"type":"Point","coordinates":[-119.54291,39.11321]},"properties":{"Fire_Name":"ILLINOIS","Acres":0.1,"Cause":"Natural","Year":2003}},{"type":"Feature","geometry":{"type":"Point","coordinates":[-119.72601,39.15271]},"properties":{"Fire_Name":"PRISON","Acres":0.1,"Cause":"Human","Year":2003}},{"type":"Feature","geometry":{"type":"Point","coordinates":[-119.76351,39.85821]},"properties":{"Fire_Name":"DOG","Acres":0.1,"Cause":"Natural","Year":2003}},{"type":"Feature","geometry":{"type":"Point","coordinates":[-119.49931,39.69491]},"properties":{"Fire_Name":"EDWARDS","Acres":456.53646412633447,"Cause":"Natural","Year":2003}},{"type":"Feature","geometry":{"type":"Point","coordinates":[-119.92101,39.63461]},"properties":{"Fire_Name":"RED ROCK","Acres":117.51669675163718,"Cause":"Human","Year":2003}},{"type":"Feature","geometry":{"type":"Point","coordinates":[-119.63741,39.30801]},"properties":{"Fire_Name":"SIX MILE","Acres":97,"Cause":"Human","Year":2003}},{"type":"Feature","geometry":{"type":"Point","coordinates":[-119.43711,39.47021]},"properties":{"Fire_Name":"BIDDLEMAN","Acres":0.1,"Cause":"Natural","Year":2003}},{"type":"Feature","geometry":{"type":"Point","coordinates":[-120.04691,39.77691]},"properties":{"Fire_Name":"BECK","Acres":3,"Cause":"Natural","Year":2003}},{"type":"Feature","geometry":{"type":"Point","coordinates":[-119.75711,40.08661]},"properties":{"Fire_Name":"BIG CANYON","Acres":0.3,"Cause":"Natural","Year":2003}},{"type":"Feature","geometry":{"type":"Point","coordinates":[-119.60071,38.89661]},"properties":{"Fire_Name":"LENA","Acres":0.1,"Cause":"Natural","Year":2003}},{"type":"Feature","geometry":{"type":"Point","coordinates":[-119.61161,39.10771]},"properties":{"Fire_Name":"MCCELLOP","Acres":0.1,"Cause":"Natural","Year":2003}},{"type":"Feature","geometry":{"type":"Point","coordinates":[-119.68211,39.83351]},"properties":{"Fire_Name":"AXE HANDLE","Acres":0.3,"Cause":"Natural","Year":2003}},{"type":"Feature","geometry":{"type":"Point","coordinates":[-119.61821,39.69821]},"properties":{"Fire_Name":"PLATA","Acres":0.1,"Cause":"Natural","Year":2003}},{"type":"Feature","geometry":{"type":"Point","coordinates":[-119.59771,39.03941]},"properties":{"Fire_Name":"BRUNSWICK1","Acres":0.1,"Cause":"Natural","Year":2003}},{"type":"Feature","geometry":{"type":"Point","coordinates":[-119.72301,39.27571]},"properties":{"Fire_Name":"JUMBO","Acres":5,"Cause":"Natural","Year":2003}},{"type":"Feature","geometry":{"type":"Point","coordinates":[-119.62211,39.08051]},"properties":{"Fire_Name":"BRUNSWICK2","Acres":0.1,"Cause":"Natural","Year":2003}},{"type":"Feature","geometry":{"type":"Point","coordinates":[-119.62211,39.10991]},"properties":{"Fire_Name":"BRUNSWICK3","Acres":0.1,"Cause":"Natural","Year":2003}},{"type":"Feature","geometry":{"type":"Point","coordinates":[-119.86411,39.77911]},"properties":{"Fire_Name":"FREDS MTN","Acres":2,"Cause":"Natural","Year":2003}},{"type":"Feature","geometry":{"type":"Point","coordinates":[-119.72381,39.93321]},"properties":{"Fire_Name":"RANGELAND","Acres":0.1,"Cause":"Natural","Year":2003}},{"type":"Feature","geometry":{"type":"Point","coordinates":[-119.72381,39.93321]},"properties":{"Fire_Name":"SPRING","Acres":1,"Cause":"Natural","Year":2003}},{"type":"Feature","geometry":{"type":"Point","coordinates":[-119.60051,39.94911]},"properties":{"Fire_Name":"WNA 5","Acres":0.1,"Cause":"Natural","Year":2003}},{"type":"Feature","geometry":{"type":"Point","coordinates":[-119.61271,39.69131]},"properties":{"Fire_Name":"CALLE","Acres":1,"Cause":"Natural","Year":2003}},{"type":"Feature","geometry":{"type":"Point","coordinates":[-119.66961,39.69161]},"properties":{"Fire_Name":"SMALL","Acres":0.1,"Cause":"Natural","Year":2003}},{"type":"Feature","geometry":{"type":"Point","coordinates":[-119.70601,39.73491]},"properties":{"Fire_Name":"JUMPER","Acres":0.1,"Cause":"Natural","Year":2003}},{"type":"Feature","geometry":{"type":"Point","coordinates":[-119.61291,38.90381]},"properties":{"Fire_Name":"SPIRIT","Acres":0.1,"Cause":"Natural","Year":2003}},{"type":"Feature","geometry":{"type":"Point","coordinates":[-119.45271,40.13661]},"properties":{"Fire_Name":"WNA 3","Acres":0.1,"Cause":"Natural","Year":2003}},{"type":"Feature","geometry":{"type":"Point","coordinates":[-119.45851,39.81881]},"properties":{"Fire_Name":"WNA 4","Acres":0.1,"Cause":"Natural","Year":2003}},{"type":"Feature","geometry":{"type":"Point","coordinates":[-119.59741,38.94771]},"properties":{"Fire_Name":"FSH SPG 1","Acres":0.1,"Cause":"Natural","Year":2003}},{"type":"Feature","geometry":{"type":"Point","coordinates":[-119.66181,39.12461]},"properties":{"Fire_Name":"MCTARNIHAN","Acres":0.1,"Cause":"Natural","Year":2003}},{"type":"Feature","geometry":{"type":"Point","coordinates":[-119.65411,39.26191]},"properties":{"Fire_Name":"AMERICAN","Acres":26.117828130659063,"Cause":"Human","Year":2003}},{"type":"Feature","geometry":{"type":"Point","coordinates":[-119.85441,39.69661]},"properties":{"Fire_Name":"NO  STEAD","Acres":0.1,"Cause":"Natural","Year":2003}},{"type":"Feature","geometry":{"type":"Point","coordinates":[-119.76301,39.68351]},"properties":{"Fire_Name":"RESRVATION","Acres":0.1,"Cause":"Natural","Year":2003}},{"type":"Feature","geometry":{"type":"Point","coordinates":[-119.85101,39.70381]},"properties":{"Fire_Name":"NORTHERN","Acres":0.1,"Cause":"Natural","Year":2003}},{"type":"Feature","geometry":{"type":"Point","coordinates":[-119.94691,40.09071]},"properties":{"Fire_Name":"HONEY","Acres":0.1,"Cause":"Natural","Year":2003}},{"type":"Feature","geometry":{"type":"Point","coordinates":[-119.62161,39.05301]},"properties":{"Fire_Name":"JUNE ELLEN","Acres":0.1,"Cause":"Natural","Year":2003}},{"type":"Feature","geometry":{"type":"Point","coordinates":[-119.40181,39.75521]},"properties":{"Fire_Name":"SILVER","Acres":0.1,"Cause":"Natural","Year":2003}},{"type":"Feature","geometry":{"type":"Point","coordinates":[-119.42631,39.49241]},"properties":{"Fire_Name":"EAGLE","Acres":0.1,"Cause":"Natural","Year":2003}},{"type":"Feature","geometry":{"type":"Point","coordinates":[-119.60241,38.86991]},"properties":{"Fire_Name":"BUFFALO","Acres":2,"Cause":"Human","Year":2003}},{"type":"Feature","geometry":{"type":"Point","coordinates":[-119.66051,39.22691]},"properties":{"Fire_Name":"COTTONWOOD","Acres":0.1,"Cause":"Human","Year":2003}},{"type":"Feature","geometry":{"type":"Point","coordinates":[-119.68051,39.18211]},"properties":{"Fire_Name":"GUNNER","Acres":7.3,"Cause":"Human","Year":2003}},{"type":"Feature","geometry":{"type":"Point","coordinates":[-119.60131,39.94131]},"properties":{"Fire_Name":"WNA 6","Acres":0.1,"Cause":"Human","Year":2003}},{"type":"Feature","geometry":{"type":"Point","coordinates":[-119.69571,38.88211]},"properties":{"Fire_Name":"WNA 7","Acres":0.3,"Cause":"Human","Year":2003}},{"type":"Feature","geometry":{"type":"Point","coordinates":[-119.72131,39.06441]},"properties":{"Fire_Name":"HOT SPGS","Acres":0.5,"Cause":"Natural","Year":2003}},{"type":"Feature","geometry":{"type":"Point","coordinates":[-119.52181,38.99491]},"properties":{"Fire_Name":"BUCKEYE","Acres":0.1,"Cause":"Natural","Year":2003}},{"type":"Feature","geometry":{"type":"Point","coordinates":[-119.55541,38.97351]},"properties":{"Fire_Name":"PINENUT","Acres":0.1,"Cause":"Natural","Year":2003}},{"type":"Feature","geometry":{"type":"Point","coordinates":[-119.67771,39.72131]},"properties":{"Fire_Name":"PARTEI","Acres":0.1,"Cause":"Natural","Year":2003}},{"type":"Feature","geometry":{"type":"Point","coordinates":[-119.69691,39.73411]},"properties":{"Fire_Name":"LTL HUNGRY","Acres":0.1,"Cause":"Natural","Year":2003}},{"type":"Feature","geometry":{"type":"Point","coordinates":[-119.44711,39.06571]},"properties":{"Fire_Name":"SUNRISE","Acres":2,"Cause":"Human","Year":2003}},{"type":"Feature","geometry":{"type":"Point","coordinates":[-119.81881,39.83131]},"properties":{"Fire_Name":"RUBY HILLS","Acres":0.1,"Cause":"Human","Year":2003}},{"type":"Feature","geometry":{"type":"Point","coordinates":[-119.77101,39.13211]},"properties":{"Fire_Name":"VOLTAIRE 2","Acres":35,"Cause":"Human","Year":2003}},{"type":"Feature","geometry":{"type":"Point","coordinates":[-119.78601,39.62631]},"properties":{"Fire_Name":"CHIMNEY","Acres":6,"Cause":"Human","Year":2003}},{"type":"Feature","geometry":{"type":"Point","coordinates":[-119.59991,39.65521]},"properties":{"Fire_Name":"GRIFFITH","Acres":2,"Cause":"Human","Year":2003}},{"type":"Feature","geometry":{"type":"Point","coordinates":[-119.27041,39.62521]},"properties":{"Fire_Name":"WNA 8","Acres":0.1,"Cause":"Human","Year":2003}},{"type":"Feature","geometry":{"type":"Point","coordinates":[-119.40801,39.83321]},"properties":{"Fire_Name":"WNA 1","Acres":0.1,"Cause":"Human","Year":2004}},{"type":"Feature","geometry":{"type":"Point","coordinates":[-119.51911,39.69691]},"properties":{"Fire_Name":"TREE FARM","Acres":0.3,"Cause":"Human","Year":2004}},{"type":"Feature","geometry":{"type":"Point","coordinates":[-119.69661,40.07271]},"properties":{"Fire_Name":"WNA 2","Acres":0.1,"Cause":"Human","Year":2004}},{"type":"Feature","geometry":{"type":"Point","coordinates":[-119.61131,39.02601]},"properties":{"Fire_Name":"COYOTE","Acres":0.1,"Cause":"Human","Year":2004}},{"type":"Feature","geometry":{"type":"Point","coordinates":[-119.64821,39.23521]},"properties":{"Fire_Name":"DIAMONDBK","Acres":0.5,"Cause":"Human","Year":2004}},{"type":"Feature","geometry":{"type":"Point","coordinates":[-119.60681,38.87941]},"properties":{"Fire_Name":"PREACHERS","Acres":0.1,"Cause":"Natural","Year":2004}},{"type":"Feature","geometry":{"type":"Point","coordinates":[-119.33461,39.21101]},"properties":{"Fire_Name":"MIDSLOPE","Acres":0.1,"Cause":"Natural","Year":2004}},{"type":"Feature","geometry":{"type":"Point","coordinates":[-119.39271,39.15071]},"properties":{"Fire_Name":"POWERLINE","Acres":0.1,"Cause":"Natural","Year":2004}},{"type":"Feature","geometry":{"type":"Point","coordinates":[-119.72441,39.68661]},"properties":{"Fire_Name":"PEBBLE","Acres":0.1,"Cause":"Natural","Year":2004}},{"type":"Feature","geometry":{"type":"Point","coordinates":[-119.59491,39.63521]},"properties":{"Fire_Name":"SPANISH","Acres":7,"Cause":"Natural","Year":2004}},{"type":"Feature","geometry":{"type":"Point","coordinates":[-119.40571,39.73241]},"properties":{"Fire_Name":"JONES","Acres":0.1,"Cause":"Natural","Year":2004}},{"type":"Feature","geometry":{"type":"Point","coordinates":[-119.31101,39.06071]},"properties":{"Fire_Name":"SUNRISE 2","Acres":0.1,"Cause":"Natural","Year":2004}},{"type":"Feature","geometry":{"type":"Point","coordinates":[-119.64571,39.05271]},"properties":{"Fire_Name":"SUNRISE 3","Acres":0.1,"Cause":"Natural","Year":2004}},{"type":"Feature","geometry":{"type":"Point","coordinates":[-119.66021,39.04441]},"properties":{"Fire_Name":"SUNRISE 5","Acres":0.1,"Cause":"Natural","Year":2004}},{"type":"Feature","geometry":{"type":"Point","coordinates":[-119.59491,38.91851]},"properties":{"Fire_Name":"MONARCH","Acres":0.1,"Cause":"Natural","Year":2004}},{"type":"Feature","geometry":{"type":"Point","coordinates":[-119.61461,39.06381]},"properties":{"Fire_Name":"PINENUTS","Acres":0.1,"Cause":"Natural","Year":2004}},{"type":"Feature","geometry":{"type":"Point","coordinates":[-119.54351,39.07051]},"properties":{"Fire_Name":"PINENUT RD","Acres":0.1,"Cause":"Natural","Year":2004}},{"type":"Feature","geometry":{"type":"Point","coordinates":[-119.54821,39.80631]},"properties":{"Fire_Name":"RENO 7","Acres":0.1,"Cause":"Natural","Year":2004}},{"type":"Feature","geometry":{"type":"Point","coordinates":[-119.73411,39.22241]},"properties":{"Fire_Name":"MCCLELLAN","Acres":0.1,"Cause":"Natural","Year":2004}},{"type":"Feature","geometry":{"type":"Point","coordinates":[-119.73961,39.21571]},"properties":{"Fire_Name":"CENTENNIAL","Acres":0.3,"Cause":"Natural","Year":2004}},{"type":"Feature","geometry":{"type":"Point","coordinates":[-119.65351,40.04461]},"properties":{"Fire_Name":"WNA 6","Acres":0.1,"Cause":"Natural","Year":2004}},{"type":"Feature","geometry":{"type":"Point","coordinates":[-119.68101,38.90271]},"properties":{"Fire_Name":"RUENSTROTH","Acres":0.1,"Cause":"Natural","Year":2004}},{"type":"Feature","geometry":{"type":"Point","coordinates":[-119.95101,38.87691]},"properties":{"Fire_Name":"WNA 5","Acres":2,"Cause":"Natural","Year":2004}},{"type":"Feature","geometry":{"type":"Point","coordinates":[-119.67021,40.03911]},"properties":{"Fire_Name":"WNA 7","Acres":2,"Cause":"Natural","Year":2004}},{"type":"Feature","geometry":{"type":"Point","coordinates":[-119.67101,40.03941]},"properties":{"Fire_Name":"WNA 9","Acres":0.5,"Cause":"Natural","Year":2004}},{"type":"Feature","geometry":{"type":"Point","coordinates":[-119.70631,39.02711]},"properties":{"Fire_Name":"SUNRISE 1","Acres":0.1,"Cause":"Natural","Year":2004}},{"type":"Feature","geometry":{"type":"Point","coordinates":[-119.72851,39.91071]},"properties":{"Fire_Name":"WINNEMUCCA","Acres":0.1,"Cause":"Natural","Year":2004}},{"type":"Feature","geometry":{"type":"Point","coordinates":[-119.71711,39.05821]},"properties":{"Fire_Name":"HOT SPRING","Acres":0.1,"Cause":"Natural","Year":2004}},{"type":"Feature","geometry":{"type":"Point","coordinates":[-119.74321,39.87551]},"properties":{"Fire_Name":"MOONROCKS","Acres":0.1,"Cause":"Natural","Year":2004}},{"type":"Feature","geometry":{"type":"Point","coordinates":[-119.67931,38.90211]},"properties":{"Fire_Name":"RUENSTROH2","Acres":0.1,"Cause":"Natural","Year":2004}},{"type":"Feature","geometry":{"type":"Point","coordinates":[-119.73191,39.96661]},"properties":{"Fire_Name":"TULE","Acres":0.1,"Cause":"Natural","Year":2004}},{"type":"Feature","geometry":{"type":"Point","coordinates":[-119.62791,38.86631]},"properties":{"Fire_Name":"BUFFALO","Acres":0.3,"Cause":"Natural","Year":2004}},{"type":"Feature","geometry":{"type":"Point","coordinates":[-119.54931,38.91321]},"properties":{"Fire_Name":"SIEGEL 2","Acres":0.1,"Cause":"Natural","Year":2004}},{"type":"Feature","geometry":{"type":"Point","coordinates":[-119.54431,38.91661]},"properties":{"Fire_Name":"SIEGEL","Acres":0.1,"Cause":"Natural","Year":2004}},{"type":"Feature","geometry":{"type":"Point","coordinates":[-119.63071,38.85161]},"properties":{"Fire_Name":"BUFFALO 2","Acres":0.1,"Cause":"Natural","Year":2004}},{"type":"Feature","geometry":{"type":"Point","coordinates":[-119.68771,39.15851]},"properties":{"Fire_Name":"BRUNSWICK2","Acres":0.1,"Cause":"Natural","Year":2004}},{"type":"Feature","geometry":{"type":"Point","coordinates":[-119.69161,39.16051]},"properties":{"Fire_Name":"SEDGE","Acres":0.1,"Cause":"Natural","Year":2004}},{"type":"Feature","geometry":{"type":"Point","coordinates":[-119.62941,39.73741]},"properties":{"Fire_Name":"CURNOW","Acres":0.1,"Cause":"Natural","Year":2004}},{"type":"Feature","geometry":{"type":"Point","coordinates":[-119.92351,39.84411]},"properties":{"Fire_Name":"CHUCKWAGON","Acres":7,"Cause":"Natural","Year":2004}},{"type":"Feature","geometry":{"type":"Point","coordinates":[-119.62631,39.72551]},"properties":{"Fire_Name":"CURNOW 2","Acres":0.1,"Cause":"Natural","Year":2004}},{"type":"Feature","geometry":{"type":"Point","coordinates":[-119.63041,39.04321]},"properties":{"Fire_Name":"BRIAN","Acres":0.1,"Cause":"Natural","Year":2004}},{"type":"Feature","geometry":{"type":"Point","coordinates":[-119.57771,39.12411]},"properties":{"Fire_Name":"ILLINOIS","Acres":11,"Cause":"Natural","Year":2004}},{"type":"Feature","geometry":{"type":"Point","coordinates":[-119.57431,38.84241]},"properties":{"Fire_Name":"BUFFALO 3","Acres":0.1,"Cause":"Natural","Year":2004}},{"type":"Feature","geometry":{"type":"Point","coordinates":[-119.64491,39.25211]},"properties":{"Fire_Name":"RAVINE","Acres":0.1,"Cause":"Natural","Year":2004}},{"type":"Feature","geometry":{"type":"Point","coordinates":[-119.67991,38.97691]},"properties":{"Fire_Name":"BUCKEYE CR","Acres":0.1,"Cause":"Human","Year":2004}},{"type":"Feature","geometry":{"type":"Point","coordinates":[-119.95101,38.91381]},"properties":{"Fire_Name":"BLUEBIRD","Acres":0.1,"Cause":"Natural","Year":2004}},{"type":"Feature","geometry":{"type":"Point","coordinates":[-119.66051,39.03551]},"properties":{"Fire_Name":"JUNIPER","Acres":0.3,"Cause":"Natural","Year":2004}},{"type":"Feature","geometry":{"type":"Point","coordinates":[-119.52931,39.00801]},"properties":{"Fire_Name":"MINERAL","Acres":0.1,"Cause":"Natural","Year":2004}},{"type":"Feature","geometry":{"type":"Point","coordinates":[-119.57821,39.07991]},"properties":{"Fire_Name":"ERASTRA","Acres":0.1,"Cause":"Natural","Year":2004}},{"type":"Feature","geometry":{"type":"Point","coordinates":[-119.61491,39.02351]},"properties":{"Fire_Name":"POLE","Acres":0.1,"Cause":"Natural","Year":2004}},{"type":"Feature","geometry":{"type":"Point","coordinates":[-119.59381,39.00441]},"properties":{"Fire_Name":"UHALVI","Acres":0.1,"Cause":"Natural","Year":2004}},{"type":"Feature","geometry":{"type":"Point","coordinates":[-119.61041,39.02131]},"properties":{"Fire_Name":"POLE 2","Acres":0.1,"Cause":"Natural","Year":2004}},{"type":"Feature","geometry":{"type":"Point","coordinates":[-119.59991,39.69741]},"properties":{"Fire_Name":"PLATA","Acres":1,"Cause":"Natural","Year":2004}},{"type":"Feature","geometry":{"type":"Point","coordinates":[-119.63961,39.26351]},"properties":{"Fire_Name":"HIGHSTREET","Acres":0.1,"Cause":"Human","Year":2004}},{"type":"Feature","geometry":{"type":"Point","coordinates":[-119.81601,39.15051]},"properties":{"Fire_Name":"WATERFALL","Acres":8758.71001214542,"Cause":"Human","Year":2004}},{"type":"Feature","geometry":{"type":"Point","coordinates":[-119.79241,38.78911]},"properties":{"Fire_Name":"WNA 4","Acres":0.1,"Cause":"Natural","Year":2004}},{"type":"Feature","geometry":{"type":"Point","coordinates":[-119.65271,39.74551]},"properties":{"Fire_Name":"RENO 8","Acres":0.1,"Cause":"Natural","Year":2004}},{"type":"Feature","geometry":{"type":"Point","coordinates":[-119.67771,39.70021]},"properties":{"Fire_Name":"RENO 11","Acres":0.1,"Cause":"Natural","Year":2004}},{"type":"Feature","geometry":{"type":"Point","coordinates":[-119.65071,39.70711]},"properties":{"Fire_Name":"RENO 16","Acres":0.1,"Cause":"Natural","Year":2004}},{"type":"Feature","geometry":{"type":"Point","coordinates":[-119.41771,39.41691]},"properties":{"Fire_Name":"RAMSEY 2","Acres":0.1,"Cause":"Natural","Year":2004}},{"type":"Feature","geometry":{"type":"Point","coordinates":[-119.62961,39.88021]},"properties":{"Fire_Name":"CHEROKEE","Acres":0.1,"Cause":"Human","Year":2004}},{"type":"Feature","geometry":{"type":"Point","coordinates":[-119.68441,39.79941]},"properties":{"Fire_Name":"WARMSPRING","Acres":0.1,"Cause":"Natural","Year":2004}},{"type":"Feature","geometry":{"type":"Point","coordinates":[-119.82691,39.73741]},"properties":{"Fire_Name":"HUNGRY","Acres":39.25557863270556,"Cause":"Natural","Year":2004}},{"type":"Feature","geometry":{"type":"Point","coordinates":[-119.87161,39.69851]},"properties":{"Fire_Name":"MOTOCROSS","Acres":0.3,"Cause":"Natural","Year":2004}},{"type":"Feature","geometry":{"type":"Point","coordinates":[-119.72381,39.92941]},"properties":{"Fire_Name":"CORRAL","Acres":0.1,"Cause":"Natural","Year":2004}},{"type":"Feature","geometry":{"type":"Point","coordinates":[-119.69551,39.92571]},"properties":{"Fire_Name":"PAINTED","Acres":0.1,"Cause":"Natural","Year":2004}},{"type":"Feature","geometry":{"type":"Point","coordinates":[-119.83191,39.30491]},"properties":{"Fire_Name":"MUSTANG","Acres":4,"Cause":"Human","Year":2004}},{"type":"Feature","geometry":{"type":"Point","coordinates":[-119.69961,39.18241]},"properties":{"Fire_Name":"RIVER","Acres":0.3,"Cause":"Human","Year":2004}},{"type":"Feature","geometry":{"type":"Point","coordinates":[-119.61911,38.82381]},"properties":{"Fire_Name":"SPIRIT","Acres":0.1,"Cause":"Natural","Year":2004}},{"type":"Feature","geometry":{"type":"Point","coordinates":[-119.53321,39.11021]},"properties":{"Fire_Name":"HACKETT","Acres":0.1,"Cause":"Natural","Year":2004}},{"type":"Feature","geometry":{"type":"Point","coordinates":[-119.99191,39.35611]},"properties":{"Fire_Name":"BORDER","Acres":350.5815828684623,"Cause":"Natural","Year":2004}},{"type":"Feature","geometry":{"type":"Point","coordinates":[-119.56181,38.93801]},"properties":{"Fire_Name":"LENA","Acres":0.1,"Cause":"Natural","Year":2004}},{"type":"Feature","geometry":{"type":"Point","coordinates":[-120.03491,39.87881]},"properties":{"Fire_Name":"PLANT","Acres":2,"Cause":"Natural","Year":2004}},{"type":"Feature","geometry":{"type":"Point","coordinates":[-119.96961,39.91661]},"properties":{"Fire_Name":"SEVEN","Acres":0.1,"Cause":"Natural","Year":2004}},{"type":"Feature","geometry":{"type":"Point","coordinates":[-119.99771,39.93931]},"properties":{"Fire_Name":"GOOSEBERRY","Acres":0.1,"Cause":"Natural","Year":2004}},{"type":"Feature","geometry":{"type":"Point","coordinates":[-119.99771,39.93961]},"properties":{"Fire_Name":"LAKES","Acres":0.1,"Cause":"Natural","Year":2004}},{"type":"Feature","geometry":{"type":"Point","coordinates":[-120.02991,39.85911]},"properties":{"Fire_Name":"PETER","Acres":0.1,"Cause":"Natural","Year":2004}},{"type":"Feature","geometry":{"type":"Point","coordinates":[-119.81551,39.71911]},"properties":{"Fire_Name":"RENO 14","Acres":0.1,"Cause":"Natural","Year":2004}},{"type":"Feature","geometry":{"type":"Point","coordinates":[-119.68051,39.75131]},"properties":{"Fire_Name":"RENO 15","Acres":0.1,"Cause":"Natural","Year":2004}},{"type":"Feature","geometry":{"type":"Point","coordinates":[-119.65101,38.91491]},"properties":{"Fire_Name":"PINE","Acres":0.1,"Cause":"Natural","Year":2004}},{"type":"Feature","geometry":{"type":"Point","coordinates":[-119.74351,39.71631]},"properties":{"Fire_Name":"WNA 11","Acres":0.1,"Cause":"Natural","Year":2004}},{"type":"Feature","geometry":{"type":"Point","coordinates":[-119.97991,39.92661]},"properties":{"Fire_Name":"240","Acres":0.1,"Cause":"Natural","Year":2004}},{"type":"Feature","geometry":{"type":"Point","coordinates":[-119.45771,39.47771]},"properties":{"Fire_Name":"GOOSEBURY2","Acres":0.1,"Cause":"Natural","Year":2004}},{"type":"Feature","geometry":{"type":"Point","coordinates":[-119.64961,39.94321]},"properties":{"Fire_Name":"HARDSCRABBLE","Acres":16.993861307906908,"Cause":"Natural","Year":2004}},{"type":"Feature","geometry":{"type":"Point","coordinates":[-119.81661,39.94571]},"properties":{"Fire_Name":"BLACK","Acres":0.1,"Cause":"Natural","Year":2004}},{"type":"Feature","geometry":{"type":"Point","coordinates":[-119.84941,39.71071]},"properties":{"Fire_Name":"LEMON","Acres":0.1,"Cause":"Natural","Year":2004}},{"type":"Feature","geometry":{"type":"Point","coordinates":[-119.97131,39.92071]},"properties":{"Fire_Name":"DEC","Acres":0.1,"Cause":"Natural","Year":2004}},{"type":"Feature","geometry":{"type":"Point","coordinates":[-119.82491,39.70631]},"properties":{"Fire_Name":"RENO 13","Acres":0.1,"Cause":"Natural","Year":2004}},{"type":"Feature","geometry":{"type":"Point","coordinates":[-119.67491,39.15051]},"properties":{"Fire_Name":"MICROWAVE2","Acres":0.1,"Cause":"Natural","Year":2004}},{"type":"Feature","geometry":{"type":"Point","coordinates":[-119.64211,39.16601]},"properties":{"Fire_Name":"HACKETT 2","Acres":0.1,"Cause":"Natural","Year":2004}},{"type":"Feature","geometry":{"type":"Point","coordinates":[-120.02461,39.85881]},"properties":{"Fire_Name":"TRANSPARNT","Acres":0.1,"Cause":"Natural","Year":2004}},{"type":"Feature","geometry":{"type":"Point","coordinates":[-119.71351,40.03351]},"properties":{"Fire_Name":"WNA 12","Acres":2,"Cause":"Natural","Year":2004}},{"type":"Feature","geometry":{"type":"Point","coordinates":[-119.72691,40.05441]},"properties":{"Fire_Name":"WNA 13","Acres":0.1,"Cause":"Natural","Year":2004}},{"type":"Feature","geometry":{"type":"Point","coordinates":[-119.74661,38.79961]},"properties":{"Fire_Name":"DUTCH","Acres":0.1,"Cause":"Human","Year":2004}},{"type":"Feature","geometry":{"type":"Point","coordinates":[-120.07911,40.03241]},"properties":{"Fire_Name":"WILD BILL","Acres":0.1,"Cause":"Natural","Year":2004}},{"type":"Feature","geometry":{"type":"Point","coordinates":[-119.73381,39.33271]},"properties":{"Fire_Name":"ANDREW","Acres":2691.4273204940037,"Cause":"Human","Year":2004}},{"type":"Feature","geometry":{"type":"Point","coordinates":[-119.66461,39.20771]},"properties":{"Fire_Name":"KIT KAT","Acres":0.2,"Cause":"Human","Year":2004}},{"type":"Feature","geometry":{"type":"Point","coordinates":[-119.66691,39.20611]},"properties":{"Fire_Name":"NEWMAN","Acres":0.3,"Cause":"Human","Year":2005}},{"type":"Feature","geometry":{"type":"Point","coordinates":[-119.66691,39.17941]},"properties":{"Fire_Name":"INDIAN MTN","Acres":0.1,"Cause":"Human","Year":2005}},{"type":"Feature","geometry":{"type":"Point","coordinates":[-119.56061,38.88361]},"properties":{"Fire_Name":"WNA 3","Acres":0.1,"Cause":"Natural","Year":2005}},{"type":"Feature","geometry":{"type":"Point","coordinates":[-119.65891,39.14111]},"properties":{"Fire_Name":"BRUNSWICK","Acres":0.1,"Cause":"Natural","Year":2005}},{"type":"Feature","geometry":{"type":"Point","coordinates":[-119.70331,39.20191]},"properties":{"Fire_Name":"CENTENNIAL","Acres":0.1,"Cause":"Natural","Year":2005}},{"type":"Feature","geometry":{"type":"Point","coordinates":[-119.60721,39.85061]},"properties":{"Fire_Name":"PERRY","Acres":0.1,"Cause":"Natural","Year":2005}},{"type":"Feature","geometry":{"type":"Point","coordinates":[-119.61391,39.11831]},"properties":{"Fire_Name":"JUNE ELLEN","Acres":0.1,"Cause":"Human","Year":2005}},{"type":"Feature","geometry":{"type":"Point","coordinates":[-119.30281,39.62031]},"properties":{"Fire_Name":"WNA 2","Acres":0.1,"Cause":"Human","Year":2005}},{"type":"Feature","geometry":{"type":"Point","coordinates":[-119.30831,39.64141]},"properties":{"Fire_Name":"WNA  1","Acres":1,"Cause":"Human","Year":2005}},{"type":"Feature","geometry":{"type":"Point","coordinates":[-119.65971,39.19861]},"properties":{"Fire_Name":"MERRIMAC","Acres":0.5,"Cause":"Human","Year":2005}},{"type":"Feature","geometry":{"type":"Point","coordinates":[-119.50281,39.31581]},"properties":{"Fire_Name":"RAINBOW","Acres":17.578048437205588,"Cause":"Human","Year":2005}},{"type":"Feature","geometry":{"type":"Point","coordinates":[-119.67971,39.17891]},"properties":{"Fire_Name":"RANGE","Acres":18.30456701094839,"Cause":"Human","Year":2005}},{"type":"Feature","geometry":{"type":"Point","coordinates":[-119.65611,39.28281]},"properties":{"Fire_Name":"TRUCK","Acres":50.905199707702835,"Cause":"Human","Year":2005}},{"type":"Feature","geometry":{"type":"Point","coordinates":[-119.70361,39.12391]},"properties":{"Fire_Name":"SILVER","Acres":0.1,"Cause":"Human","Year":2005}},{"type":"Feature","geometry":{"type":"Point","coordinates":[-119.35721,39.83561]},"properties":{"Fire_Name":"WNA 4","Acres":0.5,"Cause":"Human","Year":2005}},{"type":"Feature","geometry":{"type":"Point","coordinates":[-119.78001,39.35191]},"properties":{"Fire_Name":"PLEASANT","Acres":17.1385252828917,"Cause":"Human","Year":2005}},{"type":"Feature","geometry":{"type":"Point","coordinates":[-119.65391,39.14171]},"properties":{"Fire_Name":"BADGER","Acres":655.3914610381561,"Cause":"Human","Year":2005}},{"type":"Feature","geometry":{"type":"Point","coordinates":[-119.35281,39.82811]},"properties":{"Fire_Name":"WNA 7","Acres":0.1,"Cause":"Human","Year":2005}},{"type":"Feature","geometry":{"type":"Point","coordinates":[-119.39861,39.71811]},"properties":{"Fire_Name":"JONES","Acres":0.3,"Cause":"Human","Year":2005}},{"type":"Feature","geometry":{"type":"Point","coordinates":[-119.70251,39.13611]},"properties":{"Fire_Name":"LLOYD","Acres":1,"Cause":"Human","Year":2005}},{"type":"Feature","geometry":{"type":"Point","coordinates":[-119.73081,39.20391]},"properties":{"Fire_Name":"ARROWHEAD","Acres":6,"Cause":"Human","Year":2005}},{"type":"Feature","geometry":{"type":"Point","coordinates":[-119.78031,39.20531]},"properties":{"Fire_Name":"IMUS","Acres":0.1,"Cause":"Human","Year":2005}},{"type":"Feature","geometry":{"type":"Point","coordinates":[-119.50081,39.56221]},"properties":{"Fire_Name":"NEW PASS","Acres":0.5,"Cause":"Human","Year":2005}},{"type":"Feature","geometry":{"type":"Point","coordinates":[-119.75891,39.68221]},"properties":{"Fire_Name":"HUNGRY","Acres":0.1,"Cause":"Human","Year":2005}},{"type":"Feature","geometry":{"type":"Point","coordinates":[-119.74831,39.65921]},"properties":{"Fire_Name":"SPANISH","Acres":0.1,"Cause":"Human","Year":2005}},{"type":"Feature","geometry":{"type":"Point","coordinates":[-119.51391,39.52581]},"properties":{"Fire_Name":"RR4","Acres":2,"Cause":"Human","Year":2005}},{"type":"Feature","geometry":{"type":"Point","coordinates":[-119.78751,39.63001]},"properties":{"Fire_Name":"SUN VALLEY","Acres":28.654969734109383,"Cause":"Human","Year":2005}},{"type":"Feature","geometry":{"type":"Point","coordinates":[-119.83001,38.80691]},"properties":{"Fire_Name":"MUD LAKE","Acres":579.3504355803162,"Cause":"Human","Year":2005}},{"type":"Feature","geometry":{"type":"Point","coordinates":[-119.55971,38.88311]},"properties":{"Fire_Name":"BURBANK","Acres":0.1,"Cause":"Natural","Year":2005}},{"type":"Feature","geometry":{"type":"Point","coordinates":[-119.48671,39.73831]},"properties":{"Fire_Name":"JACKASS","Acres":6,"Cause":"Natural","Year":2005}},{"type":"Feature","geometry":{"type":"Point","coordinates":[-119.47941,39.70891]},"properties":{"Fire_Name":"TWIN","Acres":0.3,"Cause":"Natural","Year":2005}},{"type":"Feature","geometry":{"type":"Point","coordinates":[-119.46391,38.87531]},"properties":{"Fire_Name":"OREANA","Acres":0.1,"Cause":"Natural","Year":2005}},{"type":"Feature","geometry":{"type":"Point","coordinates":[-119.70471,39.25171]},"properties":{"Fire_Name":"DELAWARE","Acres":285.54148925631165,"Cause":"Natural","Year":2005}},{"type":"Feature","geometry":{"type":"Point","coordinates":[-119.86861,39.92311]},"properties":{"Fire_Name":"MCKISSICK","Acres":0.1,"Cause":"Natural","Year":2005}},{"type":"Feature","geometry":{"type":"Point","coordinates":[-119.82441,39.71331]},"properties":{"Fire_Name":"MATTERHORN","Acres":0.1,"Cause":"Natural","Year":2005}},{"type":"Feature","geometry":{"type":"Point","coordinates":[-119.69251,40.27861]},"properties":{"Fire_Name":"WNA 5","Acres":48,"Cause":"Human","Year":2005}},{"type":"Feature","geometry":{"type":"Point","coordinates":[-119.11721,39.57531]},"properties":{"Fire_Name":"TRACYCLARK","Acres":0.1,"Cause":"Human","Year":2005}},{"type":"Feature","geometry":{"type":"Point","coordinates":[-119.16531,39.46811]},"properties":{"Fire_Name":"MUSTANG","Acres":11.550001529052327,"Cause":"Human","Year":2005}},{"type":"Feature","geometry":{"type":"Point","coordinates":[-119.74111,39.31471]},"properties":{"Fire_Name":"BAILEY","Acres":0.1,"Cause":"Natural","Year":2005}},{"type":"Feature","geometry":{"type":"Point","coordinates":[-119.75281,39.32061]},"properties":{"Fire_Name":"DRY LAKE","Acres":0.1,"Cause":"Natural","Year":2005}},{"type":"Feature","geometry":{"type":"Point","coordinates":[-119.70611,39.12921]},"properties":{"Fire_Name":"RIVER","Acres":0.1,"Cause":"Human","Year":2005}},{"type":"Feature","geometry":{"type":"Point","coordinates":[-119.60611,39.23831]},"properties":{"Fire_Name":"TAILINGS","Acres":0.1,"Cause":"Human","Year":2005}},{"type":"Feature","geometry":{"type":"Point","coordinates":[-119.65501,38.85531]},"properties":{"Fire_Name":"CHINA SPG","Acres":3,"Cause":"Human","Year":2005}},{"type":"Feature","geometry":{"type":"Point","coordinates":[-119.65221,39.80391]},"properties":{"Fire_Name":"EAGLE 2","Acres":0.1,"Cause":"Human","Year":2005}},{"type":"Feature","geometry":{"type":"Point","coordinates":[-119.70441,39.37001]},"properties":{"Fire_Name":"TOLL ROAD","Acres":23.38586434845836,"Cause":"Human","Year":2005}},{"type":"Feature","geometry":{"type":"Point","coordinates":[-119.75581,40.00891]},"properties":{"Fire_Name":"DOG","Acres":51.21387929272807,"Cause":"Natural","Year":2005}},{"type":"Feature","geometry":{"type":"Point","coordinates":[-119.89331,39.91501]},"properties":{"Fire_Name":"SKINS","Acres":0.1,"Cause":"Natural","Year":2005}},{"type":"Feature","geometry":{"type":"Point","coordinates":[-119.47941,39.17141]},"properties":{"Fire_Name":"COMO","Acres":4,"Cause":"Human","Year":2005}},{"type":"Feature","geometry":{"type":"Point","coordinates":[-119.75251,38.79721]},"properties":{"Fire_Name":"WNA 8","Acres":0.5,"Cause":"Human","Year":2005}},{"type":"Feature","geometry":{"type":"Point","coordinates":[-119.68531,39.18501]},"properties":{"Fire_Name":"TRAVEL","Acres":0.1,"Cause":"Human","Year":2005}},{"type":"Feature","geometry":{"type":"Point","coordinates":[-119.30171,39.61361]},"properties":{"Fire_Name":"WNA 9","Acres":3,"Cause":"Human","Year":2005}},{"type":"Feature","geometry":{"type":"Point","coordinates":[-119.58781,39.00941]},"properties":{"Fire_Name":"MINERAL","Acres":0.1,"Cause":"Natural","Year":2005}},{"type":"Feature","geometry":{"type":"Point","coordinates":[-119.75171,38.79031]},"properties":{"Fire_Name":"WNA 10","Acres":0.5,"Cause":"Human","Year":2005}},{"type":"Feature","geometry":{"type":"Point","coordinates":[-119.66471,39.20751]},"properties":{"Fire_Name":"LITTLEJOHN","Acres":0.1,"Cause":"Human","Year":2005}},{"type":"Feature","geometry":{"type":"Point","coordinates":[-119.75251,38.79031]},"properties":{"Fire_Name":"WNA 11","Acres":0.1,"Cause":"Human","Year":2005}},{"type":"Feature","geometry":{"type":"Point","coordinates":[-119.77331,39.20251]},"properties":{"Fire_Name":"DUCK","Acres":0.5,"Cause":"Human","Year":2005}},{"type":"Feature","geometry":{"type":"Point","coordinates":[-119.68171,39.18141]},"properties":{"Fire_Name":"RIFLERANGE","Acres":7,"Cause":"Human","Year":2005}},{"type":"Feature","geometry":{"type":"Point","coordinates":[-119.33691,39.59751]},"properties":{"Fire_Name":"WADSWORTH2","Acres":10,"Cause":"Human","Year":2005}},{"type":"Feature","geometry":{"type":"Point","coordinates":[-119.67441,39.17111]},"properties":{"Fire_Name":"BRUNSWICK2","Acres":0.1,"Cause":"Human","Year":2005}},{"type":"Feature","geometry":{"type":"Point","coordinates":[-119.21541,39.84521]},"properties":{"Fire_Name":"KEYSTONE","Acres":6370.9,"Cause":"Natural","Year":2000}},{"type":"Feature","geometry":{"type":"Point","coordinates":[-119.21851,40.10801]},"properties":{"Fire_Name":"NIGHTNGAL","Acres":3,"Cause":"Natural","Year":2000}},{"type":"Feature","geometry":{"type":"Point","coordinates":[-119.19931,39.87631]},"properties":{"Fire_Name":"TRUCKEE","Acres":13348.4,"Cause":"Natural","Year":2000}},{"type":"Feature","geometry":{"type":"Point","coordinates":[-119.21541,39.84521]},"properties":{"Fire_Name":"FIREBALL","Acres":2897.1,"Cause":"Natural","Year":2000}},{"type":"Feature","geometry":{"type":"Point","coordinates":[-119.13631,40.25631]},"properties":{"Fire_Name":"GRANITE","Acres":483.6,"Cause":"Natural","Year":2001}},{"type":"Feature","geometry":{"type":"Point","coordinates":[-119.21771,40.21661]},"properties":{"Fire_Name":"EMPIRE","Acres":1.5,"Cause":"Human","Year":2001}},{"type":"Feature","geometry":{"type":"Point","coordinates":[-119.10851,39.73711]},"properties":{"Fire_Name":"TWO TIPS","Acres":970.5669474912349,"Cause":"Natural","Year":2002}},{"type":"Feature","geometry":{"type":"Point","coordinates":[-119.18771,39.79691]},"properties":{"Fire_Name":"FIREBALL","Acres":0.3,"Cause":"Natural","Year":2003}},{"type":"Feature","geometry":{"type":"Point","coordinates":[-120.03418,38.81723]},"properties":{"Fire_Name":"ECHO","Acres":0.1,"Cause":"Human","Year":2004}},{"type":"Feature","geometry":{"type":"Point","coordinates":[-120.03418,38.81723]},"properties":{"Fire_Name":"FALLEN LEAF FIRE","Acres":0.1,"Cause":"Human","Year":2004}},{"type":"Feature","geometry":{"type":"Point","coordinates":[-119.96835,38.86917]},"properties":{"Fire_Name":"POWERLINE 2","Acres":0.1,"Cause":"Human","Year":2004}},{"type":"Feature","geometry":{"type":"Point","coordinates":[-119.92501,39.16167]},"properties":{"Fire_Name":"CHIMNEY","Acres":0.1,"Cause":"Human","Year":2005}},{"type":"Feature","geometry":{"type":"Point","coordinates":[-120.08529,39.93334]},"properties":{"Fire_Name":"ADAMS","Acres":0.1,"Cause":"Natural","Year":2005}},{"type":"Feature","geometry":{"type":"Point","coordinates":[-120.18362,39.98501]},"properties":{"Fire_Name":"BLOOMER","Acres":0.1,"Cause":"Natural","Year":2005}},{"type":"Feature","geometry":{"type":"Point","coordinates":[-120.20085,40.00056]},"properties":{"Fire_Name":"RAMELLI","Acres":0.3,"Cause":"Human","Year":2005}},{"type":"Feature","geometry":{"type":"Point","coordinates":[-120.20918,40.00584]},"properties":{"Fire_Name":"NUGGET","Acres":18,"Cause":"Human","Year":2005}},{"type":"Feature","geometry":{"type":"Point","coordinates":[-120.13474,39.98417]},"properties":{"Fire_Name":"DOYLE","Acres":0.1,"Cause":"Natural","Year":2005}},{"type":"Feature","geometry":{"type":"Point","coordinates":[-120.28224,40.09028]},"properties":{"Fire_Name":"CREEK","Acres":0.1,"Cause":"Natural","Year":2005}},{"type":"Feature","geometry":{"type":"Point","coordinates":[-120.17224,39.97667]},"properties":{"Fire_Name":"DOOLEY","Acres":0.1,"Cause":"Natural","Year":2005}},{"type":"Feature","geometry":{"type":"Point","coordinates":[-120.25946,40.02028]},"properties":{"Fire_Name":"SUGAR","Acres":0.1,"Cause":"Natural","Year":2005}},{"type":"Feature","geometry":{"type":"Point","coordinates":[-120.04474,39.88695]},"properties":{"Fire_Name":"POSLIN","Acres":0.2,"Cause":"Natural","Year":2005}},{"type":"Feature","geometry":{"type":"Point","coordinates":[-120.09835,39.88306]},"properties":{"Fire_Name":"BORDER","Acres":6,"Cause":"Natural","Year":2005}},{"type":"Feature","geometry":{"type":"Point","coordinates":[-120.22751,40.04306]},"properties":{"Fire_Name":"MEADOW VIEW","Acres":0.1,"Cause":"Natural","Year":2005}},{"type":"Feature","geometry":{"type":"Point","coordinates":[-120.30501,40.03639]},"properties":{"Fire_Name":"FERRIS","Acres":0.2,"Cause":"Natural","Year":2005}},{"type":"Feature","geometry":{"type":"Point","coordinates":[-119.92501,38.98834]},"properties":{"Fire_Name":"SCHOOL","Acres":0.1,"Cause":"Human","Year":2005}},{"type":"Feature","geometry":{"type":"Point","coordinates":[-120.00612,39.24917]},"properties":{"Fire_Name":"BEAVER","Acres":0.1,"Cause":"Human","Year":2005}},{"type":"Feature","geometry":{"type":"Point","coordinates":[-120.1089,39.49778]},"properties":{"Fire_Name":"STAMPEDE","Acres":2,"Cause":"Human","Year":2005}},{"type":"Feature","geometry":{"type":"Point","coordinates":[-120.1514,39.56639]},"properties":{"Fire_Name":"PATS","Acres":0.1,"Cause":"Human","Year":2005}},{"type":"Feature","geometry":{"type":"Point","coordinates":[-120.10224,39.43445]},"properties":{"Fire_Name":"WOODCHOPPER","Acres":2,"Cause":"Human","Year":2000}},{"type":"Feature","geometry":{"type":"Point","coordinates":[-120.03446,39.23417]},"properties":{"Fire_Name":"CARNELIAN","Acres":0.1,"Cause":"Human","Year":2001}},{"type":"Feature","geometry":{"type":"Point","coordinates":[-119.93501,39.03501]},"properties":{"Fire_Name":"CAVE","Acres":0.1,"Cause":"Human","Year":2001}},{"type":"Feature","geometry":{"type":"Point","coordinates":[-120.05085,39.23445]},"properties":{"Fire_Name":"TAHOE VISTA","Acres":0.1,"Cause":"Human","Year":2001}},{"type":"Feature","geometry":{"type":"Point","coordinates":[-120.0189,38.91834]},"properties":{"Fire_Name":"EMERALD BAY FIRE","Acres":0.3,"Cause":"Human","Year":2001}},{"type":"Feature","geometry":{"type":"Point","coordinates":[-119.85029,38.96723]},"properties":{"Fire_Name":"WARRIOR","Acres":0.3,"Cause":"Human","Year":2001}},{"type":"Feature","geometry":{"type":"Point","coordinates":[-119.95029,38.91917]},"properties":{"Fire_Name":"BROWERS","Acres":0.1,"Cause":"Human","Year":2001}},{"type":"Feature","geometry":{"type":"Point","coordinates":[-120.05224,39.23473]},"properties":{"Fire_Name":"NATIONAL","Acres":0.1,"Cause":"Human","Year":2001}},{"type":"Feature","geometry":{"type":"Point","coordinates":[-120.00085,38.86667]},"properties":{"Fire_Name":"PUNKY LOG","Acres":0.1,"Cause":"Human","Year":2001}},{"type":"Feature","geometry":{"type":"Point","coordinates":[-119.98585,38.86834]},"properties":{"Fire_Name":"WEAVERLY","Acres":0.1,"Cause":"Human","Year":2001}},{"type":"Feature","geometry":{"type":"Point","coordinates":[-120.05168,39.25028]},"properties":{"Fire_Name":"DONNER","Acres":0.1,"Cause":"Human","Year":2001}},{"type":"Feature","geometry":{"type":"Point","coordinates":[-119.88418,38.96806]},"properties":{"Fire_Name":"BOULDER","Acres":0.1,"Cause":"Human","Year":2001}},{"type":"Feature","geometry":{"type":"Point","coordinates":[-119.93557,38.95084]},"properties":{"Fire_Name":"MONTREAL","Acres":0.1,"Cause":"Human","Year":2002}},{"type":"Feature","geometry":{"type":"Point","coordinates":[-119.96779,38.91723]},"properties":{"Fire_Name":"TROUT.","Acres":0.1,"Cause":"Human","Year":2002}},{"type":"Feature","geometry":{"type":"Point","coordinates":[-119.91807,39.23473]},"properties":{"Fire_Name":"SWEETWATER","Acres":0.5,"Cause":"Human","Year":2003}},{"type":"Feature","geometry":{"type":"Point","coordinates":[-120.15168,39.96862]},"properties":{"Fire_Name":"SNEAKER","Acres":0.1,"Cause":"Natural","Year":2003}},{"type":"Feature","geometry":{"type":"Point","coordinates":[-120.17085,39.67501]},"properties":{"Fire_Name":"LOYALTON","Acres":47,"Cause":"Natural","Year":2003}},{"type":"Feature","geometry":{"type":"Point","coordinates":[-120.15779,39.78584]},"properties":{"Fire_Name":"CHILCOOT","Acres":3.8,"Cause":"Human","Year":2004}},{"type":"Feature","geometry":{"type":"Point","coordinates":[-119.96724,38.90028]},"properties":{"Fire_Name":"CIRCLE","Acres":0.1,"Cause":"Human","Year":2004}},{"type":"Feature","geometry":{"type":"Point","coordinates":[-119.85974,39.59167]},"properties":{"Fire_Name":"KIOWA","Acres":0.5,"Cause":"Human","Year":2004}},{"type":"Feature","geometry":{"type":"Point","coordinates":[-120.05807,39.28001]},"properties":{"Fire_Name":"HIRSCHDALE               ","Acres":0.2,"Cause":"Human","Year":2000}},{"type":"Feature","geometry":{"type":"Point","coordinates":[-120.09501,39.44001]},"properties":{"Fire_Name":"GLENSHIRE                ","Acres":0.1,"Cause":"Human","Year":2000}},{"type":"Feature","geometry":{"type":"Point","coordinates":[-120.01696,39.39612]},"properties":{"Fire_Name":"FLORISTON                ","Acres":1,"Cause":"Human","Year":2000}},{"type":"Feature","geometry":{"type":"Point","coordinates":[-120.01696,39.41112]},"properties":{"Fire_Name":"FLORISTON                ","Acres":4,"Cause":"Human","Year":2001}},{"type":"Feature","geometry":{"type":"Point","coordinates":[-120.09501,39.29389]},"properties":{"Fire_Name":"SHELTON                  ","Acres":2,"Cause":"Human","Year":2001}},{"type":"Feature","geometry":{"type":"Point","coordinates":[-120.1139,39.35195]},"properties":{"Fire_Name":"GLENSHIRE                ","Acres":4,"Cause":"Human","Year":2003}},{"type":"Feature","geometry":{"type":"Point","coordinates":[-120.0389,39.39612]},"properties":{"Fire_Name":"FLORISTON                ","Acres":40,"Cause":"Human","Year":2004}},{"type":"Feature","geometry":{"type":"Point","coordinates":[-120.09612,39.28001]},"properties":{"Fire_Name":"267                      ","Acres":0.1,"Cause":"Human","Year":2004}},{"type":"Feature","geometry":{"type":"Point","coordinates":[-120.09501,39.35195]},"properties":{"Fire_Name":"DRY                      ","Acres":0.5,"Cause":"Human","Year":2005}},{"type":"Feature","geometry":{"type":"Point","coordinates":[-120.07696,39.30889]},"properties":{"Fire_Name":"MARTIS                   ","Acres":0.1,"Cause":"Human","Year":2001}},{"type":"Feature","geometry":{"type":"Point","coordinates":[-120.01696,39.41112]},"properties":{"Fire_Name":"FARAD                    ","Acres":150,"Cause":"Human","Year":2001}},{"type":"Feature","geometry":{"type":"Point","coordinates":[-119.85001,39.71667]},"properties":{"Fire_Name":"ANTELOPE","Acres":900,"Cause":"Natural","Year":2001}},{"type":"Feature","geometry":{"type":"Point","coordinates":[-119.87218,39.26934]},"properties":{"Fire_Name":"LITTLE VALLEY","Acres":2,"Cause":"Natural","Year":2001}},{"type":"Feature","geometry":{"type":"Point","coordinates":[-120.05418,39.89584]},"properties":{"Fire_Name":"RED","Acres":4.2,"Cause":"Natural","Year":2007}},{"type":"Feature","geometry":{"type":"Point","coordinates":[-120.05721,39.94891]},"properties":{"Fire_Name":"CONSTANTIA","Acres":1367.7767395857193,"Cause":"Natural","Year":2010}},{"type":"Feature","geometry":{"type":"Point","coordinates":[-119.75029,38.81889]},"properties":{"Fire_Name":"MUD","Acres":0.1,"Cause":"Human","Year":2006}},{"type":"Feature","geometry":{"type":"Point","coordinates":[-120.05168,39.36862]},"properties":{"Fire_Name":"HIRSCHDALE","Acres":0.1,"Cause":"Natural","Year":2006}},{"type":"Feature","geometry":{"type":"Point","coordinates":[-120.19446,39.69417]},"properties":{"Fire_Name":"ELEPHANT","Acres":0.1,"Cause":"Natural","Year":2006}},{"type":"Feature","geometry":{"type":"Point","coordinates":[-120.10085,39.60056]},"properties":{"Fire_Name":"BUSH","Acres":0.1,"Cause":"Natural","Year":2006}},{"type":"Feature","geometry":{"type":"Point","coordinates":[-120.10112,39.60167]},"properties":{"Fire_Name":"RESEARCH","Acres":0.1,"Cause":"Natural","Year":2006}},{"type":"Feature","geometry":{"type":"Point","coordinates":[-120.1339,39.78417]},"properties":{"Fire_Name":"CHIL","Acres":8.75,"Cause":"Human","Year":2006}},{"type":"Feature","geometry":{"type":"Point","coordinates":[-119.80529,38.81334]},"properties":{"Fire_Name":"DRY","Acres":0.1,"Cause":"Natural","Year":2006}},{"type":"Feature","geometry":{"type":"Point","coordinates":[-119.78001,39.11639]},"properties":{"Fire_Name":"SPOONER 3","Acres":12,"Cause":"Human","Year":2006}},{"type":"Feature","geometry":{"type":"Point","coordinates":[-119.69251,38.86889]},"properties":{"Fire_Name":"CARSON RIVER","Acres":3,"Cause":"Human","Year":2006}},{"type":"Feature","geometry":{"type":"Point","coordinates":[-119.74085,38.80001]},"properties":{"Fire_Name":"LONG VALLEY","Acres":0.3,"Cause":"Human","Year":2006}},{"type":"Feature","geometry":{"type":"Point","coordinates":[-119.82974,38.85334]},"properties":{"Fire_Name":"LUTHER","Acres":0.25,"Cause":"Natural","Year":2006}},{"type":"Feature","geometry":{"type":"Point","coordinates":[-120.1014,39.96834]},"properties":{"Fire_Name":"EAGLE","Acres":0.1,"Cause":"Natural","Year":2006}},{"type":"Feature","geometry":{"type":"Point","coordinates":[-120.24307,39.97473]},"properties":{"Fire_Name":"LOOKOUT","Acres":0.1,"Cause":"Natural","Year":2006}},{"type":"Feature","geometry":{"type":"Point","coordinates":[-120.05557,39.93889]},"properties":{"Fire_Name":"CONSTANTIA","Acres":9.7,"Cause":"Natural","Year":2006}},{"type":"Feature","geometry":{"type":"Point","coordinates":[-120.13168,39.83695]},"properties":{"Fire_Name":"COOT","Acres":0.1,"Cause":"Natural","Year":2006}},{"type":"Feature","geometry":{"type":"Point","coordinates":[-120.10196,39.53362]},"properties":{"Fire_Name":"JAM","Acres":0.1,"Cause":"Natural","Year":2006}},{"type":"Feature","geometry":{"type":"Point","coordinates":[-120.11807,39.60139]},"properties":{"Fire_Name":"BADENAUGH","Acres":0.1,"Cause":"Natural","Year":2006}},{"type":"Feature","geometry":{"type":"Point","coordinates":[-120.16835,39.78584]},"properties":{"Fire_Name":"COOT","Acres":0.5,"Cause":"Human","Year":2006}},{"type":"Feature","geometry":{"type":"Point","coordinates":[-120.16918,40.00889]},"properties":{"Fire_Name":"DOYLE","Acres":0.01,"Cause":"Natural","Year":2006}},{"type":"Feature","geometry":{"type":"Point","coordinates":[-120.18974,39.97723]},"properties":{"Fire_Name":"BLOOMER","Acres":0.1,"Cause":"Natural","Year":2006}},{"type":"Feature","geometry":{"type":"Point","coordinates":[-119.64335,38.80973]},"properties":{"Fire_Name":"HORSESHOE","Acres":0.25,"Cause":"Natural","Year":2006}},{"type":"Feature","geometry":{"type":"Point","coordinates":[-119.90724,38.79667]},"properties":{"Fire_Name":"WILLOW","Acres":0.1,"Cause":"Natural","Year":2006}},{"type":"Feature","geometry":{"type":"Point","coordinates":[-120.12668,39.38389]},"properties":{"Fire_Name":"HILL","Acres":0.25,"Cause":"Human","Year":2006}},{"type":"Feature","geometry":{"type":"Point","coordinates":[-120.18807,39.96778]},"properties":{"Fire_Name":"EGG","Acres":0.1,"Cause":"Natural","Year":2006}},{"type":"Feature","geometry":{"type":"Point","coordinates":[-120.1014,39.87639]},"properties":{"Fire_Name":"SCOTT","Acres":0.1,"Cause":"Natural","Year":2006}},{"type":"Feature","geometry":{"type":"Point","coordinates":[-120.05112,39.48389]},"properties":{"Fire_Name":"LADYBUG","Acres":0.25,"Cause":"Natural","Year":2006}},{"type":"Feature","geometry":{"type":"Point","coordinates":[-120.13418,39.61834]},"properties":{"Fire_Name":"DODGE","Acres":0.1,"Cause":"Natural","Year":2006}},{"type":"Feature","geometry":{"type":"Point","coordinates":[-120.05029,39.50139]},"properties":{"Fire_Name":"GRANITE 2","Acres":0.1,"Cause":"Natural","Year":2006}},{"type":"Feature","geometry":{"type":"Point","coordinates":[-119.84974,38.87973]},"properties":{"Fire_Name":"FAYE","Acres":30,"Cause":"Natural","Year":2006}},{"type":"Feature","geometry":{"type":"Point","coordinates":[-119.7414,38.87417]},"properties":{"Fire_Name":"TILLMAN","Acres":0.25,"Cause":"Human","Year":2006}},{"type":"Feature","geometry":{"type":"Point","coordinates":[-120.26307,40.04445]},"properties":{"Fire_Name":"ROLAND","Acres":0.1,"Cause":"Natural","Year":2006}},{"type":"Feature","geometry":{"type":"Point","coordinates":[-119.74335,38.80667]},"properties":{"Fire_Name":"DIAMOND VALLEY","Acres":20,"Cause":"Human","Year":2006}},{"type":"Feature","geometry":{"type":"Point","coordinates":[-119.86446,39.02612]},"properties":{"Fire_Name":"GEONA PEAK","Acres":9,"Cause":"Natural","Year":2006}},{"type":"Feature","geometry":{"type":"Point","coordinates":[-119.84807,39.00639]},"properties":{"Fire_Name":"GENOA 2","Acres":1,"Cause":"Human","Year":2006}},{"type":"Feature","geometry":{"type":"Point","coordinates":[-120.08279,39.66195]},"properties":{"Fire_Name":"BALLS CANYON","Acres":1838.4040393577147,"Cause":"Natural","Year":2006}},{"type":"Feature","geometry":{"type":"Point","coordinates":[-120.0239,39.63917]},"properties":{"Fire_Name":"COLD SPRINGS 2","Acres":40,"Cause":"Natural","Year":2006}},{"type":"Feature","geometry":{"type":"Point","coordinates":[-119.87224,39.55612]},"properties":{"Fire_Name":"LEADERSHIP","Acres":1.9,"Cause":"Human","Year":2006}},{"type":"Feature","geometry":{"type":"Point","coordinates":[-120.03224,39.46862]},"properties":{"Fire_Name":"VERDI PEAK","Acres":0.25,"Cause":"Natural","Year":2006}},{"type":"Feature","geometry":{"type":"Point","coordinates":[-119.91918,39.39167]},"properties":{"Fire_Name":"MEADOW","Acres":0.1,"Cause":"Human","Year":2006}},{"type":"Feature","geometry":{"type":"Point","coordinates":[-119.77585,39.38778]},"properties":{"Fire_Name":"GALENA","Acres":11,"Cause":"Human","Year":2006}},{"type":"Feature","geometry":{"type":"Point","coordinates":[-120.04112,39.54001]},"properties":{"Fire_Name":"BEACON","Acres":0.25,"Cause":"Natural","Year":2006}},{"type":"Feature","geometry":{"type":"Point","coordinates":[-119.79112,39.37001]},"properties":{"Fire_Name":"GALENA G","Acres":0.75,"Cause":"Human","Year":2006}},{"type":"Feature","geometry":{"type":"Point","coordinates":[-119.96696,39.53501]},"properties":{"Fire_Name":"VERDI (STONE RIDGE)","Acres":5657.68865169261,"Cause":"Human","Year":2006}},{"type":"Feature","geometry":{"type":"Point","coordinates":[-120.2789,39.99973]},"properties":{"Fire_Name":"RAMELLI","Acres":0.2,"Cause":"Natural","Year":2006}},{"type":"Feature","geometry":{"type":"Point","coordinates":[-119.83474,39.57112]},"properties":{"Fire_Name":"EISENBERG","Acres":5,"Cause":"Human","Year":2006}},{"type":"Feature","geometry":{"type":"Point","coordinates":[-119.85001,39.55751]},"properties":{"Fire_Name":"KEYSTONE CANYON","Acres":3,"Cause":"Human","Year":2006}},{"type":"Feature","geometry":{"type":"Point","coordinates":[-119.86612,39.55528]},"properties":{"Fire_Name":"KEYSTONE2","Acres":2,"Cause":"Human","Year":2006}},{"type":"Feature","geometry":{"type":"Point","coordinates":[-119.76501,39.37278]},"properties":{"Fire_Name":"POWER PLANT","Acres":2,"Cause":"Human","Year":2006}},{"type":"Feature","geometry":{"type":"Point","coordinates":[-120.03446,38.81223]},"properties":{"Fire_Name":"ECHO","Acres":0.1,"Cause":"Human","Year":2006}},{"type":"Feature","geometry":{"type":"Point","coordinates":[-120.15724,39.86334]},"properties":{"Fire_Name":"CHILCOOT","Acres":0.12,"Cause":"Human","Year":2006}},{"type":"Feature","geometry":{"type":"Point","coordinates":[-120.06918,39.46862]},"properties":{"Fire_Name":"PETERSON","Acres":0.1,"Cause":"Human","Year":2006}},{"type":"Feature","geometry":{"type":"Point","coordinates":[-120.10807,39.38528]},"properties":{"Fire_Name":"BOCA","Acres":0.1,"Cause":"Human","Year":2006}},{"type":"Feature","geometry":{"type":"Point","coordinates":[-120.13335,39.43584]},"properties":{"Fire_Name":"RUSSEL","Acres":0.1,"Cause":"Human","Year":2006}},{"type":"Feature","geometry":{"type":"Point","coordinates":[-120.11918,39.43528]},"properties":{"Fire_Name":"LOGGER","Acres":0.1,"Cause":"Human","Year":2006}},{"type":"Feature","geometry":{"type":"Point","coordinates":[-120.05835,39.23917]},"properties":{"Fire_Name":"BLVD","Acres":0.1,"Cause":"Human","Year":2006}},{"type":"Feature","geometry":{"type":"Point","coordinates":[-119.99751,38.86973]},"properties":{"Fire_Name":"SKYLINE","Acres":0.1,"Cause":"Natural","Year":2006}},{"type":"Feature","geometry":{"type":"Point","coordinates":[-119.97918,38.89889]},"properties":{"Fire_Name":"JACARILLO","Acres":0.1,"Cause":"Human","Year":2006}},{"type":"Feature","geometry":{"type":"Point","coordinates":[-119.92335,39.17223]},"properties":{"Fire_Name":"THUNDERBIRD INCIDENT","Acres":0.1,"Cause":"Human","Year":2006}},{"type":"Feature","geometry":{"type":"Point","coordinates":[-119.92112,39.14167]},"properties":{"Fire_Name":"SECRET","Acres":0.1,"Cause":"Natural","Year":2006}},{"type":"Feature","geometry":{"type":"Point","coordinates":[-120.01001,39.23334]},"properties":{"Fire_Name":"SPECKLED","Acres":0.5,"Cause":"Human","Year":2006}},{"type":"Feature","geometry":{"type":"Point","coordinates":[-119.96085,38.85362]},"properties":{"Fire_Name":"SAXTON","Acres":0.5,"Cause":"Natural","Year":2006}},{"type":"Feature","geometry":{"type":"Point","coordinates":[-120.02474,38.92556]},"properties":{"Fire_Name":"WEST","Acres":0.29,"Cause":"Human","Year":2006}},{"type":"Feature","geometry":{"type":"Point","coordinates":[-119.5514,39.00112]},"properties":{"Fire_Name":"ZEPHYR","Acres":0.01,"Cause":"Natural","Year":2006}},{"type":"Feature","geometry":{"type":"Point","coordinates":[-119.95001,38.95028]},"properties":{"Fire_Name":"MONTREAL","Acres":0.1,"Cause":"Human","Year":2006}},{"type":"Feature","geometry":{"type":"Point","coordinates":[-119.98474,38.86028]},"properties":{"Fire_Name":"AZTEC","Acres":0.01,"Cause":"Human","Year":2006}},{"type":"Feature","geometry":{"type":"Point","coordinates":[-119.99501,39.23334]},"properties":{"Fire_Name":"BLISS","Acres":0.01,"Cause":"Natural","Year":2006}},{"type":"Feature","geometry":{"type":"Point","coordinates":[-119.95418,38.94139]},"properties":{"Fire_Name":"TERRY","Acres":0.01,"Cause":"Human","Year":2006}},{"type":"Feature","geometry":{"type":"Point","coordinates":[-120.13418,39.47278]},"properties":{"Fire_Name":"BOAT","Acres":0.01,"Cause":"Human","Year":2006}},{"type":"Feature","geometry":{"type":"Point","coordinates":[-120.0514,39.48584]},"properties":{"Fire_Name":"LADY","Acres":0.1,"Cause":"Human","Year":2006}},{"type":"Feature","geometry":{"type":"Point","coordinates":[-120.05807,39.48723]},"properties":{"Fire_Name":"BUG","Acres":0.25,"Cause":"Human","Year":2006}},{"type":"Feature","geometry":{"type":"Point","coordinates":[-120.03362,38.81834]},"properties":{"Fire_Name":"CELIO","Acres":0.25,"Cause":"Human","Year":2006}},{"type":"Feature","geometry":{"type":"Point","coordinates":[-119.7664,39.37556]},"properties":{"Fire_Name":"POWER PLANT 2","Acres":0.2,"Cause":"Human","Year":2006}},{"type":"Feature","geometry":{"type":"Point","coordinates":[-120.1089,39.71195]},"properties":{"Fire_Name":"COULEE","Acres":0.1,"Cause":"Natural","Year":2006}},{"type":"Feature","geometry":{"type":"Point","coordinates":[-119.99862,39.56389]},"properties":{"Fire_Name":"BULLS 2","Acres":1.8,"Cause":"Natural","Year":2006}},{"type":"Feature","geometry":{"type":"Point","coordinates":[-120.0839,39.41723]},"properties":{"Fire_Name":"BOCA RES.","Acres":34,"Cause":"Human","Year":2006}},{"type":"Feature","geometry":{"type":"Point","coordinates":[-120.13557,39.40195]},"properties":{"Fire_Name":"DOG VALLEY","Acres":0.1,"Cause":"Human","Year":2006}},{"type":"Feature","geometry":{"type":"Point","coordinates":[-120.2089,40.00306]},"properties":{"Fire_Name":"DIAMOND2","Acres":1,"Cause":"Human","Year":2006}},{"type":"Feature","geometry":{"type":"Point","coordinates":[-120.17807,39.79806]},"properties":{"Fire_Name":"GRANGE","Acres":0.1,"Cause":"Human","Year":2006}},{"type":"Feature","geometry":{"type":"Point","coordinates":[-119.92779,39.00417]},"properties":{"Fire_Name":"ZEPHYR","Acres":1,"Cause":"Human","Year":2006}},{"type":"Feature","geometry":{"type":"Point","coordinates":[-120.03501,39.26001]},"properties":{"Fire_Name":"MARTIS","Acres":0.1,"Cause":"Human","Year":2006}},{"type":"Feature","geometry":{"type":"Point","coordinates":[-120.00696,39.24945]},"properties":{"Fire_Name":"KINGS","Acres":0.1,"Cause":"Human","Year":2006}},{"type":"Feature","geometry":{"type":"Point","coordinates":[-119.88835,39.00667]},"properties":{"Fire_Name":"LOOKOUT","Acres":0.1,"Cause":"Human","Year":2006}},{"type":"Feature","geometry":{"type":"Point","coordinates":[-119.96751,38.80167]},"properties":{"Fire_Name":"SAX","Acres":0.1,"Cause":"Human","Year":2006}},{"type":"Feature","geometry":{"type":"Point","coordinates":[-119.91724,38.91778]},"properties":{"Fire_Name":"EASY","Acres":0.1,"Cause":"Human","Year":2006}},{"type":"Feature","geometry":{"type":"Point","coordinates":[-120.21029,40.00334]},"properties":{"Fire_Name":"DIAMOND3","Acres":0.1,"Cause":"Human","Year":2006}},{"type":"Feature","geometry":{"type":"Point","coordinates":[-120.05112,39.25695]},"properties":{"Fire_Name":"BROCKWAY","Acres":0.2,"Cause":"Human","Year":2006}},{"type":"Feature","geometry":{"type":"Point","coordinates":[-119.86751,39.47195]},"properties":{"Fire_Name":"PINE HAVEN","Acres":1,"Cause":"Human","Year":2006}},{"type":"Feature","geometry":{"type":"Point","coordinates":[-119.88112,38.98028]},"properties":{"Fire_Name":"DREW","Acres":0.25,"Cause":"Natural","Year":2007}},{"type":"Feature","geometry":{"type":"Point","coordinates":[-119.77029,38.83028]},"properties":{"Fire_Name":"RANCH","Acres":9,"Cause":"Human","Year":2007}},{"type":"Feature","geometry":{"type":"Point","coordinates":[-120.11168,39.88306]},"properties":{"Fire_Name":"ADAMS","Acres":0.2,"Cause":"Natural","Year":2007}},{"type":"Feature","geometry":{"type":"Point","coordinates":[-119.68585,38.87473]},"properties":{"Fire_Name":"CHINA SPRINGS","Acres":0.1,"Cause":"Human","Year":2007}},{"type":"Feature","geometry":{"type":"Point","coordinates":[-119.80168,38.78806]},"properties":{"Fire_Name":"CARSON RIVER","Acres":5.5,"Cause":"Human","Year":2007}},{"type":"Feature","geometry":{"type":"Point","coordinates":[-120.06807,39.53167]},"properties":{"Fire_Name":"BOUNDARY","Acres":0.1,"Cause":"Human","Year":2007}},{"type":"Feature","geometry":{"type":"Point","coordinates":[-120.17557,39.65862]},"properties":{"Fire_Name":"DODGE","Acres":0.1,"Cause":"Natural","Year":2007}},{"type":"Feature","geometry":{"type":"Point","coordinates":[-119.67668,38.86584]},"properties":{"Fire_Name":"JAKES","Acres":0.1,"Cause":"Human","Year":2007}},{"type":"Feature","geometry":{"type":"Point","coordinates":[-119.8489,39.57278]},"properties":{"Fire_Name":"HOGE","Acres":0.5,"Cause":"Human","Year":2007}},{"type":"Feature","geometry":{"type":"Point","coordinates":[-120.12696,39.85723]},"properties":{"Fire_Name":"GUIDICI","Acres":0.3,"Cause":"Natural","Year":2007}},{"type":"Feature","geometry":{"type":"Point","coordinates":[-120.15668,39.89473]},"properties":{"Fire_Name":"COVE","Acres":1,"Cause":"Natural","Year":2007}},{"type":"Feature","geometry":{"type":"Point","coordinates":[-119.88418,39.58528]},"properties":{"Fire_Name":"HORIZON HILLS","Acres":0.1,"Cause":"Human","Year":2007}},{"type":"Feature","geometry":{"type":"Point","coordinates":[-119.85335,39.46501]},"properties":{"Fire_Name":"HUNTER CREEK","Acres":0.1,"Cause":"Human","Year":2007}},{"type":"Feature","geometry":{"type":"Point","coordinates":[-119.92835,39.58973]},"properties":{"Fire_Name":"KEYSTONE","Acres":0.1,"Cause":"Human","Year":2007}},{"type":"Feature","geometry":{"type":"Point","coordinates":[-119.7764,39.36251]},"properties":{"Fire_Name":"GALENA","Acres":143,"Cause":"Human","Year":2007}},{"type":"Feature","geometry":{"type":"Point","coordinates":[-119.85668,39.55667]},"properties":{"Fire_Name":"KEYSTONE 2","Acres":3.5,"Cause":"Human","Year":2007}},{"type":"Feature","geometry":{"type":"Point","coordinates":[-120.00696,39.46278]},"properties":{"Fire_Name":"HIGHWAY","Acres":841.3594136730721,"Cause":"Human","Year":2007}},{"type":"Feature","geometry":{"type":"Point","coordinates":[-120.00362,39.38501]},"properties":{"Fire_Name":"BRONCO","Acres":0.2,"Cause":"Natural","Year":2007}},{"type":"Feature","geometry":{"type":"Point","coordinates":[-120.07279,39.72389]},"properties":{"Fire_Name":"PETERSON 2","Acres":0.1,"Cause":"Natural","Year":2007}},{"type":"Feature","geometry":{"type":"Point","coordinates":[-120.07946,39.72556]},"properties":{"Fire_Name":"PETERSON 9","Acres":1.5,"Cause":"Natural","Year":2007}},{"type":"Feature","geometry":{"type":"Point","coordinates":[-120.05335,39.74223]},"properties":{"Fire_Name":"PETERSON 8","Acres":0.1,"Cause":"Natural","Year":2007}},{"type":"Feature","geometry":{"type":"Point","coordinates":[-119.92835,39.42612]},"properties":{"Fire_Name":"PEAVINE","Acres":10,"Cause":"Natural","Year":2007}},{"type":"Feature","geometry":{"type":"Point","coordinates":[-120.00001,39.36028]},"properties":{"Fire_Name":"LONG VALLEY","Acres":1.7,"Cause":"Human","Year":2007}},{"type":"Feature","geometry":{"type":"Point","coordinates":[-119.89612,39.49056]},"properties":{"Fire_Name":"PLATEAU","Acres":85.73706609128676,"Cause":"Human","Year":2007}},{"type":"Feature","geometry":{"type":"Point","coordinates":[-120.09335,39.81278]},"properties":{"Fire_Name":"SCOTT","Acres":115,"Cause":"Human","Year":2007}},{"type":"Feature","geometry":{"type":"Point","coordinates":[-120.09974,39.49862]},"properties":{"Fire_Name":"STAMPEDE 1","Acres":0.1,"Cause":"Human","Year":2007}},{"type":"Feature","geometry":{"type":"Point","coordinates":[-120.08585,39.42362]},"properties":{"Fire_Name":"BOCA","Acres":0.1,"Cause":"Human","Year":2007}},{"type":"Feature","geometry":{"type":"Point","coordinates":[-120.09224,39.49362]},"properties":{"Fire_Name":"STAMPEDE 2","Acres":0.25,"Cause":"Human","Year":2007}},{"type":"Feature","geometry":{"type":"Point","coordinates":[-120.21918,39.63528]},"properties":{"Fire_Name":"SILVER","Acres":3,"Cause":"Natural","Year":2007}},{"type":"Feature","geometry":{"type":"Point","coordinates":[-119.90918,39.09862]},"properties":{"Fire_Name":"KELLER","Acres":0.1,"Cause":"Human","Year":2007}},{"type":"Feature","geometry":{"type":"Point","coordinates":[-119.91057,38.96667]},"properties":{"Fire_Name":"KINGSBURY","Acres":0.7,"Cause":"Human","Year":2007}},{"type":"Feature","geometry":{"type":"Point","coordinates":[-119.96862,38.90056]},"properties":{"Fire_Name":"BEAR","Acres":0.1,"Cause":"Human","Year":2007}},{"type":"Feature","geometry":{"type":"Point","coordinates":[-120.00696,39.24973]},"properties":{"Fire_Name":"BEAVER","Acres":0.1,"Cause":"Human","Year":2007}},{"type":"Feature","geometry":{"type":"Point","coordinates":[-119.91862,38.92139]},"properties":{"Fire_Name":"HEAVENLY","Acres":0.25,"Cause":"Human","Year":2007}},{"type":"Feature","geometry":{"type":"Point","coordinates":[-120.15251,39.49389]},"properties":{"Fire_Name":"STAMP 1","Acres":0.1,"Cause":"Natural","Year":2007}},{"type":"Feature","geometry":{"type":"Point","coordinates":[-120.1189,39.37334]},"properties":{"Fire_Name":"BUG","Acres":0.1,"Cause":"Natural","Year":2007}},{"type":"Feature","geometry":{"type":"Point","coordinates":[-120.11474,39.46139]},"properties":{"Fire_Name":"STATION","Acres":0.1,"Cause":"Natural","Year":2007}},{"type":"Feature","geometry":{"type":"Point","coordinates":[-120.14724,39.48612]},"properties":{"Fire_Name":"STAMP 2","Acres":0.1,"Cause":"Natural","Year":2007}},{"type":"Feature","geometry":{"type":"Point","coordinates":[-120.12474,39.40695]},"properties":{"Fire_Name":"BOCA 2","Acres":0.25,"Cause":"Human","Year":2007}},{"type":"Feature","geometry":{"type":"Point","coordinates":[-119.7764,39.36278]},"properties":{"Fire_Name":"BRIDGE","Acres":0.1,"Cause":"Human","Year":2007}},{"type":"Feature","geometry":{"type":"Point","coordinates":[-120.01724,39.52778]},"properties":{"Fire_Name":"SUNRISE","Acres":0.01,"Cause":"Human","Year":2007}},{"type":"Feature","geometry":{"type":"Point","coordinates":[-120.0764,39.59556]},"properties":{"Fire_Name":"CRYSTAL","Acres":0.1,"Cause":"Human","Year":2007}},{"type":"Feature","geometry":{"type":"Point","coordinates":[-119.84029,39.57362]},"properties":{"Fire_Name":"POWER POLE","Acres":0.1,"Cause":"Human","Year":2007}},{"type":"Feature","geometry":{"type":"Point","coordinates":[-119.99696,39.43612]},"properties":{"Fire_Name":"DAVIS (BOOMTOWN)","Acres":1,"Cause":"Natural","Year":2007}},{"type":"Feature","geometry":{"type":"Point","coordinates":[-120.06057,39.66639]},"properties":{"Fire_Name":"BUG","Acres":0.25,"Cause":"Natural","Year":2007}},{"type":"Feature","geometry":{"type":"Point","coordinates":[-119.96585,39.39473]},"properties":{"Fire_Name":"HIRSCHDALE","Acres":0.25,"Cause":"Natural","Year":2007}},{"type":"Feature","geometry":{"type":"Point","coordinates":[-119.91751,39.46584]},"properties":{"Fire_Name":"TRAIL","Acres":0.1,"Cause":"Human","Year":2007}},{"type":"Feature","geometry":{"type":"Point","coordinates":[-120.03751,39.68306]},"properties":{"Fire_Name":"BALLS CANYON","Acres":4551.397897131168,"Cause":"Natural","Year":2007}},{"type":"Feature","geometry":{"type":"Point","coordinates":[-119.86418,39.29751]},"properties":{"Fire_Name":"SLIDE MTN","Acres":0.25,"Cause":"Natural","Year":2007}},{"type":"Feature","geometry":{"type":"Point","coordinates":[-119.84807,39.55639]},"properties":{"Fire_Name":"KEYSTONE 3","Acres":9.2,"Cause":"Human","Year":2007}},{"type":"Feature","geometry":{"type":"Point","coordinates":[-119.87038,39.4715]},"properties":{"Fire_Name":"HAWKENS","Acres":2457.5031264792697,"Cause":"Human","Year":2007}},{"type":"Feature","geometry":{"type":"Point","coordinates":[-119.99335,39.47334]},"properties":{"Fire_Name":"FARAD","Acres":0.2,"Cause":"Human","Year":2007}},{"type":"Feature","geometry":{"type":"Point","coordinates":[-120.12807,39.45806]},"properties":{"Fire_Name":"CAPTAIN","Acres":0.1,"Cause":"Human","Year":2007}},{"type":"Feature","geometry":{"type":"Point","coordinates":[-120.15557,39.76862]},"properties":{"Fire_Name":"NECK","Acres":0.1,"Cause":"Natural","Year":2007}},{"type":"Feature","geometry":{"type":"Point","coordinates":[-119.90446,39.02556]},"properties":{"Fire_Name":"ZEPHYR","Acres":0.25,"Cause":"Natural","Year":2007}},{"type":"Feature","geometry":{"type":"Point","coordinates":[-119.69196,38.87223]},"properties":{"Fire_Name":"POWER DAM","Acres":71,"Cause":"Human","Year":2007}},{"type":"Feature","geometry":{"type":"Point","coordinates":[-119.94112,38.95139]},"properties":{"Fire_Name":"ECHO","Acres":0.1,"Cause":"Human","Year":2007}},{"type":"Feature","geometry":{"type":"Point","coordinates":[-120.24196,40.03112]},"properties":{"Fire_Name":"VIEW","Acres":0.1,"Cause":"Natural","Year":2007}},{"type":"Feature","geometry":{"type":"Point","coordinates":[-120.10696,39.82501]},"properties":{"Fire_Name":"BECK","Acres":0.01,"Cause":"Natural","Year":2007}},{"type":"Feature","geometry":{"type":"Point","coordinates":[-120.09862,39.80251]},"properties":{"Fire_Name":"PAST","Acres":89,"Cause":"Human","Year":2007}},{"type":"Feature","geometry":{"type":"Point","coordinates":[-120.11529,39.49501]},"properties":{"Fire_Name":"SHORE","Acres":0.1,"Cause":"Natural","Year":2007}},{"type":"Feature","geometry":{"type":"Point","coordinates":[-120.0939,39.60362]},"properties":{"Fire_Name":"CRYSTAL PEAK 2","Acres":0.25,"Cause":"Natural","Year":2007}},{"type":"Feature","geometry":{"type":"Point","coordinates":[-119.87362,38.99139]},"properties":{"Fire_Name":"GENOA PEAK","Acres":0.25,"Cause":"Natural","Year":2007}},{"type":"Feature","geometry":{"type":"Point","coordinates":[-119.6964,38.81584]},"properties":{"Fire_Name":"CHINA SPRINGS","Acres":334.87373653915114,"Cause":"Human","Year":2007}},{"type":"Feature","geometry":{"type":"Point","coordinates":[-119.93474,38.95778]},"properties":{"Fire_Name":"FOREST","Acres":0.1,"Cause":"Human","Year":2007}},{"type":"Feature","geometry":{"type":"Point","coordinates":[-119.9764,38.93112]},"properties":{"Fire_Name":"COLLEGE","Acres":0.25,"Cause":"Human","Year":2007}},{"type":"Feature","geometry":{"type":"Point","coordinates":[-120.03835,39.25778]},"properties":{"Fire_Name":"KINGWOOD","Acres":0.25,"Cause":"Human","Year":2007}},{"type":"Feature","geometry":{"type":"Point","coordinates":[-119.93862,38.95223]},"properties":{"Fire_Name":"MONTREAL","Acres":0.25,"Cause":"Human","Year":2007}},{"type":"Feature","geometry":{"type":"Point","coordinates":[-120.00668,39.24945]},"properties":{"Fire_Name":"LOOKOUT","Acres":0.1,"Cause":"Human","Year":2007}},{"type":"Feature","geometry":{"type":"Point","coordinates":[-119.99168,38.90806]},"properties":{"Fire_Name":"AIRPORT","Acres":0.1,"Cause":"Human","Year":2007}},{"type":"Feature","geometry":{"type":"Point","coordinates":[-120.00585,39.24973]},"properties":{"Fire_Name":"BEAVER 2","Acres":0.1,"Cause":"Human","Year":2007}},{"type":"Feature","geometry":{"type":"Point","coordinates":[-119.94501,39.12889]},"properties":{"Fire_Name":"SKUNK","Acres":0.1,"Cause":"Human","Year":2007}},{"type":"Feature","geometry":{"type":"Point","coordinates":[-119.99224,38.86806]},"properties":{"Fire_Name":"ONEIDAS","Acres":0.25,"Cause":"Human","Year":2007}},{"type":"Feature","geometry":{"type":"Point","coordinates":[-119.99224,38.86778]},"properties":{"Fire_Name":"PLAYER","Acres":0.1,"Cause":"Human","Year":2007}},{"type":"Feature","geometry":{"type":"Point","coordinates":[-120.0064,39.22806]},"properties":{"Fire_Name":"SWEETWATER","Acres":0.2,"Cause":"Human","Year":2007}},{"type":"Feature","geometry":{"type":"Point","coordinates":[-120.0114,39.24278]},"properties":{"Fire_Name":"BEAR 2","Acres":0.1,"Cause":"Human","Year":2007}},{"type":"Feature","geometry":{"type":"Point","coordinates":[-119.9939,38.87528]},"properties":{"Fire_Name":"SKYLINE","Acres":0.25,"Cause":"Human","Year":2007}},{"type":"Feature","geometry":{"type":"Point","coordinates":[-120.00585,39.24973]},"properties":{"Fire_Name":"BEAVER 3","Acres":0.1,"Cause":"Human","Year":2007}},{"type":"Feature","geometry":{"type":"Point","coordinates":[-119.95474,38.87084]},"properties":{"Fire_Name":"BEACON","Acres":0.1,"Cause":"Natural","Year":2007}},{"type":"Feature","geometry":{"type":"Point","coordinates":[-120.03557,39.25889]},"properties":{"Fire_Name":"267","Acres":0.1,"Cause":"Human","Year":2007}},{"type":"Feature","geometry":{"type":"Point","coordinates":[-119.93862,38.93806]},"properties":{"Fire_Name":"SADDLE","Acres":0.1,"Cause":"Human","Year":2007}},{"type":"Feature","geometry":{"type":"Point","coordinates":[-120.13474,39.40584]},"properties":{"Fire_Name":"WOODCHOPPERS","Acres":0.25,"Cause":"Human","Year":2007}},{"type":"Feature","geometry":{"type":"Point","coordinates":[-119.7689,38.81389]},"properties":{"Fire_Name":"CHAMBERS","Acres":0.1,"Cause":"Human","Year":2008}},{"type":"Feature","geometry":{"type":"Point","coordinates":[-119.79251,38.79639]},"properties":{"Fire_Name":"CARSON RIVER ROAD","Acres":0.1,"Cause":"Human","Year":2008}},{"type":"Feature","geometry":{"type":"Point","coordinates":[-120.02362,38.93667]},"properties":{"Fire_Name":"POPE","Acres":0.1,"Cause":"Human","Year":2008}},{"type":"Feature","geometry":{"type":"Point","coordinates":[-119.99112,38.91167]},"properties":{"Fire_Name":"WINNEMUCCA","Acres":0.1,"Cause":"Human","Year":2008}},{"type":"Feature","geometry":{"type":"Point","coordinates":[-119.94835,39.03501]},"properties":{"Fire_Name":"CAVE","Acres":0.1,"Cause":"Human","Year":2008}},{"type":"Feature","geometry":{"type":"Point","coordinates":[-119.92362,38.97445]},"properties":{"Fire_Name":"MEADOW","Acres":0.1,"Cause":"Human","Year":2008}},{"type":"Feature","geometry":{"type":"Point","coordinates":[-120.10862,39.93501]},"properties":{"Fire_Name":"CONSTANTIA","Acres":0.01,"Cause":"Natural","Year":2008}},{"type":"Feature","geometry":{"type":"Point","coordinates":[-119.76946,39.15278]},"properties":{"Fire_Name":"CURRY","Acres":1,"Cause":"Human","Year":2008}},{"type":"Feature","geometry":{"type":"Point","coordinates":[-120.12668,39.41528]},"properties":{"Fire_Name":"TIRE","Acres":0.1,"Cause":"Human","Year":2008}},{"type":"Feature","geometry":{"type":"Point","coordinates":[-120.11779,39.40306]},"properties":{"Fire_Name":"EAGLE","Acres":0.1,"Cause":"Human","Year":2008}},{"type":"Feature","geometry":{"type":"Point","coordinates":[-120.16362,40.11389]},"properties":{"Fire_Name":"LOGAN","Acres":1,"Cause":"Human","Year":2008}},{"type":"Feature","geometry":{"type":"Point","coordinates":[-120.11862,40.10167]},"properties":{"Fire_Name":"DUMP","Acres":0.01,"Cause":"Human","Year":2008}},{"type":"Feature","geometry":{"type":"Point","coordinates":[-120.1189,40.10112]},"properties":{"Fire_Name":"SPAULDING","Acres":1,"Cause":"Human","Year":2008}},{"type":"Feature","geometry":{"type":"Point","coordinates":[-120.01557,39.24084]},"properties":{"Fire_Name":"STUMP","Acres":0.1,"Cause":"Human","Year":2008}},{"type":"Feature","geometry":{"type":"Point","coordinates":[-120.00668,39.24973]},"properties":{"Fire_Name":"LOG","Acres":0.1,"Cause":"Human","Year":2008}},{"type":"Feature","geometry":{"type":"Point","coordinates":[-119.89168,39.00973]},"properties":{"Fire_Name":"STAGING","Acres":0.1,"Cause":"Human","Year":2008}},{"type":"Feature","geometry":{"type":"Point","coordinates":[-120.07474,39.50862]},"properties":{"Fire_Name":"DAVIES","Acres":0.25,"Cause":"Human","Year":2008}},{"type":"Feature","geometry":{"type":"Point","coordinates":[-120.09307,39.38639]},"properties":{"Fire_Name":"BOCA","Acres":2.5,"Cause":"Human","Year":2008}},{"type":"Feature","geometry":{"type":"Point","coordinates":[-120.10362,39.41751]},"properties":{"Fire_Name":"BOATRAMP","Acres":1.5,"Cause":"Human","Year":2008}},{"type":"Feature","geometry":{"type":"Point","coordinates":[-120.21196,39.64251]},"properties":{"Fire_Name":"SMITH","Acres":0.25,"Cause":"Human","Year":2008}},{"type":"Feature","geometry":{"type":"Point","coordinates":[-120.0839,39.61834]},"properties":{"Fire_Name":"RANCH HOUSE","Acres":0.1,"Cause":"Human","Year":2008}},{"type":"Feature","geometry":{"type":"Point","coordinates":[-119.98362,39.58556]},"properties":{"Fire_Name":"BLACK HAWK","Acres":0.1,"Cause":"Natural","Year":2008}},{"type":"Feature","geometry":{"type":"Point","coordinates":[-119.87224,39.58639]},"properties":{"Fire_Name":"KIOWA","Acres":0.25,"Cause":"Human","Year":2008}},{"type":"Feature","geometry":{"type":"Point","coordinates":[-119.97224,39.60834]},"properties":{"Fire_Name":"PEAVINE","Acres":0.25,"Cause":"Human","Year":2008}},{"type":"Feature","geometry":{"type":"Point","coordinates":[-120.00918,39.44945]},"properties":{"Fire_Name":"SIERRA","Acres":0.1,"Cause":"Human","Year":2008}},{"type":"Feature","geometry":{"type":"Point","coordinates":[-119.8764,39.55501]},"properties":{"Fire_Name":"PEAVINE 2","Acres":0.5,"Cause":"Human","Year":2008}},{"type":"Feature","geometry":{"type":"Point","coordinates":[-119.87918,39.59223]},"properties":{"Fire_Name":"KIOWA PONDS","Acres":7.6,"Cause":"Human","Year":2008}},{"type":"Feature","geometry":{"type":"Point","coordinates":[-119.87362,39.24223]},"properties":{"Fire_Name":"LITTLE VALLEY","Acres":2.96,"Cause":"Human","Year":2008}},{"type":"Feature","geometry":{"type":"Point","coordinates":[-120.06751,39.62667]},"properties":{"Fire_Name":"LONG VALLEY","Acres":0.1,"Cause":"Human","Year":2008}},{"type":"Feature","geometry":{"type":"Point","coordinates":[-120.07168,39.23139]},"properties":{"Fire_Name":"LAKE","Acres":0.25,"Cause":"Human","Year":2008}},{"type":"Feature","geometry":{"type":"Point","coordinates":[-119.93557,39.26973]},"properties":{"Fire_Name":"FAIRVIEW","Acres":0.1,"Cause":"Human","Year":2008}},{"type":"Feature","geometry":{"type":"Point","coordinates":[-119.80362,38.79306]},"properties":{"Fire_Name":"88","Acres":0.1,"Cause":"Human","Year":2008}},{"type":"Feature","geometry":{"type":"Point","coordinates":[-120.05168,39.24862]},"properties":{"Fire_Name":"NATIONAL","Acres":0.1,"Cause":"Human","Year":2008}},{"type":"Feature","geometry":{"type":"Point","coordinates":[-119.97751,38.88723]},"properties":{"Fire_Name":"POWERLINE","Acres":0.1,"Cause":"Human","Year":2008}},{"type":"Feature","geometry":{"type":"Point","coordinates":[-119.93029,39.32751]},"properties":{"Fire_Name":"RELAY","Acres":0.1,"Cause":"Human","Year":2008}},{"type":"Feature","geometry":{"type":"Point","coordinates":[-119.98196,39.26028]},"properties":{"Fire_Name":"TUMBLEWEED","Acres":0.1,"Cause":"Human","Year":2008}},{"type":"Feature","geometry":{"type":"Point","coordinates":[-120.07696,39.23028]},"properties":{"Fire_Name":"ZIMBA","Acres":0.1,"Cause":"Human","Year":2008}},{"type":"Feature","geometry":{"type":"Point","coordinates":[-119.92251,38.97834]},"properties":{"Fire_Name":"CHIMNEY","Acres":0.1,"Cause":"Human","Year":2008}},{"type":"Feature","geometry":{"type":"Point","coordinates":[-120.0064,39.24945]},"properties":{"Fire_Name":"BEAVER","Acres":0.1,"Cause":"Human","Year":2008}},{"type":"Feature","geometry":{"type":"Point","coordinates":[-119.96057,38.86278]},"properties":{"Fire_Name":"HELL","Acres":0.1,"Cause":"Human","Year":2008}},{"type":"Feature","geometry":{"type":"Point","coordinates":[-120.00474,38.79473]},"properties":{"Fire_Name":"LUTHER","Acres":0.1,"Cause":"Human","Year":2008}},{"type":"Feature","geometry":{"type":"Point","coordinates":[-120.02251,38.83362]},"properties":{"Fire_Name":"CELIO","Acres":0.1,"Cause":"Human","Year":2008}},{"type":"Feature","geometry":{"type":"Point","coordinates":[-119.94918,38.89667]},"properties":{"Fire_Name":"HIGH","Acres":0.1,"Cause":"Human","Year":2008}},{"type":"Feature","geometry":{"type":"Point","coordinates":[-120.00668,39.24973]},"properties":{"Fire_Name":"BEAVER 2","Acres":0.1,"Cause":"Human","Year":2008}},{"type":"Feature","geometry":{"type":"Point","coordinates":[-120.05168,39.24862]},"properties":{"Fire_Name":"PARK","Acres":0.1,"Cause":"Human","Year":2008}},{"type":"Feature","geometry":{"type":"Point","coordinates":[-120.05696,39.25167]},"properties":{"Fire_Name":"DONNER","Acres":0.1,"Cause":"Human","Year":2008}},{"type":"Feature","geometry":{"type":"Point","coordinates":[-120.05696,39.25167]},"properties":{"Fire_Name":"CHESHIRE","Acres":0.1,"Cause":"Human","Year":2008}},{"type":"Feature","geometry":{"type":"Point","coordinates":[-119.97724,38.93251]},"properties":{"Fire_Name":"BANK","Acres":0.1,"Cause":"Human","Year":2008}},{"type":"Feature","geometry":{"type":"Point","coordinates":[-120.0939,39.45251]},"properties":{"Fire_Name":"TRIANGLE","Acres":0.1,"Cause":"Human","Year":2008}},{"type":"Feature","geometry":{"type":"Point","coordinates":[-120.12974,39.61973]},"properties":{"Fire_Name":"NORTH","Acres":0.25,"Cause":"Human","Year":2008}},{"type":"Feature","geometry":{"type":"Point","coordinates":[-120.08168,39.47862]},"properties":{"Fire_Name":"WORN","Acres":0.1,"Cause":"Human","Year":2008}},{"type":"Feature","geometry":{"type":"Point","coordinates":[-120.02029,38.80695]},"properties":{"Fire_Name":"MEMORY","Acres":0.1,"Cause":"Human","Year":2008}},{"type":"Feature","geometry":{"type":"Point","coordinates":[-119.95751,38.93778]},"properties":{"Fire_Name":"LEE","Acres":0.1,"Cause":"Human","Year":2008}},{"type":"Feature","geometry":{"type":"Point","coordinates":[-119.9414,39.49195]},"properties":{"Fire_Name":"LEVENTINA","Acres":6.1,"Cause":"Human","Year":2008}},{"type":"Feature","geometry":{"type":"Point","coordinates":[-120.13057,39.79556]},"properties":{"Fire_Name":"CHILCOOT","Acres":0.1,"Cause":"Human","Year":2008}},{"type":"Feature","geometry":{"type":"Point","coordinates":[-120.09251,39.47667]},"properties":{"Fire_Name":"WORN 2","Acres":0.1,"Cause":"Human","Year":2008}},{"type":"Feature","geometry":{"type":"Point","coordinates":[-120.13251,39.38028]},"properties":{"Fire_Name":"DAM","Acres":0.1,"Cause":"Human","Year":2009}},{"type":"Feature","geometry":{"type":"Point","coordinates":[-119.69529,38.80278]},"properties":{"Fire_Name":"SPRING VALLEY","Acres":10,"Cause":"Natural","Year":2009}},{"type":"Feature","geometry":{"type":"Point","coordinates":[-119.90168,39.58028]},"properties":{"Fire_Name":"PEAVINE","Acres":4,"Cause":"Human","Year":2009}},{"type":"Feature","geometry":{"type":"Point","coordinates":[-120.00001,39.61723]},"properties":{"Fire_Name":"010B","Acres":0.1,"Cause":"Human","Year":2009}},{"type":"Feature","geometry":{"type":"Point","coordinates":[-120.00446,39.47056]},"properties":{"Fire_Name":"GOLD RANCH","Acres":0.1,"Cause":"Natural","Year":2009}},{"type":"Feature","geometry":{"type":"Point","coordinates":[-120.03307,39.61973]},"properties":{"Fire_Name":"PURDY PASS","Acres":0.1,"Cause":"Natural","Year":2009}},{"type":"Feature","geometry":{"type":"Point","coordinates":[-120.21251,39.60806]},"properties":{"Fire_Name":"TURNER","Acres":0.1,"Cause":"Natural","Year":2009}},{"type":"Feature","geometry":{"type":"Point","coordinates":[-119.86446,39.46001]},"properties":{"Fire_Name":"PINE","Acres":0.1,"Cause":"Human","Year":2009}},{"type":"Feature","geometry":{"type":"Point","coordinates":[-119.86279,39.11251]},"properties":{"Fire_Name":"SPOONER","Acres":0.1,"Cause":"Human","Year":2009}},{"type":"Feature","geometry":{"type":"Point","coordinates":[-119.67501,38.85917]},"properties":{"Fire_Name":"JAKES","Acres":0.1,"Cause":"Natural","Year":2009}},{"type":"Feature","geometry":{"type":"Point","coordinates":[-120.0889,39.59362]},"properties":{"Fire_Name":"CRYSTAL","Acres":0.25,"Cause":"Natural","Year":2009}},{"type":"Feature","geometry":{"type":"Point","coordinates":[-120.21335,39.72417]},"properties":{"Fire_Name":"BAR","Acres":0.25,"Cause":"Human","Year":2009}},{"type":"Feature","geometry":{"type":"Point","coordinates":[-120.0364,39.70778]},"properties":{"Fire_Name":"SIERRA COUNTY LINE","Acres":0.25,"Cause":"Human","Year":2009}},{"type":"Feature","geometry":{"type":"Point","coordinates":[-119.94557,39.31473]},"properties":{"Fire_Name":"MOUNT ROSE","Acres":0.1,"Cause":"Natural","Year":2009}},{"type":"Feature","geometry":{"type":"Point","coordinates":[-119.95668,39.41862]},"properties":{"Fire_Name":"BIG MEADOW","Acres":0.1,"Cause":"Natural","Year":2009}},{"type":"Feature","geometry":{"type":"Point","coordinates":[-119.87751,39.45612]},"properties":{"Fire_Name":"HUNTER","Acres":0.1,"Cause":"Natural","Year":2009}},{"type":"Feature","geometry":{"type":"Point","coordinates":[-119.86529,39.45862]},"properties":{"Fire_Name":"WHEELER","Acres":0.1,"Cause":"Natural","Year":2009}},{"type":"Feature","geometry":{"type":"Point","coordinates":[-119.86751,39.28278]},"properties":{"Fire_Name":"OPHIR","Acres":0.1,"Cause":"Natural","Year":2009}},{"type":"Feature","geometry":{"type":"Point","coordinates":[-119.84724,39.30251]},"properties":{"Fire_Name":"LOWER PRICE","Acres":0.25,"Cause":"Natural","Year":2009}},{"type":"Feature","geometry":{"type":"Point","coordinates":[-120.01029,39.62612]},"properties":{"Fire_Name":"MAP BOX","Acres":0.1,"Cause":"Human","Year":2009}},{"type":"Feature","geometry":{"type":"Point","coordinates":[-119.98612,39.48584]},"properties":{"Fire_Name":"QUILICI","Acres":0.25,"Cause":"Natural","Year":2009}},{"type":"Feature","geometry":{"type":"Point","coordinates":[-119.91974,39.58723]},"properties":{"Fire_Name":"PEAVINE 2","Acres":12.4,"Cause":"Natural","Year":2009}},{"type":"Feature","geometry":{"type":"Point","coordinates":[-119.99418,39.62667]},"properties":{"Fire_Name":"BLACK","Acres":0.1,"Cause":"Natural","Year":2009}},{"type":"Feature","geometry":{"type":"Point","coordinates":[-119.82057,39.32473]},"properties":{"Fire_Name":"GRANITE","Acres":2,"Cause":"Natural","Year":2009}},{"type":"Feature","geometry":{"type":"Point","coordinates":[-120.21974,39.67223]},"properties":{"Fire_Name":"LOYALTON","Acres":0.25,"Cause":"Human","Year":2009}},{"type":"Feature","geometry":{"type":"Point","coordinates":[-120.18862,39.66806]},"properties":{"Fire_Name":"DODGE","Acres":0.1,"Cause":"Natural","Year":2009}},{"type":"Feature","geometry":{"type":"Point","coordinates":[-120.20307,40.03445]},"properties":{"Fire_Name":"MEADOW VIEW","Acres":0.1,"Cause":"Natural","Year":2009}},{"type":"Feature","geometry":{"type":"Point","coordinates":[-120.26112,40.00834]},"properties":{"Fire_Name":"CHANCE","Acres":5,"Cause":"Natural","Year":2009}},{"type":"Feature","geometry":{"type":"Point","coordinates":[-119.85251,39.46473]},"properties":{"Fire_Name":"ROCK","Acres":0.1,"Cause":"Human","Year":2009}},{"type":"Feature","geometry":{"type":"Point","coordinates":[-120.08474,39.45389]},"properties":{"Fire_Name":"WORN","Acres":0.1,"Cause":"Human","Year":2009}},{"type":"Feature","geometry":{"type":"Point","coordinates":[-120.11474,39.42362]},"properties":{"Fire_Name":"BOCA","Acres":0.1,"Cause":"Human","Year":2009}},{"type":"Feature","geometry":{"type":"Point","coordinates":[-119.83724,38.99001]},"properties":{"Fire_Name":"WALLEY","Acres":0.1,"Cause":"Human","Year":2009}},{"type":"Feature","geometry":{"type":"Point","coordinates":[-119.89085,38.99389]},"properties":{"Fire_Name":"DONNA","Acres":0.1,"Cause":"Human","Year":2009}},{"type":"Feature","geometry":{"type":"Point","coordinates":[-120.02751,38.93639]},"properties":{"Fire_Name":"POPE","Acres":0.1,"Cause":"Human","Year":2009}},{"type":"Feature","geometry":{"type":"Point","coordinates":[-120.04224,39.90501]},"properties":{"Fire_Name":"LEAF","Acres":0.1,"Cause":"Human","Year":2009}},{"type":"Feature","geometry":{"type":"Point","coordinates":[-119.95474,38.97251]},"properties":{"Fire_Name":"BLACKWOOD","Acres":0.1,"Cause":"Human","Year":2009}},{"type":"Feature","geometry":{"type":"Point","coordinates":[-120.00668,39.24945]},"properties":{"Fire_Name":"BEAVER","Acres":0.1,"Cause":"Human","Year":2009}},{"type":"Feature","geometry":{"type":"Point","coordinates":[-119.92501,38.95001]},"properties":{"Fire_Name":"MONTREAL","Acres":0.1,"Cause":"Human","Year":2009}},{"type":"Feature","geometry":{"type":"Point","coordinates":[-120.05335,39.24862]},"properties":{"Fire_Name":"VISTA","Acres":0.1,"Cause":"Human","Year":2009}},{"type":"Feature","geometry":{"type":"Point","coordinates":[-119.94112,38.99195]},"properties":{"Fire_Name":"MCFAUL","Acres":0.1,"Cause":"Human","Year":2009}},{"type":"Feature","geometry":{"type":"Point","coordinates":[-120.05196,39.25167]},"properties":{"Fire_Name":"TAHOE","Acres":0.1,"Cause":"Human","Year":2009}},{"type":"Feature","geometry":{"type":"Point","coordinates":[-120.03474,39.25084]},"properties":{"Fire_Name":"COMMONWEALTH","Acres":0.1,"Cause":"Human","Year":2009}},{"type":"Feature","geometry":{"type":"Point","coordinates":[-119.92696,38.94612]},"properties":{"Fire_Name":"LOOP","Acres":0.2,"Cause":"Human","Year":2009}},{"type":"Feature","geometry":{"type":"Point","coordinates":[-119.94974,39.01556]},"properties":{"Fire_Name":"SHERYL","Acres":0.1,"Cause":"Human","Year":2009}},{"type":"Feature","geometry":{"type":"Point","coordinates":[-120.00668,38.79667]},"properties":{"Fire_Name":"LUTHER","Acres":0.1,"Cause":"Human","Year":2009}},{"type":"Feature","geometry":{"type":"Point","coordinates":[-120.00668,39.24973]},"properties":{"Fire_Name":"NORTH","Acres":0.1,"Cause":"Human","Year":2009}},{"type":"Feature","geometry":{"type":"Point","coordinates":[-120.00668,39.24973]},"properties":{"Fire_Name":"BEAVER 2","Acres":0.1,"Cause":"Human","Year":2009}},{"type":"Feature","geometry":{"type":"Point","coordinates":[-120.00668,39.24973]},"properties":{"Fire_Name":"JACOBSON","Acres":0.1,"Cause":"Human","Year":2009}},{"type":"Feature","geometry":{"type":"Point","coordinates":[-119.89974,39.23278]},"properties":{"Fire_Name":"DIAMOND","Acres":0.1,"Cause":"Human","Year":2009}},{"type":"Feature","geometry":{"type":"Point","coordinates":[-119.99585,38.86862]},"properties":{"Fire_Name":"PLAYER","Acres":0.1,"Cause":"Human","Year":2009}},{"type":"Feature","geometry":{"type":"Point","coordinates":[-120.04029,39.23834]},"properties":{"Fire_Name":"NORTH 2","Acres":0.1,"Cause":"Human","Year":2009}},{"type":"Feature","geometry":{"type":"Point","coordinates":[-120.00668,39.24973]},"properties":{"Fire_Name":"HOMER","Acres":0.1,"Cause":"Human","Year":2009}},{"type":"Feature","geometry":{"type":"Point","coordinates":[-120.00668,39.24973]},"properties":{"Fire_Name":"LAKE","Acres":0.1,"Cause":"Human","Year":2009}},{"type":"Feature","geometry":{"type":"Point","coordinates":[-119.9314,39.15001]},"properties":{"Fire_Name":"SECRET","Acres":0.2,"Cause":"Human","Year":2009}},{"type":"Feature","geometry":{"type":"Point","coordinates":[-120.00668,39.24973]},"properties":{"Fire_Name":"NORTH 3","Acres":0.1,"Cause":"Human","Year":2009}},{"type":"Feature","geometry":{"type":"Point","coordinates":[-119.93168,38.97278]},"properties":{"Fire_Name":"KAHLE","Acres":0.1,"Cause":"Human","Year":2009}},{"type":"Feature","geometry":{"type":"Point","coordinates":[-119.71557,38.87723]},"properties":{"Fire_Name":"PIT","Acres":0.01,"Cause":"Human","Year":2009}},{"type":"Feature","geometry":{"type":"Point","coordinates":[-120.19974,40.00695]},"properties":{"Fire_Name":"SUGAR","Acres":1.1,"Cause":"Natural","Year":2009}},{"type":"Feature","geometry":{"type":"Point","coordinates":[-119.80112,39.15389]},"properties":{"Fire_Name":"KINGS VIEW","Acres":6,"Cause":"Natural","Year":2009}},{"type":"Feature","geometry":{"type":"Point","coordinates":[-120.15501,39.96723]},"properties":{"Fire_Name":"DIAMOND","Acres":1,"Cause":"Natural","Year":2009}},{"type":"Feature","geometry":{"type":"Point","coordinates":[-120.16918,39.97306]},"properties":{"Fire_Name":"BLOOMER","Acres":2.7,"Cause":"Natural","Year":2009}},{"type":"Feature","geometry":{"type":"Point","coordinates":[-120.07112,39.50556]},"properties":{"Fire_Name":"LADYBUG","Acres":1,"Cause":"Human","Year":2009}},{"type":"Feature","geometry":{"type":"Point","coordinates":[-120.10224,39.38862]},"properties":{"Fire_Name":"BOCA 2","Acres":0.2,"Cause":"Human","Year":2009}},{"type":"Feature","geometry":{"type":"Point","coordinates":[-120.13501,39.58889]},"properties":{"Fire_Name":"BABBIT","Acres":0.25,"Cause":"Natural","Year":2009}},{"type":"Feature","geometry":{"type":"Point","coordinates":[-119.89307,39.29667]},"properties":{"Fire_Name":"MEADOWS","Acres":0.1,"Cause":"Human","Year":2009}},{"type":"Feature","geometry":{"type":"Point","coordinates":[-120.09362,39.42584]},"properties":{"Fire_Name":"BOCA","Acres":0.3,"Cause":"Human","Year":2009}},{"type":"Feature","geometry":{"type":"Point","coordinates":[-119.85112,39.31139]},"properties":{"Fire_Name":"COMANCHE","Acres":0.8,"Cause":"Human","Year":2009}},{"type":"Feature","geometry":{"type":"Point","coordinates":[-119.93307,38.95389]},"properties":{"Fire_Name":"VAN SICKLE","Acres":0.3,"Cause":"Human","Year":2009}},{"type":"Feature","geometry":{"type":"Point","coordinates":[-119.99112,38.93417]},"properties":{"Fire_Name":"KEYS","Acres":1,"Cause":"Human","Year":2009}},{"type":"Feature","geometry":{"type":"Point","coordinates":[-119.73281,39.60691]},"properties":{"Fire_Name":"CORNER","Acres":0.3,"Cause":"Human","Year":2008}},{"type":"Feature","geometry":{"type":"Point","coordinates":[-120.10251,40.11441]},"properties":{"Fire_Name":"DATSUN","Acres":0.1,"Cause":"Human","Year":2006}},{"type":"Feature","geometry":{"type":"Point","coordinates":[-119.81471,40.24391]},"properties":{"Fire_Name":"DRY","Acres":31,"Cause":"Natural","Year":2006}},{"type":"Feature","geometry":{"type":"Point","coordinates":[-120.10501,40.01941]},"properties":{"Fire_Name":"CCD DOYLE","Acres":26.54043316307685,"Cause":"Human","Year":2006}},{"type":"Feature","geometry":{"type":"Point","coordinates":[-120.11111,40.08531]},"properties":{"Fire_Name":"CCD LAVER","Acres":147.54459142900325,"Cause":"Human","Year":2006}},{"type":"Feature","geometry":{"type":"Point","coordinates":[-120.05221,40.00941]},"properties":{"Fire_Name":"CCD SAGE","Acres":239.82090617517966,"Cause":"Natural","Year":2006}},{"type":"Feature","geometry":{"type":"Point","coordinates":[-120.08361,40.10111]},"properties":{"Fire_Name":"CCD TURTLE","Acres":0.1,"Cause":"Natural","Year":2006}},{"type":"Feature","geometry":{"type":"Point","coordinates":[-119.96891,40.26641]},"properties":{"Fire_Name":"HIGH ROCK 2","Acres":6.5,"Cause":"Human","Year":2006}},{"type":"Feature","geometry":{"type":"Point","coordinates":[-120.03971,40.11671]},"properties":{"Fire_Name":"HONEY 1","Acres":234.45213278646656,"Cause":"Natural","Year":2007}},{"type":"Feature","geometry":{"type":"Point","coordinates":[-120.02861,40.10891]},"properties":{"Fire_Name":"HONEY 2","Acres":0.1,"Cause":"Natural","Year":2007}},{"type":"Feature","geometry":{"type":"Point","coordinates":[-120.07221,40.06081]},"properties":{"Fire_Name":"FORT","Acres":0.1,"Cause":"Human","Year":2008}},{"type":"Feature","geometry":{"type":"Point","coordinates":[-120.10221,40.03441]},"properties":{"Fire_Name":"DOYLE","Acres":1,"Cause":"Natural","Year":2008}},{"type":"Feature","geometry":{"type":"Point","coordinates":[-120.10331,40.01921]},"properties":{"Fire_Name":"VAN","Acres":0.1,"Cause":"Human","Year":2008}},{"type":"Feature","geometry":{"type":"Point","coordinates":[-120.1129,40.03212]},"properties":{"Fire_Name":"LAURA","Acres":0.1,"Cause":"Natural","Year":2008}},{"type":"Feature","geometry":{"type":"Point","coordinates":[-120.11282,40.0319]},"properties":{"Fire_Name":"JULLIANNE","Acres":0.3,"Cause":"Undetermined","Year":2008}},{"type":"Feature","geometry":{"type":"Point","coordinates":[-120.13818,40.04001]},"properties":{"Fire_Name":"ROPER","Acres":0.1,"Cause":"Undetermined","Year":2008}},{"type":"Feature","geometry":{"type":"Point","coordinates":[-120.18361,40.09611]},"properties":{"Fire_Name":"MARK","Acres":0.3,"Cause":"Human","Year":2008}},{"type":"Feature","geometry":{"type":"Point","coordinates":[-120.06081,40.02921]},"properties":{"Fire_Name":"EAST DOYLE","Acres":0.1,"Cause":"Natural","Year":2009}},{"type":"Feature","geometry":{"type":"Point","coordinates":[-120.13061,40.02361]},"properties":{"Fire_Name":"SEMI","Acres":0.1,"Cause":"Undetermined","Year":2009}},{"type":"Feature","geometry":{"type":"Point","coordinates":[-120.10191,40.02891]},"properties":{"Fire_Name":"MULE","Acres":0.3,"Cause":"Human","Year":2009}},{"type":"Feature","geometry":{"type":"Point","coordinates":[-120.01781,40.09471]},"properties":{"Fire_Name":"TURTLE","Acres":1.5,"Cause":"Natural","Year":2009}},{"type":"Feature","geometry":{"type":"Point","coordinates":[-120.12421,40.04441]},"properties":{"Fire_Name":"LASSETTER","Acres":0.1,"Cause":"Human","Year":2009}},{"type":"Feature","geometry":{"type":"Point","coordinates":[-119.36471,39.83721]},"properties":{"Fire_Name":"WNA 1","Acres":0.1,"Cause":"Human","Year":2006}},{"type":"Feature","geometry":{"type":"Point","coordinates":[-119.58391,38.79221]},"properties":{"Fire_Name":"WNA 2","Acres":0.1,"Cause":"Human","Year":2006}},{"type":"Feature","geometry":{"type":"Point","coordinates":[-119.67221,39.16921]},"properties":{"Fire_Name":"RIVER","Acres":0.1,"Cause":"Human","Year":2006}},{"type":"Feature","geometry":{"type":"Point","coordinates":[-119.59221,39.02111]},"properties":{"Fire_Name":"BUCKEYE","Acres":0.1,"Cause":"Natural","Year":2006}},{"type":"Feature","geometry":{"type":"Point","coordinates":[-119.59501,39.02721]},"properties":{"Fire_Name":"BUCKEYE 2","Acres":0.1,"Cause":"Natural","Year":2006}},{"type":"Feature","geometry":{"type":"Point","coordinates":[-119.58861,39.27611]},"properties":{"Fire_Name":"SUGARLOAF","Acres":135.28919220638048,"Cause":"Human","Year":2006}},{"type":"Feature","geometry":{"type":"Point","coordinates":[-119.35421,39.43781]},"properties":{"Fire_Name":"HACKBERRY","Acres":138.56613348922377,"Cause":"Human","Year":2006}},{"type":"Feature","geometry":{"type":"Point","coordinates":[-119.62141,39.76001]},"properties":{"Fire_Name":"HOCKBERRY","Acres":0.3,"Cause":"Human","Year":2006}},{"type":"Feature","geometry":{"type":"Point","coordinates":[-120.00331,39.90531]},"properties":{"Fire_Name":"RED ROCK 3","Acres":0.3,"Cause":"Human","Year":2006}},{"type":"Feature","geometry":{"type":"Point","coordinates":[-119.74751,39.61251]},"properties":{"Fire_Name":"APPLE BLOSSOM","Acres":1,"Cause":"Human","Year":2006}},{"type":"Feature","geometry":{"type":"Point","coordinates":[-119.73581,39.13441]},"properties":{"Fire_Name":"WATER TANK","Acres":0.3,"Cause":"Human","Year":2006}},{"type":"Feature","geometry":{"type":"Point","coordinates":[-119.65001,38.90391]},"properties":{"Fire_Name":"BLUE BIRD","Acres":0.1,"Cause":"Human","Year":2006}},{"type":"Feature","geometry":{"type":"Point","coordinates":[-120.03081,39.80831]},"properties":{"Fire_Name":"WYNEMA","Acres":0.3,"Cause":"Human","Year":2006}},{"type":"Feature","geometry":{"type":"Point","coordinates":[-119.62891,39.28171]},"properties":{"Fire_Name":"TRUCK ROUTE","Acres":7,"Cause":"Human","Year":2006}},{"type":"Feature","geometry":{"type":"Point","coordinates":[-119.68561,39.70141]},"properties":{"Fire_Name":"ARKANSAS","Acres":0.3,"Cause":"Natural","Year":2006}},{"type":"Feature","geometry":{"type":"Point","coordinates":[-119.41721,40.19331]},"properties":{"Fire_Name":"WNA 12","Acres":45,"Cause":"Natural","Year":2006}},{"type":"Feature","geometry":{"type":"Point","coordinates":[-119.84971,39.70001]},"properties":{"Fire_Name":"OREGON","Acres":105.58464122821671,"Cause":"Natural","Year":2006}},{"type":"Feature","geometry":{"type":"Point","coordinates":[-119.93441,39.24531]},"properties":{"Fire_Name":"FLATS","Acres":1641,"Cause":"Natural","Year":2006}},{"type":"Feature","geometry":{"type":"Point","coordinates":[-119.93441,39.24531]},"properties":{"Fire_Name":"LINEHAN","Acres":5860.080466084362,"Cause":"Natural","Year":2006}},{"type":"Feature","geometry":{"type":"Point","coordinates":[-119.55471,38.89751]},"properties":{"Fire_Name":"SIERRA SPIRIT","Acres":0.1,"Cause":"Natural","Year":2006}},{"type":"Feature","geometry":{"type":"Point","coordinates":[-119.27691,39.49891]},"properties":{"Fire_Name":"VIIRGINIA","Acres":4601.560929906955,"Cause":"Natural","Year":2006}},{"type":"Feature","geometry":{"type":"Point","coordinates":[-119.67941,39.17971]},"properties":{"Fire_Name":"FLINT","Acres":131.388946136598,"Cause":"Human","Year":2006}},{"type":"Feature","geometry":{"type":"Point","coordinates":[-119.75031,39.57221]},"properties":{"Fire_Name":"CHEVY","Acres":0.1,"Cause":"Human","Year":2006}},{"type":"Feature","geometry":{"type":"Point","coordinates":[-119.29251,39.63971]},"properties":{"Fire_Name":"WNA 4","Acres":0.1,"Cause":"Human","Year":2006}},{"type":"Feature","geometry":{"type":"Point","coordinates":[-119.73471,39.56721]},"properties":{"Fire_Name":"MARTINI","Acres":5,"Cause":"Human","Year":2006}},{"type":"Feature","geometry":{"type":"Point","coordinates":[-119.72501,39.15031]},"properties":{"Fire_Name":"RANGE","Acres":6.5,"Cause":"Human","Year":2006}},{"type":"Feature","geometry":{"type":"Point","coordinates":[-119.26001,39.65581]},"properties":{"Fire_Name":"WNA 3","Acres":0.1,"Cause":"Natural","Year":2006}},{"type":"Feature","geometry":{"type":"Point","coordinates":[-119.82721,39.88861]},"properties":{"Fire_Name":"DOGSKIN","Acres":0.1,"Cause":"Natural","Year":2006}},{"type":"Feature","geometry":{"type":"Point","coordinates":[-119.55921,38.98031]},"properties":{"Fire_Name":"WNA 6","Acres":0.1,"Cause":"Natural","Year":2006}},{"type":"Feature","geometry":{"type":"Point","coordinates":[-119.61531,39.30611]},"properties":{"Fire_Name":"SIX MILE 2","Acres":1732.516356894962,"Cause":"Natural","Year":2006}},{"type":"Feature","geometry":{"type":"Point","coordinates":[-119.65081,38.93581]},"properties":{"Fire_Name":"WNA 7","Acres":0.1,"Cause":"Natural","Year":2006}},{"type":"Feature","geometry":{"type":"Point","coordinates":[-119.48831,38.92471]},"properties":{"Fire_Name":"SLATER","Acres":0.1,"Cause":"Natural","Year":2006}},{"type":"Feature","geometry":{"type":"Point","coordinates":[-119.60691,39.69781]},"properties":{"Fire_Name":"CURNOW","Acres":0.1,"Cause":"Natural","Year":2006}},{"type":"Feature","geometry":{"type":"Point","coordinates":[-119.23581,39.58581]},"properties":{"Fire_Name":"SAGE","Acres":162,"Cause":"Human","Year":2006}},{"type":"Feature","geometry":{"type":"Point","coordinates":[-119.87391,39.91721]},"properties":{"Fire_Name":"DOG","Acres":5,"Cause":"Natural","Year":2006}},{"type":"Feature","geometry":{"type":"Point","coordinates":[-119.49971,38.99171]},"properties":{"Fire_Name":"NUT","Acres":0.8,"Cause":"Natural","Year":2006}},{"type":"Feature","geometry":{"type":"Point","coordinates":[-119.68171,39.57721]},"properties":{"Fire_Name":"BELMAR","Acres":424.17270896651263,"Cause":"Human","Year":2006}},{"type":"Feature","geometry":{"type":"Point","coordinates":[-120.03831,39.72361]},"properties":{"Fire_Name":"HASKELL","Acres":5,"Cause":"Human","Year":2006}},{"type":"Feature","geometry":{"type":"Point","coordinates":[-119.61081,39.22311]},"properties":{"Fire_Name":"WINTERS","Acres":3,"Cause":"Human","Year":2006}},{"type":"Feature","geometry":{"type":"Point","coordinates":[-120.03641,39.72141]},"properties":{"Fire_Name":"395","Acres":0.3,"Cause":"Human","Year":2006}},{"type":"Feature","geometry":{"type":"Point","coordinates":[-119.95891,39.97891]},"properties":{"Fire_Name":"BOOTLEGGER","Acres":6678.216896914394,"Cause":"Natural","Year":2006}},{"type":"Feature","geometry":{"type":"Point","coordinates":[-119.76251,38.80191]},"properties":{"Fire_Name":"WNA 8","Acres":0.1,"Cause":"Human","Year":2006}},{"type":"Feature","geometry":{"type":"Point","coordinates":[-119.68001,39.68001]},"properties":{"Fire_Name":"PISTOL","Acres":2.5,"Cause":"Human","Year":2006}},{"type":"Feature","geometry":{"type":"Point","coordinates":[-119.76081,39.46971]},"properties":{"Fire_Name":"DOUBLE R","Acres":151.7620036082418,"Cause":"Human","Year":2006}},{"type":"Feature","geometry":{"type":"Point","coordinates":[-119.79441,39.70331]},"properties":{"Fire_Name":"CHICKADEE","Acres":0.1,"Cause":"Human","Year":2006}},{"type":"Feature","geometry":{"type":"Point","coordinates":[-119.99531,39.98921]},"properties":{"Fire_Name":"BOOTLEGGER  2","Acres":3,"Cause":"Natural","Year":2006}},{"type":"Feature","geometry":{"type":"Point","coordinates":[-119.50081,39.16581]},"properties":{"Fire_Name":"COMO","Acres":4,"Cause":"Human","Year":2006}},{"type":"Feature","geometry":{"type":"Point","coordinates":[-119.76171,39.62361]},"properties":{"Fire_Name":"SUN VALLEY","Acres":1.5,"Cause":"Human","Year":2006}},{"type":"Feature","geometry":{"type":"Point","coordinates":[-119.74641,39.70751]},"properties":{"Fire_Name":"WNA 9","Acres":0.1,"Cause":"Human","Year":2006}},{"type":"Feature","geometry":{"type":"Point","coordinates":[-119.91171,40.18081]},"properties":{"Fire_Name":"RAILROAD","Acres":0.3,"Cause":"Human","Year":2006}},{"type":"Feature","geometry":{"type":"Point","coordinates":[-119.78031,39.64331]},"properties":{"Fire_Name":"LEON","Acres":13.74655082085495,"Cause":"Human","Year":2006}},{"type":"Feature","geometry":{"type":"Point","coordinates":[-119.71721,39.29001]},"properties":{"Fire_Name":"JUMBO","Acres":40.70039333657001,"Cause":"Human","Year":2006}},{"type":"Feature","geometry":{"type":"Point","coordinates":[-119.78531,39.60811]},"properties":{"Fire_Name":"SUN VALLEY 2","Acres":23,"Cause":"Human","Year":2006}},{"type":"Feature","geometry":{"type":"Point","coordinates":[-119.91081,39.78941]},"properties":{"Fire_Name":"AUGUST","Acres":334.01682046685073,"Cause":"Human","Year":2006}},{"type":"Feature","geometry":{"type":"Point","coordinates":[-119.61441,39.99141]},"properties":{"Fire_Name":"WNA 10","Acres":0.1,"Cause":"Human","Year":2006}},{"type":"Feature","geometry":{"type":"Point","coordinates":[-119.74721,39.66501]},"properties":{"Fire_Name":"EAGLE CANYON","Acres":2,"Cause":"Human","Year":2006}},{"type":"Feature","geometry":{"type":"Point","coordinates":[-119.56421,39.20611]},"properties":{"Fire_Name":"ELDORADO DAM","Acres":0.1,"Cause":"Human","Year":2006}},{"type":"Feature","geometry":{"type":"Point","coordinates":[-119.22331,38.96111]},"properties":{"Fire_Name":"BLUESTONE","Acres":0.1,"Cause":"Human","Year":2006}},{"type":"Feature","geometry":{"type":"Point","coordinates":[-119.66921,39.18531]},"properties":{"Fire_Name":"CARTRIDGE","Acres":4,"Cause":"Human","Year":2006}},{"type":"Feature","geometry":{"type":"Point","coordinates":[-119.87561,39.63811]},"properties":{"Fire_Name":"LEMON","Acres":0.1,"Cause":"Human","Year":2006}},{"type":"Feature","geometry":{"type":"Point","coordinates":[-119.43281,39.60361]},"properties":{"Fire_Name":"DERBY 2","Acres":3,"Cause":"Human","Year":2006}},{"type":"Feature","geometry":{"type":"Point","coordinates":[-119.98501,40.04001]},"properties":{"Fire_Name":"FT SAGE 2","Acres":0.1,"Cause":"Natural","Year":2006}},{"type":"Feature","geometry":{"type":"Point","coordinates":[-119.82331,39.64751]},"properties":{"Fire_Name":"GOLDEN","Acres":0.5,"Cause":"Human","Year":2006}},{"type":"Feature","geometry":{"type":"Point","coordinates":[-119.83191,39.62441]},"properties":{"Fire_Name":"TAMRA","Acres":1,"Cause":"Human","Year":2006}},{"type":"Feature","geometry":{"type":"Point","coordinates":[-119.65941,39.11921]},"properties":{"Fire_Name":"BIDWELL","Acres":0.1,"Cause":"Human","Year":2006}},{"type":"Feature","geometry":{"type":"Point","coordinates":[-119.74471,39.57251]},"properties":{"Fire_Name":"PYRAMID 2","Acres":426.74557974341843,"Cause":"Human","Year":2006}},{"type":"Feature","geometry":{"type":"Point","coordinates":[-119.59251,39.26671]},"properties":{"Fire_Name":"GROSCH","Acres":37.01635968298428,"Cause":"Human","Year":2007}},{"type":"Feature","geometry":{"type":"Point","coordinates":[-119.68531,39.16501]},"properties":{"Fire_Name":"MATTRESS","Acres":0.1,"Cause":"Human","Year":2007}},{"type":"Feature","geometry":{"type":"Point","coordinates":[-119.66691,39.20831]},"properties":{"Fire_Name":"WINTERS","Acres":0.5,"Cause":"Human","Year":2007}},{"type":"Feature","geometry":{"type":"Point","coordinates":[-119.49031,39.30001]},"properties":{"Fire_Name":"MARK TWAIN","Acres":1,"Cause":"Human","Year":2007}},{"type":"Feature","geometry":{"type":"Point","coordinates":[-119.65671,39.19531]},"properties":{"Fire_Name":"KITTYS","Acres":0.5,"Cause":"Human","Year":2007}},{"type":"Feature","geometry":{"type":"Point","coordinates":[-119.60191,39.94251]},"properties":{"Fire_Name":"WNA 1","Acres":5,"Cause":"Human","Year":2007}},{"type":"Feature","geometry":{"type":"Point","coordinates":[-119.35471,39.82921]},"properties":{"Fire_Name":"WNA 10","Acres":0.1,"Cause":"Human","Year":2007}},{"type":"Feature","geometry":{"type":"Point","coordinates":[-119.27331,39.27331]},"properties":{"Fire_Name":"WNA 2","Acres":1,"Cause":"Human","Year":2007}},{"type":"Feature","geometry":{"type":"Point","coordinates":[-119.59221,39.25221]},"properties":{"Fire_Name":"QUILICI","Acres":0.5,"Cause":"Human","Year":2007}},{"type":"Feature","geometry":{"type":"Point","coordinates":[-119.53001,39.29861]},"properties":{"Fire_Name":"V T","Acres":0.3,"Cause":"Human","Year":2007}},{"type":"Feature","geometry":{"type":"Point","coordinates":[-119.71081,39.18501]},"properties":{"Fire_Name":"HIGHWAY 50","Acres":0.3,"Cause":"Human","Year":2007}},{"type":"Feature","geometry":{"type":"Point","coordinates":[-119.43191,39.60391]},"properties":{"Fire_Name":"DAM","Acres":18.142744728212815,"Cause":"Human","Year":2007}},{"type":"Feature","geometry":{"type":"Point","coordinates":[-119.53581,38.88971]},"properties":{"Fire_Name":"WNA 3","Acres":0.1,"Cause":"Human","Year":2007}},{"type":"Feature","geometry":{"type":"Point","coordinates":[-119.35691,39.83191]},"properties":{"Fire_Name":"WNA 11","Acres":0.1,"Cause":"Human","Year":2007}},{"type":"Feature","geometry":{"type":"Point","coordinates":[-119.32111,39.60861]},"properties":{"Fire_Name":"CANTLON","Acres":2,"Cause":"Human","Year":2007}},{"type":"Feature","geometry":{"type":"Point","coordinates":[-119.66781,39.18751]},"properties":{"Fire_Name":"RIVER","Acres":1,"Cause":"Human","Year":2007}},{"type":"Feature","geometry":{"type":"Point","coordinates":[-119.35611,39.33361]},"properties":{"Fire_Name":"STAGECOACH 2","Acres":7,"Cause":"Human","Year":2007}},{"type":"Feature","geometry":{"type":"Point","coordinates":[-119.74501,39.25111]},"properties":{"Fire_Name":"WASHOE","Acres":120.53268419847512,"Cause":"Human","Year":2007}},{"type":"Feature","geometry":{"type":"Point","coordinates":[-119.67641,39.17671]},"properties":{"Fire_Name":"BRUNSWICK","Acres":0.1,"Cause":"Natural","Year":2007}},{"type":"Feature","geometry":{"type":"Point","coordinates":[-119.66721,39.16531]},"properties":{"Fire_Name":"PALLET","Acres":0.1,"Cause":"Human","Year":2007}},{"type":"Feature","geometry":{"type":"Point","coordinates":[-119.77501,39.61531]},"properties":{"Fire_Name":"DANFORTH","Acres":0.1,"Cause":"Human","Year":2007}},{"type":"Feature","geometry":{"type":"Point","coordinates":[-119.77751,39.56391]},"properties":{"Fire_Name":"MOOR PARK","Acres":5,"Cause":"Human","Year":2007}},{"type":"Feature","geometry":{"type":"Point","coordinates":[-119.21421,39.06891]},"properties":{"Fire_Name":"WNA 4","Acres":0.1,"Cause":"Human","Year":2007}},{"type":"Feature","geometry":{"type":"Point","coordinates":[-119.65191,39.54391]},"properties":{"Fire_Name":"MUSTANG","Acres":1411.2896727977798,"Cause":"Human","Year":2007}},{"type":"Feature","geometry":{"type":"Point","coordinates":[-119.05081,39.39281]},"properties":{"Fire_Name":"LAHONTAN","Acres":35.69374217206953,"Cause":"Human","Year":2007}},{"type":"Feature","geometry":{"type":"Point","coordinates":[-120.02361,39.93671]},"properties":{"Fire_Name":"RAILROAD","Acres":1,"Cause":"Human","Year":2007}},{"type":"Feature","geometry":{"type":"Point","coordinates":[-120.03971,39.74471]},"properties":{"Fire_Name":"BOAT","Acres":0.3,"Cause":"Human","Year":2007}},{"type":"Feature","geometry":{"type":"Point","coordinates":[-120.03421,39.72251]},"properties":{"Fire_Name":"PETERSON 6","Acres":3,"Cause":"Natural","Year":2007}},{"type":"Feature","geometry":{"type":"Point","coordinates":[-119.65611,39.24141]},"properties":{"Fire_Name":"INDUSTRIAL","Acres":427.96612094985875,"Cause":"Human","Year":2007}},{"type":"Feature","geometry":{"type":"Point","coordinates":[-120.01361,39.73001]},"properties":{"Fire_Name":"PETERSON 7","Acres":105.31511669161326,"Cause":"Natural","Year":2007}},{"type":"Feature","geometry":{"type":"Point","coordinates":[-120.00031,39.71281]},"properties":{"Fire_Name":"PETERSON 5","Acres":0.1,"Cause":"Natural","Year":2007}},{"type":"Feature","geometry":{"type":"Point","coordinates":[-120.03081,39.71781]},"properties":{"Fire_Name":"PETERSON 4","Acres":0.3,"Cause":"Natural","Year":2007}},{"type":"Feature","geometry":{"type":"Point","coordinates":[-120.13611,39.73891]},"properties":{"Fire_Name":"PETERSON 11","Acres":0.3,"Cause":"Natural","Year":2007}},{"type":"Feature","geometry":{"type":"Point","coordinates":[-120.00001,39.72921]},"properties":{"Fire_Name":"PETERSON 10","Acres":3,"Cause":"Natural","Year":2007}},{"type":"Feature","geometry":{"type":"Point","coordinates":[-120.02361,39.71501]},"properties":{"Fire_Name":"PETERSON 12","Acres":0.1,"Cause":"Natural","Year":2007}},{"type":"Feature","geometry":{"type":"Point","coordinates":[-120.04641,39.73331]},"properties":{"Fire_Name":"PETERSON 1","Acres":0.1,"Cause":"Natural","Year":2007}},{"type":"Feature","geometry":{"type":"Point","coordinates":[-120.02721,39.71861]},"properties":{"Fire_Name":"PETERSON 3","Acres":0.3,"Cause":"Natural","Year":2007}},{"type":"Feature","geometry":{"type":"Point","coordinates":[-120.00751,39.69111]},"properties":{"Fire_Name":"PETERSON 21","Acres":2,"Cause":"Natural","Year":2007}},{"type":"Feature","geometry":{"type":"Point","coordinates":[-120.00331,39.72311]},"properties":{"Fire_Name":"PETERSON 20","Acres":2,"Cause":"Natural","Year":2007}},{"type":"Feature","geometry":{"type":"Point","coordinates":[-120.03421,39.73251]},"properties":{"Fire_Name":"PETERSON 15","Acres":0.1,"Cause":"Natural","Year":2007}},{"type":"Feature","geometry":{"type":"Point","coordinates":[-120.01221,39.73971]},"properties":{"Fire_Name":"PETERSON 13","Acres":0.2,"Cause":"Natural","Year":2007}},{"type":"Feature","geometry":{"type":"Point","coordinates":[-120.01331,39.71891]},"properties":{"Fire_Name":"PETERSON 17","Acres":0.5,"Cause":"Natural","Year":2007}},{"type":"Feature","geometry":{"type":"Point","coordinates":[-120.01691,39.74221]},"properties":{"Fire_Name":"PETERSON 14","Acres":0.2,"Cause":"Natural","Year":2007}},{"type":"Feature","geometry":{"type":"Point","coordinates":[-120.02691,39.70831]},"properties":{"Fire_Name":"PETERSON 19","Acres":0.8,"Cause":"Natural","Year":2007}},{"type":"Feature","geometry":{"type":"Point","coordinates":[-119.98781,39.74501]},"properties":{"Fire_Name":"PETERSON 16","Acres":0.3,"Cause":"Natural","Year":2007}},{"type":"Feature","geometry":{"type":"Point","coordinates":[-120.00221,39.73111]},"properties":{"Fire_Name":"PETERSON 18","Acres":0.1,"Cause":"Natural","Year":2007}},{"type":"Feature","geometry":{"type":"Point","coordinates":[-119.56471,38.97361]},"properties":{"Fire_Name":"WNA 5","Acres":0.1,"Cause":"Natural","Year":2007}},{"type":"Feature","geometry":{"type":"Point","coordinates":[-119.57781,39.74811]},"properties":{"Fire_Name":"DOUBLE SPRINGS","Acres":0.3,"Cause":"Natural","Year":2007}},{"type":"Feature","geometry":{"type":"Point","coordinates":[-120.01001,39.74171]},"properties":{"Fire_Name":"PETERSON 22","Acres":0.1,"Cause":"Natural","Year":2007}},{"type":"Feature","geometry":{"type":"Point","coordinates":[-119.71441,39.59721]},"properties":{"Fire_Name":"VISTA","Acres":95.45204004990568,"Cause":"Natural","Year":2007}},{"type":"Feature","geometry":{"type":"Point","coordinates":[-119.66561,39.79531]},"properties":{"Fire_Name":"CORRAL","Acres":0.1,"Cause":"Natural","Year":2007}},{"type":"Feature","geometry":{"type":"Point","coordinates":[-119.85031,39.81441]},"properties":{"Fire_Name":"HIKE","Acres":0.1,"Cause":"Natural","Year":2007}},{"type":"Feature","geometry":{"type":"Point","coordinates":[-119.62811,39.89471]},"properties":{"Fire_Name":"RAINBOW","Acres":0.1,"Cause":"Natural","Year":2007}},{"type":"Feature","geometry":{"type":"Point","coordinates":[-119.47471,39.79441]},"properties":{"Fire_Name":"PAH RAH","Acres":3,"Cause":"Natural","Year":2007}},{"type":"Feature","geometry":{"type":"Point","coordinates":[-119.75031,39.22611]},"properties":{"Fire_Name":"NINE HILL","Acres":0.1,"Cause":"Human","Year":2007}},{"type":"Feature","geometry":{"type":"Point","coordinates":[-119.61941,39.83221]},"properties":{"Fire_Name":"WHISKEY","Acres":0.1,"Cause":"Natural","Year":2007}},{"type":"Feature","geometry":{"type":"Point","coordinates":[-119.95221,40.09721]},"properties":{"Fire_Name":"HONEY 3","Acres":0.3,"Cause":"Natural","Year":2007}},{"type":"Feature","geometry":{"type":"Point","coordinates":[-119.94861,40.08641]},"properties":{"Fire_Name":"HONEY 4","Acres":0.1,"Cause":"Natural","Year":2007}},{"type":"Feature","geometry":{"type":"Point","coordinates":[-119.43281,39.68421]},"properties":{"Fire_Name":"VIRGINIA","Acres":16.404014536503862,"Cause":"Natural","Year":2007}},{"type":"Feature","geometry":{"type":"Point","coordinates":[-119.69581,39.15831]},"properties":{"Fire_Name":"SEDGE","Acres":8,"Cause":"Human","Year":2007}},{"type":"Feature","geometry":{"type":"Point","coordinates":[-119.31671,39.29581]},"properties":{"Fire_Name":"JADE","Acres":0.1,"Cause":"Human","Year":2007}},{"type":"Feature","geometry":{"type":"Point","coordinates":[-119.67941,39.18311]},"properties":{"Fire_Name":"RIFLE","Acres":3,"Cause":"Human","Year":2007}},{"type":"Feature","geometry":{"type":"Point","coordinates":[-119.60001,39.95191]},"properties":{"Fire_Name":"WNA 6","Acres":0.1,"Cause":"Human","Year":2007}},{"type":"Feature","geometry":{"type":"Point","coordinates":[-119.90221,39.80221]},"properties":{"Fire_Name":"BURN","Acres":0.1,"Cause":"Human","Year":2007}},{"type":"Feature","geometry":{"type":"Point","coordinates":[-119.76141,39.56581]},"properties":{"Fire_Name":"SULLIVAN","Acres":23.95557997315504,"Cause":"Human","Year":2007}},{"type":"Feature","geometry":{"type":"Point","coordinates":[-119.72971,39.81751]},"properties":{"Fire_Name":"HUMMER","Acres":0.1,"Cause":"Human","Year":2007}},{"type":"Feature","geometry":{"type":"Point","coordinates":[-120.03861,39.83311]},"properties":{"Fire_Name":"HALLELUJAH","Acres":0.1,"Cause":"Human","Year":2007}},{"type":"Feature","geometry":{"type":"Point","coordinates":[-119.45721,39.30611]},"properties":{"Fire_Name":"LEEGARD","Acres":18.29256850731367,"Cause":"Human","Year":2007}},{"type":"Feature","geometry":{"type":"Point","coordinates":[-119.84561,39.69061]},"properties":{"Fire_Name":"OREGON","Acres":0.3,"Cause":"Natural","Year":2007}},{"type":"Feature","geometry":{"type":"Point","coordinates":[-119.54111,39.91361]},"properties":{"Fire_Name":"WNA 7","Acres":1,"Cause":"Human","Year":2007}},{"type":"Feature","geometry":{"type":"Point","coordinates":[-119.95171,39.87221]},"properties":{"Fire_Name":"RED ROCK 2","Acres":0.5,"Cause":"Natural","Year":2007}},{"type":"Feature","geometry":{"type":"Point","coordinates":[-119.85441,39.90001]},"properties":{"Fire_Name":"FLAT","Acres":0.3,"Cause":"Natural","Year":2007}},{"type":"Feature","geometry":{"type":"Point","coordinates":[-119.36331,39.22861]},"properties":{"Fire_Name":"ADRIAN 1","Acres":14001.277286193494,"Cause":"Natural","Year":2007}},{"type":"Feature","geometry":{"type":"Point","coordinates":[-119.85611,39.89441]},"properties":{"Fire_Name":"BEDELL FLATS","Acres":82.05764523162932,"Cause":"Natural","Year":2007}},{"type":"Feature","geometry":{"type":"Point","coordinates":[-119.82831,39.85111]},"properties":{"Fire_Name":"DOGSKINS","Acres":0.1,"Cause":"Natural","Year":2007}},{"type":"Feature","geometry":{"type":"Point","coordinates":[-119.38391,39.23531]},"properties":{"Fire_Name":"ADRIAN 2","Acres":19.105187042553005,"Cause":"Natural","Year":2007}},{"type":"Feature","geometry":{"type":"Point","coordinates":[-119.89531,39.83561]},"properties":{"Fire_Name":"GRANITE","Acres":140.8853144433315,"Cause":"Natural","Year":2007}},{"type":"Feature","geometry":{"type":"Point","coordinates":[-119.86311,39.82501]},"properties":{"Fire_Name":"WYLEY","Acres":10.632223861179625,"Cause":"Natural","Year":2007}},{"type":"Feature","geometry":{"type":"Point","coordinates":[-119.93251,39.94501]},"properties":{"Fire_Name":"HIGGENS","Acres":0.3,"Cause":"Natural","Year":2007}},{"type":"Feature","geometry":{"type":"Point","coordinates":[-119.94311,39.95281]},"properties":{"Fire_Name":"JACKASS","Acres":2,"Cause":"Natural","Year":2007}},{"type":"Feature","geometry":{"type":"Point","coordinates":[-119.82191,40.19691]},"properties":{"Fire_Name":"WNA 8","Acres":657.875745188623,"Cause":"Natural","Year":2007}},{"type":"Feature","geometry":{"type":"Point","coordinates":[-119.48781,39.09671]},"properties":{"Fire_Name":"SUNRISE PASS","Acres":0.1,"Cause":"Natural","Year":2007}},{"type":"Feature","geometry":{"type":"Point","coordinates":[-119.96391,39.88251]},"properties":{"Fire_Name":"GYM KHANA","Acres":0.1,"Cause":"Natural","Year":2007}},{"type":"Feature","geometry":{"type":"Point","coordinates":[-119.73311,39.66471]},"properties":{"Fire_Name":"HUNGRY VALLEY","Acres":568.8497652189938,"Cause":"Natural","Year":2007}},{"type":"Feature","geometry":{"type":"Point","coordinates":[-119.81721,39.94691]},"properties":{"Fire_Name":"LORRIE 2","Acres":0.1,"Cause":"Natural","Year":2007}},{"type":"Feature","geometry":{"type":"Point","coordinates":[-119.58031,39.66611]},"properties":{"Fire_Name":"SOUTH PEAK","Acres":0.1,"Cause":"Natural","Year":2007}},{"type":"Feature","geometry":{"type":"Point","coordinates":[-119.21311,39.67221]},"properties":{"Fire_Name":"EAST PEAK","Acres":3,"Cause":"Natural","Year":2007}},{"type":"Feature","geometry":{"type":"Point","coordinates":[-119.95191,40.09721]},"properties":{"Fire_Name":"BOB","Acres":2,"Cause":"Natural","Year":2007}},{"type":"Feature","geometry":{"type":"Point","coordinates":[-119.70111,39.06441]},"properties":{"Fire_Name":"HOT SPRINGS","Acres":7.3,"Cause":"Natural","Year":2007}},{"type":"Feature","geometry":{"type":"Point","coordinates":[-119.57921,39.64781]},"properties":{"Fire_Name":"PEAK","Acres":2,"Cause":"Natural","Year":2007}},{"type":"Feature","geometry":{"type":"Point","coordinates":[-119.72721,39.11811]},"properties":{"Fire_Name":"PRISON HILL","Acres":0.1,"Cause":"Natural","Year":2007}},{"type":"Feature","geometry":{"type":"Point","coordinates":[-119.54581,39.67891]},"properties":{"Fire_Name":"TREE FARM","Acres":0.1,"Cause":"Natural","Year":2007}},{"type":"Feature","geometry":{"type":"Point","coordinates":[-119.63311,39.08221]},"properties":{"Fire_Name":"BRUNSWICK","Acres":0.1,"Cause":"Natural","Year":2007}},{"type":"Feature","geometry":{"type":"Point","coordinates":[-119.51671,39.67781]},"properties":{"Fire_Name":"WILCOX","Acres":0.1,"Cause":"Natural","Year":2007}},{"type":"Feature","geometry":{"type":"Point","coordinates":[-119.83641,39.90501]},"properties":{"Fire_Name":"WOBBE","Acres":0.1,"Cause":"Natural","Year":2007}},{"type":"Feature","geometry":{"type":"Point","coordinates":[-119.90561,39.96171]},"properties":{"Fire_Name":"COVE","Acres":0.1,"Cause":"Natural","Year":2007}},{"type":"Feature","geometry":{"type":"Point","coordinates":[-119.82111,39.61111]},"properties":{"Fire_Name":"LORRIE 1","Acres":1,"Cause":"Natural","Year":2007}},{"type":"Feature","geometry":{"type":"Point","coordinates":[-119.41031,39.76221]},"properties":{"Fire_Name":"SECRET","Acres":0.1,"Cause":"Natural","Year":2007}},{"type":"Feature","geometry":{"type":"Point","coordinates":[-119.46311,38.95471]},"properties":{"Fire_Name":"PINENUT","Acres":0.5,"Cause":"Natural","Year":2007}},{"type":"Feature","geometry":{"type":"Point","coordinates":[-119.72111,39.96141]},"properties":{"Fire_Name":"STAR","Acres":0.1,"Cause":"Natural","Year":2007}},{"type":"Feature","geometry":{"type":"Point","coordinates":[-119.71831,39.94751]},"properties":{"Fire_Name":"COWBOY","Acres":0.1,"Cause":"Natural","Year":2007}},{"type":"Feature","geometry":{"type":"Point","coordinates":[-119.53891,39.53891]},"properties":{"Fire_Name":"MUSTANG 2","Acres":3,"Cause":"Human","Year":2007}},{"type":"Feature","geometry":{"type":"Point","coordinates":[-119.61921,39.61191]},"properties":{"Fire_Name":"DRY","Acres":0.1,"Cause":"Natural","Year":2007}},{"type":"Feature","geometry":{"type":"Point","coordinates":[-119.43811,38.83861]},"properties":{"Fire_Name":"RED CANYON","Acres":0.5,"Cause":"Human","Year":2007}},{"type":"Feature","geometry":{"type":"Point","coordinates":[-119.64001,39.88141]},"properties":{"Fire_Name":"PIG ROCK","Acres":24.735867439998746,"Cause":"Human","Year":2007}},{"type":"Feature","geometry":{"type":"Point","coordinates":[-119.75301,40.25561]},"properties":{"Fire_Name":"WNA 9","Acres":16756.80889595841,"Cause":"Natural","Year":2007}},{"type":"Feature","geometry":{"type":"Point","coordinates":[-119.66001,39.18691]},"properties":{"Fire_Name":"RAPIDS","Acres":0.1,"Cause":"Human","Year":2007}},{"type":"Feature","geometry":{"type":"Point","coordinates":[-120.02921,39.80531]},"properties":{"Fire_Name":"GREEN HOUSE","Acres":0.3,"Cause":"Human","Year":2007}},{"type":"Feature","geometry":{"type":"Point","coordinates":[-119.71391,39.05251]},"properties":{"Fire_Name":"EAST VALLEY","Acres":0.1,"Cause":"Human","Year":2007}},{"type":"Feature","geometry":{"type":"Point","coordinates":[-119.21391,39.20191]},"properties":{"Fire_Name":"WABUSKA","Acres":1,"Cause":"Human","Year":2007}},{"type":"Feature","geometry":{"type":"Point","coordinates":[-119.68641,39.17721]},"properties":{"Fire_Name":"BRUNSWICK 2","Acres":0.5,"Cause":"Human","Year":2007}},{"type":"Feature","geometry":{"type":"Point","coordinates":[-119.58891,38.89721]},"properties":{"Fire_Name":"PINENUT 2","Acres":5,"Cause":"Human","Year":2007}},{"type":"Feature","geometry":{"type":"Point","coordinates":[-119.41281,39.59721]},"properties":{"Fire_Name":"ORCHARD","Acres":0.1,"Cause":"Human","Year":2007}},{"type":"Feature","geometry":{"type":"Point","coordinates":[-120.06611,39.98311]},"properties":{"Fire_Name":"CONSTANTIA","Acres":0.1,"Cause":"Human","Year":2007}},{"type":"Feature","geometry":{"type":"Point","coordinates":[-119.64001,39.26391]},"properties":{"Fire_Name":"4TH STREET","Acres":0.1,"Cause":"Human","Year":2007}},{"type":"Feature","geometry":{"type":"Point","coordinates":[-119.77921,39.57141]},"properties":{"Fire_Name":"SUN VALLEY","Acres":5,"Cause":"Human","Year":2007}},{"type":"Feature","geometry":{"type":"Point","coordinates":[-119.59421,39.54421]},"properties":{"Fire_Name":"MM 27","Acres":1,"Cause":"Human","Year":2007}},{"type":"Feature","geometry":{"type":"Point","coordinates":[-119.68921,39.17441]},"properties":{"Fire_Name":"SEDGE 2","Acres":4,"Cause":"Human","Year":2007}},{"type":"Feature","geometry":{"type":"Point","coordinates":[-119.77141,39.67721]},"properties":{"Fire_Name":"BEEMER","Acres":0.1,"Cause":"Human","Year":2007}},{"type":"Feature","geometry":{"type":"Point","coordinates":[-119.75031,39.47331]},"properties":{"Fire_Name":"RIO POCO","Acres":13.596797864624067,"Cause":"Human","Year":2007}},{"type":"Feature","geometry":{"type":"Point","coordinates":[-119.67331,39.16971]},"properties":{"Fire_Name":"BRUNSWICK 3","Acres":0.1,"Cause":"Human","Year":2007}},{"type":"Feature","geometry":{"type":"Point","coordinates":[-120.05061,40.03391]},"properties":{"Fire_Name":"TURTLE ROCK","Acres":0.5,"Cause":"Natural","Year":2007}},{"type":"Feature","geometry":{"type":"Point","coordinates":[-119.66641,38.88221]},"properties":{"Fire_Name":"RUHENSTROTH","Acres":0.1,"Cause":"Human","Year":2007}},{"type":"Feature","geometry":{"type":"Point","coordinates":[-119.64891,39.88641]},"properties":{"Fire_Name":"CANYON","Acres":0.5,"Cause":"Human","Year":2007}},{"type":"Feature","geometry":{"type":"Point","coordinates":[-119.85861,39.07421]},"properties":{"Fire_Name":"RAMSEY 1","Acres":0.1,"Cause":"Human","Year":2007}},{"type":"Feature","geometry":{"type":"Point","coordinates":[-119.85531,39.68141]},"properties":{"Fire_Name":"RAMSEY 2","Acres":0.1,"Cause":"Human","Year":2007}},{"type":"Feature","geometry":{"type":"Point","coordinates":[-119.78941,39.68501]},"properties":{"Fire_Name":"CHICKADEE","Acres":0.1,"Cause":"Human","Year":2007}},{"type":"Feature","geometry":{"type":"Point","coordinates":[-119.52531,39.31281]},"properties":{"Fire_Name":"NACHO","Acres":0.1,"Cause":"Human","Year":2007}},{"type":"Feature","geometry":{"type":"Point","coordinates":[-119.74281,39.57391]},"properties":{"Fire_Name":"GOLDENVIEW","Acres":0.1,"Cause":"Human","Year":2007}},{"type":"Feature","geometry":{"type":"Point","coordinates":[-119.67501,39.17111]},"properties":{"Fire_Name":"MERIMAC 7","Acres":0.1,"Cause":"Human","Year":2007}},{"type":"Feature","geometry":{"type":"Point","coordinates":[-120.06941,40.04311]},"properties":{"Fire_Name":"HERLONG","Acres":0.1,"Cause":"Human","Year":2007}},{"type":"Feature","geometry":{"type":"Point","coordinates":[-119.45671,39.62861]},"properties":{"Fire_Name":"OLD SCHOOL","Acres":1,"Cause":"Human","Year":2007}},{"type":"Feature","geometry":{"type":"Point","coordinates":[-119.05221,39.00501]},"properties":{"Fire_Name":"FOX TRACK 2","Acres":0.1,"Cause":"Human","Year":2008}},{"type":"Feature","geometry":{"type":"Point","coordinates":[-119.09191,38.99171]},"properties":{"Fire_Name":"FOX TRACK","Acres":0.1,"Cause":"Human","Year":2008}},{"type":"Feature","geometry":{"type":"Point","coordinates":[-119.76171,39.11281]},"properties":{"Fire_Name":"WNA 1","Acres":0.8,"Cause":"Human","Year":2008}},{"type":"Feature","geometry":{"type":"Point","coordinates":[-119.63471,39.93971]},"properties":{"Fire_Name":"HARDSCRABBLE","Acres":0.3,"Cause":"Human","Year":2008}},{"type":"Feature","geometry":{"type":"Point","coordinates":[-119.27971,39.65891]},"properties":{"Fire_Name":"WNA 2","Acres":4,"Cause":"Human","Year":2008}},{"type":"Feature","geometry":{"type":"Point","coordinates":[-119.98311,39.90111]},"properties":{"Fire_Name":"RED ROCK","Acres":1.4,"Cause":"Human","Year":2008}},{"type":"Feature","geometry":{"type":"Point","coordinates":[-119.66001,39.18861]},"properties":{"Fire_Name":"BRUNSWICK","Acres":0.1,"Cause":"Human","Year":2008}},{"type":"Feature","geometry":{"type":"Point","coordinates":[-119.77221,39.31171]},"properties":{"Fire_Name":"EAST LAKE","Acres":959.6667194594153,"Cause":"Human","Year":2008}},{"type":"Feature","geometry":{"type":"Point","coordinates":[-119.74391,39.05941]},"properties":{"Fire_Name":"VICKY","Acres":0.1,"Cause":"Human","Year":2008}},{"type":"Feature","geometry":{"type":"Point","coordinates":[-119.58311,38.94221]},"properties":{"Fire_Name":"JACOBSON","Acres":0.1,"Cause":"Natural","Year":2008}},{"type":"Feature","geometry":{"type":"Point","coordinates":[-119.61357,38.93287]},"properties":{"Fire_Name":"SUNSET","Acres":0.1,"Cause":"Natural","Year":2008}},{"type":"Feature","geometry":{"type":"Point","coordinates":[-119.4832,39.17318]},"properties":{"Fire_Name":"COMO","Acres":451.337021737687,"Cause":"Human","Year":2008}},{"type":"Feature","geometry":{"type":"Point","coordinates":[-119.63861,39.19971]},"properties":{"Fire_Name":"JEANETTE","Acres":0.1,"Cause":"Human","Year":2008}},{"type":"Feature","geometry":{"type":"Point","coordinates":[-119.62781,39.52111]},"properties":{"Fire_Name":"MUSTANG","Acres":5,"Cause":"Human","Year":2008}},{"type":"Feature","geometry":{"type":"Point","coordinates":[-119.79641,39.11311]},"properties":{"Fire_Name":"WNA 4","Acres":0.3,"Cause":"Human","Year":2008}},{"type":"Feature","geometry":{"type":"Point","coordinates":[-119.68281,39.19311]},"properties":{"Fire_Name":"DUMP","Acres":0.1,"Cause":"Human","Year":2008}},{"type":"Feature","geometry":{"type":"Point","coordinates":[-119.66671,39.92001]},"properties":{"Fire_Name":"SUTCLIFFE","Acres":2,"Cause":"Natural","Year":2008}},{"type":"Feature","geometry":{"type":"Point","coordinates":[-119.67471,39.17581]},"properties":{"Fire_Name":"FIVE BUCK","Acres":0.1,"Cause":"Human","Year":2008}},{"type":"Feature","geometry":{"type":"Point","coordinates":[-119.80891,39.70001]},"properties":{"Fire_Name":"OREGON","Acres":0.1,"Cause":"Natural","Year":2008}},{"type":"Feature","geometry":{"type":"Point","coordinates":[-119.86441,40.11721]},"properties":{"Fire_Name":"LITTLE ROCK","Acres":0.1,"Cause":"Natural","Year":2008}},{"type":"Feature","geometry":{"type":"Point","coordinates":[-119.70971,40.05781]},"properties":{"Fire_Name":"JIGGERBOB","Acres":0.1,"Cause":"Natural","Year":2008}},{"type":"Feature","geometry":{"type":"Point","coordinates":[-119.55691,39.18971]},"properties":{"Fire_Name":"ELDORADO","Acres":0.1,"Cause":"Natural","Year":2008}},{"type":"Feature","geometry":{"type":"Point","coordinates":[-119.56471,39.28691]},"properties":{"Fire_Name":"ENTERPRISE","Acres":0.1,"Cause":"Human","Year":2008}},{"type":"Feature","geometry":{"type":"Point","coordinates":[-119.95311,39.93501]},"properties":{"Fire_Name":"GOOSEBERRY","Acres":3039.3900967510885,"Cause":"Natural","Year":2008}},{"type":"Feature","geometry":{"type":"Point","coordinates":[-119.75191,39.27751]},"properties":{"Fire_Name":"EAST LAKE 2","Acres":0.1,"Cause":"Human","Year":2008}},{"type":"Feature","geometry":{"type":"Point","coordinates":[-119.67531,39.17561]},"properties":{"Fire_Name":"MILL","Acres":0.1,"Cause":"Human","Year":2008}},{"type":"Feature","geometry":{"type":"Point","coordinates":[-119.72361,39.16391]},"properties":{"Fire_Name":"RATTLESNAKE","Acres":0.1,"Cause":"Human","Year":2008}},{"type":"Feature","geometry":{"type":"Point","coordinates":[-119.56361,39.56641]},"properties":{"Fire_Name":"PATRICK","Acres":26.24500462959254,"Cause":"Human","Year":2008}},{"type":"Feature","geometry":{"type":"Point","coordinates":[-119.60831,38.89531]},"properties":{"Fire_Name":"PINENUT","Acres":0.1,"Cause":"Natural","Year":2008}},{"type":"Feature","geometry":{"type":"Point","coordinates":[-119.67531,39.17581]},"properties":{"Fire_Name":"MERIMACK","Acres":0.1,"Cause":"Human","Year":2008}},{"type":"Feature","geometry":{"type":"Point","coordinates":[-119.86831,40.17891]},"properties":{"Fire_Name":"FLANNIGAN","Acres":0.5,"Cause":"Human","Year":2008}},{"type":"Feature","geometry":{"type":"Point","coordinates":[-119.86831,40.00531]},"properties":{"Fire_Name":"VINEGAR","Acres":384.98549687112705,"Cause":"Natural","Year":2008}},{"type":"Feature","geometry":{"type":"Point","coordinates":[-119.76831,39.31921]},"properties":{"Fire_Name":"COTTONTAIL","Acres":2,"Cause":"Natural","Year":2008}},{"type":"Feature","geometry":{"type":"Point","coordinates":[-119.95641,39.66421]},"properties":{"Fire_Name":"WHITE LAKE","Acres":0.1,"Cause":"Human","Year":2008}},{"type":"Feature","geometry":{"type":"Point","coordinates":[-119.71641,39.84831]},"properties":{"Fire_Name":"PALOMINO","Acres":0.1,"Cause":"Human","Year":2008}},{"type":"Feature","geometry":{"type":"Point","coordinates":[-120.02141,39.93831]},"properties":{"Fire_Name":"LONG VALLEY CREEK","Acres":0.3,"Cause":"Human","Year":2008}},{"type":"Feature","geometry":{"type":"Point","coordinates":[-119.98581,39.70831]},"properties":{"Fire_Name":"PETERSON","Acres":1188.7614376447416,"Cause":"Human","Year":2008}},{"type":"Feature","geometry":{"type":"Point","coordinates":[-119.78471,39.35361]},"properties":{"Fire_Name":"STABLE","Acres":25,"Cause":"Human","Year":2008}},{"type":"Feature","geometry":{"type":"Point","coordinates":[-119.64059,39.8572]},"properties":{"Fire_Name":"SPANISH SPRINGS","Acres":0.1,"Cause":"Human","Year":2008}},{"type":"Feature","geometry":{"type":"Point","coordinates":[-119.63531,39.85111]},"properties":{"Fire_Name":"RUTH MINE","Acres":0.1,"Cause":"Human","Year":2008}},{"type":"Feature","geometry":{"type":"Point","coordinates":[-119.67531,39.17581]},"properties":{"Fire_Name":"BRUNSWICK","Acres":0.1,"Cause":"Human","Year":2009}},{"type":"Feature","geometry":{"type":"Point","coordinates":[-119.28421,39.63421]},"properties":{"Fire_Name":"WNA 1","Acres":0.1,"Cause":"Human","Year":2009}},{"type":"Feature","geometry":{"type":"Point","coordinates":[-119.27061,39.66001]},"properties":{"Fire_Name":"WNA 7","Acres":1,"Cause":"Natural","Year":2009}},{"type":"Feature","geometry":{"type":"Point","coordinates":[-119.77641,39.67251]},"properties":{"Fire_Name":"CHICKADEE","Acres":0.1,"Cause":"Human","Year":2009}},{"type":"Feature","geometry":{"type":"Point","coordinates":[-119.66891,39.56331]},"properties":{"Fire_Name":"DEANDREA","Acres":4,"Cause":"Human","Year":2009}},{"type":"Feature","geometry":{"type":"Point","coordinates":[-119.98811,39.90721]},"properties":{"Fire_Name":"TEMPLE","Acres":1,"Cause":"Human","Year":2009}},{"type":"Feature","geometry":{"type":"Point","coordinates":[-119.83111,39.25861]},"properties":{"Fire_Name":"722","Acres":0.1,"Cause":"Human","Year":2009}},{"type":"Feature","geometry":{"type":"Point","coordinates":[-119.75221,39.57001]},"properties":{"Fire_Name":"QUEEN","Acres":0.1,"Cause":"Natural","Year":2009}},{"type":"Feature","geometry":{"type":"Point","coordinates":[-119.58191,39.32811]},"properties":{"Fire_Name":"EAGLE MINE","Acres":0.1,"Cause":"Natural","Year":2009}},{"type":"Feature","geometry":{"type":"Point","coordinates":[-119.69721,39.18141]},"properties":{"Fire_Name":"CARSON RIVER","Acres":0.1,"Cause":"Human","Year":2009}},{"type":"Feature","geometry":{"type":"Point","coordinates":[-119.52111,39.19921]},"properties":{"Fire_Name":"COMO","Acres":0.1,"Cause":"Natural","Year":2009}},{"type":"Feature","geometry":{"type":"Point","coordinates":[-119.99971,40.05221]},"properties":{"Fire_Name":"DOYLE 2","Acres":0.1,"Cause":"Natural","Year":2009}},{"type":"Feature","geometry":{"type":"Point","coordinates":[-119.99971,40.07061]},"properties":{"Fire_Name":"FT SAGE","Acres":4,"Cause":"Natural","Year":2009}},{"type":"Feature","geometry":{"type":"Point","coordinates":[-119.75311,39.30581]},"properties":{"Fire_Name":"JUMBO","Acres":0.1,"Cause":"Natural","Year":2009}},{"type":"Feature","geometry":{"type":"Point","coordinates":[-119.56471,39.00971]},"properties":{"Fire_Name":"STEVE","Acres":0.3,"Cause":"Natural","Year":2009}},{"type":"Feature","geometry":{"type":"Point","coordinates":[-119.56781,39.00221]},"properties":{"Fire_Name":"PUMP","Acres":0.1,"Cause":"Natural","Year":2009}},{"type":"Feature","geometry":{"type":"Point","coordinates":[-119.67001,39.99501]},"properties":{"Fire_Name":"WNA 2","Acres":0.1,"Cause":"Natural","Year":2009}},{"type":"Feature","geometry":{"type":"Point","coordinates":[-119.74281,39.65441]},"properties":{"Fire_Name":"PYRAMID","Acres":0.5,"Cause":"Human","Year":2009}},{"type":"Feature","geometry":{"type":"Point","coordinates":[-119.68561,39.76361]},"properties":{"Fire_Name":"HIKE","Acres":0.5,"Cause":"Human","Year":2009}},{"type":"Feature","geometry":{"type":"Point","coordinates":[-119.54891,38.87891]},"properties":{"Fire_Name":"SUGARLOAF","Acres":0.1,"Cause":"Natural","Year":2009}},{"type":"Feature","geometry":{"type":"Point","coordinates":[-120.05811,39.73751]},"properties":{"Fire_Name":"AFTER HOURS","Acres":0.7,"Cause":"Human","Year":2009}},{"type":"Feature","geometry":{"type":"Point","coordinates":[-119.82441,39.72501]},"properties":{"Fire_Name":"MATTERHORN","Acres":0.1,"Cause":"Natural","Year":2009}},{"type":"Feature","geometry":{"type":"Point","coordinates":[-119.60311,38.97081]},"properties":{"Fire_Name":"WNA 3","Acres":0.1,"Cause":"Natural","Year":2009}},{"type":"Feature","geometry":{"type":"Point","coordinates":[-119.80751,39.69061]},"properties":{"Fire_Name":"OREGON CHICK","Acres":0.1,"Cause":"Natural","Year":2009}},{"type":"Feature","geometry":{"type":"Point","coordinates":[-119.74141,39.56751]},"properties":{"Fire_Name":"QUEEN 2","Acres":0.3,"Cause":"Human","Year":2009}},{"type":"Feature","geometry":{"type":"Point","coordinates":[-119.74781,39.69941]},"properties":{"Fire_Name":"WNA 4","Acres":0.1,"Cause":"Human","Year":2009}},{"type":"Feature","geometry":{"type":"Point","coordinates":[-120.01331,39.91001]},"properties":{"Fire_Name":"TRAILER 1","Acres":1348.191657499704,"Cause":"Human","Year":2009}},{"type":"Feature","geometry":{"type":"Point","coordinates":[-120.03331,39.81441]},"properties":{"Fire_Name":"TRAILER 2","Acres":0.1,"Cause":"Human","Year":2009}},{"type":"Feature","geometry":{"type":"Point","coordinates":[-120.03831,39.78421]},"properties":{"Fire_Name":"RED ROCK","Acres":10540.438627817506,"Cause":"Human","Year":2009}},{"type":"Feature","geometry":{"type":"Point","coordinates":[-119.70641,39.17111]},"properties":{"Fire_Name":"AMBROSE","Acres":0.3,"Cause":"Human","Year":2009}},{"type":"Feature","geometry":{"type":"Point","coordinates":[-119.66331,39.26391]},"properties":{"Fire_Name":"AMERICAN","Acres":0.1,"Cause":"Human","Year":2009}},{"type":"Feature","geometry":{"type":"Point","coordinates":[-119.98581,39.69921]},"properties":{"Fire_Name":"VILLAGE","Acres":26.603731547302342,"Cause":"Human","Year":2009}},{"type":"Feature","geometry":{"type":"Point","coordinates":[-119.71311,40.11441]},"properties":{"Fire_Name":"WNA 6","Acres":81.58304134954614,"Cause":"Human","Year":2009}},{"type":"Feature","geometry":{"type":"Point","coordinates":[-120.01781,39.74691]},"properties":{"Fire_Name":"BUICK","Acres":0.1,"Cause":"Natural","Year":2009}},{"type":"Feature","geometry":{"type":"Point","coordinates":[-119.54331,39.80061]},"properties":{"Fire_Name":"RIDGE","Acres":0.1,"Cause":"Natural","Year":2009}},{"type":"Feature","geometry":{"type":"Point","coordinates":[-119.54781,39.11311]},"properties":{"Fire_Name":"COMO 2","Acres":0.5,"Cause":"Natural","Year":2009}},{"type":"Feature","geometry":{"type":"Point","coordinates":[-119.82831,39.70081]},"properties":{"Fire_Name":"DIRT","Acres":0.1,"Cause":"Natural","Year":2009}},{"type":"Feature","geometry":{"type":"Point","coordinates":[-119.70081,39.15061]},"properties":{"Fire_Name":"PINE NUTS","Acres":87.78339433416346,"Cause":"Natural","Year":2009}},{"type":"Feature","geometry":{"type":"Point","coordinates":[-119.75141,39.23171]},"properties":{"Fire_Name":"CINDERLITE","Acres":0.1,"Cause":"Human","Year":2009}},{"type":"Feature","geometry":{"type":"Point","coordinates":[-119.94111,39.68141]},"properties":{"Fire_Name":"GRAVEL PIT","Acres":0.3,"Cause":"Human","Year":2009}},{"type":"Feature","geometry":{"type":"Point","coordinates":[-119.78671,39.64061]},"properties":{"Fire_Name":"KEYSTONE","Acres":0.1,"Cause":"Human","Year":2009}},{"type":"Feature","geometry":{"type":"Point","coordinates":[-119.60141,38.89811]},"properties":{"Fire_Name":"BREY","Acres":0.1,"Cause":"Natural","Year":2009}},{"type":"Feature","geometry":{"type":"Point","coordinates":[-119.80471,39.76831]},"properties":{"Fire_Name":"ANT VALLEY","Acres":0.1,"Cause":"Natural","Year":2009}},{"type":"Feature","geometry":{"type":"Point","coordinates":[-119.81421,39.74861]},"properties":{"Fire_Name":"ARGONAUT","Acres":0.1,"Cause":"Natural","Year":2009}},{"type":"Feature","geometry":{"type":"Point","coordinates":[-119.59861,39.82361]},"properties":{"Fire_Name":"BROKEN SPUR","Acres":0.1,"Cause":"Natural","Year":2009}},{"type":"Feature","geometry":{"type":"Point","coordinates":[-119.61971,39.83031]},"properties":{"Fire_Name":"SWITCHBACK","Acres":0.1,"Cause":"Natural","Year":2009}},{"type":"Feature","geometry":{"type":"Point","coordinates":[-119.58221,39.83391]},"properties":{"Fire_Name":"PERRY","Acres":0.1,"Cause":"Natural","Year":2009}},{"type":"Feature","geometry":{"type":"Point","coordinates":[-120.00831,39.92561]},"properties":{"Fire_Name":"GARRETT","Acres":0.1,"Cause":"Human","Year":2009}},{"type":"Feature","geometry":{"type":"Point","coordinates":[-119.59561,39.85751]},"properties":{"Fire_Name":"CINCH","Acres":0.1,"Cause":"Natural","Year":2009}},{"type":"Feature","geometry":{"type":"Point","coordinates":[-119.72811,39.95081]},"properties":{"Fire_Name":"TULE","Acres":0.3,"Cause":"Natural","Year":2009}},{"type":"Feature","geometry":{"type":"Point","coordinates":[-119.72811,39.95081]},"properties":{"Fire_Name":"TULE 2","Acres":0.3,"Cause":"Natural","Year":2009}},{"type":"Feature","geometry":{"type":"Point","coordinates":[-119.56001,39.88031]},"properties":{"Fire_Name":"WNA 9","Acres":0.1,"Cause":"Natural","Year":2009}},{"type":"Feature","geometry":{"type":"Point","coordinates":[-119.55171,39.87441]},"properties":{"Fire_Name":"WNA 8","Acres":10.497381549722991,"Cause":"Natural","Year":2009}},{"type":"Feature","geometry":{"type":"Point","coordinates":[-119.42141,39.69971]},"properties":{"Fire_Name":"BIG MOUTH","Acres":0.1,"Cause":"Natural","Year":2009}},{"type":"Feature","geometry":{"type":"Point","coordinates":[-119.35671,39.83191]},"properties":{"Fire_Name":"WNA 10","Acres":0.1,"Cause":"Natural","Year":2009}},{"type":"Feature","geometry":{"type":"Point","coordinates":[-119.72081,39.96141]},"properties":{"Fire_Name":"COVE SPRINGS","Acres":0.1,"Cause":"Natural","Year":2009}},{"type":"Feature","geometry":{"type":"Point","coordinates":[-119.52331,39.17691]},"properties":{"Fire_Name":"FORT CHURCHILL","Acres":0.1,"Cause":"Natural","Year":2009}},{"type":"Feature","geometry":{"type":"Point","coordinates":[-119.36251,39.69891]},"properties":{"Fire_Name":"FROG POND","Acres":0.1,"Cause":"Natural","Year":2009}},{"type":"Feature","geometry":{"type":"Point","coordinates":[-119.62611,39.04111]},"properties":{"Fire_Name":"SUNRISE PASS","Acres":0.1,"Cause":"Human","Year":2009}},{"type":"Feature","geometry":{"type":"Point","coordinates":[-120.03421,39.95331]},"properties":{"Fire_Name":"FORD","Acres":0.1,"Cause":"Human","Year":2009}},{"type":"Feature","geometry":{"type":"Point","coordinates":[-119.70971,39.03441]},"properties":{"Fire_Name":"STEPHANIE","Acres":0.1,"Cause":"Human","Year":2009}},{"type":"Feature","geometry":{"type":"Point","coordinates":[-119.65251,39.87721]},"properties":{"Fire_Name":"ROCK","Acres":1,"Cause":"Human","Year":2009}},{"type":"Feature","geometry":{"type":"Point","coordinates":[-119.73831,39.26581]},"properties":{"Fire_Name":"JUMBO 2","Acres":3.2,"Cause":"Human","Year":2009}},{"type":"Feature","geometry":{"type":"Point","coordinates":[-119.77671,39.67221]},"properties":{"Fire_Name":"CHICKADEE 2","Acres":0.1,"Cause":"Human","Year":2009}},{"type":"Feature","geometry":{"type":"Point","coordinates":[-119.77251,39.21141]},"properties":{"Fire_Name":"DUCK HILL","Acres":0.3,"Cause":"Natural","Year":2009}},{"type":"Feature","geometry":{"type":"Point","coordinates":[-119.75081,39.56921]},"properties":{"Fire_Name":"HIGHWAY QUEEN","Acres":0.8,"Cause":"Human","Year":2009}},{"type":"Feature","geometry":{"type":"Point","coordinates":[-119.64191,39.29001]},"properties":{"Fire_Name":"SR 341","Acres":0.1,"Cause":"Human","Year":2009}},{"type":"Feature","geometry":{"type":"Point","coordinates":[-119.40721,40.30141]},"properties":{"Fire_Name":"SAN EMIDIO CANYON","Acres":0.5,"Cause":"Human","Year":2007}},{"type":"Feature","geometry":{"type":"Point","coordinates":[-119.20281,39.70251]},"properties":{"Fire_Name":"LITTLE VALLEY","Acres":562.0121902880453,"Cause":"Natural","Year":2008}},{"type":"Feature","geometry":{"type":"Point","coordinates":[-119.50168,39.56834]},"properties":{"Fire_Name":"OLINGHOUSE","Acres":6832.75899622519,"Cause":"Natural","Year":2006}},{"type":"Feature","geometry":{"type":"Point","coordinates":[-120.17307,39.73389]},"properties":{"Fire_Name":"TNF 1188 - INA           ","Acres":1,"Cause":"Human","Year":2010}},{"type":"Feature","geometry":{"type":"Point","coordinates":[-120.07501,39.36889]},"properties":{"Fire_Name":"HIRSCHDALE TRUCKEE_FD 2  ","Acres":1,"Cause":"Human","Year":2006}},{"type":"Feature","geometry":{"type":"Point","coordinates":[-120.08307,39.38389]},"properties":{"Fire_Name":"HIRSCHDALE               ","Acres":1,"Cause":"Human","Year":2007}},{"type":"Feature","geometry":{"type":"Point","coordinates":[-120.02501,39.39501]},"properties":{"Fire_Name":"FLORISTON                ","Acres":1,"Cause":"Human","Year":2009}},{"type":"Feature","geometry":{"type":"Point","coordinates":[-120.03807,39.24806]},"properties":{"Fire_Name":"TMU COMMAND              ","Acres":0.3,"Cause":"Human","Year":2010}},{"type":"Feature","geometry":{"type":"Point","coordinates":[-120.03501,39.42389]},"properties":{"Fire_Name":"FARAD                    ","Acres":1,"Cause":"Human","Year":2010}},{"type":"Feature","geometry":{"type":"Point","coordinates":[-120.05807,39.29389]},"properties":{"Fire_Name":"MARTIS                   ","Acres":0.1,"Cause":"Human","Year":2006}},{"type":"Feature","geometry":{"type":"Point","coordinates":[-120.07001,39.26112]},"properties":{"Fire_Name":"BROCKWAY                 ","Acres":1,"Cause":"Human","Year":2007}},{"type":"Feature","geometry":{"type":"Point","coordinates":[-120.10307,39.38695]},"properties":{"Fire_Name":"TNF-333                  ","Acres":0.1,"Cause":"Human","Year":2010}},{"type":"Feature","geometry":{"type":"Point","coordinates":[-120.08307,39.38389]},"properties":{"Fire_Name":"HIRSCHDALE IC/WF3        ","Acres":0.1,"Cause":"Human","Year":2007}},{"type":"Feature","geometry":{"type":"Point","coordinates":[-120.0939,39.39001]},"properties":{"Fire_Name":"TNF-957                  ","Acres":1,"Cause":"Human","Year":2010}},{"type":"Feature","geometry":{"type":"Point","coordinates":[-120.05807,39.35001]},"properties":{"Fire_Name":"MARTIS                   ","Acres":0.2,"Cause":"Human","Year":2007}},{"type":"Feature","geometry":{"type":"Point","coordinates":[-120.01307,39.40889]},"properties":{"Fire_Name":"FLORISTON                ","Acres":1,"Cause":"Human","Year":2009}},{"type":"Feature","geometry":{"type":"Point","coordinates":[-120.09696,39.33195]},"properties":{"Fire_Name":"FOXBORO CT / FOX CT      ","Acres":1,"Cause":"Human","Year":2009}},{"type":"Feature","geometry":{"type":"Point","coordinates":[-120.03501,39.42306]},"properties":{"Fire_Name":"FARAD                    ","Acres":1,"Cause":"Human","Year":2010}},{"type":"Feature","geometry":{"type":"Point","coordinates":[-120.03501,39.42389]},"properties":{"Fire_Name":"FARAD                    ","Acres":3,"Cause":"Human","Year":2010}},{"type":"Feature","geometry":{"type":"Point","coordinates":[-120.0389,39.42612]},"properties":{"Fire_Name":"FARAD                    ","Acres":3,"Cause":"Human","Year":2006}},{"type":"Feature","geometry":{"type":"Point","coordinates":[-120.07612,39.41306]},"properties":{"Fire_Name":"BOCA","Acres":0.1,"Cause":"Human","Year":2010}},{"type":"Feature","geometry":{"type":"Point","coordinates":[-120.04779,39.58834]},"properties":{"Fire_Name":"SUMMIT","Acres":1,"Cause":"Human","Year":2010}},{"type":"Feature","geometry":{"type":"Point","coordinates":[-119.84029,39.32778]},"properties":{"Fire_Name":"NORTH WASHOE 2","Acres":0.1,"Cause":"Human","Year":2010}},{"type":"Feature","geometry":{"type":"Point","coordinates":[-119.82807,39.32945]},"properties":{"Fire_Name":"NORTH WASHOE","Acres":0.25,"Cause":"Human","Year":2010}},{"type":"Feature","geometry":{"type":"Point","coordinates":[-119.8914,39.34028]},"properties":{"Fire_Name":"HAIR PIN","Acres":0.1,"Cause":"Human","Year":2010}},{"type":"Feature","geometry":{"type":"Point","coordinates":[-119.72973,38.82889]},"properties":{"Fire_Name":"MUD","Acres":0.1,"Cause":"Natural","Year":2010}},{"type":"Feature","geometry":{"type":"Point","coordinates":[-119.87696,38.78834]},"properties":{"Fire_Name":"KIT","Acres":0.16,"Cause":"Natural","Year":2010}},{"type":"Feature","geometry":{"type":"Point","coordinates":[-120.28335,40.10001]},"properties":{"Fire_Name":"MCKESICK","Acres":0.1,"Cause":"Natural","Year":2010}},{"type":"Feature","geometry":{"type":"Point","coordinates":[-120.13029,39.85695]},"properties":{"Fire_Name":"CHANCE","Acres":0.1,"Cause":"Natural","Year":2010}},{"type":"Feature","geometry":{"type":"Point","coordinates":[-119.93751,39.62001]},"properties":{"Fire_Name":"PEAVINE","Acres":1,"Cause":"Natural","Year":2010}},{"type":"Feature","geometry":{"type":"Point","coordinates":[-119.90501,39.04695]},"properties":{"Fire_Name":"GENOA","Acres":1.6,"Cause":"Natural","Year":2010}},{"type":"Feature","geometry":{"type":"Point","coordinates":[-119.95557,38.91723]},"properties":{"Fire_Name":"VALLEY","Acres":0.1,"Cause":"Human","Year":2010}},{"type":"Feature","geometry":{"type":"Point","coordinates":[-119.91251,38.96251]},"properties":{"Fire_Name":"TERRACE","Acres":0.2,"Cause":"Human","Year":2010}},{"type":"Feature","geometry":{"type":"Point","coordinates":[-119.8914,39.00667]},"properties":{"Fire_Name":"BENJAMIN","Acres":0.1,"Cause":"Human","Year":2010}},{"type":"Feature","geometry":{"type":"Point","coordinates":[-119.94668,38.98028]},"properties":{"Fire_Name":"ELKS","Acres":0.1,"Cause":"Human","Year":2010}},{"type":"Feature","geometry":{"type":"Point","coordinates":[-120.00668,39.24945]},"properties":{"Fire_Name":"BEAVER","Acres":0.1,"Cause":"Human","Year":2010}},{"type":"Feature","geometry":{"type":"Point","coordinates":[-120.03557,38.93778]},"properties":{"Fire_Name":"JAMESON","Acres":0.1,"Cause":"Human","Year":2010}},{"type":"Feature","geometry":{"type":"Point","coordinates":[-120.10168,39.87501]},"properties":{"Fire_Name":"SNOW","Acres":1,"Cause":"Natural","Year":2010}},{"type":"Feature","geometry":{"type":"Point","coordinates":[-120.2164,40.06501]},"properties":{"Fire_Name":"MEADOW VIEW","Acres":15,"Cause":"Natural","Year":2010}},{"type":"Feature","geometry":{"type":"Point","coordinates":[-120.0139,39.24806]},"properties":{"Fire_Name":"BEAVER 2","Acres":0.1,"Cause":"Human","Year":2010}},{"type":"Feature","geometry":{"type":"Point","coordinates":[-119.96723,38.91584]},"properties":{"Fire_Name":"HANK","Acres":0.1,"Cause":"Human","Year":2010}},{"type":"Feature","geometry":{"type":"Point","coordinates":[-120.07446,39.26028]},"properties":{"Fire_Name":"REGENCY","Acres":0.2,"Cause":"Human","Year":2010}},{"type":"Feature","geometry":{"type":"Point","coordinates":[-120.01224,39.25723]},"properties":{"Fire_Name":"STREAM","Acres":0.1,"Cause":"Human","Year":2010}},{"type":"Feature","geometry":{"type":"Point","coordinates":[-120.00668,39.24945]},"properties":{"Fire_Name":"BEAVER STREET","Acres":0.1,"Cause":"Human","Year":2010}},{"type":"Feature","geometry":{"type":"Point","coordinates":[-120.07446,39.25223]},"properties":{"Fire_Name":"REGENCY 3","Acres":0.1,"Cause":"Human","Year":2010}},{"type":"Feature","geometry":{"type":"Point","coordinates":[-120.07446,39.25223]},"properties":{"Fire_Name":"REGENCY 2","Acres":0.1,"Cause":"Human","Year":2010}},{"type":"Feature","geometry":{"type":"Point","coordinates":[-120.05446,39.25584]},"properties":{"Fire_Name":"ETOH","Acres":0.1,"Cause":"Human","Year":2010}},{"type":"Feature","geometry":{"type":"Point","coordinates":[-119.94112,38.95195]},"properties":{"Fire_Name":"MONTREAL","Acres":0.1,"Cause":"Human","Year":2010}},{"type":"Feature","geometry":{"type":"Point","coordinates":[-120.00668,39.24945]},"properties":{"Fire_Name":"KINGS","Acres":0.1,"Cause":"Human","Year":2010}},{"type":"Feature","geometry":{"type":"Point","coordinates":[-119.91723,39.04028]},"properties":{"Fire_Name":"PEAK","Acres":0.25,"Cause":"Natural","Year":2010}},{"type":"Feature","geometry":{"type":"Point","coordinates":[-120.04779,39.24862]},"properties":{"Fire_Name":"PINE DROP","Acres":0.2,"Cause":"Human","Year":2010}},{"type":"Feature","geometry":{"type":"Point","coordinates":[-119.92723,39.15084]},"properties":{"Fire_Name":"SECRET","Acres":0.25,"Cause":"Human","Year":2010}},{"type":"Feature","geometry":{"type":"Point","coordinates":[-120.04585,39.24945]},"properties":{"Fire_Name":"PATH","Acres":0.1,"Cause":"Human","Year":2010}},{"type":"Feature","geometry":{"type":"Point","coordinates":[-120.09974,39.38945]},"properties":{"Fire_Name":"BOCA","Acres":0.25,"Cause":"Human","Year":2010}},{"type":"Feature","geometry":{"type":"Point","coordinates":[-120.09029,39.52695]},"properties":{"Fire_Name":"STAMPEDE","Acres":0.1,"Cause":"Human","Year":2010}},{"type":"Feature","geometry":{"type":"Point","coordinates":[-120.13668,39.75834]},"properties":{"Fire_Name":"NECK","Acres":0.2,"Cause":"Natural","Year":2010}},{"type":"Feature","geometry":{"type":"Point","coordinates":[-120.23557,39.68889]},"properties":{"Fire_Name":"MILL","Acres":0.1,"Cause":"Natural","Year":2010}},{"type":"Feature","geometry":{"type":"Point","coordinates":[-120.20585,39.73556]},"properties":{"Fire_Name":"BAR","Acres":0.2,"Cause":"Natural","Year":2010}},{"type":"Feature","geometry":{"type":"Point","coordinates":[-120.17585,39.55251]},"properties":{"Fire_Name":"TROSI","Acres":0.1,"Cause":"Human","Year":2010}},{"type":"Feature","geometry":{"type":"Point","coordinates":[-120.0614,39.40723]},"properties":{"Fire_Name":"SPRINGS","Acres":0.25,"Cause":"Natural","Year":2010}},{"type":"Feature","geometry":{"type":"Point","coordinates":[-120.10779,39.42028]},"properties":{"Fire_Name":"BOCA","Acres":0.1,"Cause":"Human","Year":2010}},{"type":"Feature","geometry":{"type":"Point","coordinates":[-120.06612,39.45223]},"properties":{"Fire_Name":"72","Acres":0.1,"Cause":"Natural","Year":2010}},{"type":"Feature","geometry":{"type":"Point","coordinates":[-120.00696,39.24945]},"properties":{"Fire_Name":"HORN FIRE","Acres":0.01,"Cause":"Human","Year":2010}},{"type":"Feature","geometry":{"type":"Point","coordinates":[-120.00585,39.24639]},"properties":{"Fire_Name":"KING","Acres":0.1,"Cause":"Human","Year":2010}},{"type":"Feature","geometry":{"type":"Point","coordinates":[-120.01418,38.81973]},"properties":{"Fire_Name":"SNOWFLAKE","Acres":0.1,"Cause":"Human","Year":2010}},{"type":"Feature","geometry":{"type":"Point","coordinates":[-120.07668,39.47056]},"properties":{"Fire_Name":"RIDGE","Acres":0.1,"Cause":"Human","Year":2010}},{"type":"Feature","geometry":{"type":"Point","coordinates":[-120.17501,39.88501]},"properties":{"Fire_Name":"SPRING","Acres":5,"Cause":"Natural","Year":2010}},{"type":"Feature","geometry":{"type":"Point","coordinates":[-119.97474,39.62001]},"properties":{"Fire_Name":"DRENCH","Acres":0.1,"Cause":"Natural","Year":2010}},{"type":"Feature","geometry":{"type":"Point","coordinates":[-119.94335,38.93306]},"properties":{"Fire_Name":"FIREST CHAIR","Acres":0.1,"Cause":"Natural","Year":2010}},{"type":"Feature","geometry":{"type":"Point","coordinates":[-120.00279,38.84112]},"properties":{"Fire_Name":"TOADS","Acres":0.1,"Cause":"Natural","Year":2010}},{"type":"Feature","geometry":{"type":"Point","coordinates":[-120.01362,39.42889]},"properties":{"Fire_Name":"PUNY","Acres":0.1,"Cause":"Natural","Year":2010}},{"type":"Feature","geometry":{"type":"Point","coordinates":[-119.84362,38.85251]},"properties":{"Fire_Name":"FAY","Acres":0.1,"Cause":"Natural","Year":2010}},{"type":"Feature","geometry":{"type":"Point","coordinates":[-120.01473,38.79112]},"properties":{"Fire_Name":"MEADOW","Acres":0.1,"Cause":"Natural","Year":2010}},{"type":"Feature","geometry":{"type":"Point","coordinates":[-119.86668,38.79556]},"properties":{"Fire_Name":"HORSETHIEF","Acres":0.1,"Cause":"Natural","Year":2010}},{"type":"Feature","geometry":{"type":"Point","coordinates":[-119.93501,38.85501]},"properties":{"Fire_Name":"FOUNTAIN","Acres":0.1,"Cause":"Natural","Year":2010}},{"type":"Feature","geometry":{"type":"Point","coordinates":[-120.01835,39.56889]},"properties":{"Fire_Name":"124","Acres":0.3,"Cause":"Natural","Year":2010}},{"type":"Feature","geometry":{"type":"Point","coordinates":[-120.00696,38.81695]},"properties":{"Fire_Name":"SANTA","Acres":0.1,"Cause":"Natural","Year":2010}},{"type":"Feature","geometry":{"type":"Point","coordinates":[-120.00251,39.46806]},"properties":{"Fire_Name":"STATELINE","Acres":6,"Cause":"Human","Year":2010}},{"type":"Feature","geometry":{"type":"Point","coordinates":[-120.15279,39.99889]},"properties":{"Fire_Name":"ROBINSON","Acres":0.1,"Cause":"Natural","Year":2010}},{"type":"Feature","geometry":{"type":"Point","coordinates":[-119.93362,38.94945]},"properties":{"Fire_Name":"HEAVENLY","Acres":0.4,"Cause":"Human","Year":2010}},{"type":"Feature","geometry":{"type":"Point","coordinates":[-119.23921,39.36871]},"properties":{"Fire_Name":null,"Acres":2,"Cause":"Natural","Year":2010}},{"type":"Feature","geometry":{"type":"Point","coordinates":[-120.23104,40.12909]},"properties":{"Fire_Name":"A25","Acres":0.1,"Cause":"Undetermined","Year":2010}},{"type":"Feature","geometry":{"type":"Point","coordinates":[-120.15691,40.08331]},"properties":{"Fire_Name":"COWBOY","Acres":0.1,"Cause":"Undetermined","Year":2010}},{"type":"Feature","geometry":{"type":"Point","coordinates":[-120.10391,40.02581]},"properties":{"Fire_Name":"CCD ZAMBONI","Acres":0.1,"Cause":"Human","Year":2010}},{"type":"Feature","geometry":{"type":"Point","coordinates":[-120.24171,40.12191]},"properties":{"Fire_Name":"CCD HIGHWAY","Acres":0.5,"Cause":"Human","Year":2010}},{"type":"Feature","geometry":{"type":"Point","coordinates":[-120.17891,40.15891]},"properties":{"Fire_Name":"HRL 1","Acres":43,"Cause":"Undetermined","Year":2010}},{"type":"Feature","geometry":{"type":"Point","coordinates":[-120.15208,40.14148]},"properties":{"Fire_Name":"HRL 2","Acres":0.1,"Cause":"Human","Year":2010}},{"type":"Feature","geometry":{"type":"Point","coordinates":[-119.77941,39.31081]},"properties":{"Fire_Name":"GUFFEY","Acres":0.1,"Cause":"Human","Year":2010}},{"type":"Feature","geometry":{"type":"Point","coordinates":[-119.77751,39.16361]},"properties":{"Fire_Name":"WNA 1","Acres":0.1,"Cause":"Undetermined","Year":2010}},{"type":"Feature","geometry":{"type":"Point","coordinates":[-119.67471,39.17251]},"properties":{"Fire_Name":"COTTONWOOD","Acres":0.1,"Cause":"Undetermined","Year":2010}},{"type":"Feature","geometry":{"type":"Point","coordinates":[-119.67171,39.59361]},"properties":{"Fire_Name":"VISTA BLVD","Acres":0.1,"Cause":"Human","Year":2010}},{"type":"Feature","geometry":{"type":"Point","coordinates":[-119.27891,39.63251]},"properties":{"Fire_Name":"WNA 2","Acres":0.1,"Cause":"Undetermined","Year":2010}},{"type":"Feature","geometry":{"type":"Point","coordinates":[-119.73811,39.13361]},"properties":{"Fire_Name":"CHEROKEE","Acres":0.1,"Cause":"Human","Year":2010}},{"type":"Feature","geometry":{"type":"Point","coordinates":[-119.35751,39.83221]},"properties":{"Fire_Name":"WNA 3","Acres":0.5,"Cause":"Undetermined","Year":2010}},{"type":"Feature","geometry":{"type":"Point","coordinates":[-119.82721,40.11781]},"properties":{"Fire_Name":"FISH","Acres":4.5,"Cause":"Undetermined","Year":2010}},{"type":"Feature","geometry":{"type":"Point","coordinates":[-119.67501,39.17111]},"properties":{"Fire_Name":"BERTENELLI","Acres":0.1,"Cause":"Undetermined","Year":2010}},{"type":"Feature","geometry":{"type":"Point","coordinates":[-119.28141,39.63861]},"properties":{"Fire_Name":"WNA 4","Acres":2,"Cause":"Undetermined","Year":2010}},{"type":"Feature","geometry":{"type":"Point","coordinates":[-119.65531,39.31251]},"properties":{"Fire_Name":"SUMMIT","Acres":0.1,"Cause":"Natural","Year":2010}},{"type":"Feature","geometry":{"type":"Point","coordinates":[-119.80641,39.83171]},"properties":{"Fire_Name":"WARM","Acres":153.62820441518633,"Cause":"Human","Year":2010}},{"type":"Feature","geometry":{"type":"Point","coordinates":[-119.57031,39.05561]},"properties":{"Fire_Name":"LEBO","Acres":0.1,"Cause":"Human","Year":2010}},{"type":"Feature","geometry":{"type":"Point","coordinates":[-119.24941,39.29421]},"properties":{"Fire_Name":"RAMSEY","Acres":1,"Cause":"Natural","Year":2010}},{"type":"Feature","geometry":{"type":"Point","coordinates":[-119.68141,39.19171]},"properties":{"Fire_Name":"FLINT","Acres":2,"Cause":"Undetermined","Year":2010}},{"type":"Feature","geometry":{"type":"Point","coordinates":[-119.66031,39.33691]},"properties":{"Fire_Name":"EMPIRE","Acres":0.1,"Cause":"Natural","Year":2010}},{"type":"Feature","geometry":{"type":"Point","coordinates":[-119.15861,39.58891]},"properties":{"Fire_Name":"VONNIE","Acres":0.3,"Cause":"Undetermined","Year":2010}},{"type":"Feature","geometry":{"type":"Point","coordinates":[-119.41781,39.65061]},"properties":{"Fire_Name":"OLINGHOUSE","Acres":0.5,"Cause":"Natural","Year":2010}},{"type":"Feature","geometry":{"type":"Point","coordinates":[-120.08141,39.72421]},"properties":{"Fire_Name":"ROBERTS","Acres":182.31056045500628,"Cause":"Natural","Year":2010}},{"type":"Feature","geometry":{"type":"Point","coordinates":[-119.71751,39.06441]},"properties":{"Fire_Name":"HOT SPRINGS","Acres":0.1,"Cause":"Natural","Year":2010}},{"type":"Feature","geometry":{"type":"Point","coordinates":[-119.74061,39.72831]},"properties":{"Fire_Name":"WNA 6","Acres":0.1,"Cause":"Undetermined","Year":2010}},{"type":"Feature","geometry":{"type":"Point","coordinates":[-119.64921,38.87751]},"properties":{"Fire_Name":"PREACHER","Acres":0.1,"Cause":"Natural","Year":2010}},{"type":"Feature","geometry":{"type":"Point","coordinates":[-119.93581,40.08471]},"properties":{"Fire_Name":"HONEY","Acres":0.3,"Cause":"Natural","Year":2010}},{"type":"Feature","geometry":{"type":"Point","coordinates":[-119.74811,40.08391]},"properties":{"Fire_Name":"BIG CANYON","Acres":0.1,"Cause":"Natural","Year":2010}},{"type":"Feature","geometry":{"type":"Point","coordinates":[-119.76221,39.79141]},"properties":{"Fire_Name":"WARM SPRINGS","Acres":0.3,"Cause":"Natural","Year":2010}},{"type":"Feature","geometry":{"type":"Point","coordinates":[-119.53031,39.85391]},"properties":{"Fire_Name":"WNA 5","Acres":0.1,"Cause":"Natural","Year":2010}},{"type":"Feature","geometry":{"type":"Point","coordinates":[-119.97391,40.08311]},"properties":{"Fire_Name":"POWERHOUSE","Acres":0.1,"Cause":"Natural","Year":2010}},{"type":"Feature","geometry":{"type":"Point","coordinates":[-120.01391,39.71691]},"properties":{"Fire_Name":"BUG","Acres":29.866677161363796,"Cause":"Natural","Year":2010}},{"type":"Feature","geometry":{"type":"Point","coordinates":[-119.77811,39.30671]},"properties":{"Fire_Name":"MT DAVIDSON","Acres":0.1,"Cause":"Human","Year":2010}},{"type":"Feature","geometry":{"type":"Point","coordinates":[-119.23941,39.59641]},"properties":{"Fire_Name":"TIGER","Acres":0.1,"Cause":"Undetermined","Year":2010}},{"type":"Feature","geometry":{"type":"Point","coordinates":[-119.63221,38.86311]},"properties":{"Fire_Name":"WNA 7","Acres":0.1,"Cause":"Natural","Year":2010}},{"type":"Feature","geometry":{"type":"Point","coordinates":[-119.52941,39.71471]},"properties":{"Fire_Name":"QUAKING","Acres":0.1,"Cause":"Natural","Year":2010}},{"type":"Feature","geometry":{"type":"Point","coordinates":[-119.50311,39.70721]},"properties":{"Fire_Name":"BILL","Acres":0.1,"Cause":"Natural","Year":2010}},{"type":"Feature","geometry":{"type":"Point","coordinates":[-119.76111,39.66921]},"properties":{"Fire_Name":"EAGLE","Acres":0.1,"Cause":"Human","Year":2010}},{"type":"Feature","geometry":{"type":"Point","coordinates":[-119.53611,39.56691]},"properties":{"Fire_Name":"INTERSTATE 80","Acres":0.1,"Cause":"Undetermined","Year":2010}},{"type":"Feature","geometry":{"type":"Point","coordinates":[-119.61001,39.21611]},"properties":{"Fire_Name":"WINTERS","Acres":1,"Cause":"Undetermined","Year":2010}},{"type":"Feature","geometry":{"type":"Point","coordinates":[-119.28251,39.46811]},"properties":{"Fire_Name":"WNA 8","Acres":0.5,"Cause":"Undetermined","Year":2010}},{"type":"Feature","geometry":{"type":"Point","coordinates":[-120.15331,40.14311]},"properties":{"Fire_Name":"TITLE 9","Acres":0.1,"Cause":"Human","Year":2010}},{"type":"Feature","geometry":{"type":"Point","coordinates":[-120.03671,39.77611]},"properties":{"Fire_Name":"LANDER","Acres":0.1,"Cause":"Human","Year":2010}},{"type":"Feature","geometry":{"type":"Point","coordinates":[-119.13001,39.07501]},"properties":{"Fire_Name":"MILLER","Acres":616,"Cause":"Undetermined","Year":2009}},{"type":"Feature","geometry":{"type":"Point","coordinates":[-120.1389,39.81445]},"properties":{"Fire_Name":"FRENCH","Acres":0.25,"Cause":"Human","Year":2011}},{"type":"Feature","geometry":{"type":"Point","coordinates":[-120.18418,39.88251]},"properties":{"Fire_Name":"ADAMS","Acres":26.7,"Cause":"Human","Year":2011}},{"type":"Feature","geometry":{"type":"Point","coordinates":[-120.13501,39.91278]},"properties":{"Fire_Name":"DIAMOND","Acres":0.25,"Cause":"Natural","Year":2011}},{"type":"Feature","geometry":{"type":"Point","coordinates":[-120.17085,39.94501]},"properties":{"Fire_Name":"DOOLEY","Acres":0.95,"Cause":"Natural","Year":2011}},{"type":"Feature","geometry":{"type":"Point","coordinates":[-120.16474,39.94917]},"properties":{"Fire_Name":"CANYON","Acres":0.05,"Cause":"Human","Year":2011}},{"type":"Feature","geometry":{"type":"Point","coordinates":[-120.0739,39.42056]},"properties":{"Fire_Name":"BOCA","Acres":0.1,"Cause":"Human","Year":2011}},{"type":"Feature","geometry":{"type":"Point","coordinates":[-120.02085,39.41501]},"properties":{"Fire_Name":"HORNSWOGGLE","Acres":0.1,"Cause":"Human","Year":2011}},{"type":"Feature","geometry":{"type":"Point","coordinates":[-120.07307,39.43723]},"properties":{"Fire_Name":"BOCA SPRINGS","Acres":0.1,"Cause":"Natural","Year":2011}},{"type":"Feature","geometry":{"type":"Point","coordinates":[-120.0814,39.39056]},"properties":{"Fire_Name":"RANGE","Acres":2.8,"Cause":"Human","Year":2011}},{"type":"Feature","geometry":{"type":"Point","coordinates":[-120.10668,39.48751]},"properties":{"Fire_Name":"STAMPEDE","Acres":1.5,"Cause":"Human","Year":2011}},{"type":"Feature","geometry":{"type":"Point","coordinates":[-120.08474,39.50695]},"properties":{"Fire_Name":"HOKE","Acres":0.1,"Cause":"Human","Year":2011}},{"type":"Feature","geometry":{"type":"Point","coordinates":[-120.10918,39.49251]},"properties":{"Fire_Name":"STUMP","Acres":0.1,"Cause":"Human","Year":2011}},{"type":"Feature","geometry":{"type":"Point","coordinates":[-120.07446,39.25251]},"properties":{"Fire_Name":"REGENCY","Acres":0.1,"Cause":"Human","Year":2011}},{"type":"Feature","geometry":{"type":"Point","coordinates":[-119.95557,38.91695]},"properties":{"Fire_Name":"POWERLINE","Acres":0.1,"Cause":"Human","Year":2011}},{"type":"Feature","geometry":{"type":"Point","coordinates":[-120.07446,39.25251]},"properties":{"Fire_Name":"REGENCY 2","Acres":0.1,"Cause":"Human","Year":2011}},{"type":"Feature","geometry":{"type":"Point","coordinates":[-120.01224,39.25723]},"properties":{"Fire_Name":"OVERLOOK","Acres":0.1,"Cause":"Human","Year":2011}},{"type":"Feature","geometry":{"type":"Point","coordinates":[-120.01224,39.25723]},"properties":{"Fire_Name":"BEAVER","Acres":0.1,"Cause":"Human","Year":2011}},{"type":"Feature","geometry":{"type":"Point","coordinates":[-120.01085,38.84501]},"properties":{"Fire_Name":"APACHE","Acres":0.25,"Cause":"Natural","Year":2011}},{"type":"Feature","geometry":{"type":"Point","coordinates":[-120.00918,39.23639]},"properties":{"Fire_Name":"COMMONWEALTH","Acres":1,"Cause":"Natural","Year":2011}},{"type":"Feature","geometry":{"type":"Point","coordinates":[-119.98474,38.87139]},"properties":{"Fire_Name":"POWER","Acres":0.1,"Cause":"Natural","Year":2011}},{"type":"Feature","geometry":{"type":"Point","coordinates":[-119.93057,38.97584]},"properties":{"Fire_Name":"KINGSBURY","Acres":0.1,"Cause":"Human","Year":2011}},{"type":"Feature","geometry":{"type":"Point","coordinates":[-120.01918,39.24306]},"properties":{"Fire_Name":"SPECKLED","Acres":0.1,"Cause":"Human","Year":2011}},{"type":"Feature","geometry":{"type":"Point","coordinates":[-119.9664,38.90084]},"properties":{"Fire_Name":"COLUMBINE","Acres":0.1,"Cause":"Human","Year":2011}},{"type":"Feature","geometry":{"type":"Point","coordinates":[-119.99474,38.86778]},"properties":{"Fire_Name":"PLAYER","Acres":0.1,"Cause":"Human","Year":2011}},{"type":"Feature","geometry":{"type":"Point","coordinates":[-119.9339,39.14667]},"properties":{"Fire_Name":"WHALE","Acres":0.1,"Cause":"Human","Year":2011}},{"type":"Feature","geometry":{"type":"Point","coordinates":[-119.89085,38.87473]},"properties":{"Fire_Name":"FREEL","Acres":0.1,"Cause":"Human","Year":2011}},{"type":"Feature","geometry":{"type":"Point","coordinates":[-120.03168,38.80612]},"properties":{"Fire_Name":"PACIFIC","Acres":0.1,"Cause":"Human","Year":2011}},{"type":"Feature","geometry":{"type":"Point","coordinates":[-119.78862,39.08417]},"properties":{"Fire_Name":"JAMES LEE","Acres":1.25,"Cause":"Human","Year":2011}},{"type":"Feature","geometry":{"type":"Point","coordinates":[-119.87224,39.60917]},"properties":{"Fire_Name":"SPOONER","Acres":0.7,"Cause":"Natural","Year":2011}},{"type":"Feature","geometry":{"type":"Point","coordinates":[-119.84668,39.59251]},"properties":{"Fire_Name":"ZINFANDEL","Acres":0.2,"Cause":"Human","Year":2011}},{"type":"Feature","geometry":{"type":"Point","coordinates":[-119.85057,39.47473]},"properties":{"Fire_Name":"CAUGHLIN RANCH","Acres":1940.46922471885,"Cause":"Human","Year":2011}},{"type":"Feature","geometry":{"type":"Point","coordinates":[-119.87224,39.46806]},"properties":{"Fire_Name":"WIRE","Acres":0.01,"Cause":"Human","Year":2011}},{"type":"Feature","geometry":{"type":"Point","coordinates":[-120.07529,39.56139]},"properties":{"Fire_Name":"SUMMIT","Acres":0.01,"Cause":"Human","Year":2011}},{"type":"Feature","geometry":{"type":"Point","coordinates":[-119.8989,39.58639]},"properties":{"Fire_Name":"HOGE","Acres":10,"Cause":"Human","Year":2011}},{"type":"Feature","geometry":{"type":"Point","coordinates":[-119.6964,38.81389]},"properties":{"Fire_Name":"HORSESHOE","Acres":0.75,"Cause":"Human","Year":2011}},{"type":"Feature","geometry":{"type":"Point","coordinates":[-119.89835,39.56445]},"properties":{"Fire_Name":"RAVEN","Acres":1.5,"Cause":"Human","Year":2011}},{"type":"Feature","geometry":{"type":"Point","coordinates":[-119.90779,39.46001]},"properties":{"Fire_Name":"SIGNAL","Acres":0.1,"Cause":"Human","Year":2011}},{"type":"Feature","geometry":{"type":"Point","coordinates":[-119.78779,39.15751]},"properties":{"Fire_Name":"C-HILL","Acres":5,"Cause":"Human","Year":2011}},{"type":"Feature","geometry":{"type":"Point","coordinates":[-119.89557,39.48834]},"properties":{"Fire_Name":"WOOD CHUCK","Acres":1.5,"Cause":"Human","Year":2011}},{"type":"Feature","geometry":{"type":"Point","coordinates":[-119.90862,39.55028]},"properties":{"Fire_Name":"BROOKLYN","Acres":95,"Cause":"Human","Year":2011}},{"type":"Feature","geometry":{"type":"Point","coordinates":[-119.7764,38.80834]},"properties":{"Fire_Name":"PILE","Acres":0.1,"Cause":"Human","Year":2011}},{"type":"Feature","geometry":{"type":"Point","coordinates":[-119.85279,39.46501]},"properties":{"Fire_Name":"HUNTER","Acres":0.1,"Cause":"Human","Year":2011}},{"type":"Feature","geometry":{"type":"Point","coordinates":[-119.85557,39.55223]},"properties":{"Fire_Name":"GREEN RIVER","Acres":300,"Cause":"Human","Year":2011}},{"type":"Feature","geometry":{"type":"Point","coordinates":[-119.8989,39.61917]},"properties":{"Fire_Name":"POEVILLE","Acres":200,"Cause":"Human","Year":2011}},{"type":"Feature","geometry":{"type":"Point","coordinates":[-119.87779,39.59001]},"properties":{"Fire_Name":"KIOWA","Acres":128,"Cause":"Human","Year":2011}},{"type":"Feature","geometry":{"type":"Point","coordinates":[-119.85668,39.26889]},"properties":{"Fire_Name":"FRANK","Acres":0.1,"Cause":"Human","Year":2011}},{"type":"Feature","geometry":{"type":"Point","coordinates":[-119.78085,38.80556]},"properties":{"Fire_Name":"HIGHWAY","Acres":2.5,"Cause":"Human","Year":2011}},{"type":"Feature","geometry":{"type":"Point","coordinates":[-119.93501,38.79362]},"properties":{"Fire_Name":"WILLOW","Acres":0.1,"Cause":"Natural","Year":2011}},{"type":"Feature","geometry":{"type":"Point","coordinates":[-119.84668,38.83417]},"properties":{"Fire_Name":"LUTHER","Acres":0.1,"Cause":"Natural","Year":2011}},{"type":"Feature","geometry":{"type":"Point","coordinates":[-119.6889,38.87362]},"properties":{"Fire_Name":"RIVER ROCK","Acres":0.1,"Cause":"Natural","Year":2011}},{"type":"Feature","geometry":{"type":"Point","coordinates":[-120.01335,39.44556]},"properties":{"Fire_Name":"CANYON 22","Acres":0.25,"Cause":"Natural","Year":2011}},{"type":"Feature","geometry":{"type":"Point","coordinates":[-120.08474,39.66612]},"properties":{"Fire_Name":"DARK","Acres":3,"Cause":"Natural","Year":2011}},{"type":"Feature","geometry":{"type":"Point","coordinates":[-119.7864,39.15001]},"properties":{"Fire_Name":"GARDEN","Acres":11.974407392757549,"Cause":"Human","Year":2011}},{"type":"Feature","geometry":{"type":"Point","coordinates":[-119.89362,39.25223]},"properties":{"Fire_Name":"LITTLE VALLEY","Acres":0.25,"Cause":"Human","Year":2011}},{"type":"Feature","geometry":{"type":"Point","coordinates":[-120.06029,39.52723]},"properties":{"Fire_Name":"SAWDUST","Acres":0.01,"Cause":"Human","Year":2011}},{"type":"Feature","geometry":{"type":"Point","coordinates":[-120.10391,40.02501]},"properties":{"Fire_Name":"CCD 2 ZAMBONI","Acres":0.1,"Cause":"Undetermined","Year":2011}},{"type":"Feature","geometry":{"type":"Point","coordinates":[-120.20811,40.13661]},"properties":{"Fire_Name":"LANDFILL","Acres":0.1,"Cause":"Human","Year":2011}},{"type":"Feature","geometry":{"type":"Point","coordinates":[-120.15611,40.13221]},"properties":{"Fire_Name":"HERLONG","Acres":325.14973411205546,"Cause":"Human","Year":2011}},{"type":"Feature","geometry":{"type":"Point","coordinates":[-120.12482,40.04793]},"properties":{"Fire_Name":"SUSAN","Acres":0.2,"Cause":"Undetermined","Year":2011}},{"type":"Feature","geometry":{"type":"Point","coordinates":[-120.16466,40.12891]},"properties":{"Fire_Name":"HERLONG 2","Acres":0.3,"Cause":"Human","Year":2011}},{"type":"Feature","geometry":{"type":"Point","coordinates":[-120.14884,40.12934]},"properties":{"Fire_Name":"DEPOT","Acres":19.84102926147462,"Cause":"Human","Year":2011}},{"type":"Feature","geometry":{"type":"Point","coordinates":[-120.08582,40.00118]},"properties":{"Fire_Name":"395","Acres":0.5,"Cause":"Human","Year":2011}},{"type":"Feature","geometry":{"type":"Point","coordinates":[-120.16411,40.12964]},"properties":{"Fire_Name":"LANDFILL 2","Acres":0.9,"Cause":"Undetermined","Year":2011}},{"type":"Feature","geometry":{"type":"Point","coordinates":[-120.1023,40.02764]},"properties":{"Fire_Name":"PILE","Acres":0.1,"Cause":"Human","Year":2011}},{"type":"Feature","geometry":{"type":"Point","coordinates":[-120.05361,39.73721]},"properties":{"Fire_Name":"SCOTTS","Acres":0.1,"Cause":"Human","Year":2011}},{"type":"Feature","geometry":{"type":"Point","coordinates":[-119.36831,39.84421]},"properties":{"Fire_Name":"WNA 1","Acres":1,"Cause":"Human","Year":2011}},{"type":"Feature","geometry":{"type":"Point","coordinates":[-119.28671,39.63691]},"properties":{"Fire_Name":"WNA 3","Acres":0.1,"Cause":"Human","Year":2011}},{"type":"Feature","geometry":{"type":"Point","coordinates":[-119.27891,39.66441]},"properties":{"Fire_Name":"WNA 2","Acres":10,"Cause":"Undetermined","Year":2011}},{"type":"Feature","geometry":{"type":"Point","coordinates":[-119.28251,39.63641]},"properties":{"Fire_Name":"WNA 4","Acres":3,"Cause":"Undetermined","Year":2011}},{"type":"Feature","geometry":{"type":"Point","coordinates":[-119.28721,39.63641]},"properties":{"Fire_Name":"WNA 5","Acres":0.3,"Cause":"Undetermined","Year":2011}},{"type":"Feature","geometry":{"type":"Point","coordinates":[-119.28671,39.63691]},"properties":{"Fire_Name":"WNA 6","Acres":0.1,"Cause":"Undetermined","Year":2011}},{"type":"Feature","geometry":{"type":"Point","coordinates":[-119.65971,39.57281]},"properties":{"Fire_Name":"GOLDEN","Acres":0.1,"Cause":"Human","Year":2011}},{"type":"Feature","geometry":{"type":"Point","coordinates":[-119.13031,39.51391]},"properties":{"Fire_Name":"LYOX 6","Acres":45,"Cause":"Human","Year":2011}},{"type":"Feature","geometry":{"type":"Point","coordinates":[-119.37971,39.29001]},"properties":{"Fire_Name":"LYOX 7","Acres":93,"Cause":"Human","Year":2011}},{"type":"Feature","geometry":{"type":"Point","coordinates":[-119.55691,39.31281]},"properties":{"Fire_Name":"NDF 13","Acres":3.5,"Cause":"Human","Year":2011}},{"type":"Feature","geometry":{"type":"Point","coordinates":[-119.59062,39.26962]},"properties":{"Fire_Name":"LYOX 1","Acres":0.5,"Cause":"Undetermined","Year":2011}},{"type":"Feature","geometry":{"type":"Point","coordinates":[-119.62171,38.89331]},"properties":{"Fire_Name":"PREACHER","Acres":0.1,"Cause":"Human","Year":2011}},{"type":"Feature","geometry":{"type":"Point","coordinates":[-119.4249,39.50501]},"properties":{"Fire_Name":"NDF 1","Acres":150,"Cause":"Undetermined","Year":2011}},{"type":"Feature","geometry":{"type":"Point","coordinates":[-119.50251,39.58498]},"properties":{"Fire_Name":"NDF 2","Acres":0.5,"Cause":"Undetermined","Year":2011}},{"type":"Feature","geometry":{"type":"Point","coordinates":[-119.73861,39.38891]},"properties":{"Fire_Name":"RNOX 13","Acres":0.5,"Cause":"Undetermined","Year":2011}},{"type":"Feature","geometry":{"type":"Point","coordinates":[-119.23611,39.60691]},"properties":{"Fire_Name":"LYOX 2","Acres":1,"Cause":"Undetermined","Year":2011}},{"type":"Feature","geometry":{"type":"Point","coordinates":[-119.33581,39.60191]},"properties":{"Fire_Name":"NDOT","Acres":0.8,"Cause":"Human","Year":2011}},{"type":"Feature","geometry":{"type":"Point","coordinates":[-119.82031,39.64111]},"properties":{"Fire_Name":"RNOX  20","Acres":0.1,"Cause":"Undetermined","Year":2011}},{"type":"Feature","geometry":{"type":"Point","coordinates":[-119.69781,40.26501]},"properties":{"Fire_Name":"WNA 7","Acres":3,"Cause":"Undetermined","Year":2011}},{"type":"Feature","geometry":{"type":"Point","coordinates":[-119.76751,39.29141]},"properties":{"Fire_Name":"RNOX 16","Acres":0.5,"Cause":"Undetermined","Year":2011}},{"type":"Feature","geometry":{"type":"Point","coordinates":[-119.80501,39.61751]},"properties":{"Fire_Name":"PIT","Acres":0.1,"Cause":"Human","Year":2011}},{"type":"Feature","geometry":{"type":"Point","coordinates":[-119.68561,39.17971]},"properties":{"Fire_Name":"CARX 4","Acres":2,"Cause":"Human","Year":2011}},{"type":"Feature","geometry":{"type":"Point","coordinates":[-119.73441,39.13891]},"properties":{"Fire_Name":"PRISON","Acres":0.1,"Cause":"Human","Year":2011}},{"type":"Feature","geometry":{"type":"Point","coordinates":[-119.43251,39.60421]},"properties":{"Fire_Name":"DERBY","Acres":0.5,"Cause":"Human","Year":2011}},{"type":"Feature","geometry":{"type":"Point","coordinates":[-119.63343,39.86498]},"properties":{"Fire_Name":"MULLEN","Acres":0.2,"Cause":"Human","Year":2011}},{"type":"Feature","geometry":{"type":"Point","coordinates":[-119.64031,39.49661]},"properties":{"Fire_Name":"NDF 3","Acres":40.9,"Cause":"Undetermined","Year":2011}},{"type":"Feature","geometry":{"type":"Point","coordinates":[-119.99971,39.81671]},"properties":{"Fire_Name":"HALLELUJAH","Acres":0.1,"Cause":"Human","Year":2011}},{"type":"Feature","geometry":{"type":"Point","coordinates":[-119.47031,39.57971]},"properties":{"Fire_Name":"I 80","Acres":4.2,"Cause":"Human","Year":2011}},{"type":"Feature","geometry":{"type":"Point","coordinates":[-119.60421,39.94781]},"properties":{"Fire_Name":"WNA 8","Acres":0.3,"Cause":"Undetermined","Year":2011}},{"type":"Feature","geometry":{"type":"Point","coordinates":[-119.59921,39.95031]},"properties":{"Fire_Name":"WNA 14","Acres":40,"Cause":"Undetermined","Year":2011}},{"type":"Feature","geometry":{"type":"Point","coordinates":[-119.67171,39.17921]},"properties":{"Fire_Name":"CARX 5","Acres":11,"Cause":"Human","Year":2011}},{"type":"Feature","geometry":{"type":"Point","coordinates":[-119.38971,39.59001]},"properties":{"Fire_Name":"ORCHARD","Acres":0.1,"Cause":"Human","Year":2011}},{"type":"Feature","geometry":{"type":"Point","coordinates":[-120.04111,39.85811]},"properties":{"Fire_Name":"HONDA","Acres":0.1,"Cause":"Undetermined","Year":2011}},{"type":"Feature","geometry":{"type":"Point","coordinates":[-119.62065,39.80112]},"properties":{"Fire_Name":"RNOX 1","Acres":1.8,"Cause":"Undetermined","Year":2011}},{"type":"Feature","geometry":{"type":"Point","coordinates":[-119.65811,39.57561]},"properties":{"Fire_Name":"GOLDEN EAGLE","Acres":73.91435565910221,"Cause":"Human","Year":2011}},{"type":"Feature","geometry":{"type":"Point","coordinates":[-119.50781,39.12581]},"properties":{"Fire_Name":"ILLINOIS","Acres":0.1,"Cause":"Natural","Year":2011}},{"type":"Feature","geometry":{"type":"Point","coordinates":[-119.74251,38.80251]},"properties":{"Fire_Name":"WNA 9","Acres":0.1,"Cause":"Natural","Year":2011}},{"type":"Feature","geometry":{"type":"Point","coordinates":[-119.67921,39.17781]},"properties":{"Fire_Name":"RIFLE","Acres":123.247959357316,"Cause":"Human","Year":2011}},{"type":"Feature","geometry":{"type":"Point","coordinates":[-119.95671,39.66691]},"properties":{"Fire_Name":"NITRO","Acres":0.1,"Cause":"Human","Year":2011}},{"type":"Feature","geometry":{"type":"Point","coordinates":[-119.36561,39.80421]},"properties":{"Fire_Name":"WNA 11","Acres":1,"Cause":"Undetermined","Year":2011}},{"type":"Feature","geometry":{"type":"Point","coordinates":[-119.66941,39.18081]},"properties":{"Fire_Name":"WNA 10","Acres":0.3,"Cause":"Human","Year":2011}},{"type":"Feature","geometry":{"type":"Point","coordinates":[-119.7269,39.17732]},"properties":{"Fire_Name":"CARX 3","Acres":0.5,"Cause":"Undetermined","Year":2011}},{"type":"Feature","geometry":{"type":"Point","coordinates":[-119.31311,39.64611]},"properties":{"Fire_Name":"WNA 12","Acres":0.3,"Cause":"Undetermined","Year":2011}},{"type":"Feature","geometry":{"type":"Point","coordinates":[-119.45691,39.26501]},"properties":{"Fire_Name":"PLAIN","Acres":4,"Cause":"Natural","Year":2011}},{"type":"Feature","geometry":{"type":"Point","coordinates":[-119.46671,39.35221]},"properties":{"Fire_Name":"LYOX 8","Acres":5,"Cause":"Natural","Year":2011}},{"type":"Feature","geometry":{"type":"Point","coordinates":[-120.04831,39.73281]},"properties":{"Fire_Name":"SCOTT","Acres":0.5,"Cause":"Undetermined","Year":2011}},{"type":"Feature","geometry":{"type":"Point","coordinates":[-119.31843,39.58509]},"properties":{"Fire_Name":"STOX 1","Acres":0.1,"Cause":"Undetermined","Year":2011}},{"type":"Feature","geometry":{"type":"Point","coordinates":[-119.97281,39.67831]},"properties":{"Fire_Name":"RNOX 17","Acres":0.1,"Cause":"Undetermined","Year":2011}},{"type":"Feature","geometry":{"type":"Point","coordinates":[-119.75361,39.65061]},"properties":{"Fire_Name":"EAGLE 2","Acres":0.5,"Cause":"Human","Year":2011}},{"type":"Feature","geometry":{"type":"Point","coordinates":[-119.81721,39.70941]},"properties":{"Fire_Name":"MATTERHORN","Acres":0.1,"Cause":"Natural","Year":2011}},{"type":"Feature","geometry":{"type":"Point","coordinates":[-119.76331,39.58501]},"properties":{"Fire_Name":"JOHN","Acres":39.91154474667446,"Cause":"Human","Year":2011}},{"type":"Feature","geometry":{"type":"Point","coordinates":[-119.53751,39.32581]},"properties":{"Fire_Name":"NDF 16","Acres":5,"Cause":"Natural","Year":2011}},{"type":"Feature","geometry":{"type":"Point","coordinates":[-119.43501,38.96361]},"properties":{"Fire_Name":"RED CANYON","Acres":0.5,"Cause":"Natural","Year":2011}},{"type":"Feature","geometry":{"type":"Point","coordinates":[-119.88361,39.94421]},"properties":{"Fire_Name":"WILDCAT","Acres":1873.27472165983,"Cause":"Natural","Year":2011}},{"type":"Feature","geometry":{"type":"Point","coordinates":[-119.71441,39.37811]},"properties":{"Fire_Name":"RNOX 15","Acres":578,"Cause":"Human","Year":2011}},{"type":"Feature","geometry":{"type":"Point","coordinates":[-119.37361,39.77891]},"properties":{"Fire_Name":"WNA 13","Acres":95,"Cause":"Natural","Year":2011}},{"type":"Feature","geometry":{"type":"Point","coordinates":[-119.69111,39.18581]},"properties":{"Fire_Name":"FLAT","Acres":7,"Cause":"Human","Year":2011}},{"type":"Feature","geometry":{"type":"Point","coordinates":[-120.01561,39.91501]},"properties":{"Fire_Name":"REDROCK","Acres":0.1,"Cause":"Human","Year":2011}},{"type":"Feature","geometry":{"type":"Point","coordinates":[-119.22721,39.06501]},"properties":{"Fire_Name":"WINDMILL","Acres":3,"Cause":"Human","Year":2011}},{"type":"Feature","geometry":{"type":"Point","coordinates":[-119.77581,39.78501]},"properties":{"Fire_Name":"BIG DOG","Acres":0.1,"Cause":"Natural","Year":2011}},{"type":"Feature","geometry":{"type":"Point","coordinates":[-119.76441,39.67561]},"properties":{"Fire_Name":"EAGLE","Acres":4,"Cause":"Human","Year":2011}},{"type":"Feature","geometry":{"type":"Point","coordinates":[-119.48751,39.67391]},"properties":{"Fire_Name":"TEN MILE","Acres":4.4,"Cause":"Human","Year":2011}},{"type":"Feature","geometry":{"type":"Point","coordinates":[-119.39891,39.71781]},"properties":{"Fire_Name":"JOHNS","Acres":46.27148350952051,"Cause":"Human","Year":2011}},{"type":"Feature","geometry":{"type":"Point","coordinates":[-119.63941,38.84751]},"properties":{"Fire_Name":"WNA 20","Acres":3815,"Cause":"Undetermined","Year":2011}},{"type":"Feature","geometry":{"type":"Point","coordinates":[-119.80331,39.59291]},"properties":{"Fire_Name":"RNOX  8","Acres":3,"Cause":"Undetermined","Year":2011}},{"type":"Feature","geometry":{"type":"Point","coordinates":[-119.45721,39.97001]},"properties":{"Fire_Name":"WNA 16","Acres":2377,"Cause":"Natural","Year":2011}},{"type":"Feature","geometry":{"type":"Point","coordinates":[-119.68691,40.03421]},"properties":{"Fire_Name":"WNA 15","Acres":0.1,"Cause":"Natural","Year":2011}},{"type":"Feature","geometry":{"type":"Point","coordinates":[-119.70311,39.02391]},"properties":{"Fire_Name":"JOHNSON","Acres":0.1,"Cause":"Human","Year":2011}},{"type":"Feature","geometry":{"type":"Point","coordinates":[-119.48391,39.49611]},"properties":{"Fire_Name":"NDF 15","Acres":90,"Cause":"Undetermined","Year":2011}},{"type":"Feature","geometry":{"type":"Point","coordinates":[-119.66191,39.06391]},"properties":{"Fire_Name":"BISMARK","Acres":0.1,"Cause":"Natural","Year":2011}},{"type":"Feature","geometry":{"type":"Point","coordinates":[-119.36941,39.28171]},"properties":{"Fire_Name":"BULL","Acres":0.1,"Cause":"Natural","Year":2011}},{"type":"Feature","geometry":{"type":"Point","coordinates":[-119.58891,39.30811]},"properties":{"Fire_Name":"SIX MILE","Acres":0.3,"Cause":"Natural","Year":2011}},{"type":"Feature","geometry":{"type":"Point","coordinates":[-119.28721,39.55941]},"properties":{"Fire_Name":"LYOX 10","Acres":1,"Cause":"Natural","Year":2011}},{"type":"Feature","geometry":{"type":"Point","coordinates":[-119.70081,39.17671]},"properties":{"Fire_Name":"AMBROSE","Acres":0.3,"Cause":"Human","Year":2011}},{"type":"Feature","geometry":{"type":"Point","coordinates":[-119.34581,39.39251]},"properties":{"Fire_Name":"LYOX 11","Acres":102,"Cause":"Undetermined","Year":2011}},{"type":"Feature","geometry":{"type":"Point","coordinates":[-119.66191,39.57781]},"properties":{"Fire_Name":"HOMERUN","Acres":157.09563737753112,"Cause":"Human","Year":2011}},{"type":"Feature","geometry":{"type":"Point","coordinates":[-119.60281,39.83061]},"properties":{"Fire_Name":"RNOX 18","Acres":11.8,"Cause":"Natural","Year":2011}},{"type":"Feature","geometry":{"type":"Point","coordinates":[-119.46501,39.62831]},"properties":{"Fire_Name":"PIERSON","Acres":0.1,"Cause":"Natural","Year":2011}},{"type":"Feature","geometry":{"type":"Point","coordinates":[-119.57671,39.64941]},"properties":{"Fire_Name":"BASQUE","Acres":0.1,"Cause":"Natural","Year":2011}},{"type":"Feature","geometry":{"type":"Point","coordinates":[-119.28391,39.63561]},"properties":{"Fire_Name":"WNA 17","Acres":3.5,"Cause":"Undetermined","Year":2011}},{"type":"Feature","geometry":{"type":"Point","coordinates":[-119.67781,39.05221]},"properties":{"Fire_Name":"JUNIPER VALLEY","Acres":0.1,"Cause":"Natural","Year":2011}},{"type":"Feature","geometry":{"type":"Point","coordinates":[-119.76531,39.66581]},"properties":{"Fire_Name":"HUNGRY","Acres":5.5,"Cause":"Human","Year":2011}},{"type":"Feature","geometry":{"type":"Point","coordinates":[-119.6944,39.18732]},"properties":{"Fire_Name":"CARX 7","Acres":0.3,"Cause":"Undetermined","Year":2011}},{"type":"Feature","geometry":{"type":"Point","coordinates":[-119.75141,39.57561]},"properties":{"Fire_Name":"RADIO","Acres":0.7,"Cause":"Human","Year":2011}},{"type":"Feature","geometry":{"type":"Point","coordinates":[-119.68421,39.23811]},"properties":{"Fire_Name":"LINEHAN","Acres":1.5,"Cause":"Human","Year":2011}},{"type":"Feature","geometry":{"type":"Point","coordinates":[-119.75618,39.47562]},"properties":{"Fire_Name":"RNOX 22","Acres":1.5,"Cause":"Undetermined","Year":2011}},{"type":"Feature","geometry":{"type":"Point","coordinates":[-119.61141,38.81311]},"properties":{"Fire_Name":"WNA 18","Acres":0.7,"Cause":"Undetermined","Year":2011}},{"type":"Feature","geometry":{"type":"Point","coordinates":[-119.73611,39.23471]},"properties":{"Fire_Name":"CARX 6","Acres":20,"Cause":"Undetermined","Year":2011}},{"type":"Feature","geometry":{"type":"Point","coordinates":[-119.76781,39.67251]},"properties":{"Fire_Name":"GERALD","Acres":0.1,"Cause":"Human","Year":2011}},{"type":"Feature","geometry":{"type":"Point","coordinates":[-119.85081,39.51721]},"properties":{"Fire_Name":"FLORENCE","Acres":0.1,"Cause":"Natural","Year":2011}},{"type":"Feature","geometry":{"type":"Point","coordinates":[-119.74561,39.28251]},"properties":{"Fire_Name":"RNOX  23","Acres":0.1,"Cause":"Undetermined","Year":2011}},{"type":"Feature","geometry":{"type":"Point","coordinates":[-119.39281,38.83611]},"properties":{"Fire_Name":"BURBANK","Acres":1112.9873443596225,"Cause":"Natural","Year":2011}},{"type":"Feature","geometry":{"type":"Point","coordinates":[-119.44221,39.84171]},"properties":{"Fire_Name":"WNA 19","Acres":60,"Cause":"Natural","Year":2011}},{"type":"Feature","geometry":{"type":"Point","coordinates":[-119.85361,39.81281]},"properties":{"Fire_Name":"RUBY HILL","Acres":6,"Cause":"Natural","Year":2011}},{"type":"Feature","geometry":{"type":"Point","coordinates":[-119.92081,39.95781]},"properties":{"Fire_Name":"DIXIE 1","Acres":1.3,"Cause":"Natural","Year":2011}},{"type":"Feature","geometry":{"type":"Point","coordinates":[-119.91191,39.95281]},"properties":{"Fire_Name":"RNOX 24","Acres":0.3,"Cause":"Natural","Year":2011}},{"type":"Feature","geometry":{"type":"Point","coordinates":[-119.91171,39.95281]},"properties":{"Fire_Name":"RNOX 25","Acres":0.3,"Cause":"Natural","Year":2011}},{"type":"Feature","geometry":{"type":"Point","coordinates":[-119.83221,39.90691]},"properties":{"Fire_Name":"SKINS","Acres":0.1,"Cause":"Natural","Year":2011}},{"type":"Feature","geometry":{"type":"Point","coordinates":[-119.81281,40.09941]},"properties":{"Fire_Name":"COTTONWOOD 2","Acres":0.1,"Cause":"Natural","Year":2011}},{"type":"Feature","geometry":{"type":"Point","coordinates":[-119.84861,40.11171]},"properties":{"Fire_Name":"SPRINGS","Acres":0.1,"Cause":"Natural","Year":2011}},{"type":"Feature","geometry":{"type":"Point","coordinates":[-119.65971,38.86721]},"properties":{"Fire_Name":"BODIE","Acres":0.1,"Cause":"Human","Year":2011}},{"type":"Feature","geometry":{"type":"Point","coordinates":[-119.96611,39.71331]},"properties":{"Fire_Name":"RNOX 28","Acres":230,"Cause":"Undetermined","Year":2011}},{"type":"Feature","geometry":{"type":"Point","coordinates":[-119.75561,39.65921]},"properties":{"Fire_Name":"MP 2","Acres":0.3,"Cause":"Human","Year":2011}},{"type":"Feature","geometry":{"type":"Point","coordinates":[-120.04251,39.82971]},"properties":{"Fire_Name":"RED","Acres":0.1,"Cause":"Human","Year":2011}},{"type":"Feature","geometry":{"type":"Point","coordinates":[-119.75441,39.63941]},"properties":{"Fire_Name":"DELORES","Acres":6,"Cause":"Human","Year":2011}},{"type":"Feature","geometry":{"type":"Point","coordinates":[-119.84941,40.11811]},"properties":{"Fire_Name":"RNOX 26","Acres":0.1,"Cause":"Natural","Year":2011}},{"type":"Feature","geometry":{"type":"Point","coordinates":[-119.68441,38.87971]},"properties":{"Fire_Name":"DOUX 4","Acres":13,"Cause":"Undetermined","Year":2011}},{"type":"Feature","geometry":{"type":"Point","coordinates":[-119.75141,38.79671]},"properties":{"Fire_Name":"DIAMOND","Acres":1,"Cause":"Human","Year":2011}},{"type":"Feature","geometry":{"type":"Point","coordinates":[-119.64831,39.51531]},"properties":{"Fire_Name":"RNOX 30","Acres":1725,"Cause":"Human","Year":2011}},{"type":"Feature","geometry":{"type":"Point","coordinates":[-119.66001,38.86531]},"properties":{"Fire_Name":"WNA 22","Acres":0.1,"Cause":"Undetermined","Year":2011}},{"type":"Feature","geometry":{"type":"Point","coordinates":[-119.78691,39.63281]},"properties":{"Fire_Name":"CHIMNEY","Acres":0.3,"Cause":"Human","Year":2011}},{"type":"Feature","geometry":{"type":"Point","coordinates":[-119.69611,39.15061]},"properties":{"Fire_Name":"LAUREL","Acres":318.9001413796927,"Cause":"Human","Year":2011}},{"type":"Feature","geometry":{"type":"Point","coordinates":[-119.83111,39.11031]},"properties":{"Fire_Name":"WNA 23","Acres":0.5,"Cause":"Undetermined","Year":2011}},{"type":"Feature","geometry":{"type":"Point","coordinates":[-119.93391,39.80001]},"properties":{"Fire_Name":"RED ROCK","Acres":105.015243964603,"Cause":"Human","Year":2011}},{"type":"Feature","geometry":{"type":"Point","coordinates":[-119.21882,39.75482]},"properties":{"Fire_Name":"NIXON","Acres":11194.347196807834,"Cause":"Undetermined","Year":2011}},{"type":"Feature","geometry":{"type":"Point","coordinates":[-119.26861,39.74061]},"properties":{"Fire_Name":"NARROWS","Acres":3318.7307674532335,"Cause":"Natural","Year":2011}},{"type":"Feature","geometry":{"type":"Point","coordinates":[-119.20026,39.65101]},"properties":{"Fire_Name":"GOOSENECK","Acres":19.698169588809176,"Cause":"Human","Year":2011}},{"type":"Feature","geometry":{"type":"Point","coordinates":[-120.1133,39.57114]},"properties":{"Fire_Name":"TNF782-DOG","Acres":1,"Cause":"Undetermined","Year":2011}},{"type":"Feature","geometry":{"type":"Point","coordinates":[-119.62701,39.50891]},"properties":{"Fire_Name":"PERRY RANCH","Acres":1,"Cause":"Human","Year":2011}},{"type":"Feature","geometry":{"type":"Point","coordinates":[-119.84501,39.23921]},"properties":{"Fire_Name":"FRANKTOWN","Acres":0.25,"Cause":"Human","Year":2011}},{"type":"Feature","geometry":{"type":"Point","coordinates":[-119.92641,38.95671]},"properties":{"Fire_Name":"STATELINE VAN SICKLE","Acres":3,"Cause":"Human","Year":2011}},{"type":"Feature","geometry":{"type":"Point","coordinates":[-119.36811,39.59171]},"properties":{"Fire_Name":"PAINTED ROCK","Acres":0.25,"Cause":"Human","Year":2011}},{"type":"Feature","geometry":{"type":"Point","coordinates":[-119.55361,39.31471]},"properties":{"Fire_Name":"HUCKLEBERRY","Acres":0.1,"Cause":"Human","Year":2011}},{"type":"Feature","geometry":{"type":"Point","coordinates":[-119.72335,39.18751]},"properties":{"Fire_Name":"NV CCFX-2011-488 NYE FIRE","Acres":0.1,"Cause":"Human","Year":2011}},{"type":"Feature","geometry":{"type":"Point","coordinates":[-119.77821,39.36481]},"properties":{"Fire_Name":"COOKE","Acres":0.1,"Cause":"Human","Year":2011}},{"type":"Feature","geometry":{"type":"Point","coordinates":[-119.50279,39.41139]},"properties":{"Fire_Name":"PUDDLE","Acres":20,"Cause":"Natural","Year":2011}},{"type":"Feature","geometry":{"type":"Point","coordinates":[-119.51779,39.38278]},"properties":{"Fire_Name":"TIBBIE PEAK","Acres":0.25,"Cause":"Natural","Year":2011}},{"type":"Feature","geometry":{"type":"Point","coordinates":[-119.43335,39.46695]},"properties":{"Fire_Name":"DIABLO","Acres":0.5,"Cause":"Natural","Year":2011}},{"type":"Feature","geometry":{"type":"Point","coordinates":[-119.56696,39.40001]},"properties":{"Fire_Name":"CHOPPA","Acres":0.1,"Cause":"Human","Year":2011}},{"type":"Feature","geometry":{"type":"Point","coordinates":[-119.61557,39.70751]},"properties":{"Fire_Name":"WALTHAM 2","Acres":108,"Cause":"Human","Year":2011}},{"type":"Feature","geometry":{"type":"Point","coordinates":[-119.62811,39.48121]},"properties":{"Fire_Name":"LAGOMARSINO","Acres":40,"Cause":"Human","Year":2011}},{"type":"Feature","geometry":{"type":"Point","coordinates":[-119.63029,39.49028]},"properties":{"Fire_Name":"KNOB","Acres":0.1,"Cause":"Human","Year":2011}},{"type":"Feature","geometry":{"type":"Point","coordinates":[-119.97451,39.53931]},"properties":{"Fire_Name":"BULL RANCH","Acres":0.1,"Cause":"Human","Year":2011}},{"type":"Feature","geometry":{"type":"Point","coordinates":[-119.53191,39.53201]},"properties":{"Fire_Name":"SHEEP","Acres":78,"Cause":"Human","Year":2011}},{"type":"Feature","geometry":{"type":"Point","coordinates":[-119.41341,39.41821]},"properties":{"Fire_Name":"IRON","Acres":0.1,"Cause":"Human","Year":2011}},{"type":"Feature","geometry":{"type":"Point","coordinates":[-119.93561,39.83061]},"properties":{"Fire_Name":"CHUCKWAGON","Acres":0.1,"Cause":"Human","Year":2011}},{"type":"Feature","geometry":{"type":"Point","coordinates":[-119.63331,39.41531]},"properties":{"Fire_Name":"LOUSE CAMFIRE","Acres":0.01,"Cause":"Human","Year":2011}},{"type":"Feature","geometry":{"type":"Point","coordinates":[-119.56061,39.31411]},"properties":{"Fire_Name":"DAYTON","Acres":0.25,"Cause":"Natural","Year":2011}},{"type":"Feature","geometry":{"type":"Point","coordinates":[-119.91871,39.62511]},"properties":{"Fire_Name":"LONG VIEW","Acres":0.1,"Cause":"Human","Year":2011}},{"type":"Feature","geometry":{"type":"Point","coordinates":[-119.60541,39.29431]},"properties":{"Fire_Name":"SUTRO","Acres":0.1,"Cause":"Natural","Year":2011}},{"type":"Feature","geometry":{"type":"Point","coordinates":[-119.66881,39.38171]},"properties":{"Fire_Name":"GLOBE","Acres":0.1,"Cause":"Natural","Year":2011}},{"type":"Feature","geometry":{"type":"Point","coordinates":[-119.60351,39.35981]},"properties":{"Fire_Name":"TWIN PEAKS","Acres":0.1,"Cause":"Natural","Year":2011}},{"type":"Feature","geometry":{"type":"Point","coordinates":[-119.54631,39.32131]},"properties":{"Fire_Name":"WILLIE","Acres":0.1,"Cause":"Human","Year":2011}},{"type":"Feature","geometry":{"type":"Point","coordinates":[-119.85921,40.29141]},"properties":{"Fire_Name":"Dry Valley","Acres":16.3,"Cause":"Human","Year":2013}},{"type":"Feature","geometry":{"type":"Point","coordinates":[-120.19641,40.10251]},"properties":{"Fire_Name":"Bird","Acres":0.1,"Cause":"Human","Year":2013}},{"type":"Feature","geometry":{"type":"Point","coordinates":[-120.13941,40.06531]},"properties":{"Fire_Name":"Passing","Acres":0.1,"Cause":"Natural","Year":2013}},{"type":"Feature","geometry":{"type":"Point","coordinates":[-120.11611,40.04221]},"properties":{"Fire_Name":"Doyle","Acres":0.1,"Cause":"Human","Year":2013}},{"type":"Feature","geometry":{"type":"Point","coordinates":[-119.76148,39.57531]},"properties":{"Fire_Name":"GARBAGE","Acres":0.1,"Cause":"Human","Year":2013}},{"type":"Feature","geometry":{"type":"Point","coordinates":[-119.7601,39.57564]},"properties":{"Fire_Name":"GARBAGE 2","Acres":0.1,"Cause":"Human","Year":2013}},{"type":"Feature","geometry":{"type":"Point","coordinates":[-119.65781,38.86281]},"properties":{"Fire_Name":"COURTLAND","Acres":0.3,"Cause":"Human","Year":2013}},{"type":"Feature","geometry":{"type":"Point","coordinates":[-119.62921,39.04331]},"properties":{"Fire_Name":"SUNRISE","Acres":0.1,"Cause":"Human","Year":2013}},{"type":"Feature","geometry":{"type":"Point","coordinates":[-119.68718,39.13134]},"properties":{"Fire_Name":"COPPER","Acres":0.1,"Cause":"Human","Year":2013}},{"type":"Feature","geometry":{"type":"Point","coordinates":[-119.6934,39.02562]},"properties":{"Fire_Name":"PIT 2","Acres":0.1,"Cause":"Human","Year":2013}},{"type":"Feature","geometry":{"type":"Point","coordinates":[-119.76593,39.67565]},"properties":{"Fire_Name":"WINCHESTER","Acres":0.1,"Cause":"Human","Year":2013}},{"type":"Feature","geometry":{"type":"Point","coordinates":[-119.74251,39.57581]},"properties":{"Fire_Name":"IRACTABLE","Acres":2,"Cause":"Human","Year":2013}},{"type":"Feature","geometry":{"type":"Point","coordinates":[-119.74331,39.27891]},"properties":{"Fire_Name":"JUMBO","Acres":0.1,"Cause":"Human","Year":2013}},{"type":"Feature","geometry":{"type":"Point","coordinates":[-119.73061,39.28311]},"properties":{"Fire_Name":"JUMBO 2","Acres":1,"Cause":"Human","Year":2013}},{"type":"Feature","geometry":{"type":"Point","coordinates":[-119.92531,39.83361]},"properties":{"Fire_Name":"CHARIOT","Acres":100.05887535125704,"Cause":"Natural","Year":2013}},{"type":"Feature","geometry":{"type":"Point","coordinates":[-119.52331,39.02781]},"properties":{"Fire_Name":"PINENUT","Acres":0.1,"Cause":"Natural","Year":2013}},{"type":"Feature","geometry":{"type":"Point","coordinates":[-119.79421,39.89001]},"properties":{"Fire_Name":"DOG","Acres":9.9,"Cause":"Natural","Year":2013}},{"type":"Feature","geometry":{"type":"Point","coordinates":[-119.76111,39.86691]},"properties":{"Fire_Name":"SKIN","Acres":0.5,"Cause":"Natural","Year":2013}},{"type":"Feature","geometry":{"type":"Point","coordinates":[-119.82332,39.30234]},"properties":{"Fire_Name":"395","Acres":0.2,"Cause":"Natural","Year":2013}},{"type":"Feature","geometry":{"type":"Point","coordinates":[-119.67941,39.18111]},"properties":{"Fire_Name":"RIFLE RANGE","Acres":0.3,"Cause":"Human","Year":2013}},{"type":"Feature","geometry":{"type":"Point","coordinates":[-119.75501,39.65721]},"properties":{"Fire_Name":"EAGLE","Acres":7.2,"Cause":"Human","Year":2013}},{"type":"Feature","geometry":{"type":"Point","coordinates":[-120.01601,39.91701]},"properties":{"Fire_Name":"RED ROCK","Acres":5365.256762589931,"Cause":"Human","Year":2013}},{"type":"Feature","geometry":{"type":"Point","coordinates":[-119.5372,38.91382]},"properties":{"Fire_Name":"SIEGAL","Acres":0.3,"Cause":"Natural","Year":2013}},{"type":"Feature","geometry":{"type":"Point","coordinates":[-119.57532,39.00793]},"properties":{"Fire_Name":"SUNRISE 2","Acres":0.3,"Cause":"Natural","Year":2013}},{"type":"Feature","geometry":{"type":"Point","coordinates":[-119.48391,38.95501]},"properties":{"Fire_Name":"TORCH","Acres":0.3,"Cause":"Natural","Year":2013}},{"type":"Feature","geometry":{"type":"Point","coordinates":[-119.54391,38.99561]},"properties":{"Fire_Name":"MINERAL","Acres":0.1,"Cause":"Natural","Year":2013}},{"type":"Feature","geometry":{"type":"Point","coordinates":[-119.59971,38.93081]},"properties":{"Fire_Name":"FISH","Acres":0.1,"Cause":"Natural","Year":2013}},{"type":"Feature","geometry":{"type":"Point","coordinates":[-119.52831,38.97141]},"properties":{"Fire_Name":"WILLIAMS","Acres":0.1,"Cause":"Natural","Year":2013}},{"type":"Feature","geometry":{"type":"Point","coordinates":[-119.58441,38.95221]},"properties":{"Fire_Name":"CROSSROAD","Acres":0.3,"Cause":"Natural","Year":2013}},{"type":"Feature","geometry":{"type":"Point","coordinates":[-119.65111,39.25671]},"properties":{"Fire_Name":"PEDLAR","Acres":96.76259470228119,"Cause":"Human","Year":2013}},{"type":"Feature","geometry":{"type":"Point","coordinates":[-119.66173,40.04265]},"properties":{"Fire_Name":"WARRIOR POINT","Acres":0.1,"Cause":"Human","Year":2013}},{"type":"Feature","geometry":{"type":"Point","coordinates":[-119.76281,39.66581]},"properties":{"Fire_Name":"EAGLE 2","Acres":0.5,"Cause":"Human","Year":2013}},{"type":"Feature","geometry":{"type":"Point","coordinates":[-119.67657,39.09629]},"properties":{"Fire_Name":"TARNAHAN","Acres":20.58448797769378,"Cause":"Natural","Year":2013}},{"type":"Feature","geometry":{"type":"Point","coordinates":[-119.71737,39.07873]},"properties":{"Fire_Name":"HOT SPRINGS","Acres":0.1,"Cause":"Natural","Year":2013}},{"type":"Feature","geometry":{"type":"Point","coordinates":[-119.56061,38.87781]},"properties":{"Fire_Name":"BISON","Acres":24131.76738972242,"Cause":"Natural","Year":2013}},{"type":"Feature","geometry":{"type":"Point","coordinates":[-119.76691,39.09691]},"properties":{"Fire_Name":"HOBO","Acres":0.1,"Cause":"Human","Year":2013}},{"type":"Feature","geometry":{"type":"Point","coordinates":[-120.03662,39.73207]},"properties":{"Fire_Name":"395 2","Acres":0.5,"Cause":"Human","Year":2013}},{"type":"Feature","geometry":{"type":"Point","coordinates":[-119.97659,39.87734]},"properties":{"Fire_Name":"RANCHO","Acres":0.1,"Cause":"Human","Year":2013}},{"type":"Feature","geometry":{"type":"Point","coordinates":[-119.76728,39.11062]},"properties":{"Fire_Name":"TOPSY","Acres":0.3,"Cause":"Human","Year":2013}},{"type":"Feature","geometry":{"type":"Point","coordinates":[-120.03781,39.76641]},"properties":{"Fire_Name":"SHELL","Acres":3,"Cause":"Human","Year":2013}},{"type":"Feature","geometry":{"type":"Point","coordinates":[-119.80971,39.88391]},"properties":{"Fire_Name":"BEDELL SPGS","Acres":0.1,"Cause":"Natural","Year":2013}},{"type":"Feature","geometry":{"type":"Point","coordinates":[-119.74421,39.88581]},"properties":{"Fire_Name":"DOG 2","Acres":0.3,"Cause":"Natural","Year":2013}},{"type":"Feature","geometry":{"type":"Point","coordinates":[-119.6762,39.19023]},"properties":{"Fire_Name":"DUMP 5","Acres":0.1,"Cause":"Human","Year":2013}},{"type":"Feature","geometry":{"type":"Point","coordinates":[-120.02568,39.69579]},"properties":{"Fire_Name":"BORDER","Acres":0.1,"Cause":"Human","Year":2013}},{"type":"Feature","geometry":{"type":"Point","coordinates":[-119.57033,39.05562]},"properties":{"Fire_Name":"PALLET","Acres":0.1,"Cause":"Human","Year":2013}},{"type":"Feature","geometry":{"type":"Point","coordinates":[-119.23482,39.4782]},"properties":{"Fire_Name":"DAMIANS","Acres":0.1,"Cause":"Natural","Year":2013}},{"type":"Feature","geometry":{"type":"Point","coordinates":[-119.58971,39.16581]},"properties":{"Fire_Name":"BRUNSWICK","Acres":29.703882640692957,"Cause":"Natural","Year":2013}},{"type":"Feature","geometry":{"type":"Point","coordinates":[-119.57612,38.88618]},"properties":{"Fire_Name":"SPIRIT","Acres":0.1,"Cause":"Natural","Year":2013}},{"type":"Feature","geometry":{"type":"Point","coordinates":[-119.41891,39.00721]},"properties":{"Fire_Name":"BUCKSKIN","Acres":0.1,"Cause":"Natural","Year":2013}},{"type":"Feature","geometry":{"type":"Point","coordinates":[-119.60471,39.01171]},"properties":{"Fire_Name":"UHALDI","Acres":0.1,"Cause":"Natural","Year":2013}},{"type":"Feature","geometry":{"type":"Point","coordinates":[-119.41157,39.00654]},"properties":{"Fire_Name":"BUCKSKIN 2","Acres":0.1,"Cause":"Natural","Year":2013}},{"type":"Feature","geometry":{"type":"Point","coordinates":[-119.67421,39.01861]},"properties":{"Fire_Name":"PAINTED ROCK","Acres":0.1,"Cause":"Human","Year":2013}},{"type":"Feature","geometry":{"type":"Point","coordinates":[-119.45361,38.96331]},"properties":{"Fire_Name":"MAHOGANY","Acres":0.3,"Cause":"Natural","Year":2013}},{"type":"Feature","geometry":{"type":"Point","coordinates":[-119.92191,39.83331]},"properties":{"Fire_Name":"FINCH","Acres":361.93237635062223,"Cause":"Natural","Year":2013}},{"type":"Feature","geometry":{"type":"Point","coordinates":[-119.51861,39.87561]},"properties":{"Fire_Name":"RAWHIDE","Acres":0.1,"Cause":"Natural","Year":2013}},{"type":"Feature","geometry":{"type":"Point","coordinates":[-119.58671,38.96721]},"properties":{"Fire_Name":"WINDMILL","Acres":0.1,"Cause":"Natural","Year":2013}},{"type":"Feature","geometry":{"type":"Point","coordinates":[-119.71811,39.70191]},"properties":{"Fire_Name":"PEBBLE","Acres":0.1,"Cause":"Natural","Year":2013}},{"type":"Feature","geometry":{"type":"Point","coordinates":[-119.73026,39.73829]},"properties":{"Fire_Name":"LOOP","Acres":0.1,"Cause":"Human","Year":2013}},{"type":"Feature","geometry":{"type":"Point","coordinates":[-119.45995,39.27734]},"properties":{"Fire_Name":"FORT CHURCHILL","Acres":0.1,"Cause":"Natural","Year":2013}},{"type":"Feature","geometry":{"type":"Point","coordinates":[-119.60157,38.97737]},"properties":{"Fire_Name":"RUPERT RANCH","Acres":0.1,"Cause":"Natural","Year":2013}},{"type":"Feature","geometry":{"type":"Point","coordinates":[-120.05932,39.73812]},"properties":{"Fire_Name":"SCOTT","Acres":0.1,"Cause":"Human","Year":2014}},{"type":"Feature","geometry":{"type":"Point","coordinates":[-119.19143,39.41826]},"properties":{"Fire_Name":"SPRINGS","Acres":0.7,"Cause":"Human","Year":2014}},{"type":"Feature","geometry":{"type":"Point","coordinates":[-119.37259,39.83929]},"properties":{"Fire_Name":"NIXON","Acres":0.5,"Cause":"Human","Year":2014}},{"type":"Feature","geometry":{"type":"Point","coordinates":[-119.75361,39.82921]},"properties":{"Fire_Name":"MOON ROCKS","Acres":0.1,"Cause":"Human","Year":2014}},{"type":"Feature","geometry":{"type":"Point","coordinates":[-119.74671,39.82081]},"properties":{"Fire_Name":"CATALYTIC","Acres":0.1,"Cause":"Human","Year":2014}},{"type":"Feature","geometry":{"type":"Point","coordinates":[-119.65031,39.51141]},"properties":{"Fire_Name":"I80","Acres":0.1,"Cause":"Human","Year":2014}},{"type":"Feature","geometry":{"type":"Point","coordinates":[-119.88331,39.65971]},"properties":{"Fire_Name":"BRAVO","Acres":0.1,"Cause":"Human","Year":2014}},{"type":"Feature","geometry":{"type":"Point","coordinates":[-119.31441,39.29441]},"properties":{"Fire_Name":"CHURCHILL","Acres":0.3,"Cause":"Human","Year":2014}},{"type":"Feature","geometry":{"type":"Point","coordinates":[-119.67501,38.84311]},"properties":{"Fire_Name":"CHINA SPRINGS","Acres":1,"Cause":"Human","Year":2014}},{"type":"Feature","geometry":{"type":"Point","coordinates":[-119.14031,39.21861]},"properties":{"Fire_Name":"EARTHQUAKE","Acres":197.715734149067,"Cause":"Human","Year":2014}},{"type":"Feature","geometry":{"type":"Point","coordinates":[-119.60787,39.06037]},"properties":{"Fire_Name":"WILLIAMS CANYON","Acres":0.1,"Cause":"Natural","Year":2014}},{"type":"Feature","geometry":{"type":"Point","coordinates":[-119.65561,39.57141]},"properties":{"Fire_Name":"GOLDEN EAGLE","Acres":80.65905786763928,"Cause":"Human","Year":2014}},{"type":"Feature","geometry":{"type":"Point","coordinates":[-119.66304,39.27043]},"properties":{"Fire_Name":"AMERICAN FLAT","Acres":0.2,"Cause":"Human","Year":2014}},{"type":"Feature","geometry":{"type":"Point","coordinates":[-119.61691,39.69561]},"properties":{"Fire_Name":"ENCANTO","Acres":0.3,"Cause":"Natural","Year":2014}},{"type":"Feature","geometry":{"type":"Point","coordinates":[-119.76671,39.21391]},"properties":{"Fire_Name":"WATERFOWL","Acres":0.1,"Cause":"Natural","Year":2014}},{"type":"Feature","geometry":{"type":"Point","coordinates":[-119.45811,39.70501]},"properties":{"Fire_Name":"RED CORAL","Acres":0.1,"Cause":"Natural","Year":2014}},{"type":"Feature","geometry":{"type":"Point","coordinates":[-119.89031,39.91311]},"properties":{"Fire_Name":"H N","Acres":0.1,"Cause":"Natural","Year":2014}},{"type":"Feature","geometry":{"type":"Point","coordinates":[-119.77391,39.13831]},"properties":{"Fire_Name":"BOYLE","Acres":0.1,"Cause":"Human","Year":2014}},{"type":"Feature","geometry":{"type":"Point","coordinates":[-119.65171,38.89061]},"properties":{"Fire_Name":"ROCKING HORSE","Acres":0.1,"Cause":"Natural","Year":2014}},{"type":"Feature","geometry":{"type":"Point","coordinates":[-119.78171,39.66281]},"properties":{"Fire_Name":"CHICKADEE","Acres":0.1,"Cause":"Natural","Year":2014}},{"type":"Feature","geometry":{"type":"Point","coordinates":[-119.67421,39.06331]},"properties":{"Fire_Name":"PINYON","Acres":0.1,"Cause":"Natural","Year":2014}},{"type":"Feature","geometry":{"type":"Point","coordinates":[-119.50361,39.00141]},"properties":{"Fire_Name":"MINERAL","Acres":0.3,"Cause":"Natural","Year":2014}},{"type":"Feature","geometry":{"type":"Point","coordinates":[-119.50721,38.99471]},"properties":{"Fire_Name":"RICE","Acres":0.1,"Cause":"Natural","Year":2014}},{"type":"Feature","geometry":{"type":"Point","coordinates":[-119.60581,38.90331]},"properties":{"Fire_Name":"PINE NUT CREEK","Acres":0.1,"Cause":"Natural","Year":2014}},{"type":"Feature","geometry":{"type":"Point","coordinates":[-119.41781,38.82831]},"properties":{"Fire_Name":"LITTLE BURBANK","Acres":0.1,"Cause":"Natural","Year":2014}},{"type":"Feature","geometry":{"type":"Point","coordinates":[-119.63531,39.92831]},"properties":{"Fire_Name":"DUNN","Acres":0.1,"Cause":"Natural","Year":2014}},{"type":"Feature","geometry":{"type":"Point","coordinates":[-119.58941,38.79921]},"properties":{"Fire_Name":"DOUBLE SPRINGS","Acres":0.1,"Cause":"Natural","Year":2014}},{"type":"Feature","geometry":{"type":"Point","coordinates":[-119.61831,38.89191]},"properties":{"Fire_Name":"WHEATON LANE","Acres":0.1,"Cause":"Human","Year":2014}},{"type":"Feature","geometry":{"type":"Point","coordinates":[-119.64611,38.86251]},"properties":{"Fire_Name":"CEDAR FLAT","Acres":0.1,"Cause":"Natural","Year":2014}},{"type":"Feature","geometry":{"type":"Point","coordinates":[-119.23471,38.81061]},"properties":{"Fire_Name":"FISH","Acres":0.1,"Cause":"Human","Year":2014}},{"type":"Feature","geometry":{"type":"Point","coordinates":[-119.74781,39.87421]},"properties":{"Fire_Name":"WINNEMUCCA","Acres":0.1,"Cause":"Natural","Year":2014}},{"type":"Feature","geometry":{"type":"Point","coordinates":[-119.75221,39.88361]},"properties":{"Fire_Name":"WINNEMUCCA 2","Acres":0.1,"Cause":"Natural","Year":2014}},{"type":"Feature","geometry":{"type":"Point","coordinates":[-119.75501,39.58251]},"properties":{"Fire_Name":"PYRAMID","Acres":0.2,"Cause":"Human","Year":2014}},{"type":"Feature","geometry":{"type":"Point","coordinates":[-119.16811,39.60221]},"properties":{"Fire_Name":"DT","Acres":24.16568463224973,"Cause":"Human","Year":2014}},{"type":"Feature","geometry":{"type":"Point","coordinates":[-119.05276,39.75701]},"properties":{"Fire_Name":"MM 62","Acres":0.1,"Cause":"Human","Year":2014}},{"type":"Feature","geometry":{"type":"Point","coordinates":[-120.02751,39.44556]},"properties":{"Fire_Name":"CANYON 22","Acres":0.25,"Cause":"Natural","Year":2012}},{"type":"Feature","geometry":{"type":"Point","coordinates":[-119.8689,39.58139]},"properties":{"Fire_Name":"PEAVINE 1 & 2","Acres":37,"Cause":"Human","Year":2012}},{"type":"Feature","geometry":{"type":"Point","coordinates":[-119.78029,38.81223]},"properties":{"Fire_Name":"FOOTHILL","Acres":0.01,"Cause":"Human","Year":2012}},{"type":"Feature","geometry":{"type":"Point","coordinates":[-120.00474,39.52334]},"properties":{"Fire_Name":"HILL","Acres":1.6,"Cause":"Human","Year":2012}},{"type":"Feature","geometry":{"type":"Point","coordinates":[-119.87668,39.36973]},"properties":{"Fire_Name":"WHITES","Acres":0.52,"Cause":"Natural","Year":2012}},{"type":"Feature","geometry":{"type":"Point","coordinates":[-119.99529,39.42695]},"properties":{"Fire_Name":"ICELAND","Acres":0.25,"Cause":"Natural","Year":2012}},{"type":"Feature","geometry":{"type":"Point","coordinates":[-119.89807,39.23167]},"properties":{"Fire_Name":"LITTLE VALLEY","Acres":1,"Cause":"Natural","Year":2012}},{"type":"Feature","geometry":{"type":"Point","coordinates":[-119.79446,39.06639]},"properties":{"Fire_Name":"HOT SPRINGS","Acres":0.25,"Cause":"Natural","Year":2012}},{"type":"Feature","geometry":{"type":"Point","coordinates":[-119.86418,39.57973]},"properties":{"Fire_Name":"HOGE","Acres":8,"Cause":"Human","Year":2012}},{"type":"Feature","geometry":{"type":"Point","coordinates":[-119.91085,39.49751]},"properties":{"Fire_Name":"STEAM  BOAT","Acres":376.04425106652263,"Cause":"Human","Year":2012}},{"type":"Feature","geometry":{"type":"Point","coordinates":[-119.79224,39.38195]},"properties":{"Fire_Name":"SCOTTY","Acres":1,"Cause":"Human","Year":2012}},{"type":"Feature","geometry":{"type":"Point","coordinates":[-119.89946,39.30501]},"properties":{"Fire_Name":"PRICE LAKE","Acres":0.5,"Cause":"Human","Year":2012}},{"type":"Feature","geometry":{"type":"Point","coordinates":[-120.07224,39.65028]},"properties":{"Fire_Name":"ROSS","Acres":0.32,"Cause":"Natural","Year":2012}},{"type":"Feature","geometry":{"type":"Point","coordinates":[-119.85585,39.41334]},"properties":{"Fire_Name":"THOMAS","Acres":0.86,"Cause":"Natural","Year":2012}},{"type":"Feature","geometry":{"type":"Point","coordinates":[-120.11724,39.67834]},"properties":{"Fire_Name":"CAT","Acres":0.35,"Cause":"Natural","Year":2012}},{"type":"Feature","geometry":{"type":"Point","coordinates":[-120.01418,39.60695]},"properties":{"Fire_Name":"DOG VALLEY","Acres":0.59,"Cause":"Human","Year":2012}},{"type":"Feature","geometry":{"type":"Point","coordinates":[-119.80862,39.32584]},"properties":{"Fire_Name":"WASHOE DRIVE","Acres":2674.591324771641,"Cause":"Human","Year":2012}},{"type":"Feature","geometry":{"type":"Point","coordinates":[-119.99918,39.49473]},"properties":{"Fire_Name":"GOLD RANCH","Acres":0.1,"Cause":"Human","Year":2012}},{"type":"Feature","geometry":{"type":"Point","coordinates":[-119.95335,39.46195]},"properties":{"Fire_Name":"CONE","Acres":0.1,"Cause":"Natural","Year":2012}},{"type":"Feature","geometry":{"type":"Point","coordinates":[-120.12418,39.97445]},"properties":{"Fire_Name":"EAGLE","Acres":0.1,"Cause":"Natural","Year":2012}},{"type":"Feature","geometry":{"type":"Point","coordinates":[-120.10835,39.92306]},"properties":{"Fire_Name":"ADAMS","Acres":0.1,"Cause":"Natural","Year":2012}},{"type":"Feature","geometry":{"type":"Point","coordinates":[-120.13446,39.91889]},"properties":{"Fire_Name":"GALEPPI","Acres":0.1,"Cause":"Natural","Year":2012}},{"type":"Feature","geometry":{"type":"Point","coordinates":[-120.23668,40.03001]},"properties":{"Fire_Name":"MEADOW","Acres":0.2,"Cause":"Natural","Year":2012}},{"type":"Feature","geometry":{"type":"Point","coordinates":[-120.15196,39.86667]},"properties":{"Fire_Name":"LAKE ROAD","Acres":0.1,"Cause":"Natural","Year":2012}},{"type":"Feature","geometry":{"type":"Point","coordinates":[-120.17501,39.90389]},"properties":{"Fire_Name":"SPRING","Acres":0.1,"Cause":"Natural","Year":2012}},{"type":"Feature","geometry":{"type":"Point","coordinates":[-120.11862,39.93528]},"properties":{"Fire_Name":"CONSTANTIA","Acres":0.1,"Cause":"Natural","Year":2012}},{"type":"Feature","geometry":{"type":"Point","coordinates":[-120.23446,39.97473]},"properties":{"Fire_Name":"GRIGSBY","Acres":0.1,"Cause":"Human","Year":2012}},{"type":"Feature","geometry":{"type":"Point","coordinates":[-120.11196,39.38223]},"properties":{"Fire_Name":"HILL","Acres":0.1,"Cause":"Natural","Year":2012}},{"type":"Feature","geometry":{"type":"Point","coordinates":[-120.08196,39.40556]},"properties":{"Fire_Name":"BOCA","Acres":0.1,"Cause":"Human","Year":2012}},{"type":"Feature","geometry":{"type":"Point","coordinates":[-120.10474,39.40112]},"properties":{"Fire_Name":"SHORE","Acres":0.1,"Cause":"Human","Year":2012}},{"type":"Feature","geometry":{"type":"Point","coordinates":[-120.12779,39.52556]},"properties":{"Fire_Name":"MERRILL","Acres":0.25,"Cause":"Natural","Year":2012}},{"type":"Feature","geometry":{"type":"Point","coordinates":[-120.11168,39.53751]},"properties":{"Fire_Name":"MERRILL","Acres":0.25,"Cause":"Natural","Year":2012}},{"type":"Feature","geometry":{"type":"Point","coordinates":[-120.12474,39.42028]},"properties":{"Fire_Name":"DOG","Acres":0.1,"Cause":"Natural","Year":2012}},{"type":"Feature","geometry":{"type":"Point","coordinates":[-120.1089,39.39751]},"properties":{"Fire_Name":"RAMP","Acres":0.1,"Cause":"Human","Year":2012}},{"type":"Feature","geometry":{"type":"Point","coordinates":[-120.19029,39.78195]},"properties":{"Fire_Name":"VINTON","Acres":0.1,"Cause":"Human","Year":2012}},{"type":"Feature","geometry":{"type":"Point","coordinates":[-120.10474,39.41862]},"properties":{"Fire_Name":"WOODCHOPPER","Acres":0.1,"Cause":"Human","Year":2012}},{"type":"Feature","geometry":{"type":"Point","coordinates":[-120.09446,39.45112]},"properties":{"Fire_Name":"BOCA 2","Acres":0.25,"Cause":"Human","Year":2012}},{"type":"Feature","geometry":{"type":"Point","coordinates":[-120.01307,38.79612]},"properties":{"Fire_Name":"TREEHOUSE","Acres":0.1,"Cause":"Human","Year":2012}},{"type":"Feature","geometry":{"type":"Point","coordinates":[-119.9489,39.25445]},"properties":{"Fire_Name":"WENDY","Acres":0.1,"Cause":"Human","Year":2012}},{"type":"Feature","geometry":{"type":"Point","coordinates":[-119.93529,39.27084]},"properties":{"Fire_Name":"INCLINE","Acres":0.1,"Cause":"Human","Year":2012}},{"type":"Feature","geometry":{"type":"Point","coordinates":[-119.94751,38.98001]},"properties":{"Fire_Name":"NEVADA","Acres":0.1,"Cause":"Human","Year":2012}},{"type":"Feature","geometry":{"type":"Point","coordinates":[-120.04029,39.24973]},"properties":{"Fire_Name":"KINGS","Acres":0.1,"Cause":"Human","Year":2012}},{"type":"Feature","geometry":{"type":"Point","coordinates":[-119.95362,38.85167]},"properties":{"Fire_Name":"HELL HOLE","Acres":0.1,"Cause":"Natural","Year":2012}},{"type":"Feature","geometry":{"type":"Point","coordinates":[-120.0064,39.24639]},"properties":{"Fire_Name":"BEAVER","Acres":0.1,"Cause":"Human","Year":2012}},{"type":"Feature","geometry":{"type":"Point","coordinates":[-120.01085,38.84889]},"properties":{"Fire_Name":"WOOD","Acres":0.1,"Cause":"Human","Year":2012}},{"type":"Feature","geometry":{"type":"Point","coordinates":[-119.96085,38.91223]},"properties":{"Fire_Name":"COLD","Acres":0.1,"Cause":"Human","Year":2012}},{"type":"Feature","geometry":{"type":"Point","coordinates":[-119.99224,38.91251]},"properties":{"Fire_Name":"WINNEMUCCA","Acres":0.1,"Cause":"Human","Year":2012}},{"type":"Feature","geometry":{"type":"Point","coordinates":[-120.05724,39.25112]},"properties":{"Fire_Name":"VISTA","Acres":0.1,"Cause":"Human","Year":2012}},{"type":"Feature","geometry":{"type":"Point","coordinates":[-120.02474,39.24612]},"properties":{"Fire_Name":"DEER","Acres":0.3,"Cause":"Human","Year":2012}},{"type":"Feature","geometry":{"type":"Point","coordinates":[-119.94974,39.01362]},"properties":{"Fire_Name":"ZEPHYR","Acres":0.1,"Cause":"Human","Year":2012}},{"type":"Feature","geometry":{"type":"Point","coordinates":[-120.0189,39.24445]},"properties":{"Fire_Name":"FOX","Acres":0.1,"Cause":"Human","Year":2012}},{"type":"Feature","geometry":{"type":"Point","coordinates":[-119.88918,39.03695]},"properties":{"Fire_Name":"GENOA","Acres":0.1,"Cause":"Human","Year":2012}},{"type":"Feature","geometry":{"type":"Point","coordinates":[-119.95224,38.98723]},"properties":{"Fire_Name":"ROUND HILL","Acres":0.1,"Cause":"Human","Year":2012}},{"type":"Feature","geometry":{"type":"Point","coordinates":[-120.02446,38.92501]},"properties":{"Fire_Name":"WEST","Acres":0.5,"Cause":"Human","Year":2012}},{"type":"Feature","geometry":{"type":"Point","coordinates":[-119.94251,38.98084]},"properties":{"Fire_Name":"ELKS","Acres":2.6,"Cause":"Human","Year":2012}},{"type":"Feature","geometry":{"type":"Point","coordinates":[-119.9839,38.91306]},"properties":{"Fire_Name":"BARTON","Acres":0.1,"Cause":"Human","Year":2012}},{"type":"Feature","geometry":{"type":"Point","coordinates":[-120.00112,38.84612]},"properties":{"Fire_Name":"COYOTE","Acres":0.1,"Cause":"Human","Year":2012}},{"type":"Feature","geometry":{"type":"Point","coordinates":[-120.05835,39.24695]},"properties":{"Fire_Name":"PARK","Acres":0.1,"Cause":"Human","Year":2012}},{"type":"Feature","geometry":{"type":"Point","coordinates":[-119.94362,39.06056]},"properties":{"Fire_Name":"CAVE","Acres":0.1,"Cause":"Human","Year":2012}},{"type":"Feature","geometry":{"type":"Point","coordinates":[-119.92779,39.18695]},"properties":{"Fire_Name":"SAND","Acres":0.1,"Cause":"Human","Year":2012}},{"type":"Feature","geometry":{"type":"Point","coordinates":[-120.07418,39.25306]},"properties":{"Fire_Name":"REGENCY","Acres":0.1,"Cause":"Human","Year":2012}},{"type":"Feature","geometry":{"type":"Point","coordinates":[-120.07251,39.98861]},"properties":{"Fire_Name":"DOY 1  HWY","Acres":2,"Cause":"Human","Year":2012}},{"type":"Feature","geometry":{"type":"Point","coordinates":[-120.17141,40.14191]},"properties":{"Fire_Name":"POLE LINE","Acres":0.1,"Cause":"Human","Year":2012}},{"type":"Feature","geometry":{"type":"Point","coordinates":[-120.07801,40.03471]},"properties":{"Fire_Name":"LAZY HEART","Acres":0.1,"Cause":"Human","Year":2012}},{"type":"Feature","geometry":{"type":"Point","coordinates":[-120.15831,40.08391]},"properties":{"Fire_Name":"DOY 3  RANGER","Acres":0.1,"Cause":"Human","Year":2012}},{"type":"Feature","geometry":{"type":"Point","coordinates":[-120.10031,40.01361]},"properties":{"Fire_Name":"CCD 2  CONSTANTIA","Acres":154.73316381680826,"Cause":"Natural","Year":2012}},{"type":"Feature","geometry":{"type":"Point","coordinates":[-120.10361,40.02721]},"properties":{"Fire_Name":"WIND BREAK","Acres":0.1,"Cause":"Undetermined","Year":2012}},{"type":"Feature","geometry":{"type":"Point","coordinates":[-120.14861,40.04561]},"properties":{"Fire_Name":"KAREN","Acres":0.1,"Cause":"Undetermined","Year":2012}},{"type":"Feature","geometry":{"type":"Point","coordinates":[-120.17001,40.14171]},"properties":{"Fire_Name":"POLE","Acres":0.1,"Cause":"Undetermined","Year":2012}},{"type":"Feature","geometry":{"type":"Point","coordinates":[-120.16721,40.14281]},"properties":{"Fire_Name":"STORE","Acres":0.1,"Cause":"Undetermined","Year":2012}},{"type":"Feature","geometry":{"type":"Point","coordinates":[-120.02891,40.26081]},"properties":{"Fire_Name":"BORDER","Acres":0.1,"Cause":"Human","Year":2012}},{"type":"Feature","geometry":{"type":"Point","coordinates":[-119.58811,39.26441]},"properties":{"Fire_Name":"STAR","Acres":6,"Cause":"Undetermined","Year":2012}},{"type":"Feature","geometry":{"type":"Point","coordinates":[-119.76831,39.67861]},"properties":{"Fire_Name":"TARGET","Acres":0.1,"Cause":"Human","Year":2012}},{"type":"Feature","geometry":{"type":"Point","coordinates":[-119.85811,39.47251]},"properties":{"Fire_Name":"PINEHAVEN","Acres":206,"Cause":"Undetermined","Year":2012}},{"type":"Feature","geometry":{"type":"Point","coordinates":[-119.67441,39.79031]},"properties":{"Fire_Name":"IRONWOOD","Acres":643.8108591232033,"Cause":"Human","Year":2012}},{"type":"Feature","geometry":{"type":"Point","coordinates":[-119.66421,38.85691]},"properties":{"Fire_Name":"CHINA SPRINGS","Acres":0.1,"Cause":"Undetermined","Year":2012}},{"type":"Feature","geometry":{"type":"Point","coordinates":[-119.74721,39.70001]},"properties":{"Fire_Name":"DEER RUN","Acres":0.1,"Cause":"Human","Year":2012}},{"type":"Feature","geometry":{"type":"Point","coordinates":[-119.53421,38.96691]},"properties":{"Fire_Name":"SPRINGS","Acres":1190.526843184188,"Cause":"Natural","Year":2012}},{"type":"Feature","geometry":{"type":"Point","coordinates":[-119.49811,38.95081]},"properties":{"Fire_Name":"BUCKEYE 2","Acres":0.3,"Cause":"Natural","Year":2012}},{"type":"Feature","geometry":{"type":"Point","coordinates":[-119.66811,38.97781]},"properties":{"Fire_Name":"STOCKYARD","Acres":9.70869810742044,"Cause":"Human","Year":2012}},{"type":"Feature","geometry":{"type":"Point","coordinates":[-119.65861,39.83531]},"properties":{"Fire_Name":"STRATUS","Acres":0.1,"Cause":"Human","Year":2012}},{"type":"Feature","geometry":{"type":"Point","coordinates":[-119.64581,38.88391]},"properties":{"Fire_Name":"DIVIDE","Acres":57.51591982587993,"Cause":"Natural","Year":2012}},{"type":"Feature","geometry":{"type":"Point","coordinates":[-119.74001,39.65831]},"properties":{"Fire_Name":"CHARLIE","Acres":0.1,"Cause":"Natural","Year":2012}},{"type":"Feature","geometry":{"type":"Point","coordinates":[-119.62751,38.90111]},"properties":{"Fire_Name":"WELL","Acres":0.1,"Cause":"Natural","Year":2012}},{"type":"Feature","geometry":{"type":"Point","coordinates":[-119.56561,38.99751]},"properties":{"Fire_Name":"MINERAL","Acres":0.5,"Cause":"Natural","Year":2012}},{"type":"Feature","geometry":{"type":"Point","coordinates":[-119.55141,39.03501]},"properties":{"Fire_Name":"FISH","Acres":0.1,"Cause":"Natural","Year":2012}},{"type":"Feature","geometry":{"type":"Point","coordinates":[-119.74971,38.79861]},"properties":{"Fire_Name":"DIAMOND","Acres":2,"Cause":"Human","Year":2012}},{"type":"Feature","geometry":{"type":"Point","coordinates":[-119.63081,39.22691]},"properties":{"Fire_Name":"CANYON","Acres":0.1,"Cause":"Human","Year":2012}},{"type":"Feature","geometry":{"type":"Point","coordinates":[-119.64361,39.22671]},"properties":{"Fire_Name":"NUGGET","Acres":0.1,"Cause":"Human","Year":2012}},{"type":"Feature","geometry":{"type":"Point","coordinates":[-119.96735,39.94124]},"properties":{"Fire_Name":"DRY","Acres":98.62546400693219,"Cause":"Undetermined","Year":2012}},{"type":"Feature","geometry":{"type":"Point","coordinates":[-119.51471,39.78531]},"properties":{"Fire_Name":"CORRAL","Acres":0.1,"Cause":"Natural","Year":2012}},{"type":"Feature","geometry":{"type":"Point","coordinates":[-119.66331,39.79611]},"properties":{"Fire_Name":"STALLION","Acres":0.1,"Cause":"Natural","Year":2012}},{"type":"Feature","geometry":{"type":"Point","coordinates":[-119.44001,38.87971]},"properties":{"Fire_Name":"PIPELINE","Acres":0.1,"Cause":"Natural","Year":2012}},{"type":"Feature","geometry":{"type":"Point","coordinates":[-119.72031,39.06611]},"properties":{"Fire_Name":"HOT SPRINGS 3","Acres":0.1,"Cause":"Natural","Year":2012}},{"type":"Feature","geometry":{"type":"Point","coordinates":[-119.72079,39.06148]},"properties":{"Fire_Name":"HOT SPRINGS 2","Acres":0.1,"Cause":"Natural","Year":2012}},{"type":"Feature","geometry":{"type":"Point","coordinates":[-119.73171,40.12061]},"properties":{"Fire_Name":"RED LIGHT","Acres":0.4,"Cause":"Natural","Year":2012}},{"type":"Feature","geometry":{"type":"Point","coordinates":[-119.64391,38.88141]},"properties":{"Fire_Name":"WELL 2","Acres":0.1,"Cause":"Natural","Year":2012}},{"type":"Feature","geometry":{"type":"Point","coordinates":[-119.86441,39.62671]},"properties":{"Fire_Name":"DEEP","Acres":131.607747178526,"Cause":"Natural","Year":2012}},{"type":"Feature","geometry":{"type":"Point","coordinates":[-119.87391,39.77191]},"properties":{"Fire_Name":"FREDS MTN","Acres":24.90700545157763,"Cause":"Natural","Year":2012}},{"type":"Feature","geometry":{"type":"Point","coordinates":[-119.78781,39.96971]},"properties":{"Fire_Name":"TULE PEAK","Acres":0.9,"Cause":"Natural","Year":2012}},{"type":"Feature","geometry":{"type":"Point","coordinates":[-119.67526,38.99829]},"properties":{"Fire_Name":"ELDON 2","Acres":2,"Cause":"Natural","Year":2012}},{"type":"Feature","geometry":{"type":"Point","coordinates":[-119.79111,39.75531]},"properties":{"Fire_Name":"ANTELOPE","Acres":2.3,"Cause":"Natural","Year":2012}},{"type":"Feature","geometry":{"type":"Point","coordinates":[-119.69081,39.75611]},"properties":{"Fire_Name":"PYRAMID HWY","Acres":47.582996549680644,"Cause":"Undetermined","Year":2012}},{"type":"Feature","geometry":{"type":"Point","coordinates":[-119.78387,39.63154]},"properties":{"Fire_Name":"LEON","Acres":0.1,"Cause":"Human","Year":2012}},{"type":"Feature","geometry":{"type":"Point","coordinates":[-119.74921,38.79941]},"properties":{"Fire_Name":"EDUCATION","Acres":0.1,"Cause":"Human","Year":2012}},{"type":"Feature","geometry":{"type":"Point","coordinates":[-119.76811,39.85141]},"properties":{"Fire_Name":"DOG PEAK","Acres":0.1,"Cause":"Human","Year":2012}},{"type":"Feature","geometry":{"type":"Point","coordinates":[-119.63941,39.16941]},"properties":{"Fire_Name":"COMO","Acres":768.2983304727,"Cause":"Natural","Year":2012}},{"type":"Feature","geometry":{"type":"Point","coordinates":[-119.58831,39.11971]},"properties":{"Fire_Name":"SULLIVAN","Acres":1,"Cause":"Natural","Year":2012}},{"type":"Feature","geometry":{"type":"Point","coordinates":[-119.76191,39.79471]},"properties":{"Fire_Name":"TOWER","Acres":0.5,"Cause":"Natural","Year":2012}},{"type":"Feature","geometry":{"type":"Point","coordinates":[-119.95751,39.70111]},"properties":{"Fire_Name":"COLD SPRINGS 2","Acres":0.2,"Cause":"Human","Year":2012}},{"type":"Feature","geometry":{"type":"Point","coordinates":[-119.62861,38.83138]},"properties":{"Fire_Name":"CARTER SPRINGS","Acres":3460.1507121648974,"Cause":"Undetermined","Year":2012}},{"type":"Feature","geometry":{"type":"Point","coordinates":[-120.00391,39.93611]},"properties":{"Fire_Name":"SEVEN LAKES","Acres":4.5,"Cause":"Natural","Year":2012}},{"type":"Feature","geometry":{"type":"Point","coordinates":[-119.80971,39.70561]},"properties":{"Fire_Name":"HUNGRY MOUNTAIN","Acres":0.1,"Cause":"Undetermined","Year":2012}},{"type":"Feature","geometry":{"type":"Point","coordinates":[-119.73621,39.56561]},"properties":{"Fire_Name":"VINTAGE HILLS","Acres":0.1,"Cause":"Human","Year":2012}},{"type":"Feature","geometry":{"type":"Point","coordinates":[-119.75781,39.23941]},"properties":{"Fire_Name":"EASTLAKE","Acres":6,"Cause":"Human","Year":2012}},{"type":"Feature","geometry":{"type":"Point","coordinates":[-119.35581,39.59891]},"properties":{"Fire_Name":"PAINTED ROCK","Acres":15,"Cause":"Undetermined","Year":2012}},{"type":"Feature","geometry":{"type":"Point","coordinates":[-119.29221,39.52281]},"properties":{"Fire_Name":"VIRGINIA","Acres":16.3,"Cause":"Undetermined","Year":2012}},{"type":"Feature","geometry":{"type":"Point","coordinates":[-119.74441,39.69751]},"properties":{"Fire_Name":"NUMAGA","Acres":0.1,"Cause":"Undetermined","Year":2012}},{"type":"Feature","geometry":{"type":"Point","coordinates":[-119.66391,39.58891]},"properties":{"Fire_Name":"EAGLE 2","Acres":1,"Cause":"Human","Year":2012}},{"type":"Feature","geometry":{"type":"Point","coordinates":[-119.73659,39.56568]},"properties":{"Fire_Name":"VISTA HEIGHTS","Acres":0.1,"Cause":"Human","Year":2012}},{"type":"Feature","geometry":{"type":"Point","coordinates":[-120.00001,39.67561]},"properties":{"Fire_Name":"COLD SPRINGS","Acres":0.8,"Cause":"Undetermined","Year":2012}},{"type":"Feature","geometry":{"type":"Point","coordinates":[-120.01941,39.88941]},"properties":{"Fire_Name":"SEMI","Acres":0.1,"Cause":"Human","Year":2012}},{"type":"Feature","geometry":{"type":"Point","coordinates":[-119.46171,39.30921]},"properties":{"Fire_Name":"CAROLINE","Acres":2,"Cause":"Undetermined","Year":2012}},{"type":"Feature","geometry":{"type":"Point","coordinates":[-119.37671,39.84941]},"properties":{"Fire_Name":"WINNEMUCCA","Acres":0.5,"Cause":"Human","Year":2012}},{"type":"Feature","geometry":{"type":"Point","coordinates":[-119.59391,39.05721]},"properties":{"Fire_Name":"SUNRISE","Acres":0.1,"Cause":"Human","Year":2012}},{"type":"Feature","geometry":{"type":"Point","coordinates":[-119.28441,39.63971]},"properties":{"Fire_Name":"WADSWORTH","Acres":8.3,"Cause":"Human","Year":2012}},{"type":"Feature","geometry":{"type":"Point","coordinates":[-119.34831,39.80891]},"properties":{"Fire_Name":"VALLEY","Acres":3,"Cause":"Human","Year":2012}},{"type":"Feature","geometry":{"type":"Point","coordinates":[-119.35641,39.38751]},"properties":{"Fire_Name":"STAGECOACH","Acres":12.992660310072871,"Cause":"Human","Year":2012}},{"type":"Feature","geometry":{"type":"Point","coordinates":[-119.60471,39.87581]},"properties":{"Fire_Name":"QUAIL","Acres":5.5,"Cause":"Natural","Year":2012}},{"type":"Feature","geometry":{"type":"Point","coordinates":[-119.25441,39.44331]},"properties":{"Fire_Name":"RUBY","Acres":6,"Cause":"Natural","Year":2012}},{"type":"Feature","geometry":{"type":"Point","coordinates":[-119.59251,39.20391]},"properties":{"Fire_Name":"RICKEY","Acres":0.1,"Cause":"Natural","Year":2012}},{"type":"Feature","geometry":{"type":"Point","coordinates":[-119.69191,39.06441]},"properties":{"Fire_Name":"HOT SPRINGS","Acres":0.1,"Cause":"Natural","Year":2012}},{"type":"Feature","geometry":{"type":"Point","coordinates":[-119.62441,39.01081]},"properties":{"Fire_Name":"UHALBI","Acres":0.1,"Cause":"Natural","Year":2012}},{"type":"Feature","geometry":{"type":"Point","coordinates":[-119.62941,39.03831]},"properties":{"Fire_Name":"JUNIPER","Acres":0.1,"Cause":"Natural","Year":2012}},{"type":"Feature","geometry":{"type":"Point","coordinates":[-119.65811,39.99111]},"properties":{"Fire_Name":"ELDON","Acres":4,"Cause":"Natural","Year":2012}},{"type":"Feature","geometry":{"type":"Point","coordinates":[-119.61581,39.07221]},"properties":{"Fire_Name":"WILLIAMS","Acres":0.1,"Cause":"Natural","Year":2012}},{"type":"Feature","geometry":{"type":"Point","coordinates":[-119.61641,39.07581]},"properties":{"Fire_Name":"WILLIAMS 2","Acres":0.1,"Cause":"Natural","Year":2012}},{"type":"Feature","geometry":{"type":"Point","coordinates":[-119.28311,39.64221]},"properties":{"Fire_Name":"JAMES RANCH","Acres":2,"Cause":"Human","Year":2012}},{"type":"Feature","geometry":{"type":"Point","coordinates":[-119.52751,39.83421]},"properties":{"Fire_Name":"EAGLE ST","Acres":2,"Cause":"Human","Year":2012}},{"type":"Feature","geometry":{"type":"Point","coordinates":[-119.76501,39.66751]},"properties":{"Fire_Name":"EAGLE","Acres":2,"Cause":"Human","Year":2012}},{"type":"Feature","geometry":{"type":"Point","coordinates":[-119.60391,39.21331]},"properties":{"Fire_Name":"OVERLAND","Acres":0.1,"Cause":"Human","Year":2012}},{"type":"Feature","geometry":{"type":"Point","coordinates":[-119.96531,39.70831]},"properties":{"Fire_Name":"MUD SPRINGS","Acres":56.38959121040428,"Cause":"Human","Year":2012}},{"type":"Feature","geometry":{"type":"Point","coordinates":[-119.13671,39.42531]},"properties":{"Fire_Name":"HIGHWAY 50","Acres":94.30736652139475,"Cause":"Undetermined","Year":2012}},{"type":"Feature","geometry":{"type":"Point","coordinates":[-119.78001,39.82971]},"properties":{"Fire_Name":"MOON ROCKS","Acres":2,"Cause":"Human","Year":2012}},{"type":"Feature","geometry":{"type":"Point","coordinates":[-119.61721,39.65531]},"properties":{"Fire_Name":"PYRENEES","Acres":0.3,"Cause":"Undetermined","Year":2012}},{"type":"Feature","geometry":{"type":"Point","coordinates":[-119.63391,38.87391]},"properties":{"Fire_Name":"PREACHER","Acres":1075.2336261858306,"Cause":"Natural","Year":2012}},{"type":"Feature","geometry":{"type":"Point","coordinates":[-119.78111,39.67561]},"properties":{"Fire_Name":"CHICKADEE","Acres":0.1,"Cause":"Human","Year":2012}},{"type":"Feature","geometry":{"type":"Point","coordinates":[-119.66921,38.97281]},"properties":{"Fire_Name":"BUCKEYE","Acres":0.1,"Cause":"Human","Year":2012}},{"type":"Feature","geometry":{"type":"Point","coordinates":[-119.62561,39.04081]},"properties":{"Fire_Name":"SUNSET","Acres":0.1,"Cause":"Human","Year":2012}},{"type":"Feature","geometry":{"type":"Point","coordinates":[-119.69331,39.18171]},"properties":{"Fire_Name":"RIVER CAMP","Acres":0.1,"Cause":"Human","Year":2012}},{"type":"Feature","geometry":{"type":"Point","coordinates":[-119.68001,39.17391]},"properties":{"Fire_Name":"RIVER CAMP 2","Acres":0.1,"Cause":"Human","Year":2012}},{"type":"Feature","geometry":{"type":"Point","coordinates":[-119.63561,39.84971]},"properties":{"Fire_Name":"RAY MAY 2","Acres":41.9259520878422,"Cause":"Natural","Year":2012}},{"type":"Feature","geometry":{"type":"Point","coordinates":[-119.36941,39.83581]},"properties":{"Fire_Name":"RIVER BEND","Acres":10.863064831203783,"Cause":"Natural","Year":2012}},{"type":"Feature","geometry":{"type":"Point","coordinates":[-119.21611,39.20971]},"properties":{"Fire_Name":"WEEKS","Acres":3864.4217277780444,"Cause":"Natural","Year":2012}},{"type":"Feature","geometry":{"type":"Point","coordinates":[-119.78811,39.59811]},"properties":{"Fire_Name":"CHOCOLATE","Acres":0.1,"Cause":"Human","Year":2012}},{"type":"Feature","geometry":{"type":"Point","coordinates":[-119.76441,39.45081]},"properties":{"Fire_Name":"HILLVIEW TERRACE","Acres":6.8,"Cause":"Human","Year":2012}},{"type":"Feature","geometry":{"type":"Point","coordinates":[-119.76141,39.59111]},"properties":{"Fire_Name":"FLORA","Acres":0.1,"Cause":"Human","Year":2012}},{"type":"Feature","geometry":{"type":"Point","coordinates":[-119.30391,39.61171]},"properties":{"Fire_Name":"BIG BEND","Acres":0.1,"Cause":"Undetermined","Year":2012}},{"type":"Feature","geometry":{"type":"Point","coordinates":[-119.50891,39.25891]},"properties":{"Fire_Name":"BULLION","Acres":0.1,"Cause":"Human","Year":2012}},{"type":"Feature","geometry":{"type":"Point","coordinates":[-119.77141,39.67721]},"properties":{"Fire_Name":"HUNGRY VALLEY","Acres":0.3,"Cause":"Human","Year":2012}},{"type":"Feature","geometry":{"type":"Point","coordinates":[-119.78281,39.28471]},"properties":{"Fire_Name":"LYON","Acres":5,"Cause":"Human","Year":2012}},{"type":"Feature","geometry":{"type":"Point","coordinates":[-119.36471,40.03043]},"properties":{"Fire_Name":"HELEN","Acres":0.1,"Cause":"Natural","Year":2012}},{"type":"Feature","geometry":{"type":"Point","coordinates":[-119.4855,39.19566]},"properties":{"Fire_Name":"WASHOE","Acres":0.1,"Cause":"Human","Year":2012}},{"type":"Feature","geometry":{"type":"Point","coordinates":[-119.26221,39.29281]},"properties":{"Fire_Name":"GOOSEBERRY","Acres":0.1,"Cause":"Natural","Year":2012}},{"type":"Feature","geometry":{"type":"Point","coordinates":[-119.7964,39.41695]},"properties":{"Fire_Name":"OVERLAND","Acres":0.1,"Cause":"Human","Year":2012}},{"type":"Feature","geometry":{"type":"Point","coordinates":[-119.81224,39.58945]},"properties":{"Fire_Name":"PANTHER","Acres":0.1,"Cause":"Human","Year":2012}},{"type":"Feature","geometry":{"type":"Point","coordinates":[-119.85501,39.58001]},"properties":{"Fire_Name":"QUEEN","Acres":0.1,"Cause":"Human","Year":2012}},{"type":"Feature","geometry":{"type":"Point","coordinates":[-119.85807,39.47223]},"properties":{"Fire_Name":"RANGE","Acres":0.1,"Cause":"Human","Year":2012}},{"type":"Feature","geometry":{"type":"Point","coordinates":[-119.67446,39.79028]},"properties":{"Fire_Name":"BARTH","Acres":0.1,"Cause":"Human","Year":2012}},{"type":"Feature","geometry":{"type":"Point","coordinates":[-119.93612,39.19306]},"properties":{"Fire_Name":"MILLER","Acres":0.1,"Cause":"Natural","Year":2012}},{"type":"Feature","geometry":{"type":"Point","coordinates":[-119.9689,39.94945]},"properties":{"Fire_Name":"DRY","Acres":0.1,"Cause":"Human","Year":2012}},{"type":"Feature","geometry":{"type":"Point","coordinates":[-119.15779,39.19306]},"properties":{"Fire_Name":"MASON VALLEY WMA","Acres":0.25,"Cause":"Natural","Year":2012}},{"type":"Feature","geometry":{"type":"Point","coordinates":[-119.89821,39.23171]},"properties":{"Fire_Name":"LITTLE VALLEY9","Acres":0.1,"Cause":"Human","Year":2012}},{"type":"Feature","geometry":{"type":"Point","coordinates":[-119.20501,39.39931]},"properties":{"Fire_Name":"LAHONTON","Acres":0.1,"Cause":"Human","Year":2012}},{"type":"Feature","geometry":{"type":"Point","coordinates":[-119.8714,39.77362]},"properties":{"Fire_Name":"FRED'S MTN","Acres":0.1,"Cause":"Human","Year":2012}},{"type":"Feature","geometry":{"type":"Point","coordinates":[-119.74311,39.97611]},"properties":{"Fire_Name":"TULE PEAK","Acres":0.1,"Cause":"Human","Year":2012}},{"type":"Feature","geometry":{"type":"Point","coordinates":[-119.62085,39.40362]},"properties":{"Fire_Name":"WOLF","Acres":0.1,"Cause":"Natural","Year":2012}},{"type":"Feature","geometry":{"type":"Point","coordinates":[-119.9039,39.35612]},"properties":{"Fire_Name":"PONY EXPRESS (HWY 395)","Acres":34,"Cause":"Human","Year":2012}},{"type":"Feature","geometry":{"type":"Point","coordinates":[-119.72921,39.38881]},"properties":{"Fire_Name":"RON","Acres":0.1,"Cause":"Human","Year":2012}},{"type":"Feature","geometry":{"type":"Point","coordinates":[-119.64981,39.30021]},"properties":{"Fire_Name":"A STREET","Acres":0.1,"Cause":"Human","Year":2012}},{"type":"Feature","geometry":{"type":"Point","coordinates":[-119.76941,39.35911]},"properties":{"Fire_Name":"EATON & PLEASANT VALLEY ASSIST","Acres":0.1,"Cause":"Human","Year":2012}},{"type":"Feature","geometry":{"type":"Point","coordinates":[-119.42224,39.58723]},"properties":{"Fire_Name":"CANAL: NV-NWS-030581","Acres":1,"Cause":"Human","Year":2012}},{"type":"Feature","geometry":{"type":"Point","coordinates":[-120.00168,39.50834]},"properties":{"Fire_Name":"HILL:NV-HTF-030593","Acres":0.1,"Cause":"Human","Year":2012}},{"type":"Feature","geometry":{"type":"Point","coordinates":[-120.03476,39.4242]},"properties":{"Fire_Name":"WB I80 AT FARAD CDF_TRUCK","Acres":1,"Cause":"Undetermined","Year":2012}},{"type":"Feature","geometry":{"type":"Point","coordinates":[-120.00705,39.30137]},"properties":{"Fire_Name":"JUNIPER","Acres":0.1,"Cause":"Human","Year":2012}},{"type":"Feature","geometry":{"type":"Point","coordinates":[-120.02538,39.39454]},"properties":{"Fire_Name":"FLORISTON","Acres":1,"Cause":"Human","Year":2012}},{"type":"Feature","geometry":{"type":"Point","coordinates":[-120.08288,39.38387]},"properties":{"Fire_Name":"HIRSCHDALE","Acres":0.2,"Cause":"Natural","Year":2012}},{"type":"Feature","geometry":{"type":"Point","coordinates":[-120.07236,39.36468]},"properties":{"Fire_Name":"HIRSHDALE","Acres":0.1,"Cause":"Human","Year":2012}},{"type":"Feature","geometry":{"type":"Point","coordinates":[-120.07029,39.26112]},"properties":{"Fire_Name":"BROCKWAY","Acres":0.1,"Cause":"Undetermined","Year":2012}},{"type":"Feature","geometry":{"type":"Point","coordinates":[-119.94911,39.01111]},"properties":{"Fire_Name":"ZEPHYR","Acres":0.1,"Cause":"Undetermined","Year":2015}},{"type":"Feature","geometry":{"type":"Point","coordinates":[-119.75001,39.98609]},"properties":{"Fire_Name":"Winnemucca","Acres":0.2,"Cause":"Undetermined","Year":2015}},{"type":"Feature","geometry":{"type":"Point","coordinates":[-119.22603,38.8097]},"properties":{"Fire_Name":"Wilson Canyon","Acres":0.1,"Cause":"Human","Year":2015}},{"type":"Feature","geometry":{"type":"Point","coordinates":[-119.22841,38.81074]},"properties":{"Fire_Name":"Wilson Campfire 2","Acres":0.1,"Cause":"Human","Year":2015}},{"type":"Feature","geometry":{"type":"Point","coordinates":[-119.22633,38.81074]},"properties":{"Fire_Name":"Wilson Campfire","Acres":0.1,"Cause":"Human","Year":2015}},{"type":"Feature","geometry":{"type":"Point","coordinates":[-119.12202,39.09113]},"properties":{"Fire_Name":"Wildlife","Acres":8.6,"Cause":"Undetermined","Year":2015}},{"type":"Feature","geometry":{"type":"Point","coordinates":[-119.88374,39.97028]},"properties":{"Fire_Name":"Wildcat","Acres":1,"Cause":"Undetermined","Year":2015}},{"type":"Feature","geometry":{"type":"Point","coordinates":[-119.54432,39.67969]},"properties":{"Fire_Name":"Wilcox","Acres":0.1,"Cause":"Natural","Year":2015}},{"type":"Feature","geometry":{"type":"Point","coordinates":[-119.91023,39.50013]},"properties":{"Fire_Name":"White Fir","Acres":106.77861987207442,"Cause":"Human","Year":2015}},{"type":"Feature","geometry":{"type":"Point","coordinates":[-119.70204,40.07532]},"properties":{"Fire_Name":"Wheaties","Acres":0.1,"Cause":"Undetermined","Year":2015}},{"type":"Feature","geometry":{"type":"Point","coordinates":[-119.2419,39.28473]},"properties":{"Fire_Name":"Weeks","Acres":0.3,"Cause":"Human","Year":2015}},{"type":"Feature","geometry":{"type":"Point","coordinates":[-119.85713,39.06708]},"properties":{"Fire_Name":"Water","Acres":0.1,"Cause":"Undetermined","Year":2015}},{"type":"Feature","geometry":{"type":"Point","coordinates":[-119.94392,39.02533]},"properties":{"Fire_Name":"WARRIOR","Acres":0.1,"Cause":"Undetermined","Year":2015}},{"type":"Feature","geometry":{"type":"Point","coordinates":[-119.89601,39.45789]},"properties":{"Fire_Name":"Upper Alum","Acres":0.1,"Cause":"Undetermined","Year":2015}},{"type":"Feature","geometry":{"type":"Point","coordinates":[-119.99904,40.07569]},"properties":{"Fire_Name":"Turtle Mountain","Acres":3.5,"Cause":"Natural","Year":2015}},{"type":"Feature","geometry":{"type":"Point","coordinates":[-120.17152,39.54889]},"properties":{"Fire_Name":"TROSI","Acres":0.1,"Cause":"Undetermined","Year":2015}},{"type":"Feature","geometry":{"type":"Point","coordinates":[-119.95509,38.80109]},"properties":{"Fire_Name":"THOMPSON","Acres":0.1,"Cause":"Undetermined","Year":2015}},{"type":"Feature","geometry":{"type":"Point","coordinates":[-119.90114,39.11213]},"properties":{"Fire_Name":"Summit","Acres":0.1,"Cause":"Undetermined","Year":2015}},{"type":"Feature","geometry":{"type":"Point","coordinates":[-119.85359,38.89991]},"properties":{"Fire_Name":"Stutler","Acres":0.3,"Cause":"Undetermined","Year":2015}},{"type":"Feature","geometry":{"type":"Point","coordinates":[-119.50783,39.00928]},"properties":{"Fire_Name":"Stockyard","Acres":0.3,"Cause":"Natural","Year":2015}},{"type":"Feature","geometry":{"type":"Point","coordinates":[-119.76051,39.11231]},"properties":{"Fire_Name":"STEWART","Acres":1,"Cause":"Human","Year":2015}},{"type":"Feature","geometry":{"type":"Point","coordinates":[-119.3614,39.83588]},"properties":{"Fire_Name":"STATE ROUTE 447 MM32","Acres":0.1,"Cause":"Undetermined","Year":2015}},{"type":"Feature","geometry":{"type":"Point","coordinates":[-120.09492,39.37531]},"properties":{"Fire_Name":"STALLION","Acres":0.1,"Cause":"Undetermined","Year":2015}},{"type":"Feature","geometry":{"type":"Point","coordinates":[-120.17213,39.90449]},"properties":{"Fire_Name":"SPRINGS","Acres":0.1,"Cause":"Undetermined","Year":2015}},{"type":"Feature","geometry":{"type":"Point","coordinates":[-119.90443,39.60108]},"properties":{"Fire_Name":"SPOONER","Acres":0.1,"Cause":"Undetermined","Year":2015}},{"type":"Feature","geometry":{"type":"Point","coordinates":[-119.9145,39.13788]},"properties":{"Fire_Name":"SNOW","Acres":0.3,"Cause":"Undetermined","Year":2015}},{"type":"Feature","geometry":{"type":"Point","coordinates":[-120.13539,39.81513]},"properties":{"Fire_Name":"SNOW","Acres":0.1,"Cause":"Undetermined","Year":2015}},{"type":"Feature","geometry":{"type":"Point","coordinates":[-119.50172,38.96692]},"properties":{"Fire_Name":"Slater","Acres":0.1,"Cause":"Undetermined","Year":2015}},{"type":"Feature","geometry":{"type":"Point","coordinates":[-119.25801,39.44111]},"properties":{"Fire_Name":"SILVER","Acres":0.1,"Cause":"Undetermined","Year":2015}},{"type":"Feature","geometry":{"type":"Point","coordinates":[-119.9817,38.91169]},"properties":{"Fire_Name":"SIERRA","Acres":0.1,"Cause":"Undetermined","Year":2015}},{"type":"Feature","geometry":{"type":"Point","coordinates":[-119.95411,39.94092]},"properties":{"Fire_Name":"SEVEN LAKES","Acres":0.1,"Cause":"Undetermined","Year":2015}},{"type":"Feature","geometry":{"type":"Point","coordinates":[-119.9322,39.14893]},"properties":{"Fire_Name":"SECRET","Acres":0.1,"Cause":"Undetermined","Year":2015}},{"type":"Feature","geometry":{"type":"Point","coordinates":[-119.8249,39.44288]},"properties":{"Fire_Name":"Schellbourne","Acres":4.1,"Cause":"Undetermined","Year":2015}},{"type":"Feature","geometry":{"type":"Point","coordinates":[-119.71773,38.8697]},"properties":{"Fire_Name":"SAND PITS","Acres":0.1,"Cause":"Undetermined","Year":2015}},{"type":"Feature","geometry":{"type":"Point","coordinates":[-119.40211,39.6615]},"properties":{"Fire_Name":"Saddle","Acres":0.1,"Cause":"Natural","Year":2015}},{"type":"Feature","geometry":{"type":"Point","coordinates":[-120.14021,39.44031]},"properties":{"Fire_Name":"RUSSEL","Acres":1,"Cause":"Undetermined","Year":2015}},{"type":"Feature","geometry":{"type":"Point","coordinates":[-119.9322,39.46052]},"properties":{"Fire_Name":"Rose","Acres":0.1,"Cause":"Undetermined","Year":2015}},{"type":"Feature","geometry":{"type":"Point","coordinates":[-120.1288,39.97333]},"properties":{"Fire_Name":"ROBINSON","Acres":0.1,"Cause":"Undetermined","Year":2015}},{"type":"Feature","geometry":{"type":"Point","coordinates":[-119.34852,39.81128]},"properties":{"Fire_Name":"Riverbend","Acres":1.5,"Cause":"Human","Year":2015}},{"type":"Feature","geometry":{"type":"Point","coordinates":[-119.6747,39.1695]},"properties":{"Fire_Name":"River","Acres":0.1,"Cause":"Human","Year":2015}},{"type":"Feature","geometry":{"type":"Point","coordinates":[-119.89009,39.75428]},"properties":{"Fire_Name":"Red Rock","Acres":0.1,"Cause":"Undetermined","Year":2015}},{"type":"Feature","geometry":{"type":"Point","coordinates":[-119.88252,39.90168]},"properties":{"Fire_Name":"Rancho","Acres":0.4,"Cause":"Human","Year":2015}},{"type":"Feature","geometry":{"type":"Point","coordinates":[-119.94862,40.0387]},"properties":{"Fire_Name":"Quail 2","Acres":0.1,"Cause":"Undetermined","Year":2015}},{"type":"Feature","geometry":{"type":"Point","coordinates":[-119.93812,40.0387]},"properties":{"Fire_Name":"Quail","Acres":0.5,"Cause":"Natural","Year":2015}},{"type":"Feature","geometry":{"type":"Point","coordinates":[-120.13081,39.4079]},"properties":{"Fire_Name":"PROSSER","Acres":0.1,"Cause":"Undetermined","Year":2015}},{"type":"Feature","geometry":{"type":"Point","coordinates":[-119.73451,39.15009]},"properties":{"Fire_Name":"Prison Hill","Acres":0.1,"Cause":"Undetermined","Year":2015}},{"type":"Feature","geometry":{"type":"Point","coordinates":[-119.73329,39.9065]},"properties":{"Fire_Name":"Prader 2","Acres":0.1,"Cause":"Natural","Year":2015}},{"type":"Feature","geometry":{"type":"Point","coordinates":[-119.72084,39.90412]},"properties":{"Fire_Name":"Prader","Acres":0.1,"Cause":"Undetermined","Year":2015}},{"type":"Feature","geometry":{"type":"Point","coordinates":[-119.61549,39.02088]},"properties":{"Fire_Name":"Power Line","Acres":0.1,"Cause":"Undetermined","Year":2015}},{"type":"Feature","geometry":{"type":"Point","coordinates":[-120.03309,38.93409]},"properties":{"Fire_Name":"POPE","Acres":0.1,"Cause":"Undetermined","Year":2015}},{"type":"Feature","geometry":{"type":"Point","coordinates":[-120.03242,38.93512]},"properties":{"Fire_Name":"POPE","Acres":0.1,"Cause":"Undetermined","Year":2015}},{"type":"Feature","geometry":{"type":"Point","coordinates":[-120.14772,40.06208]},"properties":{"Fire_Name":"PICKENS","Acres":0.1,"Cause":"Undetermined","Year":2015}},{"type":"Feature","geometry":{"type":"Point","coordinates":[-119.98451,39.85071]},"properties":{"Fire_Name":"Petersen 2","Acres":1.5,"Cause":"Natural","Year":2015}},{"type":"Feature","geometry":{"type":"Point","coordinates":[-119.98689,39.84668]},"properties":{"Fire_Name":"Petersen","Acres":1.3,"Cause":"Natural","Year":2015}},{"type":"Feature","geometry":{"type":"Point","coordinates":[-119.8849,39.01533]},"properties":{"Fire_Name":"Peak","Acres":0.1,"Cause":"Undetermined","Year":2015}},{"type":"Feature","geometry":{"type":"Point","coordinates":[-120.00581,38.79688]},"properties":{"Fire_Name":"PASS","Acres":0.1,"Cause":"Undetermined","Year":2015}},{"type":"Feature","geometry":{"type":"Point","coordinates":[-120.00471,38.79169]},"properties":{"Fire_Name":"PASS","Acres":0.1,"Cause":"Undetermined","Year":2015}},{"type":"Feature","geometry":{"type":"Point","coordinates":[-119.65474,38.88569]},"properties":{"Fire_Name":"PALOMINO","Acres":0.1,"Cause":"Natural","Year":2015}},{"type":"Feature","geometry":{"type":"Point","coordinates":[-119.72273,39.94373]},"properties":{"Fire_Name":"Paiute","Acres":0.5,"Cause":"Natural","Year":2015}},{"type":"Feature","geometry":{"type":"Point","coordinates":[-119.42732,39.6579]},"properties":{"Fire_Name":"Olinghouse","Acres":0.1,"Cause":"Natural","Year":2015}},{"type":"Feature","geometry":{"type":"Point","coordinates":[-120.17531,40.09571]},"properties":{"Fire_Name":"OLD HIGHWAY","Acres":0.1,"Cause":"Undetermined","Year":2015}},{"type":"Feature","geometry":{"type":"Point","coordinates":[-120.27583,39.99109]},"properties":{"Fire_Name":"NORTH FORK","Acres":0.5,"Cause":"Undetermined","Year":2015}},{"type":"Feature","geometry":{"type":"Point","coordinates":[-119.42793,39.83191]},"properties":{"Fire_Name":"NIXON","Acres":144.37105161177064,"Cause":"Human","Year":2015}},{"type":"Feature","geometry":{"type":"Point","coordinates":[-119.93971,38.97309]},"properties":{"Fire_Name":"NEVADA","Acres":0.1,"Cause":"Undetermined","Year":2015}},{"type":"Feature","geometry":{"type":"Point","coordinates":[-119.74952,39.87409]},"properties":{"Fire_Name":"Moonrocks","Acres":0.1,"Cause":"Natural","Year":2015}},{"type":"Feature","geometry":{"type":"Point","coordinates":[-119.29652,39.61591]},"properties":{"Fire_Name":"MM44","Acres":0.1,"Cause":"Human","Year":2015}},{"type":"Feature","geometry":{"type":"Point","coordinates":[-120.02974,39.57209]},"properties":{"Fire_Name":"MITCHELL CANYON","Acres":0.1,"Cause":"Undetermined","Year":2015}},{"type":"Feature","geometry":{"type":"Point","coordinates":[-120.05372,39.47852]},"properties":{"Fire_Name":"MILL","Acres":0.1,"Cause":"Undetermined","Year":2015}},{"type":"Feature","geometry":{"type":"Point","coordinates":[-119.70692,39.25788]},"properties":{"Fire_Name":"MCCLELLAN PEAK F/A","Acres":0.1,"Cause":"Undetermined","Year":2015}},{"type":"Feature","geometry":{"type":"Point","coordinates":[-119.8343,39.67231]},"properties":{"Fire_Name":"Matterhorn 2","Acres":0.1,"Cause":"Undetermined","Year":2015}},{"type":"Feature","geometry":{"type":"Point","coordinates":[-119.83351,39.70789]},"properties":{"Fire_Name":"Matterhorn 1","Acres":0.1,"Cause":"Undetermined","Year":2015}},{"type":"Feature","geometry":{"type":"Point","coordinates":[-119.91884,39.04712]},"properties":{"Fire_Name":"MALLARD","Acres":0.3,"Cause":"Undetermined","Year":2015}},{"type":"Feature","geometry":{"type":"Point","coordinates":[-120.00471,38.79609]},"properties":{"Fire_Name":"LUTHER","Acres":0.1,"Cause":"Undetermined","Year":2015}},{"type":"Feature","geometry":{"type":"Point","coordinates":[-120.22084,39.66871]},"properties":{"Fire_Name":"LOYALTON","Acres":0.1,"Cause":"Undetermined","Year":2015}},{"type":"Feature","geometry":{"type":"Point","coordinates":[-119.75514,39.83252]},"properties":{"Fire_Name":"Lower Moonrocks","Acres":0.1,"Cause":"Human","Year":2015}},{"type":"Feature","geometry":{"type":"Point","coordinates":[-119.86891,39.46351]},"properties":{"Fire_Name":"Lower Alum","Acres":1.9,"Cause":"Undetermined","Year":2015}},{"type":"Feature","geometry":{"type":"Point","coordinates":[-119.41261,39.65491]},"properties":{"Fire_Name":"Little Rock","Acres":0.1,"Cause":"Natural","Year":2015}},{"type":"Feature","geometry":{"type":"Point","coordinates":[-119.70381,39.74671]},"properties":{"Fire_Name":"Little Dog","Acres":0.3,"Cause":"Natural","Year":2015}},{"type":"Feature","geometry":{"type":"Point","coordinates":[-119.27772,39.63593]},"properties":{"Fire_Name":"Lincoln","Acres":0.1,"Cause":"Undetermined","Year":2015}},{"type":"Feature","geometry":{"type":"Point","coordinates":[-119.81453,39.70069]},"properties":{"Fire_Name":"Lemon","Acres":0.1,"Cause":"Undetermined","Year":2015}},{"type":"Feature","geometry":{"type":"Point","coordinates":[-119.1833,39.90033]},"properties":{"Fire_Name":"LEE SUMMIT","Acres":0.1,"Cause":"Undetermined","Year":2015}},{"type":"Feature","geometry":{"type":"Point","coordinates":[-120.11439,40.06373]},"properties":{"Fire_Name":"LAVER","Acres":0.1,"Cause":"Human","Year":2015}},{"type":"Feature","geometry":{"type":"Point","coordinates":[-119.89003,38.87732]},"properties":{"Fire_Name":"LAKE","Acres":0.1,"Cause":"Undetermined","Year":2015}},{"type":"Feature","geometry":{"type":"Point","coordinates":[-120.04652,39.47248]},"properties":{"Fire_Name":"LADYBUG","Acres":0.1,"Cause":"Undetermined","Year":2015}},{"type":"Feature","geometry":{"type":"Point","coordinates":[-120.00783,39.26008]},"properties":{"Fire_Name":"KING","Acres":0.5,"Cause":"Undetermined","Year":2015}},{"type":"Feature","geometry":{"type":"Point","coordinates":[-119.9441,38.94373]},"properties":{"Fire_Name":"KELLER","Acres":0.1,"Cause":"Undetermined","Year":2015}},{"type":"Feature","geometry":{"type":"Point","coordinates":[-120.29182,40.04828]},"properties":{"Fire_Name":"JORDAN","Acres":0.1,"Cause":"Undetermined","Year":2015}},{"type":"Feature","geometry":{"type":"Point","coordinates":[-119.83662,38.87513]},"properties":{"Fire_Name":"JOBS","Acres":0.1,"Cause":"Undetermined","Year":2015}},{"type":"Feature","geometry":{"type":"Point","coordinates":[-119.85261,39.08332]},"properties":{"Fire_Name":"Jacks","Acres":0.3,"Cause":"Undetermined","Year":2015}},{"type":"Feature","geometry":{"type":"Point","coordinates":[-119.99861,38.85029]},"properties":{"Fire_Name":"IROQOUIS","Acres":0.1,"Cause":"Undetermined","Year":2015}},{"type":"Feature","geometry":{"type":"Point","coordinates":[-119.5403,39.91291]},"properties":{"Fire_Name":"Indian Head","Acres":0.1,"Cause":"Human","Year":2015}},{"type":"Feature","geometry":{"type":"Point","coordinates":[-119.9275,39.29529]},"properties":{"Fire_Name":"INCLINE","Acres":0.1,"Cause":"Undetermined","Year":2015}},{"type":"Feature","geometry":{"type":"Point","coordinates":[-120.1747,39.71528]},"properties":{"Fire_Name":"INA","Acres":0.1,"Cause":"Undetermined","Year":2015}},{"type":"Feature","geometry":{"type":"Point","coordinates":[-119.54371,39.1435]},"properties":{"Fire_Name":"Illinois","Acres":0.1,"Cause":"Natural","Year":2015}},{"type":"Feature","geometry":{"type":"Point","coordinates":[-119.43373,39.58948]},"properties":{"Fire_Name":"I-80","Acres":0.3,"Cause":"Human","Year":2015}},{"type":"Feature","geometry":{"type":"Point","coordinates":[-120.1186,39.35731]},"properties":{"Fire_Name":"GLENSHIRE","Acres":0.1,"Cause":"Undetermined","Year":2015}},{"type":"Feature","geometry":{"type":"Point","coordinates":[-119.89753,39.0893]},"properties":{"Fire_Name":"GENOA","Acres":0.1,"Cause":"Undetermined","Year":2015}},{"type":"Feature","geometry":{"type":"Point","coordinates":[-119.6949,39.39112]},"properties":{"Fire_Name":"Geiger","Acres":0.1,"Cause":"Undetermined","Year":2015}},{"type":"Feature","geometry":{"type":"Point","coordinates":[-119.95393,40.04871]},"properties":{"Fire_Name":"Ft. Sage","Acres":296.58182749748966,"Cause":"Natural","Year":2015}},{"type":"Feature","geometry":{"type":"Point","coordinates":[-119.33723,39.59791]},"properties":{"Fire_Name":"FROSDICK","Acres":35,"Cause":"Human","Year":2015}},{"type":"Feature","geometry":{"type":"Point","coordinates":[-120.04359,39.39332]},"properties":{"Fire_Name":"FLORISTON","Acres":0.1,"Cause":"Undetermined","Year":2015}},{"type":"Feature","geometry":{"type":"Point","coordinates":[-119.81441,38.86451]},"properties":{"Fire_Name":"Faye","Acres":0.1,"Cause":"Natural","Year":2015}},{"type":"Feature","geometry":{"type":"Point","coordinates":[-120.16639,39.71473]},"properties":{"Fire_Name":"ELEPHANT","Acres":0.1,"Cause":"Undetermined","Year":2015}},{"type":"Feature","geometry":{"type":"Point","coordinates":[-119.59401,39.17792]},"properties":{"Fire_Name":"El Dorado","Acres":0.1,"Cause":"Natural","Year":2015}},{"type":"Feature","geometry":{"type":"Point","coordinates":[-120.03169,38.82508]},"properties":{"Fire_Name":"ECHO","Acres":0.1,"Cause":"Undetermined","Year":2015}},{"type":"Feature","geometry":{"type":"Point","coordinates":[-119.7671,39.66309]},"properties":{"Fire_Name":"Eagle Canyon","Acres":17.03250470680005,"Cause":"Human","Year":2015}},{"type":"Feature","geometry":{"type":"Point","coordinates":[-120.01661,39.9715]},"properties":{"Fire_Name":"DRY VALLEY","Acres":0.1,"Cause":"Undetermined","Year":2015}},{"type":"Feature","geometry":{"type":"Point","coordinates":[-119.14912,39.3335]},"properties":{"Fire_Name":"Dry Lake","Acres":0.8,"Cause":"Undetermined","Year":2015}},{"type":"Feature","geometry":{"type":"Point","coordinates":[-120.14833,40.0171]},"properties":{"Fire_Name":"DOYLE GRADE","Acres":0.1,"Cause":"Undetermined","Year":2015}},{"type":"Feature","geometry":{"type":"Point","coordinates":[-120.11781,40.01789]},"properties":{"Fire_Name":"DOYLE","Acres":0.1,"Cause":"Human","Year":2015}},{"type":"Feature","geometry":{"type":"Point","coordinates":[-120.19264,40.02033]},"properties":{"Fire_Name":"DOWNING","Acres":1.5,"Cause":"Natural","Year":2015}},{"type":"Feature","geometry":{"type":"Point","coordinates":[-120.1728,39.65369]},"properties":{"Fire_Name":"DODGE","Acres":0.1,"Cause":"Undetermined","Year":2015}},{"type":"Feature","geometry":{"type":"Point","coordinates":[-120.07722,39.7273]},"properties":{"Fire_Name":"Dexter","Acres":0.3,"Cause":"Undetermined","Year":2015}},{"type":"Feature","geometry":{"type":"Point","coordinates":[-120.02522,39.24671]},"properties":{"Fire_Name":"DEER","Acres":0.1,"Cause":"Undetermined","Year":2015}},{"type":"Feature","geometry":{"type":"Point","coordinates":[-119.41139,38.8473]},"properties":{"Fire_Name":"Day","Acres":0.1,"Cause":"Natural","Year":2015}},{"type":"Feature","geometry":{"type":"Point","coordinates":[-119.35841,39.80811]},"properties":{"Fire_Name":"Cottonwood 2","Acres":0.1,"Cause":"Human","Year":2015}},{"type":"Feature","geometry":{"type":"Point","coordinates":[-119.35499,39.80213]},"properties":{"Fire_Name":"COTTONWOOD","Acres":0.1,"Cause":"Human","Year":2015}},{"type":"Feature","geometry":{"type":"Point","coordinates":[-119.78743,39.38648]},"properties":{"Fire_Name":"Cottontail","Acres":0.1,"Cause":"Undetermined","Year":2015}},{"type":"Feature","geometry":{"type":"Point","coordinates":[-119.27101,39.5879]},"properties":{"Fire_Name":"Copper","Acres":0.1,"Cause":"Undetermined","Year":2015}},{"type":"Feature","geometry":{"type":"Point","coordinates":[-120.06093,39.91791]},"properties":{"Fire_Name":"CONSTANTIA","Acres":0.1,"Cause":"Undetermined","Year":2015}},{"type":"Feature","geometry":{"type":"Point","coordinates":[-119.9745,39.74268]},"properties":{"Fire_Name":"Cold Springs View","Acres":93.88590544268818,"Cause":"Human","Year":2015}},{"type":"Feature","geometry":{"type":"Point","coordinates":[-119.60243,38.9347]},"properties":{"Fire_Name":"Chuckar","Acres":0.1,"Cause":"Undetermined","Year":2015}},{"type":"Feature","geometry":{"type":"Point","coordinates":[-119.72969,38.85431]},"properties":{"Fire_Name":"CHINA SPRINGS","Acres":0.1,"Cause":"Undetermined","Year":2015}},{"type":"Feature","geometry":{"type":"Point","coordinates":[-120.18941,39.8537]},"properties":{"Fire_Name":"CHILCOOT","Acres":0.5,"Cause":"Undetermined","Year":2015}},{"type":"Feature","geometry":{"type":"Point","coordinates":[-119.00874,39.48993]},"properties":{"Fire_Name":"Carson Highway","Acres":0.1,"Cause":"Human","Year":2015}},{"type":"Feature","geometry":{"type":"Point","coordinates":[-120.17512,40.0365]},"properties":{"Fire_Name":"CARSON","Acres":0.3,"Cause":"Undetermined","Year":2015}},{"type":"Feature","geometry":{"type":"Point","coordinates":[-120.02833,38.92872]},"properties":{"Fire_Name":"CAMP","Acres":0.1,"Cause":"Undetermined","Year":2015}},{"type":"Feature","geometry":{"type":"Point","coordinates":[-119.97969,39.50251]},"properties":{"Fire_Name":"Boomtown","Acres":3,"Cause":"Undetermined","Year":2015}},{"type":"Feature","geometry":{"type":"Point","coordinates":[-119.63801,38.8689]},"properties":{"Fire_Name":"BODIE FLATS","Acres":0.1,"Cause":"Natural","Year":2015}},{"type":"Feature","geometry":{"type":"Point","coordinates":[-119.91871,39.48969]},"properties":{"Fire_Name":"BOBCAT","Acres":1,"Cause":"Natural","Year":2015}},{"type":"Feature","geometry":{"type":"Point","coordinates":[-119.74049,39.63868]},"properties":{"Fire_Name":"Blue Spruce","Acres":0.1,"Cause":"Natural","Year":2015}},{"type":"Feature","geometry":{"type":"Point","coordinates":[-120.18294,40.00788]},"properties":{"Fire_Name":"BLOOMER","Acres":0.3,"Cause":"Undetermined","Year":2015}},{"type":"Feature","geometry":{"type":"Point","coordinates":[-119.95521,38.9397]},"properties":{"Fire_Name":"BLACKWOOD","Acres":0.1,"Cause":"Undetermined","Year":2015}},{"type":"Feature","geometry":{"type":"Point","coordinates":[-119.56563,39.87452]},"properties":{"Fire_Name":"Bird","Acres":0.1,"Cause":"Natural","Year":2015}},{"type":"Feature","geometry":{"type":"Point","coordinates":[-119.70814,39.76533]},"properties":{"Fire_Name":"Big Dog","Acres":0.3,"Cause":"Natural","Year":2015}},{"type":"Feature","geometry":{"type":"Point","coordinates":[-119.73799,40.0749]},"properties":{"Fire_Name":"Big Canyon","Acres":0.2,"Cause":"Natural","Year":2015}},{"type":"Feature","geometry":{"type":"Point","coordinates":[-119.86921,38.9217]},"properties":{"Fire_Name":"BARE","Acres":0.3,"Cause":"Natural","Year":2015}},{"type":"Feature","geometry":{"type":"Point","coordinates":[-120.10133,39.59168]},"properties":{"Fire_Name":"BABBIT","Acres":0.1,"Cause":"Natural","Year":2015}},{"type":"Feature","geometry":{"type":"Point","coordinates":[-119.89204,38.83832]},"properties":{"Fire_Name":"Armstrong Pass","Acres":0.1,"Cause":"Undetermined","Year":2015}},{"type":"Feature","geometry":{"type":"Point","coordinates":[-119.84132,39.7237]},"properties":{"Fire_Name":"American Flats","Acres":0.1,"Cause":"Natural","Year":2015}},{"type":"Feature","geometry":{"type":"Point","coordinates":[-120.02553,38.9245]},"properties":{"Fire_Name":"89","Acres":0.1,"Cause":"Undetermined","Year":2015}},{"type":"Feature","geometry":{"type":"Point","coordinates":[-119.94111,38.98029]},"properties":{"Fire_Name":"50","Acres":0.1,"Cause":"Undetermined","Year":2015}},{"type":"Feature","geometry":{"type":"Point","coordinates":[-120.15669,40.08252]},"properties":{"Fire_Name":"OLD HWY","Acres":0.1,"Cause":"Human","Year":2015}},{"type":"Feature","geometry":{"type":"Point","coordinates":[-119.45753,38.87812]},"properties":{"Fire_Name":"PIPELINE","Acres":0.5,"Cause":"Natural","Year":2015}},{"type":"Feature","geometry":{"type":"Point","coordinates":[-119.73311,39.91871]},"properties":{"Fire_Name":"WINNEMUCCA","Acres":0.1,"Cause":"Natural","Year":2015}},{"type":"Feature","geometry":{"type":"Point","coordinates":[-119.55671,39.20334]},"properties":{"Fire_Name":"Como","Acres":0.1,"Cause":"Undetermined","Year":2016}},{"type":"Feature","geometry":{"type":"Point","coordinates":[-119.77561,39.19723]},"properties":{"Fire_Name":"Arrowhead","Acres":0.1,"Cause":"Undetermined","Year":2016}},{"type":"Feature","geometry":{"type":"Point","coordinates":[-119.28821,39.65468]},"properties":{"Fire_Name":"Wadsworth","Acres":3.6,"Cause":"Undetermined","Year":2016}},{"type":"Feature","geometry":{"type":"Point","coordinates":[-119.80511,39.57844]},"properties":{"Fire_Name":"Spectrum","Acres":3,"Cause":"Undetermined","Year":2016}},{"type":"Feature","geometry":{"type":"Point","coordinates":[-119.80421,39.57094]},"properties":{"Fire_Name":"Shamrock","Acres":3,"Cause":"Undetermined","Year":2016}},{"type":"Feature","geometry":{"type":"Point","coordinates":[-119.62281,39.89765]},"properties":{"Fire_Name":"Pyramid","Acres":287.46473102275047,"Cause":"Undetermined","Year":2016}},{"type":"Feature","geometry":{"type":"Point","coordinates":[-119.56041,39.5462]},"properties":{"Fire_Name":"Patrick","Acres":3.8,"Cause":"Undetermined","Year":2016}},{"type":"Feature","geometry":{"type":"Point","coordinates":[-119.81191,39.5778]},"properties":{"Fire_Name":"Parr","Acres":1.5,"Cause":"Undetermined","Year":2016}},{"type":"Feature","geometry":{"type":"Point","coordinates":[-119.78111,39.454]},"properties":{"Fire_Name":"Ample","Acres":0.1,"Cause":"Undetermined","Year":2016}},{"type":"Feature","geometry":{"type":"Point","coordinates":[-119.76061,39.23855]},"properties":{"Fire_Name":"Eastlake","Acres":6.132707586889351,"Cause":"Undetermined","Year":2016}},{"type":"Feature","geometry":{"type":"Point","coordinates":[-119.87491,39.48615]},"properties":{"Fire_Name":"Hawken","Acres":278,"Cause":"Undetermined","Year":2016}},{"type":"Feature","geometry":{"type":"Point","coordinates":[-119.75441,39.37418]},"properties":{"Fire_Name":"I-580","Acres":16,"Cause":"Undetermined","Year":2016}},{"type":"Feature","geometry":{"type":"Point","coordinates":[-119.75301,39.33178]},"properties":{"Fire_Name":"Mason","Acres":21.013641471302,"Cause":"Undetermined","Year":2016}},{"type":"Feature","geometry":{"type":"Point","coordinates":[-119.70361,38.91479]},"properties":{"Fire_Name":"Pinenut","Acres":0.1,"Cause":"Undetermined","Year":2016}},{"type":"Feature","geometry":{"type":"Point","coordinates":[-119.74271,39.37732]},"properties":{"Fire_Name":"Rhodes","Acres":0.5,"Cause":"Undetermined","Year":2016}},{"type":"Feature","geometry":{"type":"Point","coordinates":[-120.03911,39.54918]},"properties":{"Fire_Name":"Summit 1","Acres":0.1,"Cause":"Undetermined","Year":2016}},{"type":"Feature","geometry":{"type":"Point","coordinates":[-119.90871,38.81221]},"properties":{"Fire_Name":"Willow","Acres":0.1,"Cause":"Undetermined","Year":2016}},{"type":"Feature","geometry":{"type":"Point","coordinates":[-119.96951,39.50692]},"properties":{"Fire_Name":"Garson","Acres":1,"Cause":"Undetermined","Year":2016}},{"type":"Feature","geometry":{"type":"Point","coordinates":[-119.96821,39.73174]},"properties":{"Fire_Name":"Petersen","Acres":69,"Cause":"Undetermined","Year":2016}},{"type":"Feature","geometry":{"type":"Point","coordinates":[-119.69421,39.53528]},"properties":{"Fire_Name":"S Fire","Acres":2539.681125284881,"Cause":"Undetermined","Year":2016}},{"type":"Feature","geometry":{"type":"Point","coordinates":[-119.90651,39.62463]},"properties":{"Fire_Name":"395","Acres":3.6,"Cause":"Undetermined","Year":2016}},{"type":"Feature","geometry":{"type":"Point","coordinates":[-119.28241,39.64004]},"properties":{"Fire_Name":"James","Acres":0.1,"Cause":"Undetermined","Year":2016}},{"type":"Feature","geometry":{"type":"Point","coordinates":[-119.64551,39.30498]},"properties":{"Fire_Name":"Q Street","Acres":1.3,"Cause":"Undetermined","Year":2016}},{"type":"Feature","geometry":{"type":"Point","coordinates":[-120.02081,39.96673]},"properties":{"Fire_Name":"Ash Fire","Acres":2,"Cause":"Undetermined","Year":2016}},{"type":"Feature","geometry":{"type":"Point","coordinates":[-120.03941,39.83702]},"properties":{"Fire_Name":"Hay","Acres":0.1,"Cause":"Undetermined","Year":2016}},{"type":"Feature","geometry":{"type":"Point","coordinates":[-119.76171,39.58646]},"properties":{"Fire_Name":"Hill","Acres":23.959162776871384,"Cause":"Undetermined","Year":2016}},{"type":"Feature","geometry":{"type":"Point","coordinates":[-119.85461,39.57443]},"properties":{"Fire_Name":"Hoge","Acres":10,"Cause":"Undetermined","Year":2016}},{"type":"Feature","geometry":{"type":"Point","coordinates":[-119.80111,39.64471]},"properties":{"Fire_Name":"Lemmon","Acres":11.229706111632622,"Cause":"Undetermined","Year":2016}},{"type":"Feature","geometry":{"type":"Point","coordinates":[-119.36311,39.37202]},"properties":{"Fire_Name":"Pawnee","Acres":0.1,"Cause":"Human","Year":2016}},{"type":"Feature","geometry":{"type":"Point","coordinates":[-119.88161,39.74701]},"properties":{"Fire_Name":"Red Rock","Acres":1,"Cause":"Undetermined","Year":2016}},{"type":"Feature","geometry":{"type":"Point","coordinates":[-120.06101,39.52758]},"properties":{"Fire_Name":"Beacon","Acres":0.1,"Cause":"Undetermined","Year":2016}},{"type":"Feature","geometry":{"type":"Point","coordinates":[-119.77941,39.67827]},"properties":{"Fire_Name":"Chickadee","Acres":14.859690295389427,"Cause":"Human","Year":2016}},{"type":"Feature","geometry":{"type":"Point","coordinates":[-119.87191,39.46837]},"properties":{"Fire_Name":"Hunter Creek","Acres":0.1,"Cause":"Undetermined","Year":2016}},{"type":"Feature","geometry":{"type":"Point","coordinates":[-119.61121,39.53046]},"properties":{"Fire_Name":"I-80","Acres":0.1,"Cause":"Undetermined","Year":2016}},{"type":"Feature","geometry":{"type":"Point","coordinates":[-119.79021,39.14962]},"properties":{"Fire_Name":"Shooting","Acres":251.57950852977552,"Cause":"Human","Year":2016}},{"type":"Feature","geometry":{"type":"Point","coordinates":[-119.77081,39.67653]},"properties":{"Fire_Name":"Hungry Valley","Acres":2.90744413255943,"Cause":"Undetermined","Year":2016}},{"type":"Feature","geometry":{"type":"Point","coordinates":[-119.78671,39.63265]},"properties":{"Fire_Name":"Leon","Acres":0.1,"Cause":"Undetermined","Year":2016}},{"type":"Feature","geometry":{"type":"Point","coordinates":[-119.61241,39.41291]},"properties":{"Fire_Name":"Sheridan","Acres":0.1,"Cause":"Undetermined","Year":2016}},{"type":"Feature","geometry":{"type":"Point","coordinates":[-119.84021,38.89223]},"properties":{"Fire_Name":"Five Creek","Acres":0.1,"Cause":"Undetermined","Year":2016}},{"type":"Feature","geometry":{"type":"Point","coordinates":[-119.59001,39.27007]},"properties":{"Fire_Name":"Grosh","Acres":1.5,"Cause":"Undetermined","Year":2016}},{"type":"Feature","geometry":{"type":"Point","coordinates":[-119.97401,39.69466]},"properties":{"Fire_Name":"Briar","Acres":0.1,"Cause":"Undetermined","Year":2016}},{"type":"Feature","geometry":{"type":"Point","coordinates":[-119.74711,39.70057]},"properties":{"Fire_Name":"Dancing","Acres":0.1,"Cause":"Undetermined","Year":2016}},{"type":"Feature","geometry":{"type":"Point","coordinates":[-119.66961,39.4814]},"properties":{"Fire_Name":"Alexander Lake Rd.","Acres":0.1,"Cause":"Undetermined","Year":2016}},{"type":"Feature","geometry":{"type":"Point","coordinates":[-119.89291,40.04859]},"properties":{"Fire_Name":"Anderson","Acres":16273.843122846096,"Cause":"Natural","Year":2016}},{"type":"Feature","geometry":{"type":"Point","coordinates":[-119.68631,39.7484]},"properties":{"Fire_Name":"Axe Handle","Acres":0.5,"Cause":"Undetermined","Year":2016}},{"type":"Feature","geometry":{"type":"Point","coordinates":[-119.70411,39.19007]},"properties":{"Fire_Name":"Deer","Acres":0.1,"Cause":"Undetermined","Year":2016}},{"type":"Feature","geometry":{"type":"Point","coordinates":[-119.69241,39.19386]},"properties":{"Fire_Name":"Hwy 50","Acres":0.1,"Cause":"Undetermined","Year":2016}},{"type":"Feature","geometry":{"type":"Point","coordinates":[-119.94771,39.74674]},"properties":{"Fire_Name":"Jackpot","Acres":1598.2366855296916,"Cause":"Undetermined","Year":2016}},{"type":"Feature","geometry":{"type":"Point","coordinates":[-120.05281,39.65149]},"properties":{"Fire_Name":"Junction","Acres":2.9,"Cause":"Undetermined","Year":2016}},{"type":"Feature","geometry":{"type":"Point","coordinates":[-119.99521,39.52091]},"properties":{"Fire_Name":"Lakeview","Acres":0.1,"Cause":"Undetermined","Year":2016}},{"type":"Feature","geometry":{"type":"Point","coordinates":[-119.65121,38.85204]},"properties":{"Fire_Name":"Leviathan","Acres":0.1,"Cause":"Undetermined","Year":2016}},{"type":"Feature","geometry":{"type":"Point","coordinates":[-119.28561,39.6339]},"properties":{"Fire_Name":"Lewis","Acres":0.1,"Cause":"Human","Year":2016}},{"type":"Feature","geometry":{"type":"Point","coordinates":[-119.79911,39.39151]},"properties":{"Fire_Name":"Mt. Rose","Acres":0.1,"Cause":"Undetermined","Year":2016}},{"type":"Feature","geometry":{"type":"Point","coordinates":[-119.90181,39.8651]},"properties":{"Fire_Name":"Rock","Acres":2290.8855210615084,"Cause":"Natural","Year":2016}},{"type":"Feature","geometry":{"type":"Point","coordinates":[-119.58011,38.84605]},"properties":{"Fire_Name":"Ruby","Acres":9.869517554634267,"Cause":"Human","Year":2016}},{"type":"Feature","geometry":{"type":"Point","coordinates":[-119.92761,40.02001]},"properties":{"Fire_Name":"Sage","Acres":4235.416304802857,"Cause":"Natural","Year":2016}},{"type":"Feature","geometry":{"type":"Point","coordinates":[-119.37851,39.14758]},"properties":{"Fire_Name":"Sara Well","Acres":0.1,"Cause":"Undetermined","Year":2016}},{"type":"Feature","geometry":{"type":"Point","coordinates":[-119.94621,39.92473]},"properties":{"Fire_Name":"Seven Lakes","Acres":3060.3456799541054,"Cause":"Natural","Year":2016}},{"type":"Feature","geometry":{"type":"Point","coordinates":[-119.48541,39.54087]},"properties":{"Fire_Name":"Shooting Range","Acres":1271.3353844358012,"Cause":"Human","Year":2016}},{"type":"Feature","geometry":{"type":"Point","coordinates":[-119.72431,39.94752]},"properties":{"Fire_Name":"Tule","Acres":36124.57484904677,"Cause":"Natural","Year":2016}},{"type":"Feature","geometry":{"type":"Point","coordinates":[-119.75281,39.58027]},"properties":{"Fire_Name":"Walmart","Acres":9.426105461931657,"Cause":"Undetermined","Year":2016}},{"type":"Feature","geometry":{"type":"Point","coordinates":[-119.34671,39.82246]},"properties":{"Fire_Name":"Eben","Acres":0.1,"Cause":"Human","Year":2016}},{"type":"Feature","geometry":{"type":"Point","coordinates":[-119.69561,38.88302]},"properties":{"Fire_Name":"Frontage","Acres":99.28889579347144,"Cause":"Undetermined","Year":2016}},{"type":"Feature","geometry":{"type":"Point","coordinates":[-120.07801,39.61197]},"properties":{"Fire_Name":"Crystal","Acres":0.1,"Cause":"Undetermined","Year":2016}},{"type":"Feature","geometry":{"type":"Point","coordinates":[-119.91091,39.11068]},"properties":{"Fire_Name":"Spooner","Acres":0.6,"Cause":"Undetermined","Year":2016}},{"type":"Feature","geometry":{"type":"Point","coordinates":[-119.93695,38.9564]},"properties":{"Fire_Name":"VAN SICKLE","Acres":0.1,"Cause":"Undetermined","Year":2016}},{"type":"Feature","geometry":{"type":"Point","coordinates":[-119.88061,39.25797]},"properties":{"Fire_Name":"Little Valley","Acres":2290.9076559000655,"Cause":"Undetermined","Year":2016}},{"type":"Feature","geometry":{"type":"Point","coordinates":[-119.84981,39.4649]},"properties":{"Fire_Name":"Party","Acres":0.1,"Cause":"Undetermined","Year":2016}},{"type":"Feature","geometry":{"type":"Point","coordinates":[-119.77711,39.60732]},"properties":{"Fire_Name":"Middle Fork","Acres":0.3,"Cause":"Human","Year":2016}},{"type":"Feature","geometry":{"type":"Point","coordinates":[-119.61211,39.74491]},"properties":{"Fire_Name":"Amy","Acres":0.1,"Cause":"Undetermined","Year":2016}},{"type":"Feature","geometry":{"type":"Point","coordinates":[-119.76961,39.11644]},"properties":{"Fire_Name":"Clear Creek","Acres":26.054707763073257,"Cause":"Undetermined","Year":2016}},{"type":"Feature","geometry":{"type":"Point","coordinates":[-119.77931,38.95071]},"properties":{"Fire_Name":"88","Acres":0.1,"Cause":"Undetermined","Year":2017}},{"type":"Feature","geometry":{"type":"Point","coordinates":[-119.59541,39.63016]},"properties":{"Fire_Name":"Almost","Acres":0.1,"Cause":"Human","Year":2017}},{"type":"Feature","geometry":{"type":"Point","coordinates":[-119.86681,39.84731]},"properties":{"Fire_Name":"Anniversary","Acres":29,"Cause":"Natural","Year":2017}},{"type":"Feature","geometry":{"type":"Point","coordinates":[-119.78951,39.81935]},"properties":{"Fire_Name":"Antelope","Acres":0.1,"Cause":"Human","Year":2017}},{"type":"Feature","geometry":{"type":"Point","coordinates":[-119.70591,39.18995]},"properties":{"Fire_Name":"Arrowhead","Acres":0.25,"Cause":"Human","Year":2017}},{"type":"Feature","geometry":{"type":"Point","coordinates":[-119.43671,39.98578]},"properties":{"Fire_Name":"Artesia","Acres":0.1,"Cause":"Natural","Year":2017}},{"type":"Feature","geometry":{"type":"Point","coordinates":[-120.02271,39.95239]},"properties":{"Fire_Name":"Ash Pits 2","Acres":0.1,"Cause":"Undetermined","Year":2017}},{"type":"Feature","geometry":{"type":"Point","coordinates":[-119.53991,39.71502]},"properties":{"Fire_Name":"Aspen","Acres":315.1622884864214,"Cause":"Natural","Year":2017}},{"type":"Feature","geometry":{"type":"Point","coordinates":[-119.77081,40.17866]},"properties":{"Fire_Name":"Astor Pass","Acres":1.8,"Cause":"Natural","Year":2017}},{"type":"Feature","geometry":{"type":"Point","coordinates":[-120.04931,39.63921]},"properties":{"Fire_Name":"Balls Canyon","Acres":1,"Cause":"Undetermined","Year":2017}},{"type":"Feature","geometry":{"type":"Point","coordinates":[-119.84461,39.84177]},"properties":{"Fire_Name":"Bedell","Acres":0.1,"Cause":"Natural","Year":2017}},{"type":"Feature","geometry":{"type":"Point","coordinates":[-119.25011,39.57014]},"properties":{"Fire_Name":"Big Oaks","Acres":4,"Cause":"Human","Year":2017}},{"type":"Feature","geometry":{"type":"Point","coordinates":[-119.90331,39.80059]},"properties":{"Fire_Name":"Bird Springs","Acres":91.16012146711198,"Cause":"Natural","Year":2017}},{"type":"Feature","geometry":{"type":"Point","coordinates":[-119.93431,39.51173]},"properties":{"Fire_Name":"Bitterbrush","Acres":0.1,"Cause":"Undetermined","Year":2017}},{"type":"Feature","geometry":{"type":"Point","coordinates":[-119.34211,39.75951]},"properties":{"Fire_Name":"Black Mountain","Acres":965.550923666191,"Cause":"Natural","Year":2017}},{"type":"Feature","geometry":{"type":"Point","coordinates":[-119.49291,39.87552]},"properties":{"Fire_Name":"Block House Beach","Acres":0.1,"Cause":"Human","Year":2017}},{"type":"Feature","geometry":{"type":"Point","coordinates":[-119.49181,39.87538]},"properties":{"Fire_Name":"Blockhouse","Acres":0.1,"Cause":"Human","Year":2017}},{"type":"Feature","geometry":{"type":"Point","coordinates":[-119.68741,39.77203]},"properties":{"Fire_Name":"Blondell","Acres":0.1,"Cause":"Undetermined","Year":2017}},{"type":"Feature","geometry":{"type":"Point","coordinates":[-119.79131,40.31882]},"properties":{"Fire_Name":"Bottom","Acres":108.67308305733593,"Cause":"Human","Year":2017}},{"type":"Feature","geometry":{"type":"Point","coordinates":[-119.84341,39.28569]},"properties":{"Fire_Name":"Bowers 2","Acres":0.25,"Cause":"Undetermined","Year":2017}},{"type":"Feature","geometry":{"type":"Point","coordinates":[-119.55561,39.02524]},"properties":{"Fire_Name":"Breadcrumb","Acres":0.25,"Cause":"Human","Year":2017}},{"type":"Feature","geometry":{"type":"Point","coordinates":[-119.78171,39.31708]},"properties":{"Fire_Name":"Brenda","Acres":632.5827818148325,"Cause":"Human","Year":2017}},{"type":"Feature","geometry":{"type":"Point","coordinates":[-119.96991,39.58526]},"properties":{"Fire_Name":"Bull","Acres":1.4,"Cause":"Undetermined","Year":2017}},{"type":"Feature","geometry":{"type":"Point","coordinates":[-119.84801,39.59117]},"properties":{"Fire_Name":"Burgess","Acres":0.1,"Cause":"Natural","Year":2017}},{"type":"Feature","geometry":{"type":"Point","coordinates":[-119.67081,39.79194]},"properties":{"Fire_Name":"Burro","Acres":0.1,"Cause":"Natural","Year":2017}},{"type":"Feature","geometry":{"type":"Point","coordinates":[-119.64641,39.50452]},"properties":{"Fire_Name":"Canyon","Acres":191.5376544135888,"Cause":"Natural","Year":2017}},{"type":"Feature","geometry":{"type":"Point","coordinates":[-119.79291,39.67036]},"properties":{"Fire_Name":"Chickadee","Acres":11.415912458754361,"Cause":"Human","Year":2017}},{"type":"Feature","geometry":{"type":"Point","coordinates":[-119.77201,39.62873]},"properties":{"Fire_Name":"Chimney","Acres":1.5,"Cause":"Human","Year":2017}},{"type":"Feature","geometry":{"type":"Point","coordinates":[-119.23731,39.3991]},"properties":{"Fire_Name":"Citrus","Acres":4,"Cause":"Human","Year":2017}},{"type":"Feature","geometry":{"type":"Point","coordinates":[-119.15441,39.25468]},"properties":{"Fire_Name":"Cleaver","Acres":10.361444210408866,"Cause":"Natural","Year":2017}},{"type":"Feature","geometry":{"type":"Point","coordinates":[-119.97551,39.90798]},"properties":{"Fire_Name":"Clydesdale","Acres":2.2,"Cause":"Natural","Year":2017}},{"type":"Feature","geometry":{"type":"Point","coordinates":[-119.94971,39.64301]},"properties":{"Fire_Name":"Cold Springs","Acres":1524.272050381178,"Cause":"Undetermined","Year":2017}},{"type":"Feature","geometry":{"type":"Point","coordinates":[-119.40251,39.36069]},"properties":{"Fire_Name":"Coleman","Acres":21.508060594406473,"Cause":"Human","Year":2017}},{"type":"Feature","geometry":{"type":"Point","coordinates":[-119.51871,39.26117]},"properties":{"Fire_Name":"Comstock","Acres":0.1,"Cause":"Human","Year":2017}},{"type":"Feature","geometry":{"type":"Point","coordinates":[-119.98111,39.47266]},"properties":{"Fire_Name":"Cone","Acres":3.2,"Cause":"Undetermined","Year":2017}},{"type":"Feature","geometry":{"type":"Point","coordinates":[-119.28031,39.63207]},"properties":{"Fire_Name":"Conestoga","Acres":2.1,"Cause":"Human","Year":2017}},{"type":"Feature","geometry":{"type":"Point","coordinates":[-120.01721,39.99309]},"properties":{"Fire_Name":"Constantia Road","Acres":0.1,"Cause":"Undetermined","Year":2017}},{"type":"Feature","geometry":{"type":"Point","coordinates":[-119.96501,39.52064]},"properties":{"Fire_Name":"Cottonwood","Acres":0.1,"Cause":"Undetermined","Year":2017}},{"type":"Feature","geometry":{"type":"Point","coordinates":[-119.24645,40.24019]},"properties":{"Fire_Name":"Coyote","Acres":27.536681950066335,"Cause":"Human","Year":2017}},{"type":"Feature","geometry":{"type":"Point","coordinates":[-120.03811,39.60708]},"properties":{"Fire_Name":"Crystal","Acres":0.25,"Cause":"Natural","Year":2017}},{"type":"Feature","geometry":{"type":"Point","coordinates":[-120.04101,39.53045]},"properties":{"Fire_Name":"Crystal Peak","Acres":0.1,"Cause":"Natural","Year":2017}},{"type":"Feature","geometry":{"type":"Point","coordinates":[-119.77151,39.14022]},"properties":{"Fire_Name":"Curry","Acres":0.1,"Cause":"Undetermined","Year":2017}},{"type":"Feature","geometry":{"type":"Point","coordinates":[-119.59611,38.81985]},"properties":{"Fire_Name":"Cutter","Acres":1662.1457022504776,"Cause":"Undetermined","Year":2017}},{"type":"Feature","geometry":{"type":"Point","coordinates":[-119.70621,39.4522]},"properties":{"Fire_Name":"Desert Way","Acres":10,"Cause":"Undetermined","Year":2017}},{"type":"Feature","geometry":{"type":"Point","coordinates":[-119.59341,38.88157]},"properties":{"Fire_Name":"Divide","Acres":0.25,"Cause":"Natural","Year":2017}},{"type":"Feature","geometry":{"type":"Point","coordinates":[-119.93601,39.82026]},"properties":{"Fire_Name":"Dixie","Acres":50.688509709325835,"Cause":"Natural","Year":2017}},{"type":"Feature","geometry":{"type":"Point","coordinates":[-120.02331,39.53316]},"properties":{"Fire_Name":"Dog Valley","Acres":0.1,"Cause":"Human","Year":2017}},{"type":"Feature","geometry":{"type":"Point","coordinates":[-119.61101,38.80751]},"properties":{"Fire_Name":"Double Springs","Acres":0.25,"Cause":"Natural","Year":2017}},{"type":"Feature","geometry":{"type":"Point","coordinates":[-120.09951,40.02808]},"properties":{"Fire_Name":"Doyle Medical","Acres":0.1,"Cause":"Undetermined","Year":2017}},{"type":"Feature","geometry":{"type":"Point","coordinates":[-119.15771,39.57278]},"properties":{"Fire_Name":"Drayer","Acres":22.3,"Cause":"Human","Year":2017}},{"type":"Feature","geometry":{"type":"Point","coordinates":[-120.10381,40.02585]},"properties":{"Fire_Name":"Dry Valley","Acres":51.23803065487667,"Cause":"Undetermined","Year":2017}},{"type":"Feature","geometry":{"type":"Point","coordinates":[-119.68271,39.58715]},"properties":{"Fire_Name":"Earthstone","Acres":40246.82888070669,"Cause":"Human","Year":2017}},{"type":"Feature","geometry":{"type":"Point","coordinates":[-120.04401,39.69216]},"properties":{"Fire_Name":"Evans","Acres":168,"Cause":"Natural","Year":2017}},{"type":"Feature","geometry":{"type":"Point","coordinates":[-119.56551,39.02836]},"properties":{"Fire_Name":"FA Pine Nut","Acres":0.1,"Cause":"Undetermined","Year":2017}},{"type":"Feature","geometry":{"type":"Point","coordinates":[-119.34723,40.31802]},"properties":{"Fire_Name":"Falcon","Acres":15.470216658119805,"Cause":"Human","Year":2017}},{"type":"Feature","geometry":{"type":"Point","coordinates":[-119.74521,39.70566]},"properties":{"Fire_Name":"Fancy","Acres":0.1,"Cause":"Natural","Year":2017}},{"type":"Feature","geometry":{"type":"Point","coordinates":[-120.02431,39.43661]},"properties":{"Fire_Name":"Farad","Acres":750.1977279785889,"Cause":"Human","Year":2017}},{"type":"Feature","geometry":{"type":"Point","coordinates":[-119.85561,38.85281]},"properties":{"Fire_Name":"Faye","Acres":0.83,"Cause":"Natural","Year":2017}},{"type":"Feature","geometry":{"type":"Point","coordinates":[-119.64051,38.98435]},"properties":{"Fire_Name":"Flats","Acres":18.221624423945617,"Cause":"Natural","Year":2017}},{"type":"Feature","geometry":{"type":"Point","coordinates":[-119.21341,39.61587]},"properties":{"Fire_Name":"Flying J","Acres":0.25,"Cause":"Human","Year":2017}},{"type":"Feature","geometry":{"type":"Point","coordinates":[-119.82831,39.05424]},"properties":{"Fire_Name":"Foothill","Acres":45,"Cause":"Human","Year":2017}},{"type":"Feature","geometry":{"type":"Point","coordinates":[-119.47211,39.29876]},"properties":{"Fire_Name":"Fort Churchill","Acres":199.4912235984077,"Cause":"Natural","Year":2017}},{"type":"Feature","geometry":{"type":"Point","coordinates":[-119.86691,40.11645]},"properties":{"Fire_Name":"Fort Sage Road","Acres":0.1,"Cause":"Undetermined","Year":2017}},{"type":"Feature","geometry":{"type":"Point","coordinates":[-119.85211,39.77928]},"properties":{"Fire_Name":"Fred's Mountain","Acres":0.1,"Cause":"Undetermined","Year":2017}},{"type":"Feature","geometry":{"type":"Point","coordinates":[-119.27381,39.57218]},"properties":{"Fire_Name":"Freeman","Acres":3,"Cause":"Human","Year":2017}},{"type":"Feature","geometry":{"type":"Point","coordinates":[-120.02301,39.97579]},"properties":{"Fire_Name":"Ft. Sage","Acres":0.1,"Cause":"Undetermined","Year":2017}},{"type":"Feature","geometry":{"type":"Point","coordinates":[-119.90041,39.49262]},"properties":{"Fire_Name":"Fuller","Acres":0.1,"Cause":"Undetermined","Year":2017}},{"type":"Feature","geometry":{"type":"Point","coordinates":[-119.98191,39.50086]},"properties":{"Fire_Name":"Garson","Acres":141,"Cause":"Human","Year":2017}},{"type":"Feature","geometry":{"type":"Point","coordinates":[-119.18621,39.50511]},"properties":{"Fire_Name":"Gas Line","Acres":5.25,"Cause":"Natural","Year":2017}},{"type":"Feature","geometry":{"type":"Point","coordinates":[-119.85961,39.05591]},"properties":{"Fire_Name":"Genoa Peak","Acres":5.9,"Cause":"Natural","Year":2017}},{"type":"Feature","geometry":{"type":"Point","coordinates":[-119.65751,39.58869]},"properties":{"Fire_Name":"Golden Eagle","Acres":0.1,"Cause":"Undetermined","Year":2017}},{"type":"Feature","geometry":{"type":"Point","coordinates":[-119.66431,39.58407]},"properties":{"Fire_Name":"GoldenEagle","Acres":4.6,"Cause":"Human","Year":2017}},{"type":"Feature","geometry":{"type":"Point","coordinates":[-119.73991,39.22404]},"properties":{"Fire_Name":"Goni","Acres":0.2,"Cause":"Human","Year":2017}},{"type":"Feature","geometry":{"type":"Point","coordinates":[-120.09171,39.67221]},"properties":{"Fire_Name":"Green Gulch","Acres":4.1,"Cause":"Natural","Year":2017}},{"type":"Feature","geometry":{"type":"Point","coordinates":[-119.77561,39.147]},"properties":{"Fire_Name":"Greenhouse","Acres":20,"Cause":"Natural","Year":2017}},{"type":"Feature","geometry":{"type":"Point","coordinates":[-119.99431,39.80255]},"properties":{"Fire_Name":"Hallelujah","Acres":0.1,"Cause":"Undetermined","Year":2017}},{"type":"Feature","geometry":{"type":"Point","coordinates":[-120.05411,39.70482]},"properties":{"Fire_Name":"Haskel","Acres":13,"Cause":"Natural","Year":2017}},{"type":"Feature","geometry":{"type":"Point","coordinates":[-119.98561,39.64695]},"properties":{"Fire_Name":"Heinz","Acres":0.1,"Cause":"Natural","Year":2017}},{"type":"Feature","geometry":{"type":"Point","coordinates":[-119.12621,39.57516]},"properties":{"Fire_Name":"Highland","Acres":3,"Cause":"Human","Year":2017}},{"type":"Feature","geometry":{"type":"Point","coordinates":[-119.60671,39.40056]},"properties":{"Fire_Name":"Highlands","Acres":0.1,"Cause":"Undetermined","Year":2017}},{"type":"Feature","geometry":{"type":"Point","coordinates":[-119.81281,39.07774]},"properties":{"Fire_Name":"Hobo","Acres":0.1,"Cause":"Natural","Year":2017}},{"type":"Feature","geometry":{"type":"Point","coordinates":[-119.60491,38.85097]},"properties":{"Fire_Name":"Holiday","Acres":143.77267605165787,"Cause":"Undetermined","Year":2017}},{"type":"Feature","geometry":{"type":"Point","coordinates":[-119.32941,39.80257]},"properties":{"Fire_Name":"Hollywood","Acres":5297.93971588882,"Cause":"Undetermined","Year":2017}},{"type":"Feature","geometry":{"type":"Point","coordinates":[-119.35411,39.8277]},"properties":{"Fire_Name":"Hollywood Ditch","Acres":0.1,"Cause":"Human","Year":2017}},{"type":"Feature","geometry":{"type":"Point","coordinates":[-119.87851,38.82233]},"properties":{"Fire_Name":"Horsethief","Acres":0.1,"Cause":"Natural","Year":2017}},{"type":"Feature","geometry":{"type":"Point","coordinates":[-119.66611,39.07691]},"properties":{"Fire_Name":"Hot Springs","Acres":0.1,"Cause":"Natural","Year":2017}},{"type":"Feature","geometry":{"type":"Point","coordinates":[-119.78621,39.69607]},"properties":{"Fire_Name":"Hungry","Acres":14.099632737079217,"Cause":"Natural","Year":2017}},{"type":"Feature","geometry":{"type":"Point","coordinates":[-119.77891,39.6941]},"properties":{"Fire_Name":"Hungry Valley","Acres":42.040305508155285,"Cause":"Human","Year":2017}},{"type":"Feature","geometry":{"type":"Point","coordinates":[-119.89411,39.49378]},"properties":{"Fire_Name":"Hunter Creek","Acres":240,"Cause":"Human","Year":2017}},{"type":"Feature","geometry":{"type":"Point","coordinates":[-119.58701,38.82154]},"properties":{"Fire_Name":"HWY 395","Acres":0.1,"Cause":"Undetermined","Year":2017}},{"type":"Feature","geometry":{"type":"Point","coordinates":[-119.69231,39.52268]},"properties":{"Fire_Name":"I-80","Acres":521.3552810770765,"Cause":"Undetermined","Year":2017}},{"type":"Feature","geometry":{"type":"Point","coordinates":[-119.69361,39.88935]},"properties":{"Fire_Name":"Incandescent","Acres":14.750950200491364,"Cause":"Natural","Year":2017}},{"type":"Feature","geometry":{"type":"Point","coordinates":[-119.51051,39.88431]},"properties":{"Fire_Name":"Indian","Acres":0.25,"Cause":"Human","Year":2017}},{"type":"Feature","geometry":{"type":"Point","coordinates":[-119.51351,39.88757]},"properties":{"Fire_Name":"Indian 2","Acres":0.1,"Cause":"Human","Year":2017}},{"type":"Feature","geometry":{"type":"Point","coordinates":[-119.77951,39.10245]},"properties":{"Fire_Name":"Jacks Valley","Acres":3.2,"Cause":"Human","Year":2017}},{"type":"Feature","geometry":{"type":"Point","coordinates":[-119.71511,39.78051]},"properties":{"Fire_Name":"Jacksrabbit","Acres":0.1,"Cause":"Undetermined","Year":2017}},{"type":"Feature","geometry":{"type":"Point","coordinates":[-119.2287,40.31116]},"properties":{"Fire_Name":"Jayhawk Well","Acres":2226.7404356133607,"Cause":"Natural","Year":2017}},{"type":"Feature","geometry":{"type":"Point","coordinates":[-119.73951,39.93171]},"properties":{"Fire_Name":"Juniper","Acres":0.1,"Cause":"Natural","Year":2017}},{"type":"Feature","geometry":{"type":"Point","coordinates":[-119.65701,39.19568]},"properties":{"Fire_Name":"Kitkat","Acres":2.8,"Cause":"Human","Year":2017}},{"type":"Feature","geometry":{"type":"Point","coordinates":[-119.05671,39.41674]},"properties":{"Fire_Name":"Lahontan","Acres":263.5014578526089,"Cause":"Human","Year":2017}},{"type":"Feature","geometry":{"type":"Point","coordinates":[-120.07011,40.03869]},"properties":{"Fire_Name":"Lazy Heart","Acres":0.1,"Cause":"Undetermined","Year":2017}},{"type":"Feature","geometry":{"type":"Point","coordinates":[-119.94811,39.49673]},"properties":{"Fire_Name":"Leventina","Acres":5.8,"Cause":"Human","Year":2017}},{"type":"Feature","geometry":{"type":"Point","coordinates":[-119.85371,39.83018]},"properties":{"Fire_Name":"Little Bird","Acres":0.1,"Cause":"Natural","Year":2017}},{"type":"Feature","geometry":{"type":"Point","coordinates":[-119.17481,39.43391]},"properties":{"Fire_Name":"Lizzie","Acres":86.29304573669727,"Cause":"Human","Year":2017}},{"type":"Feature","geometry":{"type":"Point","coordinates":[-119.63381,39.52092]},"properties":{"Fire_Name":"Lockwood","Acres":0.1,"Cause":"Undetermined","Year":2017}},{"type":"Feature","geometry":{"type":"Point","coordinates":[-119.56521,38.92597]},"properties":{"Fire_Name":"Lone Pine","Acres":0.1,"Cause":"Natural","Year":2017}},{"type":"Feature","geometry":{"type":"Point","coordinates":[-120.14501,40.07324]},"properties":{"Fire_Name":"Long Valley","Acres":83593.15128383407,"Cause":"Human","Year":2017}},{"type":"Feature","geometry":{"type":"Point","coordinates":[-119.45641,39.10527]},"properties":{"Fire_Name":"Lyons","Acres":1625.8911682301166,"Cause":"Natural","Year":2017}},{"type":"Feature","geometry":{"type":"Point","coordinates":[-119.74841,39.70419]},"properties":{"Fire_Name":"Many Nations","Acres":0.1,"Cause":"Human","Year":2017}},{"type":"Feature","geometry":{"type":"Point","coordinates":[-119.38891,39.84203]},"properties":{"Fire_Name":"Marble","Acres":0.5,"Cause":"Natural","Year":2017}},{"type":"Feature","geometry":{"type":"Point","coordinates":[-119.72491,39.27834]},"properties":{"Fire_Name":"McClellan Peak","Acres":0.1,"Cause":"Undetermined","Year":2017}},{"type":"Feature","geometry":{"type":"Point","coordinates":[-119.77641,39.08429]},"properties":{"Fire_Name":"Mica","Acres":0.5,"Cause":"Undetermined","Year":2017}},{"type":"Feature","geometry":{"type":"Point","coordinates":[-119.29381,39.33922]},"properties":{"Fire_Name":"Micro","Acres":1549.2108758273885,"Cause":"Undetermined","Year":2017}},{"type":"Feature","geometry":{"type":"Point","coordinates":[-119.67501,39.17462]},"properties":{"Fire_Name":"Mill","Acres":14.00880576004019,"Cause":"Human","Year":2017}},{"type":"Feature","geometry":{"type":"Point","coordinates":[-119.35926,40.28849]},"properties":{"Fire_Name":"MM50","Acres":1.33,"Cause":"Human","Year":2017}},{"type":"Feature","geometry":{"type":"Point","coordinates":[-119.35461,39.82831]},"properties":{"Fire_Name":"Moccasin 2","Acres":0.25,"Cause":"Human","Year":2017}},{"type":"Feature","geometry":{"type":"Point","coordinates":[-119.91431,39.51651]},"properties":{"Fire_Name":"Mogul","Acres":124,"Cause":"Undetermined","Year":2017}},{"type":"Feature","geometry":{"type":"Point","coordinates":[-119.75341,39.82989]},"properties":{"Fire_Name":"Moonrocks","Acres":0.5,"Cause":"Human","Year":2017}},{"type":"Feature","geometry":{"type":"Point","coordinates":[-119.84581,38.92331]},"properties":{"Fire_Name":"Mott","Acres":0.25,"Cause":"Natural","Year":2017}},{"type":"Feature","geometry":{"type":"Point","coordinates":[-119.64741,39.19018]},"properties":{"Fire_Name":"Mound House","Acres":0.1,"Cause":"Natural","Year":2017}},{"type":"Feature","geometry":{"type":"Point","coordinates":[-119.47011,39.03984]},"properties":{"Fire_Name":"Mount Como","Acres":0.1,"Cause":"Undetermined","Year":2017}},{"type":"Feature","geometry":{"type":"Point","coordinates":[-119.64191,39.75931]},"properties":{"Fire_Name":"Mountain Lion","Acres":0.89,"Cause":"Human","Year":2017}},{"type":"Feature","geometry":{"type":"Point","coordinates":[-119.64491,39.90935]},"properties":{"Fire_Name":"Needle","Acres":3.6,"Cause":"Natural","Year":2017}},{"type":"Feature","geometry":{"type":"Point","coordinates":[-119.68081,39.78807]},"properties":{"Fire_Name":"Needle 2","Acres":969.883950758581,"Cause":"Natural","Year":2017}},{"type":"Feature","geometry":{"type":"Point","coordinates":[-119.25718,40.23917]},"properties":{"Fire_Name":"Nightingale","Acres":449.9607319311816,"Cause":"Human","Year":2017}},{"type":"Feature","geometry":{"type":"Point","coordinates":[-119.74851,39.23895]},"properties":{"Fire_Name":"Nine Hill","Acres":1.4,"Cause":"Natural","Year":2017}},{"type":"Feature","geometry":{"type":"Point","coordinates":[-119.37901,39.82383]},"properties":{"Fire_Name":"Nixon","Acres":0.65,"Cause":"Human","Year":2017}},{"type":"Feature","geometry":{"type":"Point","coordinates":[-119.52951,39.68905]},"properties":{"Fire_Name":"Ohara","Acres":5,"Cause":"Natural","Year":2017}},{"type":"Feature","geometry":{"type":"Point","coordinates":[-119.41081,39.68335]},"properties":{"Fire_Name":"Olinghouse","Acres":2.2,"Cause":"Natural","Year":2017}},{"type":"Feature","geometry":{"type":"Point","coordinates":[-119.39221,39.59293]},"properties":{"Fire_Name":"Orchard","Acres":0.25,"Cause":"Human","Year":2017}},{"type":"Feature","geometry":{"type":"Point","coordinates":[-119.60421,38.92126]},"properties":{"Fire_Name":"Out-R-Way","Acres":0.1,"Cause":"Natural","Year":2017}},{"type":"Feature","geometry":{"type":"Point","coordinates":[-119.51781,39.68244]},"properties":{"Fire_Name":"Pah Rahs","Acres":0.1,"Cause":"Undetermined","Year":2017}},{"type":"Feature","geometry":{"type":"Point","coordinates":[-119.36041,39.59711]},"properties":{"Fire_Name":"Painted Rock","Acres":0.1,"Cause":"Natural","Year":2017}},{"type":"Feature","geometry":{"type":"Point","coordinates":[-119.96341,39.51188]},"properties":{"Fire_Name":"Pallets","Acres":0.1,"Cause":"Human","Year":2017}},{"type":"Feature","geometry":{"type":"Point","coordinates":[-119.57491,39.70583]},"properties":{"Fire_Name":"Palomino","Acres":0.1,"Cause":"Undetermined","Year":2017}},{"type":"Feature","geometry":{"type":"Point","coordinates":[-119.75901,38.80706]},"properties":{"Fire_Name":"Payne","Acres":66.61311696440973,"Cause":"Human","Year":2017}},{"type":"Feature","geometry":{"type":"Point","coordinates":[-119.96071,39.56429]},"properties":{"Fire_Name":"Peavine","Acres":0.25,"Cause":"Natural","Year":2017}},{"type":"Feature","geometry":{"type":"Point","coordinates":[-119.94981,39.62885]},"properties":{"Fire_Name":"Peavine","Acres":3,"Cause":"Undetermined","Year":2017}},{"type":"Feature","geometry":{"type":"Point","coordinates":[-119.96791,39.55263]},"properties":{"Fire_Name":"Peavine","Acres":1,"Cause":"Undetermined","Year":2017}},{"type":"Feature","geometry":{"type":"Point","coordinates":[-119.89896,39.60886]},"properties":{"Fire_Name":"Peavine 2","Acres":1.1,"Cause":"Human","Year":2017}},{"type":"Feature","geometry":{"type":"Point","coordinates":[-119.58891,39.87038]},"properties":{"Fire_Name":"Perry Canyon","Acres":0.1,"Cause":"Natural","Year":2017}},{"type":"Feature","geometry":{"type":"Point","coordinates":[-119.65921,38.9064]},"properties":{"Fire_Name":"Pinenut","Acres":0.1,"Cause":"Human","Year":2017}},{"type":"Feature","geometry":{"type":"Point","coordinates":[-119.52091,38.94876]},"properties":{"Fire_Name":"Pinenuts","Acres":0.1,"Cause":"Natural","Year":2017}},{"type":"Feature","geometry":{"type":"Point","coordinates":[-119.32211,39.52532]},"properties":{"Fire_Name":"Pipeline","Acres":0.1,"Cause":"Natural","Year":2017}},{"type":"Feature","geometry":{"type":"Point","coordinates":[-119.82221,39.22236]},"properties":{"Fire_Name":"Polecat","Acres":0.1,"Cause":"Natural","Year":2017}},{"type":"Feature","geometry":{"type":"Point","coordinates":[-120.06581,39.84016]},"properties":{"Fire_Name":"Poslin 2","Acres":1,"Cause":"Natural","Year":2017}},{"type":"Feature","geometry":{"type":"Point","coordinates":[-119.68151,39.47915]},"properties":{"Fire_Name":"Powerline","Acres":32.38335986958554,"Cause":"Undetermined","Year":2017}},{"type":"Feature","geometry":{"type":"Point","coordinates":[-119.69551,39.54309]},"properties":{"Fire_Name":"Prater","Acres":2698.3441408823255,"Cause":"Undetermined","Year":2017}},{"type":"Feature","geometry":{"type":"Point","coordinates":[-119.61731,38.85384]},"properties":{"Fire_Name":"Preacher","Acres":5383.129966764345,"Cause":"Natural","Year":2017}},{"type":"Feature","geometry":{"type":"Point","coordinates":[-119.74651,39.56774]},"properties":{"Fire_Name":"Pyramid Way","Acres":2.3,"Cause":"Human","Year":2017}},{"type":"Feature","geometry":{"type":"Point","coordinates":[-119.61161,39.86644]},"properties":{"Fire_Name":"Quail Canyon","Acres":23.432514033601834,"Cause":"Human","Year":2017}},{"type":"Feature","geometry":{"type":"Point","coordinates":[-119.84451,40.21046]},"properties":{"Fire_Name":"Rail","Acres":3.4,"Cause":"Human","Year":2017}},{"type":"Feature","geometry":{"type":"Point","coordinates":[-119.51551,39.15543]},"properties":{"Fire_Name":"Rawe","Acres":0.1,"Cause":"Natural","Year":2017}},{"type":"Feature","geometry":{"type":"Point","coordinates":[-119.66081,40.02665]},"properties":{"Fire_Name":"Rawhide","Acres":0.1,"Cause":"Human","Year":2017}},{"type":"Feature","geometry":{"type":"Point","coordinates":[-119.61701,38.82324]},"properties":{"Fire_Name":"Ray May","Acres":3.68,"Cause":"Human","Year":2017}},{"type":"Feature","geometry":{"type":"Point","coordinates":[-119.77011,39.70551]},"properties":{"Fire_Name":"RC","Acres":10.512123209449912,"Cause":"Human","Year":2017}},{"type":"Feature","geometry":{"type":"Point","coordinates":[-119.91681,39.63122]},"properties":{"Fire_Name":"Red Rock","Acres":5,"Cause":"Human","Year":2017}},{"type":"Feature","geometry":{"type":"Point","coordinates":[-119.75991,39.5774]},"properties":{"Fire_Name":"Ridge","Acres":3.1,"Cause":"Human","Year":2017}},{"type":"Feature","geometry":{"type":"Point","coordinates":[-120.11351,40.04062]},"properties":{"Fire_Name":"River","Acres":71.2299160948344,"Cause":"Undetermined","Year":2017}},{"type":"Feature","geometry":{"type":"Point","coordinates":[-119.26521,39.59025]},"properties":{"Fire_Name":"Sage","Acres":14.911074019832583,"Cause":"Human","Year":2017}},{"type":"Feature","geometry":{"type":"Point","coordinates":[-119.86201,39.8446]},"properties":{"Fire_Name":"Sand Hills","Acres":0.1,"Cause":"Natural","Year":2017}},{"type":"Feature","geometry":{"type":"Point","coordinates":[-119.13701,39.54641]},"properties":{"Fire_Name":"Scenic","Acres":5,"Cause":"Human","Year":2017}},{"type":"Feature","geometry":{"type":"Point","coordinates":[-119.78691,39.56387]},"properties":{"Fire_Name":"Scottsdale","Acres":1,"Cause":"Human","Year":2017}},{"type":"Feature","geometry":{"type":"Point","coordinates":[-119.63201,39.11569]},"properties":{"Fire_Name":"Sedge","Acres":1.9,"Cause":"Human","Year":2017}},{"type":"Feature","geometry":{"type":"Point","coordinates":[-119.61531,39.9734]},"properties":{"Fire_Name":"Separator","Acres":1.8,"Cause":"Human","Year":2017}},{"type":"Feature","geometry":{"type":"Point","coordinates":[-120.00131,39.92046]},"properties":{"Fire_Name":"Seven Lakes","Acres":5.8,"Cause":"Natural","Year":2017}},{"type":"Feature","geometry":{"type":"Point","coordinates":[-119.27611,39.5723]},"properties":{"Fire_Name":"Shooters Knob","Acres":0.2,"Cause":"Human","Year":2017}},{"type":"Feature","geometry":{"type":"Point","coordinates":[-119.73021,39.87681]},"properties":{"Fire_Name":"Shooting Range","Acres":7.5,"Cause":"Human","Year":2017}},{"type":"Feature","geometry":{"type":"Point","coordinates":[-119.44301,38.92144]},"properties":{"Fire_Name":"Siegel","Acres":0.25,"Cause":"Natural","Year":2017}},{"type":"Feature","geometry":{"type":"Point","coordinates":[-119.82751,39.37569]},"properties":{"Fire_Name":"Sierra Country","Acres":1,"Cause":"Human","Year":2017}},{"type":"Feature","geometry":{"type":"Point","coordinates":[-119.85951,38.87611]},"properties":{"Fire_Name":"Sister","Acres":0.1,"Cause":"Natural","Year":2017}},{"type":"Feature","geometry":{"type":"Point","coordinates":[-119.59991,39.31026]},"properties":{"Fire_Name":"Six  Mile","Acres":184.71333842499234,"Cause":"Human","Year":2017}},{"type":"Feature","geometry":{"type":"Point","coordinates":[-119.18141,39.52202]},"properties":{"Fire_Name":"Speedway","Acres":38.35617744378594,"Cause":"Natural","Year":2017}},{"type":"Feature","geometry":{"type":"Point","coordinates":[-119.79231,39.11378]},"properties":{"Fire_Name":"Spooner","Acres":1,"Cause":"Human","Year":2017}},{"type":"Feature","geometry":{"type":"Point","coordinates":[-119.69301,39.05625]},"properties":{"Fire_Name":"Stephanie","Acres":10.378818664907223,"Cause":"Human","Year":2017}},{"type":"Feature","geometry":{"type":"Point","coordinates":[-119.77351,39.21786]},"properties":{"Fire_Name":"Sugarloaf","Acres":0.75,"Cause":"Undetermined","Year":2017}},{"type":"Feature","geometry":{"type":"Point","coordinates":[-119.76631,39.57617]},"properties":{"Fire_Name":"Sun Valley","Acres":0.25,"Cause":"Human","Year":2017}},{"type":"Feature","geometry":{"type":"Point","coordinates":[-119.70061,40.07501]},"properties":{"Fire_Name":"Sutcliffe","Acres":0.5,"Cause":"Human","Year":2017}},{"type":"Feature","geometry":{"type":"Point","coordinates":[-119.27631,39.48239]},"properties":{"Fire_Name":"Tiger","Acres":3.8,"Cause":"Natural","Year":2017}},{"type":"Feature","geometry":{"type":"Point","coordinates":[-119.45711,40.16719]},"properties":{"Fire_Name":"Tohakum","Acres":0.45,"Cause":"Natural","Year":2017}},{"type":"Feature","geometry":{"type":"Point","coordinates":[-119.46371,40.2729]},"properties":{"Fire_Name":"Tohakum 2","Acres":94200.90328624586,"Cause":"Natural","Year":2017}},{"type":"Feature","geometry":{"type":"Point","coordinates":[-119.87271,39.85036]},"properties":{"Fire_Name":"Tough","Acres":0.1,"Cause":"Natural","Year":2017}},{"type":"Feature","geometry":{"type":"Point","coordinates":[-119.57321,39.62335]},"properties":{"Fire_Name":"Tracy","Acres":25.467051858197227,"Cause":"Natural","Year":2017}},{"type":"Feature","geometry":{"type":"Point","coordinates":[-119.35471,39.91414]},"properties":{"Fire_Name":"Transfer","Acres":93.81225375562963,"Cause":"Natural","Year":2017}},{"type":"Feature","geometry":{"type":"Point","coordinates":[-119.77831,39.1033]},"properties":{"Fire_Name":"Trash","Acres":0.1,"Cause":"Human","Year":2017}},{"type":"Feature","geometry":{"type":"Point","coordinates":[-119.25251,39.76203]},"properties":{"Fire_Name":"Truckee","Acres":98954.26567184886,"Cause":"Human","Year":2017}},{"type":"Feature","geometry":{"type":"Point","coordinates":[-119.39961,39.48435]},"properties":{"Fire_Name":"USA Parkway","Acres":4,"Cause":"Human","Year":2017}},{"type":"Feature","geometry":{"type":"Point","coordinates":[-119.68411,39.97591]},"properties":{"Fire_Name":"Virginia Range South","Acres":1,"Cause":"Undetermined","Year":2017}},{"type":"Feature","geometry":{"type":"Point","coordinates":[-119.74741,39.23611]},"properties":{"Fire_Name":"Volcano","Acres":0.5,"Cause":"Natural","Year":2017}},{"type":"Feature","geometry":{"type":"Point","coordinates":[-119.77511,39.12976]},"properties":{"Fire_Name":"Voltaire Canyon","Acres":133.9587176626903,"Cause":"Natural","Year":2017}},{"type":"Feature","geometry":{"type":"Point","coordinates":[-119.77791,38.80472]},"properties":{"Fire_Name":"Wade","Acres":0.1,"Cause":"Human","Year":2017}},{"type":"Feature","geometry":{"type":"Point","coordinates":[-119.76611,39.80688]},"properties":{"Fire_Name":"Warm Springs","Acres":885.0397820287137,"Cause":"Undetermined","Year":2017}},{"type":"Feature","geometry":{"type":"Point","coordinates":[-119.86131,39.38289]},"properties":{"Fire_Name":"Whites","Acres":29.115756650939893,"Cause":"Natural","Year":2017}},{"type":"Feature","geometry":{"type":"Point","coordinates":[-119.88391,39.94993]},"properties":{"Fire_Name":"Wildcat","Acres":10.467003063347098,"Cause":"Natural","Year":2017}},{"type":"Feature","geometry":{"type":"Point","coordinates":[-119.56661,39.64394]},"properties":{"Fire_Name":"Wildcat Springs","Acres":0.1,"Cause":"Undetermined","Year":2017}},{"type":"Feature","geometry":{"type":"Point","coordinates":[-119.69491,39.77646]},"properties":{"Fire_Name":"Winnemucca","Acres":0.1,"Cause":"Human","Year":2017}},{"type":"Feature","geometry":{"type":"Point","coordinates":[-119.68601,39.75965]},"properties":{"Fire_Name":"Winnemucca Ranch","Acres":4796.577407412621,"Cause":"Natural","Year":2017}},{"type":"Feature","geometry":{"type":"Point","coordinates":[-119.89081,39.49647]},"properties":{"Fire_Name":"Woodchuck","Acres":49.6,"Cause":"Human","Year":2017}},{"type":"Feature","geometry":{"type":"Point","coordinates":[-119.27221,39.57208]},"properties":{"Fire_Name":"Gas Line","Acres":1.1329512943642244,"Cause":"Human","Year":2018}},{"type":"Feature","geometry":{"type":"Point","coordinates":[-119.89391,39.3152]},"properties":{"Fire_Name":"Mt Rose","Acres":0.1,"Cause":"Undetermined","Year":2018}},{"type":"Feature","geometry":{"type":"Point","coordinates":[-119.85951,39.54974]},"properties":{"Fire_Name":"West Keystone","Acres":1,"Cause":"Human","Year":2018}},{"type":"Feature","geometry":{"type":"Point","coordinates":[-119.27711,39.66802]},"properties":{"Fire_Name":"Truckee","Acres":0.3,"Cause":"Human","Year":2018}},{"type":"Feature","geometry":{"type":"Point","coordinates":[-119.23911,39.60876]},"properties":{"Fire_Name":"Fremont","Acres":0.1,"Cause":"Undetermined","Year":2018}},{"type":"Feature","geometry":{"type":"Point","coordinates":[-119.20991,39.80824]},"properties":{"Fire_Name":"Valley","Acres":0.3,"Cause":"Human","Year":2018}},{"type":"Feature","geometry":{"type":"Point","coordinates":[-119.85781,38.97723]},"properties":{"Fire_Name":"Kingsbury","Acres":0.1,"Cause":"Human","Year":2018}},{"type":"Feature","geometry":{"type":"Point","coordinates":[-119.59881,39.28755]},"properties":{"Fire_Name":"Sugar Loaf","Acres":0.6,"Cause":"Human","Year":2018}},{"type":"Feature","geometry":{"type":"Point","coordinates":[-119.91151,39.19329]},"properties":{"Fire_Name":"Marlette","Acres":0.1,"Cause":"Undetermined","Year":2018}},{"type":"Feature","geometry":{"type":"Point","coordinates":[-119.54191,39.90435]},"properties":{"Fire_Name":"Bud","Acres":0.5,"Cause":"Human","Year":2018}},{"type":"Feature","geometry":{"type":"Point","coordinates":[-119.42111,39.28662]},"properties":{"Fire_Name":"Chaves","Acres":3437.2760125839704,"Cause":"Human","Year":2018}},{"type":"Feature","geometry":{"type":"Point","coordinates":[-119.17941,38.84365]},"properties":{"Fire_Name":"208","Acres":15,"Cause":"Undetermined","Year":2018}},{"type":"Feature","geometry":{"type":"Point","coordinates":[-119.24291,39.46129]},"properties":{"Fire_Name":"Piper","Acres":313.59214385871013,"Cause":"Human","Year":2018}},{"type":"Feature","geometry":{"type":"Point","coordinates":[-119.54031,39.91276]},"properties":{"Fire_Name":"Tamarack","Acres":26.62365163004064,"Cause":"Human","Year":2018}},{"type":"Feature","geometry":{"type":"Point","coordinates":[-119.68071,39.47573]},"properties":{"Fire_Name":"Powerline","Acres":58,"Cause":"Undetermined","Year":2018}},{"type":"Feature","geometry":{"type":"Point","coordinates":[-119.27971,39.65896]},"properties":{"Fire_Name":"Truckee River","Acres":0.1,"Cause":"Human","Year":2018}},{"type":"Feature","geometry":{"type":"Point","coordinates":[-119.79971,39.13373]},"properties":{"Fire_Name":"Voltaire","Acres":517.0906997659047,"Cause":"Human","Year":2018}},{"type":"Feature","geometry":{"type":"Point","coordinates":[-119.35821,39.82383]},"properties":{"Fire_Name":"Nixon","Acres":2.085346334032472,"Cause":"Human","Year":2018}},{"type":"Feature","geometry":{"type":"Point","coordinates":[-119.41101,38.81835]},"properties":{"Fire_Name":"Upper Colony","Acres":1201.0955342704083,"Cause":"Human","Year":2018}},{"type":"Feature","geometry":{"type":"Point","coordinates":[-119.06861,39.37295]},"properties":{"Fire_Name":"Lahontan Dam","Acres":13.23590462693305,"Cause":"Human","Year":2018}},{"type":"Feature","geometry":{"type":"Point","coordinates":[-119.67441,39.17578]},"properties":{"Fire_Name":"Rifle","Acres":4.2,"Cause":"Undetermined","Year":2018}},{"type":"Feature","geometry":{"type":"Point","coordinates":[-119.50321,39.87875]},"properties":{"Fire_Name":"Rawhide","Acres":0.1,"Cause":"Human","Year":2018}},{"type":"Feature","geometry":{"type":"Point","coordinates":[-119.29101,39.6461]},"properties":{"Fire_Name":"River Ranch","Acres":0.2,"Cause":"Human","Year":2018}},{"type":"Feature","geometry":{"type":"Point","coordinates":[-119.53681,39.90447]},"properties":{"Fire_Name":"Indian Head","Acres":0.6,"Cause":"Human","Year":2018}},{"type":"Feature","geometry":{"type":"Point","coordinates":[-119.51561,39.3094]},"properties":{"Fire_Name":"Gold Pan","Acres":1.5,"Cause":"Human","Year":2018}},{"type":"Feature","geometry":{"type":"Point","coordinates":[-119.90601,39.58978]},"properties":{"Fire_Name":"Peavine","Acres":1,"Cause":"Human","Year":2018}},{"type":"Feature","geometry":{"type":"Point","coordinates":[-119.33861,39.55048]},"properties":{"Fire_Name":"Eagle","Acres":43.695192044144626,"Cause":"Human","Year":2018}},{"type":"Feature","geometry":{"type":"Point","coordinates":[-119.59011,39.24515]},"properties":{"Fire_Name":"Gold Ranch","Acres":8.216044529923645,"Cause":"Human","Year":2018}},{"type":"Feature","geometry":{"type":"Point","coordinates":[-119.66561,39.51094]},"properties":{"Fire_Name":"I-80","Acres":134.3170245030781,"Cause":"Undetermined","Year":2018}},{"type":"Feature","geometry":{"type":"Point","coordinates":[-119.88081,39.44648]},"properties":{"Fire_Name":"Evans","Acres":62.86553490330307,"Cause":"Human","Year":2018}},{"type":"Feature","geometry":{"type":"Point","coordinates":[-119.53631,39.90449]},"properties":{"Fire_Name":"Tamarack Beach","Acres":0.1,"Cause":"Human","Year":2018}},{"type":"Feature","geometry":{"type":"Point","coordinates":[-119.66321,39.67994]},"properties":{"Fire_Name":"Capistrano Drive","Acres":0.1,"Cause":"Undetermined","Year":2018}},{"type":"Feature","geometry":{"type":"Point","coordinates":[-119.43011,39.8328]},"properties":{"Fire_Name":"Toby","Acres":0.1,"Cause":"Human","Year":2018}},{"type":"Feature","geometry":{"type":"Point","coordinates":[-119.49171,39.87521]},"properties":{"Fire_Name":"Block House","Acres":0.1,"Cause":"Human","Year":2018}},{"type":"Feature","geometry":{"type":"Point","coordinates":[-119.53561,39.91042]},"properties":{"Fire_Name":"Indian Head Beach","Acres":0.1,"Cause":"Human","Year":2018}},{"type":"Feature","geometry":{"type":"Point","coordinates":[-119.76591,39.58908]},"properties":{"Fire_Name":"Yukon","Acres":0.1,"Cause":"Undetermined","Year":2018}},{"type":"Feature","geometry":{"type":"Point","coordinates":[-119.44711,39.33906]},"properties":{"Fire_Name":"Iron Mountain","Acres":96,"Cause":"Undetermined","Year":2018}},{"type":"Feature","geometry":{"type":"Point","coordinates":[-119.90171,39.59331]},"properties":{"Fire_Name":"Peavine 3","Acres":2,"Cause":"Human","Year":2018}},{"type":"Feature","geometry":{"type":"Point","coordinates":[-119.75271,39.82692]},"properties":{"Fire_Name":"Big Wash","Acres":4.781184600385925,"Cause":"Human","Year":2018}},{"type":"Feature","geometry":{"type":"Point","coordinates":[-119.82731,39.05493]},"properties":{"Fire_Name":"James Loop","Acres":269.9431513488921,"Cause":"Human","Year":2018}},{"type":"Feature","geometry":{"type":"Point","coordinates":[-119.55941,39.55186]},"properties":{"Fire_Name":"Mustang","Acres":0.1,"Cause":"Undetermined","Year":2018}},{"type":"Feature","geometry":{"type":"Point","coordinates":[-119.73821,39.56955]},"properties":{"Fire_Name":"Wedekind Park","Acres":29.80587893138238,"Cause":"Human","Year":2018}},{"type":"Feature","geometry":{"type":"Point","coordinates":[-119.49101,39.87439]},"properties":{"Fire_Name":"Block","Acres":0.6,"Cause":"Human","Year":2018}},{"type":"Feature","geometry":{"type":"Point","coordinates":[-119.79141,39.33208]},"properties":{"Fire_Name":"Old 395","Acres":1.3,"Cause":"Undetermined","Year":2018}},{"type":"Feature","geometry":{"type":"Point","coordinates":[-119.71231,39.1398]},"properties":{"Fire_Name":"Silver Saddle","Acres":0.1,"Cause":"Human","Year":2018}},{"type":"Feature","geometry":{"type":"Point","coordinates":[-119.86291,39.69218]},"properties":{"Fire_Name":"Hillside","Acres":0.1,"Cause":"Natural","Year":2018}},{"type":"Feature","geometry":{"type":"Point","coordinates":[-119.79361,39.7626]},"properties":{"Fire_Name":"Bronze","Acres":0.3,"Cause":"Natural","Year":2018}},{"type":"Feature","geometry":{"type":"Point","coordinates":[-119.88301,39.67124]},"properties":{"Fire_Name":"Stead Airport","Acres":0.1,"Cause":"Undetermined","Year":2018}},{"type":"Feature","geometry":{"type":"Point","coordinates":[-119.87951,39.58256]},"properties":{"Fire_Name":"Kiowa","Acres":120.41398928991349,"Cause":"Human","Year":2018}},{"type":"Feature","geometry":{"type":"Point","coordinates":[-119.87971,39.58298]},"properties":{"Fire_Name":"Hogue","Acres":191.68040165458606,"Cause":"Human","Year":2018}},{"type":"Feature","geometry":{"type":"Point","coordinates":[-119.83111,39.69255]},"properties":{"Fire_Name":"American Flats","Acres":7.583992105577336,"Cause":"Undetermined","Year":2018}},{"type":"Feature","geometry":{"type":"Point","coordinates":[-119.66001,40.04255]},"properties":{"Fire_Name":"Warrior Point","Acres":0.6,"Cause":"Human","Year":2018}},{"type":"Feature","geometry":{"type":"Point","coordinates":[-119.62021,39.52752]},"properties":{"Fire_Name":"Airway","Acres":0.7,"Cause":"Human","Year":2018}},{"type":"Feature","geometry":{"type":"Point","coordinates":[-119.32451,39.60392]},"properties":{"Fire_Name":"Cantlon Drive","Acres":0.1,"Cause":"Undetermined","Year":2018}},{"type":"Feature","geometry":{"type":"Point","coordinates":[-119.82041,39.07044]},"properties":{"Fire_Name":"Jacks Valley","Acres":0.1,"Cause":"Human","Year":2018}},{"type":"Feature","geometry":{"type":"Point","coordinates":[-119.61951,39.52713]},"properties":{"Fire_Name":"Frontage","Acres":0.1,"Cause":"Human","Year":2018}},{"type":"Feature","geometry":{"type":"Point","coordinates":[-119.65391,38.83422]},"properties":{"Fire_Name":"China Springs","Acres":6.275421897163349,"Cause":"Natural","Year":2018}},{"type":"Feature","geometry":{"type":"Point","coordinates":[-119.60311,38.88454]},"properties":{"Fire_Name":"Blue Sage","Acres":0.1,"Cause":"Natural","Year":2018}},{"type":"Feature","geometry":{"type":"Point","coordinates":[-119.67921,39.18164]},"properties":{"Fire_Name":"Target","Acres":3.5481999101936252,"Cause":"Human","Year":2018}},{"type":"Feature","geometry":{"type":"Point","coordinates":[-119.57881,39.00845]},"properties":{"Fire_Name":"Stockyard","Acres":0.1,"Cause":"Natural","Year":2018}},{"type":"Feature","geometry":{"type":"Point","coordinates":[-119.88371,39.04912]},"properties":{"Fire_Name":"James","Acres":0.1,"Cause":"Natural","Year":2018}},{"type":"Feature","geometry":{"type":"Point","coordinates":[-119.55961,38.98457]},"properties":{"Fire_Name":"Juniper","Acres":0.1,"Cause":"Natural","Year":2018}},{"type":"Feature","geometry":{"type":"Point","coordinates":[-119.20311,39.21745]},"properties":{"Fire_Name":"Desert Mountain","Acres":23.21421875246042,"Cause":"Natural","Year":2018}},{"type":"Feature","geometry":{"type":"Point","coordinates":[-119.33031,39.49542]},"properties":{"Fire_Name":"Eagle Peak","Acres":3,"Cause":"Undetermined","Year":2018}},{"type":"Feature","geometry":{"type":"Point","coordinates":[-119.94801,39.44412]},"properties":{"Fire_Name":"Rose","Acres":0.1,"Cause":"Natural","Year":2018}},{"type":"Feature","geometry":{"type":"Point","coordinates":[-119.75601,39.60104]},"properties":{"Fire_Name":"Apricot","Acres":0.1,"Cause":"Undetermined","Year":2018}},{"type":"Feature","geometry":{"type":"Point","coordinates":[-119.61111,39.43]},"properties":{"Fire_Name":"Bench","Acres":2,"Cause":"Undetermined","Year":2018}},{"type":"Feature","geometry":{"type":"Point","coordinates":[-119.73421,39.48423]},"properties":{"Fire_Name":"Mira Loma","Acres":28,"Cause":"Natural","Year":2018}},{"type":"Feature","geometry":{"type":"Point","coordinates":[-119.61561,39.86094]},"properties":{"Fire_Name":"Perry","Acres":51369.23421766911,"Cause":"Human","Year":2018}},{"type":"Feature","geometry":{"type":"Point","coordinates":[-119.70471,39.44974]},"properties":{"Fire_Name":"Rio Wrangler","Acres":14,"Cause":"Undetermined","Year":2018}},{"type":"Feature","geometry":{"type":"Point","coordinates":[-119.52881,39.57657]},"properties":{"Fire_Name":"Apple","Acres":343.83607958644035,"Cause":"Human","Year":2018}},{"type":"Feature","geometry":{"type":"Point","coordinates":[-119.80881,39.62927]},"properties":{"Fire_Name":"Estates","Acres":0.9,"Cause":"Human","Year":2018}},{"type":"Feature","geometry":{"type":"Point","coordinates":[-119.61941,39.97543]},"properties":{"Fire_Name":"Pelican","Acres":7.163840109246888,"Cause":"Human","Year":2018}},{"type":"Feature","geometry":{"type":"Point","coordinates":[-119.90261,39.22902]},"properties":{"Fire_Name":"Tunnel","Acres":0.1,"Cause":"Undetermined","Year":2018}},{"type":"Feature","geometry":{"type":"Point","coordinates":[-119.78531,39.80819]},"properties":{"Fire_Name":"Chimney","Acres":17.739089035382555,"Cause":"Human","Year":2018}},{"type":"Feature","geometry":{"type":"Point","coordinates":[-119.87781,39.34052]},"properties":{"Fire_Name":"Hairpin","Acres":1,"Cause":"Human","Year":2018}},{"type":"Feature","geometry":{"type":"Point","coordinates":[-119.68691,39.51948]},"properties":{"Fire_Name":"Homeless","Acres":0.1,"Cause":"Undetermined","Year":2018}},{"type":"Feature","geometry":{"type":"Point","coordinates":[-119.82101,39.0643]},"properties":{"Fire_Name":"Hobo","Acres":1.6988064645070238,"Cause":"Human","Year":2018}},{"type":"Feature","geometry":{"type":"Point","coordinates":[-119.86141,39.33158]},"properties":{"Fire_Name":"Bullseye","Acres":0.1,"Cause":"Natural","Year":2018}},{"type":"Feature","geometry":{"type":"Point","coordinates":[-119.26283,39.49946]},"properties":{"Fire_Name":"Tower","Acres":1,"Cause":"Natural","Year":2018}},{"type":"Feature","geometry":{"type":"Point","coordinates":[-119.29081,39.48297]},"properties":{"Fire_Name":"Ruby","Acres":0.1,"Cause":"Natural","Year":2018}},{"type":"Feature","geometry":{"type":"Point","coordinates":[-119.81441,39.2273]},"properties":{"Fire_Name":"Berry","Acres":7,"Cause":"Human","Year":2018}},{"type":"Feature","geometry":{"type":"Point","coordinates":[-119.67501,39.17428]},"properties":{"Fire_Name":"Rifle Range","Acres":217.7397992635635,"Cause":"Human","Year":2018}},{"type":"Feature","geometry":{"type":"Point","coordinates":[-119.71681,38.99771]},"properties":{"Fire_Name":"Ranch","Acres":9,"Cause":"Human","Year":2018}},{"type":"Feature","geometry":{"type":"Point","coordinates":[-119.54201,39.91319]},"properties":{"Fire_Name":"Tamarack Point","Acres":0.1,"Cause":"Undetermined","Year":2018}},{"type":"Feature","geometry":{"type":"Point","coordinates":[-119.78421,39.60423]},"properties":{"Fire_Name":"Sidehill","Acres":0.1,"Cause":"Undetermined","Year":2018}},{"type":"Feature","geometry":{"type":"Point","coordinates":[-119.57251,39.55086]},"properties":{"Fire_Name":"Patrick","Acres":0.1,"Cause":"Human","Year":2018}},{"type":"Feature","geometry":{"type":"Point","coordinates":[-119.38671,39.99536]},"properties":{"Fire_Name":"Nugent","Acres":0.1,"Cause":"Human","Year":2018}},{"type":"Feature","geometry":{"type":"Point","coordinates":[-119.86491,39.30195]},"properties":{"Fire_Name":"Slide","Acres":61.74454712157219,"Cause":"Human","Year":2018}},{"type":"Feature","geometry":{"type":"Point","coordinates":[-119.77501,39.61732]},"properties":{"Fire_Name":"Dutch Flat","Acres":0.1,"Cause":"Undetermined","Year":2018}},{"type":"Feature","geometry":{"type":"Point","coordinates":[-119.66841,39.13652]},"properties":{"Fire_Name":"Dune","Acres":0.1,"Cause":"Human","Year":2018}},{"type":"Feature","geometry":{"type":"Point","coordinates":[-119.52031,39.55182]},"properties":{"Fire_Name":"Arc","Acres":434.60012841031596,"Cause":"Undetermined","Year":2018}},{"type":"Feature","geometry":{"type":"Point","coordinates":[-119.60611,39.52386]},"properties":{"Fire_Name":"Mustang","Acres":14.149535641473358,"Cause":"Human","Year":2018}},{"type":"Feature","geometry":{"type":"Point","coordinates":[-119.73301,39.56734]},"properties":{"Fire_Name":"Rio Alayne","Acres":24.854130511443447,"Cause":"Human","Year":2018}},{"type":"Feature","geometry":{"type":"Point","coordinates":[-119.43851,39.5898]},"properties":{"Fire_Name":"Derby Dam","Acres":29.695641430248667,"Cause":"Human","Year":2018}},{"type":"Feature","geometry":{"type":"Point","coordinates":[-119.21391,39.18865]},"properties":{"Fire_Name":"Adrian","Acres":0.1,"Cause":"Human","Year":2018}},{"type":"Feature","geometry":{"type":"Point","coordinates":[-119.59111,39.71384]},"properties":{"Fire_Name":"Pioche","Acres":79.75541800249866,"Cause":"Human","Year":2018}},{"type":"Feature","geometry":{"type":"Point","coordinates":[-119.75361,39.23137]},"properties":{"Fire_Name":"Duck Hill","Acres":12.354632111611744,"Cause":"Human","Year":2018}},{"type":"Feature","geometry":{"type":"Point","coordinates":[-119.78431,39.63374]},"properties":{"Fire_Name":"Chimney 2","Acres":184.11675105534172,"Cause":"Human","Year":2018}},{"type":"Feature","geometry":{"type":"Point","coordinates":[-119.73881,39.56599]},"properties":{"Fire_Name":"Rocky Ridge","Acres":2.5910383626834124,"Cause":"Undetermined","Year":2018}},{"type":"Feature","geometry":{"type":"Point","coordinates":[-119.82381,39.43985]},"properties":{"Fire_Name":"Schellbourne","Acres":69.0098338372532,"Cause":"Undetermined","Year":2018}},{"type":"Feature","geometry":{"type":"Point","coordinates":[-119.57861,38.93476]},"properties":{"Fire_Name":"Fish","Acres":0.3,"Cause":"Undetermined","Year":2018}},{"type":"Feature","geometry":{"type":"Point","coordinates":[-119.57021,39.90174]},"properties":{"Fire_Name":"Mullen","Acres":0.1,"Cause":"Undetermined","Year":2018}},{"type":"Feature","geometry":{"type":"Point","coordinates":[-119.35931,39.34779]},"properties":{"Fire_Name":"Shooting","Acres":0.1,"Cause":"Undetermined","Year":2018}},{"type":"Feature","geometry":{"type":"Point","coordinates":[-119.40641,39.38277]},"properties":{"Fire_Name":"Iroquois","Acres":35,"Cause":"Human","Year":2018}},{"type":"Feature","geometry":{"type":"Point","coordinates":[-119.81801,38.89203]},"properties":{"Fire_Name":"Indian","Acres":0.1,"Cause":"Undetermined","Year":2018}},{"type":"Feature","geometry":{"type":"Point","coordinates":[-119.56971,39.55132]},"properties":{"Fire_Name":"Interstate 80","Acres":0.6,"Cause":"Human","Year":2018}},{"type":"Feature","geometry":{"type":"Point","coordinates":[-119.79981,39.20889]},"properties":{"Fire_Name":"Duck Hill Two","Acres":5,"Cause":"Undetermined","Year":2018}},{"type":"Feature","geometry":{"type":"Point","coordinates":[-119.77901,38.82513]},"properties":{"Fire_Name":"88","Acres":0.1,"Cause":"Human","Year":2019}},{"type":"Feature","geometry":{"type":"Point","coordinates":[-119.21586,39.12001]},"properties":{"Fire_Name":"95","Acres":3.376092960844153,"Cause":"Human","Year":2019}},{"type":"Feature","geometry":{"type":"Point","coordinates":[-119.59981,39.31017]},"properties":{"Fire_Name":"6 mile","Acres":11.807082320064655,"Cause":"Human","Year":2019}},{"type":"Feature","geometry":{"type":"Point","coordinates":[-119.72571,39.67564]},"properties":{"Fire_Name":"Airport","Acres":15.089900995282045,"Cause":"Human","Year":2019}},{"type":"Feature","geometry":{"type":"Point","coordinates":[-119.42168,39.41374]},"properties":{"Fire_Name":"Apache","Acres":2,"Cause":"Undetermined","Year":2019}},{"type":"Feature","geometry":{"type":"Point","coordinates":[-119.35481,39.82861]},"properties":{"Fire_Name":"Banjo","Acres":0.3,"Cause":"Human","Year":2019}},{"type":"Feature","geometry":{"type":"Point","coordinates":[-119.27713,39.62946]},"properties":{"Fire_Name":"Big Bend Ranch","Acres":0.1,"Cause":"Human","Year":2019}},{"type":"Feature","geometry":{"type":"Point","coordinates":[-119.76556,39.76376]},"properties":{"Fire_Name":"Big Dog","Acres":3.9844208666154266,"Cause":"Natural","Year":2019}},{"type":"Feature","geometry":{"type":"Point","coordinates":[-119.82921,39.86217]},"properties":{"Fire_Name":"Bird","Acres":38.61281093439095,"Cause":"Human","Year":2019}},{"type":"Feature","geometry":{"type":"Point","coordinates":[-119.35781,39.7861]},"properties":{"Fire_Name":"Black Mountain 2","Acres":728.8876054680443,"Cause":"Natural","Year":2019}},{"type":"Feature","geometry":{"type":"Point","coordinates":[-119.49181,39.87483]},"properties":{"Fire_Name":"Block House","Acres":0.1,"Cause":"Human","Year":2019}},{"type":"Feature","geometry":{"type":"Point","coordinates":[-119.50831,39.88338]},"properties":{"Fire_Name":"Block House 2","Acres":0.1,"Cause":"Human","Year":2019}},{"type":"Feature","geometry":{"type":"Point","coordinates":[-119.97671,39.68339]},"properties":{"Fire_Name":"Bobolink","Acres":0.1,"Cause":"Undetermined","Year":2019}},{"type":"Feature","geometry":{"type":"Point","coordinates":[-119.57881,39.31899]},"properties":{"Fire_Name":"Bonanza","Acres":0.8,"Cause":"Natural","Year":2019}},{"type":"Feature","geometry":{"type":"Point","coordinates":[-120.03651,39.69711]},"properties":{"Fire_Name":"Border","Acres":11.51428176751207,"Cause":"Undetermined","Year":2019}},{"type":"Feature","geometry":{"type":"Point","coordinates":[-119.85811,39.48661]},"properties":{"Fire_Name":"Bradford","Acres":1,"Cause":"Undetermined","Year":2019}},{"type":"Feature","geometry":{"type":"Point","coordinates":[-119.29041,39.65627]},"properties":{"Fire_Name":"Brady","Acres":2.3192791926322927,"Cause":"Human","Year":2019}},{"type":"Feature","geometry":{"type":"Point","coordinates":[-119.88051,39.55256]},"properties":{"Fire_Name":"Brookdale","Acres":0.4,"Cause":"Human","Year":2019}},{"type":"Feature","geometry":{"type":"Point","coordinates":[-119.3838,39.96056]},"properties":{"Fire_Name":"Caliber","Acres":36.92858784220934,"Cause":"Human","Year":2019}},{"type":"Feature","geometry":{"type":"Point","coordinates":[-119.99591,40.09271]},"properties":{"Fire_Name":"Calveda","Acres":0.1,"Cause":"Human","Year":2019}},{"type":"Feature","geometry":{"type":"Point","coordinates":[-119.99571,40.09152]},"properties":{"Fire_Name":"Calveda 2","Acres":0.27,"Cause":"Human","Year":2019}},{"type":"Feature","geometry":{"type":"Point","coordinates":[-119.70081,39.67361]},"properties":{"Fire_Name":"Campo Rico","Acres":4.182630075233875,"Cause":"Undetermined","Year":2019}},{"type":"Feature","geometry":{"type":"Point","coordinates":[-119.48411,39.8671]},"properties":{"Fire_Name":"Cattle","Acres":0.1,"Cause":"Human","Year":2019}},{"type":"Feature","geometry":{"type":"Point","coordinates":[-119.47501,39.85827]},"properties":{"Fire_Name":"Cattleguard","Acres":0.1,"Cause":"Human","Year":2019}},{"type":"Feature","geometry":{"type":"Point","coordinates":[-119.77561,39.66592]},"properties":{"Fire_Name":"Chickadee","Acres":2.372487857336456,"Cause":"Natural","Year":2019}},{"type":"Feature","geometry":{"type":"Point","coordinates":[-119.78251,39.62596]},"properties":{"Fire_Name":"Chimney","Acres":0.188,"Cause":"Human","Year":2019}},{"type":"Feature","geometry":{"type":"Point","coordinates":[-119.77971,39.6238]},"properties":{"Fire_Name":"Chimney 2","Acres":1.260172331783066,"Cause":"Human","Year":2019}},{"type":"Feature","geometry":{"type":"Point","coordinates":[-119.78688,39.62697]},"properties":{"Fire_Name":"Chimney 3","Acres":0.7,"Cause":"Human","Year":2019}},{"type":"Feature","geometry":{"type":"Point","coordinates":[-119.65311,38.84382]},"properties":{"Fire_Name":"China","Acres":1.5475853820189005,"Cause":"Undetermined","Year":2019}},{"type":"Feature","geometry":{"type":"Point","coordinates":[-119.64571,39.31085]},"properties":{"Fire_Name":"Chinatown","Acres":0.1,"Cause":"Human","Year":2019}},{"type":"Feature","geometry":{"type":"Point","coordinates":[-119.42441,39.19628]},"properties":{"Fire_Name":"Clifton","Acres":65.87803496546044,"Cause":"Undetermined","Year":2019}},{"type":"Feature","geometry":{"type":"Point","coordinates":[-119.97868,39.67701]},"properties":{"Fire_Name":"Cold Springs","Acres":1.3850061136822187,"Cause":"Undetermined","Year":2019}},{"type":"Feature","geometry":{"type":"Point","coordinates":[-119.45411,39.06858]},"properties":{"Fire_Name":"Como","Acres":4.265854760038023,"Cause":"Undetermined","Year":2019}},{"type":"Feature","geometry":{"type":"Point","coordinates":[-119.85471,40.10961]},"properties":{"Fire_Name":"Cottonwood","Acres":333.04545222743116,"Cause":"Natural","Year":2019}},{"type":"Feature","geometry":{"type":"Point","coordinates":[-119.66961,39.2353]},"properties":{"Fire_Name":"Cygnet","Acres":2.39,"Cause":"Undetermined","Year":2019}},{"type":"Feature","geometry":{"type":"Point","coordinates":[-119.36701,39.72623]},"properties":{"Fire_Name":"Deadwash","Acres":16.42538391194935,"Cause":"Natural","Year":2019}},{"type":"Feature","geometry":{"type":"Point","coordinates":[-119.67201,39.55472]},"properties":{"Fire_Name":"DeAndrea","Acres":0.7,"Cause":"Undetermined","Year":2019}},{"type":"Feature","geometry":{"type":"Point","coordinates":[-119.93341,39.80524]},"properties":{"Fire_Name":"Desert","Acres":25.20185846272965,"Cause":"Natural","Year":2019}},{"type":"Feature","geometry":{"type":"Point","coordinates":[-119.88761,39.94026]},"properties":{"Fire_Name":"Dixie","Acres":105.6089327836587,"Cause":"Natural","Year":2019}},{"type":"Feature","geometry":{"type":"Point","coordinates":[-119.96251,39.95917]},"properties":{"Fire_Name":"Dry","Acres":0.51,"Cause":"Human","Year":2019}},{"type":"Feature","geometry":{"type":"Point","coordinates":[-119.57181,39.20435]},"properties":{"Fire_Name":"Eldorado","Acres":0.5,"Cause":"Human","Year":2019}},{"type":"Feature","geometry":{"type":"Point","coordinates":[-119.58671,39.18207]},"properties":{"Fire_Name":"Eldorado Canyon","Acres":0.1,"Cause":"Undetermined","Year":2019}},{"type":"Feature","geometry":{"type":"Point","coordinates":[-119.82668,39.62801]},"properties":{"Fire_Name":"Estates","Acres":3.4471104339782217,"Cause":"Human","Year":2019}},{"type":"Feature","geometry":{"type":"Point","coordinates":[-119.85381,39.45461]},"properties":{"Fire_Name":"Evans Creek","Acres":24.3946817520349,"Cause":"Undetermined","Year":2019}},{"type":"Feature","geometry":{"type":"Point","coordinates":[-119.21121,39.58565]},"properties":{"Fire_Name":"Farm","Acres":0.1,"Cause":"Undetermined","Year":2019}},{"type":"Feature","geometry":{"type":"Point","coordinates":[-119.23571,39.54284]},"properties":{"Fire_Name":"Festival","Acres":0.1,"Cause":"Human","Year":2019}},{"type":"Feature","geometry":{"type":"Point","coordinates":[-119.99421,40.0918]},"properties":{"Fire_Name":"Fish","Acres":0.2,"Cause":"Human","Year":2019}},{"type":"Feature","geometry":{"type":"Point","coordinates":[-119.99561,40.09154]},"properties":{"Fire_Name":"Fish Spring","Acres":0.1,"Cause":"Undetermined","Year":2019}},{"type":"Feature","geometry":{"type":"Point","coordinates":[-119.59631,39.95212]},"properties":{"Fire_Name":"Fisheries","Acres":0.1,"Cause":"Human","Year":2019}},{"type":"Feature","geometry":{"type":"Point","coordinates":[-119.59121,39.31932]},"properties":{"Fire_Name":"Flowery","Acres":0.1,"Cause":"Undetermined","Year":2019}},{"type":"Feature","geometry":{"type":"Point","coordinates":[-119.99551,40.09187]},"properties":{"Fire_Name":"Fort","Acres":1,"Cause":"Undetermined","Year":2019}},{"type":"Feature","geometry":{"type":"Point","coordinates":[-119.99561,40.0915]},"properties":{"Fire_Name":"Fort 2","Acres":0.1,"Cause":"Undetermined","Year":2019}},{"type":"Feature","geometry":{"type":"Point","coordinates":[-119.44851,39.30324]},"properties":{"Fire_Name":"Fort Churchill","Acres":51.355099694200526,"Cause":"Human","Year":2019}},{"type":"Feature","geometry":{"type":"Point","coordinates":[-119.82991,39.03622]},"properties":{"Fire_Name":"Genoa","Acres":0.25,"Cause":"Undetermined","Year":2019}},{"type":"Feature","geometry":{"type":"Point","coordinates":[-119.91081,39.73805]},"properties":{"Fire_Name":"Goldstone","Acres":18,"Cause":"Natural","Year":2019}},{"type":"Feature","geometry":{"type":"Point","coordinates":[-119.90651,39.84642]},"properties":{"Fire_Name":"Granite Peak 2","Acres":0.1,"Cause":"Undetermined","Year":2019}},{"type":"Feature","geometry":{"type":"Point","coordinates":[-120.11521,39.66901]},"properties":{"Fire_Name":"Haskell","Acres":0.1,"Cause":"Undetermined","Year":2019}},{"type":"Feature","geometry":{"type":"Point","coordinates":[-119.69711,38.88669]},"properties":{"Fire_Name":"Hatchery","Acres":2,"Cause":"Undetermined","Year":2019}},{"type":"Feature","geometry":{"type":"Point","coordinates":[-119.83301,39.68323]},"properties":{"Fire_Name":"Heartpine","Acres":1.081499085093177,"Cause":"Human","Year":2019}},{"type":"Feature","geometry":{"type":"Point","coordinates":[-119.76071,39.61224]},"properties":{"Fire_Name":"Highland","Acres":2.304099936237846,"Cause":"Human","Year":2019}},{"type":"Feature","geometry":{"type":"Point","coordinates":[-119.73406,39.71156]},"properties":{"Fire_Name":"Hungry","Acres":305.7478781967289,"Cause":"Undetermined","Year":2019}},{"type":"Feature","geometry":{"type":"Point","coordinates":[-119.74371,39.69989]},"properties":{"Fire_Name":"Hungry Valley","Acres":0.1,"Cause":"Human","Year":2019}},{"type":"Feature","geometry":{"type":"Point","coordinates":[-119.52618,39.89931]},"properties":{"Fire_Name":"Indian Head","Acres":0.1,"Cause":"Human","Year":2019}},{"type":"Feature","geometry":{"type":"Point","coordinates":[-119.52801,39.90265]},"properties":{"Fire_Name":"Indian Head 2","Acres":0.1,"Cause":"Human","Year":2019}},{"type":"Feature","geometry":{"type":"Point","coordinates":[-119.71171,39.67634]},"properties":{"Fire_Name":"Isidor","Acres":0.1,"Cause":"Human","Year":2019}},{"type":"Feature","geometry":{"type":"Point","coordinates":[-119.80881,39.10273]},"properties":{"Fire_Name":"Jacks","Acres":5.413698001521632,"Cause":"Undetermined","Year":2019}},{"type":"Feature","geometry":{"type":"Point","coordinates":[-119.78241,39.63017]},"properties":{"Fire_Name":"Jasper","Acres":1164.6536509913399,"Cause":"Human","Year":2019}},{"type":"Feature","geometry":{"type":"Point","coordinates":[-119.86551,39.59342]},"properties":{"Fire_Name":"Kiowa Pond","Acres":0.1,"Cause":"Human","Year":2019}},{"type":"Feature","geometry":{"type":"Point","coordinates":[-119.1907,39.40201]},"properties":{"Fire_Name":"Lahontan Beach 7","Acres":0.1,"Cause":"Undetermined","Year":2019}},{"type":"Feature","geometry":{"type":"Point","coordinates":[-119.96845,39.81972]},"properties":{"Fire_Name":"Lake Springs","Acres":0.1,"Cause":"Undetermined","Year":2019}},{"type":"Feature","geometry":{"type":"Point","coordinates":[-119.78091,39.65671]},"properties":{"Fire_Name":"Lemmon","Acres":2,"Cause":"Human","Year":2019}},{"type":"Feature","geometry":{"type":"Point","coordinates":[-120.02541,39.87969]},"properties":{"Fire_Name":"Long Valley","Acres":2438.6900561164884,"Cause":"Undetermined","Year":2019}},{"type":"Feature","geometry":{"type":"Point","coordinates":[-119.39421,39.85659]},"properties":{"Fire_Name":"Marble Bluff","Acres":0.25,"Cause":"Human","Year":2019}},{"type":"Feature","geometry":{"type":"Point","coordinates":[-119.73251,39.56635]},"properties":{"Fire_Name":"Martini","Acres":5.167504715536216,"Cause":"Human","Year":2019}},{"type":"Feature","geometry":{"type":"Point","coordinates":[-119.81901,39.94784]},"properties":{"Fire_Name":"McKinney","Acres":2.456298850318058,"Cause":"Natural","Year":2019}},{"type":"Feature","geometry":{"type":"Point","coordinates":[-119.99351,39.4869]},"properties":{"Fire_Name":"Mile Marker 2","Acres":1.0390163326183877,"Cause":"Undetermined","Year":2019}},{"type":"Feature","geometry":{"type":"Point","coordinates":[-119.5914,38.89057]},"properties":{"Fire_Name":"Mine","Acres":0.1,"Cause":"Natural","Year":2019}},{"type":"Feature","geometry":{"type":"Point","coordinates":[-119.58181,39.89466]},"properties":{"Fire_Name":"MM 28","Acres":3.1108871163821696,"Cause":"Undetermined","Year":2019}},{"type":"Feature","geometry":{"type":"Point","coordinates":[-119.64451,39.5325]},"properties":{"Fire_Name":"Motorsports","Acres":32.65,"Cause":"Undetermined","Year":2019}},{"type":"Feature","geometry":{"type":"Point","coordinates":[-120.01141,39.44301]},"properties":{"Fire_Name":"Mystic","Acres":0.1,"Cause":"Undetermined","Year":2019}},{"type":"Feature","geometry":{"type":"Point","coordinates":[-119.83911,40.19103]},"properties":{"Fire_Name":"Never Sweat","Acres":0.25,"Cause":"Human","Year":2019}},{"type":"Feature","geometry":{"type":"Point","coordinates":[-119.35235,39.80167]},"properties":{"Fire_Name":"Nixon","Acres":0.2,"Cause":"Human","Year":2019}},{"type":"Feature","geometry":{"type":"Point","coordinates":[-119.90051,39.53364]},"properties":{"Fire_Name":"Northgate","Acres":4.298093877463649,"Cause":"Human","Year":2019}},{"type":"Feature","geometry":{"type":"Point","coordinates":[-119.41068,39.71217]},"properties":{"Fire_Name":"Numana","Acres":0.1,"Cause":"Undetermined","Year":2019}},{"type":"Feature","geometry":{"type":"Point","coordinates":[-119.75185,39.33172]},"properties":{"Fire_Name":"Ophir","Acres":16.411588074879173,"Cause":"Human","Year":2019}},{"type":"Feature","geometry":{"type":"Point","coordinates":[-119.5932,39.23201]},"properties":{"Fire_Name":"Park","Acres":12.544394884440432,"Cause":"Human","Year":2019}},{"type":"Feature","geometry":{"type":"Point","coordinates":[-119.89281,39.6052]},"properties":{"Fire_Name":"Peavine","Acres":7.314029027745688,"Cause":"Undetermined","Year":2019}},{"type":"Feature","geometry":{"type":"Point","coordinates":[-119.96871,39.72594]},"properties":{"Fire_Name":"Petersen","Acres":119.61294829360608,"Cause":"Human","Year":2019}},{"type":"Feature","geometry":{"type":"Point","coordinates":[-119.61596,38.89671]},"properties":{"Fire_Name":"Pinenut","Acres":0.1,"Cause":"Undetermined","Year":2019}},{"type":"Feature","geometry":{"type":"Point","coordinates":[-119.45001,39.17001]},"properties":{"Fire_Name":"Pintail","Acres":0.25,"Cause":"Undetermined","Year":2019}},{"type":"Feature","geometry":{"type":"Point","coordinates":[-119.99651,39.47558]},"properties":{"Fire_Name":"Ponderosa","Acres":0.1,"Cause":"Undetermined","Year":2019}},{"type":"Feature","geometry":{"type":"Point","coordinates":[-119.72021,39.1215]},"properties":{"Fire_Name":"Prison Hill","Acres":1.25,"Cause":"Undetermined","Year":2019}},{"type":"Feature","geometry":{"type":"Point","coordinates":[-119.83851,39.72219]},"properties":{"Fire_Name":"Prospect","Acres":0.1,"Cause":"Natural","Year":2019}},{"type":"Feature","geometry":{"type":"Point","coordinates":[-119.46131,39.64381]},"properties":{"Fire_Name":"Pyramid","Acres":0.25,"Cause":"Human","Year":2019}},{"type":"Feature","geometry":{"type":"Point","coordinates":[-119.67531,39.74302]},"properties":{"Fire_Name":"Pyramid 2","Acres":1.402648348653437,"Cause":"Undetermined","Year":2019}},{"type":"Feature","geometry":{"type":"Point","coordinates":[-119.75541,39.58284]},"properties":{"Fire_Name":"Pyramid Highway","Acres":0.3,"Cause":"Human","Year":2019}},{"type":"Feature","geometry":{"type":"Point","coordinates":[-119.59935,39.95462]},"properties":{"Fire_Name":"Pyramid Marina","Acres":0.1,"Cause":"Human","Year":2019}},{"type":"Feature","geometry":{"type":"Point","coordinates":[-119.17378,39.38331]},"properties":{"Fire_Name":"Railroad Circle","Acres":0.1,"Cause":"Human","Year":2019}},{"type":"Feature","geometry":{"type":"Point","coordinates":[-119.50376,39.87892]},"properties":{"Fire_Name":"Rawhide","Acres":0.1,"Cause":"Human","Year":2019}},{"type":"Feature","geometry":{"type":"Point","coordinates":[-119.50251,39.87864]},"properties":{"Fire_Name":"Rawhide 2","Acres":0.1,"Cause":"Human","Year":2019}},{"type":"Feature","geometry":{"type":"Point","coordinates":[-119.50301,39.87923]},"properties":{"Fire_Name":"Rawhide 3","Acres":0.1,"Cause":"Human","Year":2019}},{"type":"Feature","geometry":{"type":"Point","coordinates":[-119.68801,39.81017]},"properties":{"Fire_Name":"Rebel","Acres":0.1,"Cause":"Undetermined","Year":2019}},{"type":"Feature","geometry":{"type":"Point","coordinates":[-120.02621,39.87268]},"properties":{"Fire_Name":"Red 2","Acres":0.25,"Cause":"Human","Year":2019}},{"type":"Feature","geometry":{"type":"Point","coordinates":[-119.11531,39.41818]},"properties":{"Fire_Name":"Reservoir","Acres":1.2752871168579993,"Cause":"Human","Year":2019}},{"type":"Feature","geometry":{"type":"Point","coordinates":[-119.46071,39.04383]},"properties":{"Fire_Name":"Rice","Acres":0.1,"Cause":"Undetermined","Year":2019}},{"type":"Feature","geometry":{"type":"Point","coordinates":[-119.72343,39.40029]},"properties":{"Fire_Name":"Rim Rock","Acres":0.5,"Cause":"Undetermined","Year":2019}},{"type":"Feature","geometry":{"type":"Point","coordinates":[-119.99541,40.09217]},"properties":{"Fire_Name":"Sagebrush","Acres":0.1,"Cause":"Undetermined","Year":2019}},{"type":"Feature","geometry":{"type":"Point","coordinates":[-120.02055,39.93734]},"properties":{"Fire_Name":"Scott","Acres":33.611519360884266,"Cause":"Human","Year":2019}},{"type":"Feature","geometry":{"type":"Point","coordinates":[-119.56721,39.64119]},"properties":{"Fire_Name":"Shehan","Acres":0.1,"Cause":"Natural","Year":2019}},{"type":"Feature","geometry":{"type":"Point","coordinates":[-119.70211,39.13841]},"properties":{"Fire_Name":"Sierra Vista","Acres":0.1,"Cause":"Undetermined","Year":2019}},{"type":"Feature","geometry":{"type":"Point","coordinates":[-119.70391,39.13779]},"properties":{"Fire_Name":"Sierra Vista 2","Acres":1.7812184889702936,"Cause":"Human","Year":2019}},{"type":"Feature","geometry":{"type":"Point","coordinates":[-119.58901,39.00382]},"properties":{"Fire_Name":"Split Tree","Acres":0.1,"Cause":"Undetermined","Year":2019}},{"type":"Feature","geometry":{"type":"Point","coordinates":[-119.99531,40.09239]},"properties":{"Fire_Name":"Stateline","Acres":0.1,"Cause":"Undetermined","Year":2019}},{"type":"Feature","geometry":{"type":"Point","coordinates":[-119.69291,39.04235]},"properties":{"Fire_Name":"Stephanie","Acres":0.4,"Cause":"Human","Year":2019}},{"type":"Feature","geometry":{"type":"Point","coordinates":[-119.48635,39.20984]},"properties":{"Fire_Name":"Stone Cabin","Acres":3.387974398111688,"Cause":"Natural","Year":2019}},{"type":"Feature","geometry":{"type":"Point","coordinates":[-119.78715,39.62592]},"properties":{"Fire_Name":"Sun Valley","Acres":0.1,"Cause":"Human","Year":2019}},{"type":"Feature","geometry":{"type":"Point","coordinates":[-119.79011,39.62755]},"properties":{"Fire_Name":"Sun Valley 2","Acres":0.1,"Cause":"Undetermined","Year":2019}},{"type":"Feature","geometry":{"type":"Point","coordinates":[-120.01311,39.52333]},"properties":{"Fire_Name":"Sunrise 2","Acres":5.259313814966537,"Cause":"Human","Year":2019}},{"type":"Feature","geometry":{"type":"Point","coordinates":[-119.58041,38.95468]},"properties":{"Fire_Name":"Sunrise 3","Acres":0.1,"Cause":"Undetermined","Year":2019}},{"type":"Feature","geometry":{"type":"Point","coordinates":[-119.47131,39.09661]},"properties":{"Fire_Name":"Sunrise Basin","Acres":0.1,"Cause":"Natural","Year":2019}},{"type":"Feature","geometry":{"type":"Point","coordinates":[-119.52751,38.99658]},"properties":{"Fire_Name":"Sunrise Pass","Acres":0.1,"Cause":"Natural","Year":2019}},{"type":"Feature","geometry":{"type":"Point","coordinates":[-119.76491,39.3671]},"properties":{"Fire_Name":"Temelec","Acres":12.589300990904533,"Cause":"Undetermined","Year":2019}},{"type":"Feature","geometry":{"type":"Point","coordinates":[-119.45331,39.84635]},"properties":{"Fire_Name":"Tom Anderson","Acres":1.4355413986952288,"Cause":"Human","Year":2019}},{"type":"Feature","geometry":{"type":"Point","coordinates":[-119.45491,39.84701]},"properties":{"Fire_Name":"Tom Anderson 2","Acres":1.4,"Cause":"Human","Year":2019}},{"type":"Feature","geometry":{"type":"Point","coordinates":[-120.00941,39.50436]},"properties":{"Fire_Name":"Trealease","Acres":0.1,"Cause":"Undetermined","Year":2019}},{"type":"Feature","geometry":{"type":"Point","coordinates":[-119.29821,39.64119]},"properties":{"Fire_Name":"Tumbleweed","Acres":0.25,"Cause":"Undetermined","Year":2019}},{"type":"Feature","geometry":{"type":"Point","coordinates":[-119.29831,39.64143]},"properties":{"Fire_Name":"Tumbleweed 2","Acres":0.25,"Cause":"Undetermined","Year":2019}},{"type":"Feature","geometry":{"type":"Point","coordinates":[-119.80811,38.8124]},"properties":{"Fire_Name":"Wade","Acres":0.3,"Cause":"Natural","Year":2019}},{"type":"Feature","geometry":{"type":"Point","coordinates":[-119.29031,39.62937]},"properties":{"Fire_Name":"Wadsworth 2","Acres":1,"Cause":"Human","Year":2019}},{"type":"Feature","geometry":{"type":"Point","coordinates":[-119.76281,39.58035]},"properties":{"Fire_Name":"Wall Canyon","Acres":7.59429010739314,"Cause":"Undetermined","Year":2019}},{"type":"Feature","geometry":{"type":"Point","coordinates":[-119.66591,40.04372]},"properties":{"Fire_Name":"Warrior Point","Acres":0.53,"Cause":"Human","Year":2019}},{"type":"Feature","geometry":{"type":"Point","coordinates":[-119.55401,39.91603]},"properties":{"Fire_Name":"Washout","Acres":0.1,"Cause":"Human","Year":2019}},{"type":"Feature","geometry":{"type":"Point","coordinates":[-119.98421,39.53807]},"properties":{"Fire_Name":"Waterville","Acres":1.3313230877230884,"Cause":"Natural","Year":2019}},{"type":"Feature","geometry":{"type":"Point","coordinates":[-119.54251,39.63811]},"properties":{"Fire_Name":"Wildcat","Acres":0.1,"Cause":"Natural","Year":2019}},{"type":"Feature","geometry":{"type":"Point","coordinates":[-119.62371,39.04443]},"properties":{"Fire_Name":"Williams","Acres":0.1,"Cause":"Undetermined","Year":2019}},{"type":"Feature","geometry":{"type":"Point","coordinates":[-119.921,38.81822]},"properties":{"Fire_Name":"Willow","Acres":0.1,"Cause":"Natural","Year":2019}},{"type":"Feature","geometry":{"type":"Point","coordinates":[-119.61921,39.99413]},"properties":{"Fire_Name":"Windless","Acres":0.1,"Cause":"Human","Year":2019}},{"type":"Feature","geometry":{"type":"Point","coordinates":[-119.57301,39.91567]},"properties":{"Fire_Name":"Window Rock","Acres":0.3,"Cause":"Human","Year":2019}},{"type":"Feature","geometry":{"type":"Point","coordinates":[-119.52531,39.89915]},"properties":{"Fire_Name":"Wino 2","Acres":0.1,"Cause":"Human","Year":2019}},{"type":"Feature","geometry":{"type":"Point","coordinates":[-119.52551,39.89899]},"properties":{"Fire_Name":"Wino 3","Acres":0.1,"Cause":"Human","Year":2019}},{"type":"Feature","geometry":{"type":"Point","coordinates":[-119.52561,39.89915]},"properties":{"Fire_Name":"Wino 4","Acres":0.1,"Cause":"Human","Year":2019}},{"type":"Feature","geometry":{"type":"Point","coordinates":[-119.52401,39.89752]},"properties":{"Fire_Name":"Wino 5","Acres":0.1,"Cause":"Human","Year":2019}},{"type":"Feature","geometry":{"type":"Point","coordinates":[-119.78753,39.81251]},"properties":{"Fire_Name":"Ruby Hill","Acres":0.5,"Cause":"Human","Year":2020}},{"type":"Feature","geometry":{"type":"Point","coordinates":[-120.01613,39.96313]},"properties":{"Fire_Name":"Ash Pit","Acres":13.3,"Cause":"Human","Year":2020}},{"type":"Feature","geometry":{"type":"Point","coordinates":[-119.91513,39.7029]},"properties":{"Fire_Name":"Redrock","Acres":0.25,"Cause":"Human","Year":2020}},{"type":"Feature","geometry":{"type":"Point","coordinates":[-119.63103,39.93637]},"properties":{"Fire_Name":"Hardscrabble","Acres":1.3,"Cause":"Human","Year":2020}},{"type":"Feature","geometry":{"type":"Point","coordinates":[-119.37213,39.84119]},"properties":{"Fire_Name":"Pyramid Lake","Acres":4.7,"Cause":"Human","Year":2020}},{"type":"Feature","geometry":{"type":"Point","coordinates":[-119.28653,39.63534]},"properties":{"Fire_Name":"Pyramid Lake East","Acres":0.1,"Cause":"Human","Year":2020}},{"type":"Feature","geometry":{"type":"Point","coordinates":[-119.35763,39.8328]},"properties":{"Fire_Name":"Nixon Gym","Acres":0.25,"Cause":"Human","Year":2020}},{"type":"Feature","geometry":{"type":"Point","coordinates":[-119.36173,39.83574]},"properties":{"Fire_Name":"Eagle","Acres":0.25,"Cause":"Human","Year":2020}},{"type":"Feature","geometry":{"type":"Point","coordinates":[-119.36867,39.8468]},"properties":{"Fire_Name":"Marble Bluff","Acres":0.33,"Cause":"Human","Year":2020}},{"type":"Feature","geometry":{"type":"Point","coordinates":[-119.30782,39.61697]},"properties":{"Fire_Name":"Smoke Shop","Acres":96,"Cause":"Human","Year":2020}},{"type":"Feature","geometry":{"type":"Point","coordinates":[-119.78543,39.62641]},"properties":{"Fire_Name":"Chimney","Acres":0.5,"Cause":"Human","Year":2020}},{"type":"Feature","geometry":{"type":"Point","coordinates":[-119.63061,38.90139]},"properties":{"Fire_Name":"Wheaton","Acres":0.1,"Cause":"Human","Year":2020}},{"type":"Feature","geometry":{"type":"Point","coordinates":[-119.67173,39.58596]},"properties":{"Fire_Name":"Golden Eagle 1","Acres":59,"Cause":"Human","Year":2020}},{"type":"Feature","geometry":{"type":"Point","coordinates":[-119.68183,39.03139]},"properties":{"Fire_Name":"Juniper","Acres":0.25,"Cause":"Human","Year":2020}},{"type":"Feature","geometry":{"type":"Point","coordinates":[-119.75368,39.5819]},"properties":{"Fire_Name":"Cole","Acres":18,"Cause":"Human","Year":2020}},{"type":"Feature","geometry":{"type":"Point","coordinates":[-119.67904,38.97734]},"properties":{"Fire_Name":"Stockyard","Acres":0.5,"Cause":"Human","Year":2020}},{"type":"Feature","geometry":{"type":"Point","coordinates":[-119.66472,39.5638]},"properties":{"Fire_Name":"Line","Acres":4.3,"Cause":"Human","Year":2020}},{"type":"Feature","geometry":{"type":"Point","coordinates":[-119.64133,39.94071]},"properties":{"Fire_Name":"Hardscrabble 1","Acres":63,"Cause":"Human","Year":2020}},{"type":"Feature","geometry":{"type":"Point","coordinates":[-119.30702,39.63593]},"properties":{"Fire_Name":"Brady 2","Acres":0.25,"Cause":"Human","Year":2020}},{"type":"Feature","geometry":{"type":"Point","coordinates":[-119.66993,39.01898]},"properties":{"Fire_Name":"Painted Rocks","Acres":0.3,"Cause":"Human","Year":2020}},{"type":"Feature","geometry":{"type":"Point","coordinates":[-119.96219,39.72911]},"properties":{"Fire_Name":"Antelope","Acres":29,"Cause":"Human","Year":2020}},{"type":"Feature","geometry":{"type":"Point","coordinates":[-119.75323,38.79714]},"properties":{"Fire_Name":"Dutch 1","Acres":0.1,"Cause":"Human","Year":2020}},{"type":"Feature","geometry":{"type":"Point","coordinates":[-119.63931,38.84315]},"properties":{"Fire_Name":"Numbers","Acres":18380,"Cause":"Human","Year":2020}},{"type":"Feature","geometry":{"type":"Point","coordinates":[-119.48455,39.34057]},"properties":{"Fire_Name":"10 Mile 2","Acres":306,"Cause":"Human","Year":2020}},{"type":"Feature","geometry":{"type":"Point","coordinates":[-119.58123,38.89527]},"properties":{"Fire_Name":"Sierra Spirit","Acres":0.5,"Cause":"Human","Year":2020}},{"type":"Feature","geometry":{"type":"Point","coordinates":[-119.74383,39.70122]},"properties":{"Fire_Name":"Morning Dawn","Acres":0.1,"Cause":"Human","Year":2020}},{"type":"Feature","geometry":{"type":"Point","coordinates":[-119.75363,39.82901]},"properties":{"Fire_Name":"Pile","Acres":0.1,"Cause":"Human","Year":2020}},{"type":"Feature","geometry":{"type":"Point","coordinates":[-119.78683,39.6336]},"properties":{"Fire_Name":"Rowdy","Acres":12,"Cause":"Human","Year":2020}},{"type":"Feature","geometry":{"type":"Point","coordinates":[-120.03469,39.8027]},"properties":{"Fire_Name":"Shoe Tree","Acres":3.7,"Cause":"Human","Year":2020}},{"type":"Feature","geometry":{"type":"Point","coordinates":[-120.03823,39.83338]},"properties":{"Fire_Name":"North","Acres":6882,"Cause":"Human","Year":2020}},{"type":"Feature","geometry":{"type":"Point","coordinates":[-120.03646,39.79713]},"properties":{"Fire_Name":"South","Acres":4.9,"Cause":"Human","Year":2020}},{"type":"Feature","geometry":{"type":"Point","coordinates":[-119.76837,39.57195]},"properties":{"Fire_Name":"Summer Hill","Acres":3,"Cause":"Human","Year":2020}},{"type":"Feature","geometry":{"type":"Point","coordinates":[-119.29103,39.6438]},"properties":{"Fire_Name":"West Truckee River Ranch","Acres":0.1,"Cause":"Human","Year":2020}},{"type":"Feature","geometry":{"type":"Point","coordinates":[-119.78363,39.22719]},"properties":{"Fire_Name":"East lake","Acres":1,"Cause":"Human","Year":2020}},{"type":"Feature","geometry":{"type":"Point","coordinates":[-119.75313,39.57152]},"properties":{"Fire_Name":"Disc","Acres":1.8,"Cause":"Human","Year":2020}},{"type":"Feature","geometry":{"type":"Point","coordinates":[-119.10563,39.57036]},"properties":{"Fire_Name":"Pile N. Lyon","Acres":0.1,"Cause":"Human","Year":2020}},{"type":"Feature","geometry":{"type":"Point","coordinates":[-119.62753,39.86442]},"properties":{"Fire_Name":"Perry","Acres":0.5,"Cause":"Human","Year":2020}},{"type":"Feature","geometry":{"type":"Point","coordinates":[-119.63133,39.86005]},"properties":{"Fire_Name":"Shovel","Acres":3.1,"Cause":"Human","Year":2020}},{"type":"Feature","geometry":{"type":"Point","coordinates":[-119.93933,39.67999]},"properties":{"Fire_Name":"Red Rock 2","Acres":0.1,"Cause":"Human","Year":2020}},{"type":"Feature","geometry":{"type":"Point","coordinates":[-119.36243,39.82867]},"properties":{"Fire_Name":"Nixon","Acres":0.1,"Cause":"Human","Year":2020}},{"type":"Feature","geometry":{"type":"Point","coordinates":[-119.86313,39.82589]},"properties":{"Fire_Name":"Granite Peak","Acres":0.1,"Cause":"Human","Year":2020}},{"type":"Feature","geometry":{"type":"Point","coordinates":[-119.39899,39.82762]},"properties":{"Fire_Name":"North Nixon","Acres":0.4,"Cause":"Human","Year":2020}},{"type":"Feature","geometry":{"type":"Point","coordinates":[-119.05663,39.56193]},"properties":{"Fire_Name":"Hart Lane","Acres":34.3,"Cause":"Human","Year":2020}},{"type":"Feature","geometry":{"type":"Point","coordinates":[-119.65393,38.98857]},"properties":{"Fire_Name":"Powerline","Acres":0.1,"Cause":"Human","Year":2020}},{"type":"Feature","geometry":{"type":"Point","coordinates":[-119.75163,38.99048]},"properties":{"Fire_Name":"Airport","Acres":0.5,"Cause":"Human","Year":2020}},{"type":"Feature","geometry":{"type":"Point","coordinates":[-119.84713,39.29871]},"properties":{"Fire_Name":"Ophir","Acres":0.2,"Cause":"Human","Year":2020}},{"type":"Feature","geometry":{"type":"Point","coordinates":[-119.90183,39.58441]},"properties":{"Fire_Name":"Poeville","Acres":69,"Cause":"Human","Year":2020}},{"type":"Feature","geometry":{"type":"Point","coordinates":[-119.79589,38.83598]},"properties":{"Fire_Name":"2120 Foot","Acres":0.3,"Cause":"Human","Year":2020}},{"type":"Feature","geometry":{"type":"Point","coordinates":[-119.87973,39.45631]},"properties":{"Fire_Name":"Hunter Creek Road","Acres":0.1,"Cause":"Human","Year":2020}},{"type":"Feature","geometry":{"type":"Point","coordinates":[-120.07815,39.59532]},"properties":{"Fire_Name":"Crystal Peak","Acres":0.1,"Cause":"Human","Year":2020}},{"type":"Feature","geometry":{"type":"Point","coordinates":[-119.67934,38.86789]},"properties":{"Fire_Name":"Jakes","Acres":4.6,"Cause":"Human","Year":2020}},{"type":"Feature","geometry":{"type":"Point","coordinates":[-119.86904,39.32836]},"properties":{"Fire_Name":"Rose","Acres":1.2,"Cause":"Human","Year":2020}},{"type":"Feature","geometry":{"type":"Point","coordinates":[-120.02713,39.43473]},"properties":{"Fire_Name":"Mystic","Acres":0.1,"Cause":"Human","Year":2020}},{"type":"Feature","geometry":{"type":"Point","coordinates":[-119.85367,39.55716]},"properties":{"Fire_Name":"Big Sky","Acres":2.4,"Cause":"Human","Year":2020}},{"type":"Feature","geometry":{"type":"Point","coordinates":[-120.02403,39.4363]},"properties":{"Fire_Name":"Farad","Acres":0.1,"Cause":"Human","Year":2020}},{"type":"Feature","geometry":{"type":"Point","coordinates":[-119.8233,39.39506]},"properties":{"Fire_Name":"Rockfarm","Acres":124,"Cause":"Human","Year":2020}},{"type":"Feature","geometry":{"type":"Point","coordinates":[-119.92193,39.62501]},"properties":{"Fire_Name":"Anderson","Acres":43,"Cause":"Human","Year":2020}},{"type":"Feature","geometry":{"type":"Point","coordinates":[-119.38353,39.96034]},"properties":{"Fire_Name":"Lake","Acres":0.1,"Cause":"Human","Year":2020}},{"type":"Feature","geometry":{"type":"Point","coordinates":[-119.38356,39.96093]},"properties":{"Fire_Name":"MM 26","Acres":0.1,"Cause":"Human","Year":2020}},{"type":"Feature","geometry":{"type":"Point","coordinates":[-119.43553,39.2358]},"properties":{"Fire_Name":"Pinyon","Acres":1.9,"Cause":"Human","Year":2021}},{"type":"Feature","geometry":{"type":"Point","coordinates":[-119.21383,39.20325]},"properties":{"Fire_Name":"Wabuska","Acres":0.1,"Cause":"Human","Year":2021}},{"type":"Feature","geometry":{"type":"Point","coordinates":[-119.28413,39.655]},"properties":{"Fire_Name":"Wadsworth","Acres":0.81,"Cause":"Human","Year":2021}},{"type":"Feature","geometry":{"type":"Point","coordinates":[-119.54213,39.91457]},"properties":{"Fire_Name":"Tamarack Beach","Acres":1.2,"Cause":"Human","Year":2021}},{"type":"Feature","geometry":{"type":"Point","coordinates":[-119.62763,39.86787]},"properties":{"Fire_Name":"Scree","Acres":0.1,"Cause":"Human","Year":2021}},{"type":"Feature","geometry":{"type":"Point","coordinates":[-119.6841,39.16418]},"properties":{"Fire_Name":"Sedge","Acres":0.1,"Cause":"Human","Year":2021}},{"type":"Feature","geometry":{"type":"Point","coordinates":[-119.35492,39.80384]},"properties":{"Fire_Name":"Cottonwood","Acres":0.1,"Cause":"Human","Year":2021}},{"type":"Feature","geometry":{"type":"Point","coordinates":[-119.93943,39.68035]},"properties":{"Fire_Name":"Quarry","Acres":0.5,"Cause":"Human","Year":2021}},{"type":"Feature","geometry":{"type":"Point","coordinates":[-119.64261,38.84921]},"properties":{"Fire_Name":"Conner","Acres":0.1,"Cause":"Human","Year":2021}},{"type":"Feature","geometry":{"type":"Point","coordinates":[-119.76153,39.33357]},"properties":{"Fire_Name":"Little Washoe","Acres":0.1,"Cause":"Human","Year":2021}},{"type":"Feature","geometry":{"type":"Point","coordinates":[-119.49223,39.87529]},"properties":{"Fire_Name":"Blockhouse","Acres":0.26,"Cause":"Human","Year":2021}},{"type":"Feature","geometry":{"type":"Point","coordinates":[-119.62583,39.99702]},"properties":{"Fire_Name":"Windless","Acres":0.2,"Cause":"Human","Year":2021}},{"type":"Feature","geometry":{"type":"Point","coordinates":[-119.78561,39.62654]},"properties":{"Fire_Name":"Lundy","Acres":0.1,"Cause":"Human","Year":2021}},{"type":"Feature","geometry":{"type":"Point","coordinates":[-119.74743,39.58164]},"properties":{"Fire_Name":"Largo","Acres":0.1,"Cause":"Human","Year":2021}},{"type":"Feature","geometry":{"type":"Point","coordinates":[-119.49088,39.873]},"properties":{"Fire_Name":"Block","Acres":0.1,"Cause":"Human","Year":2021}},{"type":"Feature","geometry":{"type":"Point","coordinates":[-119.50643,39.88166]},"properties":{"Fire_Name":"Rawhide","Acres":0.1,"Cause":"Human","Year":2021}},{"type":"Feature","geometry":{"type":"Point","coordinates":[-119.52577,39.89887]},"properties":{"Fire_Name":"Wino","Acres":0.1,"Cause":"Human","Year":2021}},{"type":"Feature","geometry":{"type":"Point","coordinates":[-119.52213,39.89268]},"properties":{"Fire_Name":"Wino 2","Acres":0.1,"Cause":"Human","Year":2021}},{"type":"Feature","geometry":{"type":"Point","coordinates":[-119.56573,39.90529]},"properties":{"Fire_Name":"Junction","Acres":0.5,"Cause":"Human","Year":2021}},{"type":"Feature","geometry":{"type":"Point","coordinates":[-119.78473,39.63286]},"properties":{"Fire_Name":"Chilli","Acres":0.69,"Cause":"Human","Year":2021}},{"type":"Feature","geometry":{"type":"Point","coordinates":[-119.88313,39.44474]},"properties":{"Fire_Name":"Dutch Louie Flat","Acres":0.1,"Cause":"Human","Year":2021}},{"type":"Feature","geometry":{"type":"Point","coordinates":[-119.90603,38.78341]},"properties":{"Fire_Name":"Luther","Acres":0.1,"Cause":"Human","Year":2021}},{"type":"Feature","geometry":{"type":"Point","coordinates":[-119.81583,39.08809]},"properties":{"Fire_Name":"Jack","Acres":0.1,"Cause":"Human","Year":2021}},{"type":"Feature","geometry":{"type":"Point","coordinates":[-119.81553,39.08804]},"properties":{"Fire_Name":"Jacks Valley","Acres":285,"Cause":"Human","Year":2021}},{"type":"Feature","geometry":{"type":"Point","coordinates":[-119.8102,39.09046]},"properties":{"Fire_Name":"Jacks Valley 2","Acres":2.7,"Cause":"Human","Year":2021}},{"type":"Feature","geometry":{"type":"Point","coordinates":[-119.27248,39.68502]},"properties":{"Fire_Name":"Wadsworth","Acres":27,"Cause":"Human","Year":2022}},{"type":"Feature","geometry":{"type":"Point","coordinates":[-119.35204,39.84283]},"properties":{"Fire_Name":"Wishbone","Acres":0.25,"Cause":"Human","Year":2022}},{"type":"Feature","geometry":{"type":"Point","coordinates":[-119.77554,39.83561]},"properties":{"Fire_Name":"Moon Rocks","Acres":0.25,"Cause":"Human","Year":2022}},{"type":"Feature","geometry":{"type":"Point","coordinates":[-119.9544,39.72771]},"properties":{"Fire_Name":"Mud Springs","Acres":1.04,"Cause":"Human","Year":2022}},{"type":"Feature","geometry":{"type":"Point","coordinates":[-119.28333,39.63436]},"properties":{"Fire_Name":"Wadsworth","Acres":0.1,"Cause":"Human","Year":2022}},{"type":"Feature","geometry":{"type":"Point","coordinates":[-119.33343,39.72608]},"properties":{"Fire_Name":"Numana","Acres":0.1,"Cause":"Human","Year":2022}},{"type":"Feature","geometry":{"type":"Point","coordinates":[-119.59083,39.93466]},"properties":{"Fire_Name":"South Nets","Acres":0.1,"Cause":"Human","Year":2022}},{"type":"Feature","geometry":{"type":"Point","coordinates":[-119.49203,39.87529]},"properties":{"Fire_Name":"Blockhouse","Acres":0.1,"Cause":"Human","Year":2022}},{"type":"Feature","geometry":{"type":"Point","coordinates":[-119.50243,39.87844]},"properties":{"Fire_Name":"Rawhide","Acres":0.25,"Cause":"Human","Year":2022}},{"type":"Feature","geometry":{"type":"Point","coordinates":[-119.49323,39.87558]},"properties":{"Fire_Name":"Blockhouse 2","Acres":0.1,"Cause":"Human","Year":2022}},{"type":"Feature","geometry":{"type":"Point","coordinates":[-119.49093,39.87358]},"properties":{"Fire_Name":"Blockhouse 3","Acres":0.1,"Cause":"Human","Year":2022}},{"type":"Feature","geometry":{"type":"Point","coordinates":[-119.88435,39.89053]},"properties":{"Fire_Name":"Bedell","Acres":0.1,"Cause":"Human","Year":2022}},{"type":"Feature","geometry":{"type":"Point","coordinates":[-119.74673,39.68969]},"properties":{"Fire_Name":"Praire Moon","Acres":0.1,"Cause":"Human","Year":2022}},{"type":"Feature","geometry":{"type":"Point","coordinates":[-120.04553,39.9643]},"properties":{"Fire_Name":"Constantia","Acres":0.1,"Cause":"Human","Year":2022}},{"type":"Feature","geometry":{"type":"Point","coordinates":[-119.9367,39.68304]},"properties":{"Fire_Name":"Volunteer","Acres":3.9,"Cause":"Human","Year":2022}},{"type":"Feature","geometry":{"type":"Point","coordinates":[-119.66323,39.59011]},"properties":{"Fire_Name":"Golden Eagle","Acres":3.3,"Cause":"Human","Year":2022}},{"type":"Feature","geometry":{"type":"Point","coordinates":[-119.38753,39.99785]},"properties":{"Fire_Name":"East Pyramid","Acres":0.2,"Cause":"Human","Year":2022}},{"type":"Feature","geometry":{"type":"Point","coordinates":[-119.45363,39.84707]},"properties":{"Fire_Name":"Tom Anderson Canyon","Acres":0.25,"Cause":"Human","Year":2022}},{"type":"Feature","geometry":{"type":"Point","coordinates":[-120.03046,39.87578]},"properties":{"Fire_Name":"Rock Rail","Acres":0.03,"Cause":"Human","Year":2022}},{"type":"Feature","geometry":{"type":"Point","coordinates":[-119.54653,39.91672]},"properties":{"Fire_Name":"Waterfall","Acres":6.3,"Cause":"Human","Year":2022}},{"type":"Feature","geometry":{"type":"Point","coordinates":[-119.66472,39.56759]},"properties":{"Fire_Name":"Belmar","Acres":5.1,"Cause":"Human","Year":2022}},{"type":"Feature","geometry":{"type":"Point","coordinates":[-119.68223,39.16413]},"properties":{"Fire_Name":"Brunswick","Acres":0.1,"Cause":"Human","Year":2022}},{"type":"Feature","geometry":{"type":"Point","coordinates":[-119.57093,39.05473]},"properties":{"Fire_Name":"Lebo Springs","Acres":27.5,"Cause":"Human","Year":2022}},{"type":"Feature","geometry":{"type":"Point","coordinates":[-119.94093,39.63243]},"properties":{"Fire_Name":"Coyote","Acres":0.1,"Cause":"Human","Year":2022}},{"type":"Feature","geometry":{"type":"Point","coordinates":[-119.85733,39.36474]},"properties":{"Fire_Name":"Jones Creek","Acres":0.1,"Cause":"Human","Year":2022}},{"type":"Feature","geometry":{"type":"Point","coordinates":[-119.96063,39.48279]},"properties":{"Fire_Name":"Garson Rd","Acres":0.25,"Cause":"Human","Year":2022}},{"type":"Feature","geometry":{"type":"Point","coordinates":[-119.92303,39.62525]},"properties":{"Fire_Name":"Rock","Acres":0.1,"Cause":"Human","Year":2022}},{"type":"Feature","geometry":{"type":"Point","coordinates":[-119.36123,40.28174]},"properties":{"Fire_Name":"Highway 447 MM 48","Acres":0.1,"Cause":"Human","Year":2022}},{"type":"Feature","geometry":{"type":"Point","coordinates":[-119.38393,39.98915]},"properties":{"Fire_Name":"Red Bay","Acres":0.1,"Cause":"Human","Year":2022}},{"type":"Feature","geometry":{"type":"Point","coordinates":[-119.35988,40.28658]},"properties":{"Fire_Name":"HWY 447 MM 49","Acres":0.1,"Cause":"Human","Year":2022}},{"type":"Feature","geometry":{"type":"Point","coordinates":[-119.72233,38.79521]},"properties":{"Fire_Name":"Dutch","Acres":0.1,"Cause":"Natural","Year":2020}},{"type":"Feature","geometry":{"type":"Point","coordinates":[-120.07362,39.76999]},"properties":{"Fire_Name":"Railroad","Acres":132,"Cause":"Natural","Year":2020}},{"type":"Feature","geometry":{"type":"Point","coordinates":[-120.09288,39.78613]},"properties":{"Fire_Name":"Hill","Acres":63,"Cause":"Natural","Year":2020}},{"type":"Feature","geometry":{"type":"Point","coordinates":[-119.56303,38.87768]},"properties":{"Fire_Name":"Monarch","Acres":2500,"Cause":"Natural","Year":2020}},{"type":"Feature","geometry":{"type":"Point","coordinates":[-119.70263,39.04718]},"properties":{"Fire_Name":"Romero2","Acres":0.1,"Cause":"Natural","Year":2020}},{"type":"Feature","geometry":{"type":"Point","coordinates":[-119.69923,39.01914]},"properties":{"Fire_Name":"Erin","Acres":0.1,"Cause":"Natural","Year":2020}},{"type":"Feature","geometry":{"type":"Point","coordinates":[-119.59283,38.92916]},"properties":{"Fire_Name":"North Lena","Acres":1,"Cause":"Natural","Year":2020}},{"type":"Feature","geometry":{"type":"Point","coordinates":[-119.63723,39.06723]},"properties":{"Fire_Name":"Johnson","Acres":1.6,"Cause":"Natural","Year":2020}},{"type":"Feature","geometry":{"type":"Point","coordinates":[-119.28605,39.35974]},"properties":{"Fire_Name":"Churchill Buttes","Acres":62,"Cause":"Natural","Year":2020}},{"type":"Feature","geometry":{"type":"Point","coordinates":[-119.73216,39.70925]},"properties":{"Fire_Name":"Cemetery","Acres":7,"Cause":"Natural","Year":2020}},{"type":"Feature","geometry":{"type":"Point","coordinates":[-119.65053,39.60987]},"properties":{"Fire_Name":"Voyage","Acres":0.9,"Cause":"Natural","Year":2020}},{"type":"Feature","geometry":{"type":"Point","coordinates":[-119.76601,39.70341]},"properties":{"Fire_Name":"Eagle 2","Acres":29,"Cause":"Natural","Year":2020}},{"type":"Feature","geometry":{"type":"Point","coordinates":[-119.72863,39.73592]},"properties":{"Fire_Name":"Branding Iron","Acres":1,"Cause":"Natural","Year":2020}},{"type":"Feature","geometry":{"type":"Point","coordinates":[-120.00553,39.90171]},"properties":{"Fire_Name":"View","Acres":0.1,"Cause":"Natural","Year":2020}},{"type":"Feature","geometry":{"type":"Point","coordinates":[-120.00723,39.89625]},"properties":{"Fire_Name":"Point","Acres":0.1,"Cause":"Natural","Year":2020}},{"type":"Feature","geometry":{"type":"Point","coordinates":[-119.77873,39.13814]},"properties":{"Fire_Name":"Boyle","Acres":0.1,"Cause":"Natural","Year":2020}},{"type":"Feature","geometry":{"type":"Point","coordinates":[-119.8148,39.89348]},"properties":{"Fire_Name":"Dogskin MT","Acres":1.3,"Cause":"Natural","Year":2020}},{"type":"Feature","geometry":{"type":"Point","coordinates":[-119.57823,39.19611]},"properties":{"Fire_Name":"D Hill","Acres":0.1,"Cause":"Natural","Year":2020}},{"type":"Feature","geometry":{"type":"Point","coordinates":[-119.51093,39.22836]},"properties":{"Fire_Name":"Rawe","Acres":0.1,"Cause":"Natural","Year":2020}},{"type":"Feature","geometry":{"type":"Point","coordinates":[-119.78723,39.86552]},"properties":{"Fire_Name":"Stump","Acres":0.1,"Cause":"Natural","Year":2020}},{"type":"Feature","geometry":{"type":"Point","coordinates":[-119.54533,38.92956]},"properties":{"Fire_Name":"Siegel","Acres":0.1,"Cause":"Natural","Year":2020}},{"type":"Feature","geometry":{"type":"Point","coordinates":[-119.63785,39.92972]},"properties":{"Fire_Name":"Scrabble","Acres":764,"Cause":"Natural","Year":2020}},{"type":"Feature","geometry":{"type":"Point","coordinates":[-119.68983,38.80128]},"properties":{"Fire_Name":"Young","Acres":0.53,"Cause":"Natural","Year":2020}},{"type":"Feature","geometry":{"type":"Point","coordinates":[-119.64113,38.78977]},"properties":{"Fire_Name":"Meadow Mine","Acres":46,"Cause":"Natural","Year":2020}},{"type":"Feature","geometry":{"type":"Point","coordinates":[-119.14853,39.33205]},"properties":{"Fire_Name":"Cotton","Acres":0.1,"Cause":"Natural","Year":2020}},{"type":"Feature","geometry":{"type":"Point","coordinates":[-119.63283,39.86237]},"properties":{"Fire_Name":"Flatland","Acres":1.4,"Cause":"Natural","Year":2020}},{"type":"Feature","geometry":{"type":"Point","coordinates":[-119.82578,38.86951]},"properties":{"Fire_Name":"Jobs","Acres":0.25,"Cause":"Natural","Year":2020}},{"type":"Feature","geometry":{"type":"Point","coordinates":[-119.90434,39.60575]},"properties":{"Fire_Name":"Peavine","Acres":22,"Cause":"Natural","Year":2020}},{"type":"Feature","geometry":{"type":"Point","coordinates":[-119.93243,39.59217]},"properties":{"Fire_Name":"Red","Acres":0.1,"Cause":"Natural","Year":2020}},{"type":"Feature","geometry":{"type":"Point","coordinates":[-120.13443,39.65593]},"properties":{"Fire_Name":"Dark","Acres":0.5,"Cause":"Natural","Year":2020}},{"type":"Feature","geometry":{"type":"Point","coordinates":[-119.96823,39.45251]},"properties":{"Fire_Name":"Bronco","Acres":0.33,"Cause":"Natural","Year":2020}},{"type":"Feature","geometry":{"type":"Point","coordinates":[-119.85731,39.28192]},"properties":{"Fire_Name":"Bowers","Acres":0.1,"Cause":"Natural","Year":2020}},{"type":"Feature","geometry":{"type":"Point","coordinates":[-119.91027,39.35714]},"properties":{"Fire_Name":"Snow Flower","Acres":0.1,"Cause":"Natural","Year":2020}},{"type":"Feature","geometry":{"type":"Point","coordinates":[-119.67073,39.64932]},"properties":{"Fire_Name":"Clove","Acres":18.89,"Cause":"Natural","Year":2020}},{"type":"Feature","geometry":{"type":"Point","coordinates":[-119.87833,39.78955]},"properties":{"Fire_Name":"Deerlodge","Acres":0.67,"Cause":"Natural","Year":2020}},{"type":"Feature","geometry":{"type":"Point","coordinates":[-119.70433,39.91986]},"properties":{"Fire_Name":"Jet","Acres":0.1,"Cause":"Natural","Year":2021}},{"type":"Feature","geometry":{"type":"Point","coordinates":[-119.55203,38.92947]},"properties":{"Fire_Name":"Lone Pine","Acres":0.1,"Cause":"Natural","Year":2021}},{"type":"Feature","geometry":{"type":"Point","coordinates":[-119.60163,38.92717]},"properties":{"Fire_Name":"Mine","Acres":0.1,"Cause":"Natural","Year":2021}},{"type":"Feature","geometry":{"type":"Point","coordinates":[-119.41473,38.98002]},"properties":{"Fire_Name":"Artesia","Acres":16.8,"Cause":"Natural","Year":2021}},{"type":"Feature","geometry":{"type":"Point","coordinates":[-119.57283,39.00555]},"properties":{"Fire_Name":"Mineral","Acres":4.6,"Cause":"Natural","Year":2021}},{"type":"Feature","geometry":{"type":"Point","coordinates":[-119.65143,39.04736]},"properties":{"Fire_Name":"Juniper","Acres":0.1,"Cause":"Natural","Year":2021}},{"type":"Feature","geometry":{"type":"Point","coordinates":[-119.81893,40.07423]},"properties":{"Fire_Name":"Canyon","Acres":3.3,"Cause":"Natural","Year":2021}},{"type":"Feature","geometry":{"type":"Point","coordinates":[-119.83303,39.61829]},"properties":{"Fire_Name":"Knob hill","Acres":0.1,"Cause":"Natural","Year":2021}},{"type":"Feature","geometry":{"type":"Point","coordinates":[-119.46853,39.23538]},"properties":{"Fire_Name":"Barton Springs","Acres":0.1,"Cause":"Natural","Year":2021}},{"type":"Feature","geometry":{"type":"Point","coordinates":[-119.51194,38.97827]},"properties":{"Fire_Name":"Stockyard","Acres":2.3,"Cause":"Natural","Year":2021}},{"type":"Feature","geometry":{"type":"Point","coordinates":[-119.54043,38.99035]},"properties":{"Fire_Name":"Pine Valley","Acres":1.3,"Cause":"Natural","Year":2021}},{"type":"Feature","geometry":{"type":"Point","coordinates":[-119.52063,39.17465]},"properties":{"Fire_Name":" OLD COMO","Acres":0.1,"Cause":"Natural","Year":2021}},{"type":"Feature","geometry":{"type":"Point","coordinates":[-119.60583,38.93673]},"properties":{"Fire_Name":"Monarch Mine","Acres":0.3,"Cause":"Natural","Year":2021}},{"type":"Feature","geometry":{"type":"Point","coordinates":[-119.71131,38.8167]},"properties":{"Fire_Name":"Horse shoe","Acres":3.53,"Cause":"Natural","Year":2021}},{"type":"Feature","geometry":{"type":"Point","coordinates":[-119.66423,39.16844]},"properties":{"Fire_Name":"Brunswick","Acres":37,"Cause":"Natural","Year":2021}},{"type":"Feature","geometry":{"type":"Point","coordinates":[-119.71043,39.25651]},"properties":{"Fire_Name":"Ophir","Acres":0.1,"Cause":"Natural","Year":2021}},{"type":"Feature","geometry":{"type":"Point","coordinates":[-119.64353,38.87467]},"properties":{"Fire_Name":"Pinenut","Acres":0.1,"Cause":"Natural","Year":2021}},{"type":"Feature","geometry":{"type":"Point","coordinates":[-119.56003,38.92508]},"properties":{"Fire_Name":"Slater","Acres":0.1,"Cause":"Natural","Year":2021}},{"type":"Feature","geometry":{"type":"Point","coordinates":[-119.65163,38.87203]},"properties":{"Fire_Name":"Cedar","Acres":0.1,"Cause":"Natural","Year":2021}},{"type":"Feature","geometry":{"type":"Point","coordinates":[-119.64943,38.87257]},"properties":{"Fire_Name":"Preachers","Acres":0.1,"Cause":"Natural","Year":2021}},{"type":"Feature","geometry":{"type":"Point","coordinates":[-119.60673,38.9226]},"properties":{"Fire_Name":"Fish Springs","Acres":0.1,"Cause":"Natural","Year":2021}},{"type":"Feature","geometry":{"type":"Point","coordinates":[-119.73105,39.14266]},"properties":{"Fire_Name":"Prison","Acres":171,"Cause":"Natural","Year":2021}},{"type":"Feature","geometry":{"type":"Point","coordinates":[-119.96567,39.61424]},"properties":{"Fire_Name":"Jones","Acres":4,"Cause":"Natural","Year":2021}},{"type":"Feature","geometry":{"type":"Point","coordinates":[-119.87593,39.31983]},"properties":{"Fire_Name":"Slide","Acres":0.1,"Cause":"Natural","Year":2021}},{"type":"Feature","geometry":{"type":"Point","coordinates":[-119.74616,38.82736]},"properties":{"Fire_Name":"Mud 2","Acres":9.9,"Cause":"Natural","Year":2021}},{"type":"Feature","geometry":{"type":"Point","coordinates":[-119.8647,39.36539]},"properties":{"Fire_Name":"Jones Creek","Acres":1.1,"Cause":"Natural","Year":2021}},{"type":"Feature","geometry":{"type":"Point","coordinates":[-119.84033,38.83955]},"properties":{"Fire_Name":"Fay","Acres":0.62,"Cause":"Natural","Year":2021}},{"type":"Feature","geometry":{"type":"Point","coordinates":[-119.87833,38.80615]},"properties":{"Fire_Name":"Horse Thief","Acres":0.1,"Cause":"Natural","Year":2021}},{"type":"Feature","geometry":{"type":"Point","coordinates":[-119.88763,39.27602]},"properties":{"Fire_Name":"Diamond Peak","Acres":1,"Cause":"Natural","Year":2021}},{"type":"Feature","geometry":{"type":"Point","coordinates":[-119.98743,39.50936]},"properties":{"Fire_Name":"Boomtown","Acres":0.25,"Cause":"Natural","Year":2021}},{"type":"Feature","geometry":{"type":"Point","coordinates":[-119.58283,39.51093]},"properties":{"Fire_Name":"Sidehill","Acres":1.5,"Cause":"Natural","Year":2021}},{"type":"Feature","geometry":{"type":"Point","coordinates":[-119.85733,39.33819]},"properties":{"Fire_Name":"Browns","Acres":0.1,"Cause":"Natural","Year":2021}},{"type":"Feature","geometry":{"type":"Point","coordinates":[-119.67033,39.89175]},"properties":{"Fire_Name":"Range","Acres":0.1,"Cause":"Natural","Year":2022}},{"type":"Feature","geometry":{"type":"Point","coordinates":[-119.81673,39.80901]},"properties":{"Fire_Name":"Ruby","Acres":0.1,"Cause":"Natural","Year":2022}},{"type":"Feature","geometry":{"type":"Point","coordinates":[-119.87443,39.95091]},"properties":{"Fire_Name":"Dogskin","Acres":0.1,"Cause":"Natural","Year":2022}},{"type":"Feature","geometry":{"type":"Point","coordinates":[-119.66643,39.01946]},"properties":{"Fire_Name":"Kiss Lane","Acres":0.25,"Cause":"Natural","Year":2022}},{"type":"Feature","geometry":{"type":"Point","coordinates":[-119.56939,39.15642]},"properties":{"Fire_Name":"Como","Acres":2,"Cause":"Natural","Year":2022}},{"type":"Feature","geometry":{"type":"Point","coordinates":[-120.00188,39.57491]},"properties":{"Fire_Name":"Crystal","Acres":2.5,"Cause":"Natural","Year":2022}},{"type":"Feature","geometry":{"type":"Point","coordinates":[-119.88273,38.90588]},"properties":{"Fire_Name":"Monument","Acres":0.1,"Cause":"Natural","Year":2022}},{"type":"Feature","geometry":{"type":"Point","coordinates":[-119.62283,39.69502]},"properties":{"Fire_Name":"Encanto","Acres":0.1,"Cause":"Natural","Year":2022}},{"type":"Feature","geometry":{"type":"Point","coordinates":[-119.34903,39.84538]},"properties":{"Fire_Name":"Dump","Acres":0.1,"Cause":"Undetermined","Year":2020}},{"type":"Feature","geometry":{"type":"Point","coordinates":[-120.02603,39.94582]},"properties":{"Fire_Name":"Constantia","Acres":0.1,"Cause":"Undetermined","Year":2020}},{"type":"Feature","geometry":{"type":"Point","coordinates":[-119.23713,39.24306]},"properties":{"Fire_Name":"Adrian","Acres":0.1,"Cause":"Undetermined","Year":2020}},{"type":"Feature","geometry":{"type":"Point","coordinates":[-119.96773,39.74143]},"properties":{"Fire_Name":"Baccarat","Acres":10500,"Cause":"Undetermined","Year":2020}},{"type":"Feature","geometry":{"type":"Point","coordinates":[-119.45793,39.59172]},"properties":{"Fire_Name":"Derby Dam","Acres":18,"Cause":"Undetermined","Year":2020}},{"type":"Feature","geometry":{"type":"Point","coordinates":[-119.76303,39.19687]},"properties":{"Fire_Name":"Mark","Acres":0.1,"Cause":"Undetermined","Year":2020}},{"type":"Feature","geometry":{"type":"Point","coordinates":[-119.52223,39.30902]},"properties":{"Fire_Name":"Pony Express","Acres":1.6,"Cause":"Undetermined","Year":2020}},{"type":"Feature","geometry":{"type":"Point","coordinates":[-119.83993,39.01498]},"properties":{"Fire_Name":"Jacks Valley","Acres":0.3,"Cause":"Undetermined","Year":2020}},{"type":"Feature","geometry":{"type":"Point","coordinates":[-119.83143,39.03289]},"properties":{"Fire_Name":"Jacks","Acres":0.1,"Cause":"Undetermined","Year":2020}},{"type":"Feature","geometry":{"type":"Point","coordinates":[-119.76973,39.11023]},"properties":{"Fire_Name":"Topsy","Acres":45,"Cause":"Undetermined","Year":2020}},{"type":"Feature","geometry":{"type":"Point","coordinates":[-120.00235,39.49437]},"properties":{"Fire_Name":"Mahogany","Acres":0.68,"Cause":"Undetermined","Year":2020}},{"type":"Feature","geometry":{"type":"Point","coordinates":[-120.04283,39.54922]},"properties":{"Fire_Name":"Summit One","Acres":0.1,"Cause":"Undetermined","Year":2020}},{"type":"Feature","geometry":{"type":"Point","coordinates":[-119.27502,39.57238]},"properties":{"Fire_Name":"Sage","Acres":1,"Cause":"Undetermined","Year":2020}},{"type":"Feature","geometry":{"type":"Point","coordinates":[-119.90833,39.17304]},"properties":{"Fire_Name":"Marlette","Acres":0.2,"Cause":"Undetermined","Year":2020}},{"type":"Feature","geometry":{"type":"Point","coordinates":[-119.17293,39.36589]},"properties":{"Fire_Name":"Beach 4","Acres":0.1,"Cause":"Undetermined","Year":2020}},{"type":"Feature","geometry":{"type":"Point","coordinates":[-119.74858,39.41739]},"properties":{"Fire_Name":"Virginia Command","Acres":0.1,"Cause":"Undetermined","Year":2020}},{"type":"Feature","geometry":{"type":"Point","coordinates":[-119.98713,39.61973]},"properties":{"Fire_Name":"Trust","Acres":0.1,"Cause":"Undetermined","Year":2020}},{"type":"Feature","geometry":{"type":"Point","coordinates":[-119.92073,39.55787]},"properties":{"Fire_Name":"Somerset","Acres":1.42,"Cause":"Undetermined","Year":2020}},{"type":"Feature","geometry":{"type":"Point","coordinates":[-119.91783,39.62769]},"properties":{"Fire_Name":"Shell","Acres":9,"Cause":"Undetermined","Year":2020}},{"type":"Feature","geometry":{"type":"Point","coordinates":[-119.85413,39.47506]},"properties":{"Fire_Name":"Pinehaven","Acres":512,"Cause":"Undetermined","Year":2020}},{"type":"Feature","geometry":{"type":"Point","coordinates":[-119.58993,39.54576]},"properties":{"Fire_Name":"Chewy","Acres":1.2,"Cause":"Undetermined","Year":2020}},{"type":"Feature","geometry":{"type":"Point","coordinates":[-119.46343,39.54904]},"properties":{"Fire_Name":"Electric","Acres":0.1,"Cause":"Undetermined","Year":2020}},{"type":"Feature","geometry":{"type":"Point","coordinates":[-119.55753,39.55697]},"properties":{"Fire_Name":"Waltham","Acres":0.1,"Cause":"Undetermined","Year":2020}},{"type":"Feature","geometry":{"type":"Point","coordinates":[-119.96853,39.90183]},"properties":{"Fire_Name":"Percheron","Acres":0.1,"Cause":"Undetermined","Year":2020}},{"type":"Feature","geometry":{"type":"Point","coordinates":[-119.55853,39.5567]},"properties":{"Fire_Name":"Patrick","Acres":0.1,"Cause":"Undetermined","Year":2020}},{"type":"Feature","geometry":{"type":"Point","coordinates":[-119.80123,39.59139]},"properties":{"Fire_Name":"Sun","Acres":0.1,"Cause":"Undetermined","Year":2020}},{"type":"Feature","geometry":{"type":"Point","coordinates":[-119.75674,39.47549]},"properties":{"Fire_Name":"Rattlesnake","Acres":0.2,"Cause":"Undetermined","Year":2020}},{"type":"Feature","geometry":{"type":"Point","coordinates":[-119.97883,39.68271]},"properties":{"Fire_Name":"Mud","Acres":0.1,"Cause":"Undetermined","Year":2020}},{"type":"Feature","geometry":{"type":"Point","coordinates":[-119.92173,39.62126]},"properties":{"Fire_Name":"Longview","Acres":0.1,"Cause":"Undetermined","Year":2020}},{"type":"Feature","geometry":{"type":"Point","coordinates":[-119.91263,39.57553]},"properties":{"Fire_Name":"Poeville Road","Acres":2975,"Cause":"Undetermined","Year":2020}},{"type":"Feature","geometry":{"type":"Point","coordinates":[-119.66443,39.64329]},"properties":{"Fire_Name":"Cielo","Acres":73,"Cause":"Undetermined","Year":2020}},{"type":"Feature","geometry":{"type":"Point","coordinates":[-119.73853,39.51539]},"properties":{"Fire_Name":"Cleanwater","Acres":0.1,"Cause":"Undetermined","Year":2020}},{"type":"Feature","geometry":{"type":"Point","coordinates":[-119.62363,39.52051]},"properties":{"Fire_Name":"Canyon River","Acres":0.1,"Cause":"Undetermined","Year":2020}},{"type":"Feature","geometry":{"type":"Point","coordinates":[-119.76083,39.475]},"properties":{"Fire_Name":"Rattle","Acres":7.95,"Cause":"Undetermined","Year":2020}},{"type":"Feature","geometry":{"type":"Point","coordinates":[-119.77363,39.61898]},"properties":{"Fire_Name":"Rams Horn","Acres":0.63,"Cause":"Undetermined","Year":2020}},{"type":"Feature","geometry":{"type":"Point","coordinates":[-119.78723,39.29009]},"properties":{"Fire_Name":"Lakeshore","Acres":0.1,"Cause":"Undetermined","Year":2020}},{"type":"Feature","geometry":{"type":"Point","coordinates":[-119.86323,39.6039]},"properties":{"Fire_Name":"Blackfoot","Acres":8.5,"Cause":"Undetermined","Year":2020}},{"type":"Feature","geometry":{"type":"Point","coordinates":[-119.93793,39.63385]},"properties":{"Fire_Name":"White Lake","Acres":235,"Cause":"Undetermined","Year":2020}},{"type":"Feature","geometry":{"type":"Point","coordinates":[-119.96373,39.72748]},"properties":{"Fire_Name":"Brady","Acres":15,"Cause":"Undetermined","Year":2021}},{"type":"Feature","geometry":{"type":"Point","coordinates":[-119.66603,39.58911]},"properties":{"Fire_Name":"Golden Eagle","Acres":0.1,"Cause":"Undetermined","Year":2021}},{"type":"Feature","geometry":{"type":"Point","coordinates":[-119.43283,39.5894]},"properties":{"Fire_Name":"Derby","Acres":1,"Cause":"Undetermined","Year":2021}},{"type":"Feature","geometry":{"type":"Point","coordinates":[-119.65213,39.61552]},"properties":{"Fire_Name":"Golden Regional","Acres":0.25,"Cause":"Undetermined","Year":2021}},{"type":"Feature","geometry":{"type":"Point","coordinates":[-119.75983,39.84603]},"properties":{"Fire_Name":"Moon","Acres":0.1,"Cause":"Undetermined","Year":2021}},{"type":"Feature","geometry":{"type":"Point","coordinates":[-119.68853,39.19702]},"properties":{"Fire_Name":"Flint","Acres":2.54,"Cause":"Undetermined","Year":2021}},{"type":"Feature","geometry":{"type":"Point","coordinates":[-119.73603,39.24194]},"properties":{"Fire_Name":"Goni Fire","Acres":0.5,"Cause":"Undetermined","Year":2021}},{"type":"Feature","geometry":{"type":"Point","coordinates":[-119.50573,39.28685]},"properties":{"Fire_Name":"Rolling A","Acres":3.5,"Cause":"Undetermined","Year":2021}},{"type":"Feature","geometry":{"type":"Point","coordinates":[-119.19833,39.42463]},"properties":{"Fire_Name":"Springs","Acres":1,"Cause":"Undetermined","Year":2021}},{"type":"Feature","geometry":{"type":"Point","coordinates":[-119.60223,39.23506]},"properties":{"Fire_Name":"Cemetery","Acres":0.1,"Cause":"Undetermined","Year":2021}},{"type":"Feature","geometry":{"type":"Point","coordinates":[-119.77863,38.88877]},"properties":{"Fire_Name":"RV","Acres":0.1,"Cause":"Undetermined","Year":2021}},{"type":"Feature","geometry":{"type":"Point","coordinates":[-119.95843,39.48793]},"properties":{"Fire_Name":"Garsons","Acres":67,"Cause":"Undetermined","Year":2021}},{"type":"Feature","geometry":{"type":"Point","coordinates":[-119.84013,39.37473]},"properties":{"Fire_Name":"Timberline","Acres":0.7,"Cause":"Undetermined","Year":2021}},{"type":"Feature","geometry":{"type":"Point","coordinates":[-120.03713,39.58332]},"properties":{"Fire_Name":"Valley","Acres":1.7,"Cause":"Undetermined","Year":2021}},{"type":"Feature","geometry":{"type":"Point","coordinates":[-119.93613,38.95585]},"properties":{"Fire_Name":"Van Sickle","Acres":0.1,"Cause":"Undetermined","Year":2021}},{"type":"Feature","geometry":{"type":"Point","coordinates":[-119.90153,39.10881]},"properties":{"Fire_Name":"Rim Trail","Acres":0.23,"Cause":"Undetermined","Year":2021}},{"type":"Feature","geometry":{"type":"Point","coordinates":[-119.92743,38.95474]},"properties":{"Fire_Name":"Park","Acres":0.12,"Cause":"Undetermined","Year":2021}},{"type":"Feature","geometry":{"type":"Point","coordinates":[-119.76343,39.24217]},"properties":{"Fire_Name":"Washoe","Acres":1.2,"Cause":"Undetermined","Year":2021}},{"type":"Feature","geometry":{"type":"Point","coordinates":[-119.79943,39.21192]},"properties":{"Fire_Name":"Duck Hill","Acres":1.9,"Cause":"Undetermined","Year":2021}},{"type":"Feature","geometry":{"type":"Point","coordinates":[-119.98653,39.49993]},"properties":{"Fire_Name":"Garson Road","Acres":1.83,"Cause":"Undetermined","Year":2021}},{"type":"Feature","geometry":{"type":"Point","coordinates":[-119.75173,39.45448]},"properties":{"Fire_Name":"Technology","Acres":3.7,"Cause":"Undetermined","Year":2021}},{"type":"Feature","geometry":{"type":"Point","coordinates":[-119.89803,39.63957]},"properties":{"Fire_Name":"Moya","Acres":0.1,"Cause":"Undetermined","Year":2021}},{"type":"Feature","geometry":{"type":"Point","coordinates":[-119.70583,39.56573]},"properties":{"Fire_Name":"Vista","Acres":15,"Cause":"Undetermined","Year":2021}},{"type":"Feature","geometry":{"type":"Point","coordinates":[-119.69373,39.52754]},"properties":{"Fire_Name":"WoodSprings","Acres":26,"Cause":"Undetermined","Year":2021}},{"type":"Feature","geometry":{"type":"Point","coordinates":[-119.41423,38.87182]},"properties":{"Fire_Name":"Simpson","Acres":10,"Cause":"Undetermined","Year":2021}},{"type":"Feature","geometry":{"type":"Point","coordinates":[-119.78443,39.29212]},"properties":{"Fire_Name":"2545 Lakeshore Drive","Acres":0.1,"Cause":"Undetermined","Year":2021}},{"type":"Feature","geometry":{"type":"Point","coordinates":[-119.54173,39.56349]},"properties":{"Fire_Name":"Parkway","Acres":0.16,"Cause":"Undetermined","Year":2021}},{"type":"Feature","geometry":{"type":"Point","coordinates":[-119.87373,39.4023]},"properties":{"Fire_Name":"Logan","Acres":0.6,"Cause":"Undetermined","Year":2021}},{"type":"Feature","geometry":{"type":"Point","coordinates":[-119.73167,39.65279]},"properties":{"Fire_Name":"Eagle Canyon","Acres":0.29,"Cause":"Undetermined","Year":2021}},{"type":"Feature","geometry":{"type":"Point","coordinates":[-119.75244,39.36889]},"properties":{"Fire_Name":"Petrilla","Acres":528.1,"Cause":"Undetermined","Year":2021}},{"type":"Feature","geometry":{"type":"Point","coordinates":[-119.98963,39.67874]},"properties":{"Fire_Name":"Aspen","Acres":0.25,"Cause":"Undetermined","Year":2021}},{"type":"Feature","geometry":{"type":"Point","coordinates":[-119.96253,39.68995]},"properties":{"Fire_Name":"Bear Court","Acres":0.1,"Cause":"Undetermined","Year":2021}},{"type":"Feature","geometry":{"type":"Point","coordinates":[-119.83343,39.54907]},"properties":{"Fire_Name":"Dog","Acres":0.2,"Cause":"Undetermined","Year":2021}},{"type":"Feature","geometry":{"type":"Point","coordinates":[-119.78283,39.35926]},"properties":{"Fire_Name":"Pleasant","Acres":0.1,"Cause":"Undetermined","Year":2021}},{"type":"Feature","geometry":{"type":"Point","coordinates":[-119.86063,39.75529]},"properties":{"Fire_Name":"Freds","Acres":0.1,"Cause":"Undetermined","Year":2021}},{"type":"Feature","geometry":{"type":"Point","coordinates":[-119.90383,39.62445]},"properties":{"Fire_Name":"Mariner","Acres":0.65,"Cause":"Undetermined","Year":2021}},{"type":"Feature","geometry":{"type":"Point","coordinates":[-119.86083,39.35738]},"properties":{"Fire_Name":"Whites Creek","Acres":0.66,"Cause":"Undetermined","Year":2021}},{"type":"Feature","geometry":{"type":"Point","coordinates":[-119.96983,39.53218]},"properties":{"Fire_Name":"Waterville","Acres":5,"Cause":"Undetermined","Year":2021}},{"type":"Feature","geometry":{"type":"Point","coordinates":[-119.73513,39.88239]},"properties":{"Fire_Name":"Winnemucca Ranch","Acres":0.1,"Cause":"Undetermined","Year":2022}},{"type":"Feature","geometry":{"type":"Point","coordinates":[-119.03823,39.55931]},"properties":{"Fire_Name":"Drayer","Acres":0.1,"Cause":"Undetermined","Year":2022}},{"type":"Feature","geometry":{"type":"Point","coordinates":[-119.84503,39.012]},"properties":{"Fire_Name":"Cemetery","Acres":3.5,"Cause":"Undetermined","Year":2022}},{"type":"Feature","geometry":{"type":"Point","coordinates":[-119.71143,39.01625]},"properties":{"Fire_Name":"Fremont","Acres":0.1,"Cause":"Undetermined","Year":2022}},{"type":"Feature","geometry":{"type":"Point","coordinates":[-119.85792,39.36449]},"properties":{"Fire_Name":"Galena","Acres":0.25,"Cause":"Undetermined","Year":2022}},{"type":"Feature","geometry":{"type":"Point","coordinates":[-119.80153,39.14894]},"properties":{"Fire_Name":"Kings","Acres":0.5,"Cause":"Undetermined","Year":2022}},{"type":"Feature","geometry":{"type":"Point","coordinates":[-120.01324,39.44565]},"properties":{"Fire_Name":"Stateline","Acres":9,"Cause":"Undetermined","Year":2022}},{"type":"Feature","geometry":{"type":"Point","coordinates":[-120.00633,39.53873]},"properties":{"Fire_Name":"Dog","Acres":0.1,"Cause":"Undetermined","Year":2022}},{"type":"Feature","geometry":{"type":"Point","coordinates":[-120.01643,39.60834]},"properties":{"Fire_Name":"Long Trash","Acres":0.1,"Cause":"Undetermined","Year":2022}},{"type":"Feature","geometry":{"type":"Point","coordinates":[-119.13683,39.58851]},"properties":{"Fire_Name":"Wedge","Acres":0.25,"Cause":"Undetermined","Year":2022}},{"type":"Feature","geometry":{"type":"Point","coordinates":[-119.85853,39.52402]},"properties":{"Fire_Name":"Highland","Acres":8.6,"Cause":"Undetermined","Year":2022}},{"type":"Feature","geometry":{"type":"Point","coordinates":[-119.99263,39.6369]},"properties":{"Fire_Name":"Long","Acres":0.54,"Cause":"Undetermined","Year":2022}},{"type":"Feature","geometry":{"type":"Point","coordinates":[-119.62913,39.41835]},"properties":{"Fire_Name":"Old News","Acres":0.1,"Cause":"Undetermined","Year":2022}},{"type":"Feature","geometry":{"type":"Point","coordinates":[-119.99863,39.672]},"properties":{"Fire_Name":"Cold Springs Valley","Acres":0.1,"Cause":"Undetermined","Year":2022}},{"type":"Feature","geometry":{"type":"Point","coordinates":[-119.81653,39.45259]},"properties":{"Fire_Name":"Kinney","Acres":17.4,"Cause":"Undetermined","Year":2022}},{"type":"Feature","geometry":{"type":"Point","coordinates":[-119.89633,39.49237]},"properties":{"Fire_Name":"Hunter Creek","Acres":0.1,"Cause":"Undetermined","Year":2022}},{"type":"Feature","geometry":{"type":"Point","coordinates":[-119.71973,39.36481]},"properties":{"Fire_Name":"Majestic","Acres":0.1,"Cause":"Undetermined","Year":2022}},{"type":"Feature","geometry":{"type":"Point","coordinates":[-119.64043,39.67843]},"properties":{"Fire_Name":"Rowe","Acres":0.35,"Cause":"Undetermined","Year":2022}},{"type":"Feature","geometry":{"type":"Point","coordinates":[-119.84343,39.35818]},"properties":{"Fire_Name":"Joy Lake","Acres":2.6,"Cause":"Undetermined","Year":2022}},{"type":"Feature","geometry":{"type":"Point","coordinates":[-119.96073,39.51818]},"properties":{"Fire_Name":"Boomtown","Acres":0.1,"Cause":"Undetermined","Year":2022}},{"type":"Feature","geometry":{"type":"Point","coordinates":[-119.31771,39.36661]},"properties":{"Fire_Name":"NAT OUT 15","Acres":10,"Cause":"Natural","Year":1985}},{"type":"Feature","geometry":{"type":"Point","coordinates":[-119.33431,39.41661]},"properties":{"Fire_Name":"STAGECOACH","Acres":15,"Cause":"Natural","Year":1985}},{"type":"Feature","geometry":{"type":"Point","coordinates":[-119.91771,39.98321]},"properties":{"Fire_Name":"WILLOW SPR","Acres":30,"Cause":"Natural","Year":1985}},{"type":"Feature","geometry":{"type":"Point","coordinates":[-119.13431,39.21661]},"properties":{"Fire_Name":"CLEAVER PK","Acres":5,"Cause":"Natural","Year":1985}},{"type":"Feature","geometry":{"type":"Point","coordinates":[-119.58431,39.81661]},"properties":{"Fire_Name":"WILCOX RCH","Acres":5,"Cause":"Natural","Year":1985}},{"type":"Feature","geometry":{"type":"Point","coordinates":[-119.50101,39.01661]},"properties":{"Fire_Name":"BIA 8","Acres":1.5,"Cause":"Natural","Year":1985}},{"type":"Feature","geometry":{"type":"Point","coordinates":[-119.56771,39.86661]},"properties":{"Fire_Name":"BIA 15","Acres":350,"Cause":"Natural","Year":1985}},{"type":"Feature","geometry":{"type":"Point","coordinates":[-119.50101,38.96661]},"properties":{"Fire_Name":"BIA 9","Acres":1.5,"Cause":"Natural","Year":1985}},{"type":"Feature","geometry":{"type":"Point","coordinates":[-119.71771,39.91661]},"properties":{"Fire_Name":"PIUTE CYN","Acres":200,"Cause":"Natural","Year":1985}},{"type":"Feature","geometry":{"type":"Point","coordinates":[-120.05101,39.81661]},"properties":{"Fire_Name":"HAL JNCT","Acres":268,"Cause":"Natural","Year":1985}},{"type":"Feature","geometry":{"type":"Point","coordinates":[-120.01771,39.76661]},"properties":{"Fire_Name":"HAL JNCT 2","Acres":1110,"Cause":"Natural","Year":1985}},{"type":"Feature","geometry":{"type":"Point","coordinates":[-120.03441,39.88321]},"properties":{"Fire_Name":"LONG VA","Acres":1600,"Cause":"Natural","Year":1985}},{"type":"Feature","geometry":{"type":"Point","coordinates":[-119.75101,39.74991]},"properties":{"Fire_Name":"HUNGRY VA3","Acres":10560,"Cause":"Natural","Year":1985}},{"type":"Feature","geometry":{"type":"Point","coordinates":[-119.41771,39.69991]},"properties":{"Fire_Name":"OLINGHOUS2","Acres":340,"Cause":"Natural","Year":1985}},{"type":"Feature","geometry":{"type":"Point","coordinates":[-119.48431,39.49991]},"properties":{"Fire_Name":"GOOSEBERRY","Acres":24000,"Cause":"Natural","Year":1985}},{"type":"Feature","geometry":{"type":"Point","coordinates":[-119.71771,39.18321]},"properties":{"Fire_Name":"EMPIRE","Acres":3,"Cause":"Human","Year":1986}},{"type":"Feature","geometry":{"type":"Point","coordinates":[-119.95101,40.09991]},"properties":{"Fire_Name":"FISH SP CR","Acres":10,"Cause":"Natural","Year":1986}},{"type":"Feature","geometry":{"type":"Point","coordinates":[-119.75101,39.24991]},"properties":{"Fire_Name":"EAST LK BL","Acres":35,"Cause":"Human","Year":1986}},{"type":"Feature","geometry":{"type":"Point","coordinates":[-119.23431,39.04991]},"properties":{"Fire_Name":"CARSON HIL","Acres":5,"Cause":"Human","Year":1986}},{"type":"Feature","geometry":{"type":"Point","coordinates":[-119.68431,39.18321]},"properties":{"Fire_Name":"BRUNSWICK","Acres":5,"Cause":"Human","Year":1986}},{"type":"Feature","geometry":{"type":"Point","coordinates":[-119.75101,39.21661]},"properties":{"Fire_Name":"GONI RD","Acres":2,"Cause":"Human","Year":1986}},{"type":"Feature","geometry":{"type":"Point","coordinates":[-120.10101,39.76661]},"properties":{"Fire_Name":"BECKWOURTH","Acres":1,"Cause":"Natural","Year":1986}},{"type":"Feature","geometry":{"type":"Point","coordinates":[-119.96771,39.98321]},"properties":{"Fire_Name":"FT SAGE MT","Acres":610,"Cause":"Natural","Year":1986}},{"type":"Feature","geometry":{"type":"Point","coordinates":[-119.36771,39.83321]},"properties":{"Fire_Name":"BIA 2","Acres":1,"Cause":"Human","Year":1986}},{"type":"Feature","geometry":{"type":"Point","coordinates":[-119.46771,39.24991]},"properties":{"Fire_Name":"PINENT MTS","Acres":4,"Cause":"Human","Year":1986}},{"type":"Feature","geometry":{"type":"Point","coordinates":[-119.76771,39.18321]},"properties":{"Fire_Name":"CARSON 3","Acres":1,"Cause":"Human","Year":1986}},{"type":"Feature","geometry":{"type":"Point","coordinates":[-119.61771,39.53321]},"properties":{"Fire_Name":"MUSTANG","Acres":2,"Cause":"Human","Year":1986}},{"type":"Feature","geometry":{"type":"Point","coordinates":[-119.63441,39.78321]},"properties":{"Fire_Name":"WARM SP VA","Acres":3,"Cause":"Human","Year":1986}},{"type":"Feature","geometry":{"type":"Point","coordinates":[-119.28431,39.61661]},"properties":{"Fire_Name":"BIA 3","Acres":5,"Cause":"Human","Year":1986}},{"type":"Feature","geometry":{"type":"Point","coordinates":[-119.56771,39.73321]},"properties":{"Fire_Name":"WARMSPVA2","Acres":2,"Cause":"Human","Year":1986}},{"type":"Feature","geometry":{"type":"Point","coordinates":[-119.63441,39.53321]},"properties":{"Fire_Name":"MUSTANG 2","Acres":2,"Cause":"Human","Year":1986}},{"type":"Feature","geometry":{"type":"Point","coordinates":[-119.75101,39.66661]},"properties":{"Fire_Name":"HUNGRY VA","Acres":1,"Cause":"Natural","Year":1986}},{"type":"Feature","geometry":{"type":"Point","coordinates":[-120.00101,39.88321]},"properties":{"Fire_Name":"RED RCK CY","Acres":810,"Cause":"Human","Year":1986}},{"type":"Feature","geometry":{"type":"Point","coordinates":[-119.68431,39.16661]},"properties":{"Fire_Name":"CARSON 7","Acres":8,"Cause":"Human","Year":1986}},{"type":"Feature","geometry":{"type":"Point","coordinates":[-119.66771,39.64991]},"properties":{"Fire_Name":"SPAN SP V6","Acres":2,"Cause":"Natural","Year":1986}},{"type":"Feature","geometry":{"type":"Point","coordinates":[-119.76771,39.84991]},"properties":{"Fire_Name":"DOGSKIN MT","Acres":1,"Cause":"Natural","Year":1986}},{"type":"Feature","geometry":{"type":"Point","coordinates":[-118.98431,39.39991]},"properties":{"Fire_Name":"NAT OUT 7","Acres":10,"Cause":"Natural","Year":1986}},{"type":"Feature","geometry":{"type":"Point","coordinates":[-119.53431,39.76661]},"properties":{"Fire_Name":"CHIMNEY S2","Acres":18,"Cause":"Natural","Year":1986}},{"type":"Feature","geometry":{"type":"Point","coordinates":[-120.01771,39.93321]},"properties":{"Fire_Name":"CONSTANTIA","Acres":12,"Cause":"Natural","Year":1986}},{"type":"Feature","geometry":{"type":"Point","coordinates":[-119.68441,39.89991]},"properties":{"Fire_Name":"WARMSP V4","Acres":15,"Cause":"Natural","Year":1986}},{"type":"Feature","geometry":{"type":"Point","coordinates":[-119.73441,39.39991]},"properties":{"Fire_Name":"STEAMBT SP","Acres":1,"Cause":"Human","Year":1986}},{"type":"Feature","geometry":{"type":"Point","coordinates":[-119.81771,39.73321]},"properties":{"Fire_Name":"ANTELOP V2","Acres":375,"Cause":"Human","Year":1986}},{"type":"Feature","geometry":{"type":"Point","coordinates":[-119.33431,39.31661]},"properties":{"Fire_Name":"CHURCHL BT","Acres":1360,"Cause":"Natural","Year":1986}},{"type":"Feature","geometry":{"type":"Point","coordinates":[-119.35101,39.33321]},"properties":{"Fire_Name":"CHURCHL B2","Acres":627,"Cause":"Natural","Year":1986}},{"type":"Feature","geometry":{"type":"Point","coordinates":[-119.51771,39.83321]},"properties":{"Fire_Name":"BALD MT","Acres":20,"Cause":"Natural","Year":1986}},{"type":"Feature","geometry":{"type":"Point","coordinates":[-119.30101,39.76661]},"properties":{"Fire_Name":"BIA 7","Acres":1,"Cause":"Natural","Year":1986}},{"type":"Feature","geometry":{"type":"Point","coordinates":[-119.93441,39.63321]},"properties":{"Fire_Name":"GRANITE PK","Acres":20,"Cause":"Natural","Year":1986}},{"type":"Feature","geometry":{"type":"Point","coordinates":[-119.43431,38.96661]},"properties":{"Fire_Name":"ARTESIA LK","Acres":2,"Cause":"Natural","Year":1986}},{"type":"Feature","geometry":{"type":"Point","coordinates":[-119.80101,39.14991]},"properties":{"Fire_Name":"C HILL","Acres":55,"Cause":"Natural","Year":1986}},{"type":"Feature","geometry":{"type":"Point","coordinates":[-119.75101,39.29991]},"properties":{"Fire_Name":"WASHOE VA","Acres":1,"Cause":"Human","Year":1986}},{"type":"Feature","geometry":{"type":"Point","coordinates":[-119.90101,39.61661]},"properties":{"Fire_Name":"NDF 5","Acres":15,"Cause":"Undetermined","Year":1986}},{"type":"Feature","geometry":{"type":"Point","coordinates":[-119.75101,39.56661]},"properties":{"Fire_Name":"SPAN SP V9","Acres":2,"Cause":"Human","Year":1986}},{"type":"Feature","geometry":{"type":"Point","coordinates":[-119.73441,39.39991]},"properties":{"Fire_Name":"TOLL RD","Acres":1,"Cause":"Human","Year":1986}},{"type":"Feature","geometry":{"type":"Point","coordinates":[-119.68431,39.19991]},"properties":{"Fire_Name":"CARSON 21","Acres":7,"Cause":"Human","Year":1986}},{"type":"Feature","geometry":{"type":"Point","coordinates":[-119.70101,39.16661]},"properties":{"Fire_Name":"CARSON 23","Acres":3,"Cause":"Human","Year":1986}},{"type":"Feature","geometry":{"type":"Point","coordinates":[-119.75101,39.13321]},"properties":{"Fire_Name":"CARSON 24","Acres":1,"Cause":"Human","Year":1986}},{"type":"Feature","geometry":{"type":"Point","coordinates":[-119.95101,39.66661]},"properties":{"Fire_Name":"COLD SP VA","Acres":4,"Cause":"Human","Year":1986}},{"type":"Feature","geometry":{"type":"Point","coordinates":[-119.75101,39.13321]},"properties":{"Fire_Name":"CARSON 27","Acres":2,"Cause":"Human","Year":1986}},{"type":"Feature","geometry":{"type":"Point","coordinates":[-119.73431,39.03321]},"properties":{"Fire_Name":"JOHNSON LN","Acres":5,"Cause":"Human","Year":1987}},{"type":"Feature","geometry":{"type":"Point","coordinates":[-119.61771,39.06661]},"properties":{"Fire_Name":"PINENT M12","Acres":1,"Cause":"Natural","Year":1987}},{"type":"Feature","geometry":{"type":"Point","coordinates":[-119.83441,39.64991]},"properties":{"Fire_Name":"TMFPD 3","Acres":3,"Cause":"Undetermined","Year":1987}},{"type":"Feature","geometry":{"type":"Point","coordinates":[-119.96771,40.06661]},"properties":{"Fire_Name":"DRY CRK VA","Acres":25,"Cause":"Natural","Year":1987}},{"type":"Feature","geometry":{"type":"Point","coordinates":[-119.61771,39.51661]},"properties":{"Fire_Name":"NDF 9","Acres":1,"Cause":"Undetermined","Year":1987}},{"type":"Feature","geometry":{"type":"Point","coordinates":[-119.88431,38.78321]},"properties":{"Fire_Name":"USFS 50","Acres":3,"Cause":"Undetermined","Year":1987}},{"type":"Feature","geometry":{"type":"Point","coordinates":[-119.46771,39.21661]},"properties":{"Fire_Name":"NDF 10","Acres":100,"Cause":"Undetermined","Year":1987}},{"type":"Feature","geometry":{"type":"Point","coordinates":[-119.81771,39.16661]},"properties":{"Fire_Name":"NDF 12","Acres":1,"Cause":"Undetermined","Year":1987}},{"type":"Feature","geometry":{"type":"Point","coordinates":[-119.90101,39.64991]},"properties":{"Fire_Name":"RENO 2","Acres":5,"Cause":"Undetermined","Year":1987}},{"type":"Feature","geometry":{"type":"Point","coordinates":[-119.96771,39.66661]},"properties":{"Fire_Name":"COLD SP 2","Acres":1,"Cause":"Human","Year":1987}},{"type":"Feature","geometry":{"type":"Point","coordinates":[-119.88441,39.51661]},"properties":{"Fire_Name":"NDF 13","Acres":5,"Cause":"Undetermined","Year":1987}},{"type":"Feature","geometry":{"type":"Point","coordinates":[-119.26771,39.63321]},"properties":{"Fire_Name":"BIA 2","Acres":2,"Cause":"Natural","Year":1987}},{"type":"Feature","geometry":{"type":"Point","coordinates":[-119.93441,40.04991]},"properties":{"Fire_Name":"SHEEP SPRS","Acres":1,"Cause":"Natural","Year":1987}},{"type":"Feature","geometry":{"type":"Point","coordinates":[-119.88441,39.56661]},"properties":{"Fire_Name":"PEAVINE","Acres":2,"Cause":"Natural","Year":1987}},{"type":"Feature","geometry":{"type":"Point","coordinates":[-119.28431,39.63321]},"properties":{"Fire_Name":"BIA 3","Acres":1,"Cause":"Human","Year":1987}},{"type":"Feature","geometry":{"type":"Point","coordinates":[-120.10101,39.68321]},"properties":{"Fire_Name":"USFS 9","Acres":600,"Cause":"Undetermined","Year":1987}},{"type":"Feature","geometry":{"type":"Point","coordinates":[-120.18441,39.74991]},"properties":{"Fire_Name":"USFS 10","Acres":900,"Cause":"Undetermined","Year":1987}},{"type":"Feature","geometry":{"type":"Point","coordinates":[-119.68431,39.34991]},"properties":{"Fire_Name":"TOLL RD","Acres":48,"Cause":"Natural","Year":1987}},{"type":"Feature","geometry":{"type":"Point","coordinates":[-119.93441,39.54991]},"properties":{"Fire_Name":"NDF 3","Acres":80,"Cause":"Undetermined","Year":1987}},{"type":"Feature","geometry":{"type":"Point","coordinates":[-120.08441,39.66661]},"properties":{"Fire_Name":"USFS 11","Acres":1000,"Cause":"Undetermined","Year":1987}},{"type":"Feature","geometry":{"type":"Point","coordinates":[-120.21771,39.69991]},"properties":{"Fire_Name":"USFS 12","Acres":25,"Cause":"Undetermined","Year":1987}},{"type":"Feature","geometry":{"type":"Point","coordinates":[-120.10101,39.76661]},"properties":{"Fire_Name":"ROBERTS","Acres":40,"Cause":"Natural","Year":1987}},{"type":"Feature","geometry":{"type":"Point","coordinates":[-119.75101,39.21661]},"properties":{"Fire_Name":"DUCK HILL","Acres":40,"Cause":"Natural","Year":1987}},{"type":"Feature","geometry":{"type":"Point","coordinates":[-119.80101,39.19991]},"properties":{"Fire_Name":"NDF 4","Acres":700,"Cause":"Undetermined","Year":1987}},{"type":"Feature","geometry":{"type":"Point","coordinates":[-119.68431,39.21661]},"properties":{"Fire_Name":"CARSON 9","Acres":50,"Cause":"Natural","Year":1987}},{"type":"Feature","geometry":{"type":"Point","coordinates":[-119.75101,39.14991]},"properties":{"Fire_Name":"EAGLE VA","Acres":1,"Cause":"Human","Year":1987}},{"type":"Feature","geometry":{"type":"Point","coordinates":[-119.98441,39.96661]},"properties":{"Fire_Name":"DRY VA 2","Acres":1,"Cause":"Natural","Year":1987}},{"type":"Feature","geometry":{"type":"Point","coordinates":[-119.81771,39.13321]},"properties":{"Fire_Name":"KINGS CYN","Acres":50,"Cause":"Natural","Year":1987}},{"type":"Feature","geometry":{"type":"Point","coordinates":[-119.81771,39.63321]},"properties":{"Fire_Name":"LEMMON V3","Acres":2,"Cause":"Human","Year":1987}},{"type":"Feature","geometry":{"type":"Point","coordinates":[-120.08441,39.86661]},"properties":{"Fire_Name":"SCOTTS","Acres":1,"Cause":"Human","Year":1987}},{"type":"Feature","geometry":{"type":"Point","coordinates":[-119.80101,39.33321]},"properties":{"Fire_Name":"NDF 6","Acres":60,"Cause":"Undetermined","Year":1987}},{"type":"Feature","geometry":{"type":"Point","coordinates":[-119.60101,39.29991]},"properties":{"Fire_Name":"SUGARLOAF","Acres":10,"Cause":"Human","Year":1987}},{"type":"Feature","geometry":{"type":"Point","coordinates":[-119.61771,39.29991]},"properties":{"Fire_Name":"NDF 8","Acres":2,"Cause":"Undetermined","Year":1987}},{"type":"Feature","geometry":{"type":"Point","coordinates":[-119.93441,39.63321]},"properties":{"Fire_Name":"RED ROCK 2","Acres":35,"Cause":"Natural","Year":1987}},{"type":"Feature","geometry":{"type":"Point","coordinates":[-119.75101,39.09991]},"properties":{"Fire_Name":"CARSON 2","Acres":2,"Cause":"Human","Year":1988}},{"type":"Feature","geometry":{"type":"Point","coordinates":[-119.70101,39.18321]},"properties":{"Fire_Name":"CARSON 4","Acres":1,"Cause":"Human","Year":1988}},{"type":"Feature","geometry":{"type":"Point","coordinates":[-120.08441,39.73321]},"properties":{"Fire_Name":"TOF 4","Acres":3,"Cause":"Undetermined","Year":1988}},{"type":"Feature","geometry":{"type":"Point","coordinates":[-120.11771,39.76661]},"properties":{"Fire_Name":"BECKWRTH 2","Acres":18,"Cause":"Natural","Year":1988}},{"type":"Feature","geometry":{"type":"Point","coordinates":[-120.15101,39.73321]},"properties":{"Fire_Name":"TNF 1","Acres":15,"Cause":"Undetermined","Year":1988}},{"type":"Feature","geometry":{"type":"Point","coordinates":[-119.60101,38.91661]},"properties":{"Fire_Name":"PINE NT M5","Acres":1,"Cause":"Natural","Year":1988}},{"type":"Feature","geometry":{"type":"Point","coordinates":[-119.85101,39.29991]},"properties":{"Fire_Name":"DFW 3","Acres":3,"Cause":"Undetermined","Year":1988}},{"type":"Feature","geometry":{"type":"Point","coordinates":[-119.76771,39.13321]},"properties":{"Fire_Name":"DFW 5","Acres":10,"Cause":"Undetermined","Year":1988}},{"type":"Feature","geometry":{"type":"Point","coordinates":[-119.85101,39.46661]},"properties":{"Fire_Name":"DFW 6","Acres":11,"Cause":"Undetermined","Year":1988}},{"type":"Feature","geometry":{"type":"Point","coordinates":[-119.68431,38.81661]},"properties":{"Fire_Name":"HORSESHOE","Acres":120,"Cause":"Human","Year":1988}},{"type":"Feature","geometry":{"type":"Point","coordinates":[-119.95101,39.56661]},"properties":{"Fire_Name":"PAIUTE","Acres":680,"Cause":"Natural","Year":1988}},{"type":"Feature","geometry":{"type":"Point","coordinates":[-119.83441,39.63321]},"properties":{"Fire_Name":"ANTELOP V2","Acres":2,"Cause":"Human","Year":1988}},{"type":"Feature","geometry":{"type":"Point","coordinates":[-119.73441,39.56661]},"properties":{"Fire_Name":"SPAN SP V5","Acres":2,"Cause":"Human","Year":1988}},{"type":"Feature","geometry":{"type":"Point","coordinates":[-119.80101,39.91661]},"properties":{"Fire_Name":"OLDS RNCH","Acres":1850,"Cause":"Natural","Year":1988}},{"type":"Feature","geometry":{"type":"Point","coordinates":[-119.43431,38.99991]},"properties":{"Fire_Name":"SUNRISE","Acres":325,"Cause":"Natural","Year":1988}},{"type":"Feature","geometry":{"type":"Point","coordinates":[-119.95101,39.64991]},"properties":{"Fire_Name":"GRANIT HLS","Acres":30,"Cause":"Natural","Year":1988}},{"type":"Feature","geometry":{"type":"Point","coordinates":[-120.11771,39.74991]},"properties":{"Fire_Name":"MARTIN NEC","Acres":320,"Cause":"Natural","Year":1988}},{"type":"Feature","geometry":{"type":"Point","coordinates":[-119.85101,38.98321]},"properties":{"Fire_Name":"DFW 8","Acres":130,"Cause":"Undetermined","Year":1988}},{"type":"Feature","geometry":{"type":"Point","coordinates":[-119.81771,39.14991]},"properties":{"Fire_Name":"KINGS CYN","Acres":1080,"Cause":"Natural","Year":1988}},{"type":"Feature","geometry":{"type":"Point","coordinates":[-120.03441,39.83321]},"properties":{"Fire_Name":"PETRSN M7","Acres":1,"Cause":"Natural","Year":1988}},{"type":"Feature","geometry":{"type":"Point","coordinates":[-119.53431,39.79991]},"properties":{"Fire_Name":"PAH RAH","Acres":450,"Cause":"Human","Year":1988}},{"type":"Feature","geometry":{"type":"Point","coordinates":[-119.76771,39.18321]},"properties":{"Fire_Name":"CARSON 22","Acres":1,"Cause":"Human","Year":1988}},{"type":"Feature","geometry":{"type":"Point","coordinates":[-119.96771,39.69991]},"properties":{"Fire_Name":"COLD SP V2","Acres":2,"Cause":"Human","Year":1988}},{"type":"Feature","geometry":{"type":"Point","coordinates":[-119.73431,38.88321]},"properties":{"Fire_Name":"BIA 5","Acres":1,"Cause":"Human","Year":1988}},{"type":"Feature","geometry":{"type":"Point","coordinates":[-119.26771,39.61661]},"properties":{"Fire_Name":"TMFPD 2","Acres":0.3,"Cause":"Undetermined","Year":1989}},{"type":"Feature","geometry":{"type":"Point","coordinates":[-120.06771,39.69991]},"properties":{"Fire_Name":"TOF 2","Acres":0.2,"Cause":"Undetermined","Year":1989}},{"type":"Feature","geometry":{"type":"Point","coordinates":[-119.80101,39.19991]},"properties":{"Fire_Name":"LAKEVW HIL","Acres":0.5,"Cause":"Human","Year":1989}},{"type":"Feature","geometry":{"type":"Point","coordinates":[-120.05101,39.88321]},"properties":{"Fire_Name":"LONG VA","Acres":1,"Cause":"Human","Year":1989}},{"type":"Feature","geometry":{"type":"Point","coordinates":[-119.83431,38.94991]},"properties":{"Fire_Name":"DFW 2","Acres":5,"Cause":"Undetermined","Year":1989}},{"type":"Feature","geometry":{"type":"Point","coordinates":[-119.65101,39.26661]},"properties":{"Fire_Name":"GOLD HILL","Acres":15,"Cause":"Human","Year":1989}},{"type":"Feature","geometry":{"type":"Point","coordinates":[-119.80101,39.08321]},"properties":{"Fire_Name":"DFW 3","Acres":50,"Cause":"Undetermined","Year":1989}},{"type":"Feature","geometry":{"type":"Point","coordinates":[-119.78431,39.21661]},"properties":{"Fire_Name":"DUCK HILL","Acres":15,"Cause":"Natural","Year":1989}},{"type":"Feature","geometry":{"type":"Point","coordinates":[-119.68431,38.79991]},"properties":{"Fire_Name":"BIA 1","Acres":2.5,"Cause":"Human","Year":1990}},{"type":"Feature","geometry":{"type":"Point","coordinates":[-119.58431,38.98321]},"properties":{"Fire_Name":"LENA","Acres":10,"Cause":"Human","Year":1990}},{"type":"Feature","geometry":{"type":"Point","coordinates":[-119.96771,39.84991]},"properties":{"Fire_Name":"RANCHO HYN","Acres":7,"Cause":"Human","Year":1990}},{"type":"Feature","geometry":{"type":"Point","coordinates":[-119.61771,39.19991]},"properties":{"Fire_Name":"DAYTON","Acres":5,"Cause":"Human","Year":1990}},{"type":"Feature","geometry":{"type":"Point","coordinates":[-119.58431,38.88321]},"properties":{"Fire_Name":"PINENUT 1","Acres":0.5,"Cause":"Natural","Year":1990}},{"type":"Feature","geometry":{"type":"Point","coordinates":[-120.00101,39.63321]},"properties":{"Fire_Name":"TOF 13","Acres":5,"Cause":"Undetermined","Year":1990}},{"type":"Feature","geometry":{"type":"Point","coordinates":[-119.73431,39.24991]},"properties":{"Fire_Name":"SCRIPPS","Acres":60,"Cause":"Natural","Year":1990}},{"type":"Feature","geometry":{"type":"Point","coordinates":[-119.55101,39.76661]},"properties":{"Fire_Name":"TWN SPR","Acres":0.5,"Cause":"Natural","Year":1990}},{"type":"Feature","geometry":{"type":"Point","coordinates":[-119.98441,39.43321]},"properties":{"Fire_Name":"TOF 20","Acres":0.1,"Cause":"Undetermined","Year":1990}},{"type":"Feature","geometry":{"type":"Point","coordinates":[-119.45101,39.61661]},"properties":{"Fire_Name":"OLINGHOUSE","Acres":0.5,"Cause":"Natural","Year":1990}},{"type":"Feature","geometry":{"type":"Point","coordinates":[-119.95101,39.99991]},"properties":{"Fire_Name":"FT SAGE 3","Acres":0.1,"Cause":"Natural","Year":1990}},{"type":"Feature","geometry":{"type":"Point","coordinates":[-120.00101,39.31661]},"properties":{"Fire_Name":"TOF 26","Acres":0.1,"Cause":"Undetermined","Year":1990}},{"type":"Feature","geometry":{"type":"Point","coordinates":[-120.00101,39.53321]},"properties":{"Fire_Name":"TOF 30","Acres":2,"Cause":"Undetermined","Year":1990}},{"type":"Feature","geometry":{"type":"Point","coordinates":[-119.98441,40.03321]},"properties":{"Fire_Name":"FT SAGE 4","Acres":0.3,"Cause":"Natural","Year":1990}},{"type":"Feature","geometry":{"type":"Point","coordinates":[-119.70101,40.08321]},"properties":{"Fire_Name":"SALT CABIN","Acres":15,"Cause":"Natural","Year":1990}},{"type":"Feature","geometry":{"type":"Point","coordinates":[-119.78441,40.06661]},"properties":{"Fire_Name":"BIA 7","Acres":0.5,"Cause":"Natural","Year":1990}},{"type":"Feature","geometry":{"type":"Point","coordinates":[-120.00101,39.41661]},"properties":{"Fire_Name":"TOF 31","Acres":200,"Cause":"Undetermined","Year":1990}},{"type":"Feature","geometry":{"type":"Point","coordinates":[-120.08441,39.68321]},"properties":{"Fire_Name":"TOF 32","Acres":10,"Cause":"Undetermined","Year":1990}},{"type":"Feature","geometry":{"type":"Point","coordinates":[-119.81771,39.73321]},"properties":{"Fire_Name":"ANTELOPE 1","Acres":0.1,"Cause":"Natural","Year":1990}},{"type":"Feature","geometry":{"type":"Point","coordinates":[-119.78441,39.91661]},"properties":{"Fire_Name":"DOG SKIN 2","Acres":0.5,"Cause":"Natural","Year":1990}},{"type":"Feature","geometry":{"type":"Point","coordinates":[-120.06771,39.69991]},"properties":{"Fire_Name":"TOF 33","Acres":916,"Cause":"Undetermined","Year":1990}},{"type":"Feature","geometry":{"type":"Point","coordinates":[-120.05101,39.69991]},"properties":{"Fire_Name":"HAL JNCT 2","Acres":20,"Cause":"Natural","Year":1990}},{"type":"Feature","geometry":{"type":"Point","coordinates":[-119.88441,39.59991]},"properties":{"Fire_Name":"DFW 7","Acres":50,"Cause":"Undetermined","Year":1990}},{"type":"Feature","geometry":{"type":"Point","coordinates":[-119.48431,39.01661]},"properties":{"Fire_Name":"COMO 2","Acres":0.5,"Cause":"Natural","Year":1990}},{"type":"Feature","geometry":{"type":"Point","coordinates":[-120.00101,39.41661]},"properties":{"Fire_Name":"TOF 34","Acres":8,"Cause":"Undetermined","Year":1990}},{"type":"Feature","geometry":{"type":"Point","coordinates":[-119.48431,38.88321]},"properties":{"Fire_Name":"MT SIEGEL","Acres":300,"Cause":"Natural","Year":1990}},{"type":"Feature","geometry":{"type":"Point","coordinates":[-119.48431,39.19991]},"properties":{"Fire_Name":"RAW PK","Acres":4,"Cause":"Natural","Year":1990}},{"type":"Feature","geometry":{"type":"Point","coordinates":[-119.85101,38.96661]},"properties":{"Fire_Name":"DFW 8","Acres":34,"Cause":"Undetermined","Year":1990}},{"type":"Feature","geometry":{"type":"Point","coordinates":[-120.00101,39.43321]},"properties":{"Fire_Name":"TOF 37","Acres":5,"Cause":"Undetermined","Year":1990}},{"type":"Feature","geometry":{"type":"Point","coordinates":[-119.78431,39.09991]},"properties":{"Fire_Name":"DFW 9","Acres":1,"Cause":"Undetermined","Year":1990}},{"type":"Feature","geometry":{"type":"Point","coordinates":[-120.08441,39.73321]},"properties":{"Fire_Name":"TOF 39","Acres":125,"Cause":"Undetermined","Year":1990}},{"type":"Feature","geometry":{"type":"Point","coordinates":[-120.10101,39.69991]},"properties":{"Fire_Name":"TOF 40","Acres":45,"Cause":"Undetermined","Year":1990}},{"type":"Feature","geometry":{"type":"Point","coordinates":[-119.88441,39.38321]},"properties":{"Fire_Name":"TOF 41","Acres":0.5,"Cause":"Undetermined","Year":1990}},{"type":"Feature","geometry":{"type":"Point","coordinates":[-120.00101,39.43321]},"properties":{"Fire_Name":"TOF 44","Acres":4,"Cause":"Undetermined","Year":1990}},{"type":"Feature","geometry":{"type":"Point","coordinates":[-119.61771,39.19991]},"properties":{"Fire_Name":"ELDORADO 1","Acres":0.5,"Cause":"Natural","Year":1990}},{"type":"Feature","geometry":{"type":"Point","coordinates":[-119.65101,38.84991]},"properties":{"Fire_Name":"BIA 10","Acres":115,"Cause":"Natural","Year":1990}},{"type":"Feature","geometry":{"type":"Point","coordinates":[-119.98441,40.09991]},"properties":{"Fire_Name":"FISH SPR","Acres":0.1,"Cause":"Human","Year":1990}},{"type":"Feature","geometry":{"type":"Point","coordinates":[-119.98441,39.98321]},"properties":{"Fire_Name":"HOMESTEAD","Acres":0.1,"Cause":"Natural","Year":1990}},{"type":"Feature","geometry":{"type":"Point","coordinates":[-119.86771,39.78321]},"properties":{"Fire_Name":"MOON","Acres":0.3,"Cause":"Natural","Year":1990}},{"type":"Feature","geometry":{"type":"Point","coordinates":[-119.96771,40.11661]},"properties":{"Fire_Name":"TURTLE MTN","Acres":0.1,"Cause":"Natural","Year":1990}},{"type":"Feature","geometry":{"type":"Point","coordinates":[-119.83441,39.23321]},"properties":{"Fire_Name":"TOF 45","Acres":2,"Cause":"Undetermined","Year":1990}},{"type":"Feature","geometry":{"type":"Point","coordinates":[-119.91771,40.03321]},"properties":{"Fire_Name":"FT SAGE 6","Acres":0.3,"Cause":"Natural","Year":1990}},{"type":"Feature","geometry":{"type":"Point","coordinates":[-119.86771,39.91661]},"properties":{"Fire_Name":"BEDELL 2","Acres":0.1,"Cause":"Natural","Year":1990}},{"type":"Feature","geometry":{"type":"Point","coordinates":[-119.70101,40.01661]},"properties":{"Fire_Name":"BIA 11","Acres":0.1,"Cause":"Natural","Year":1990}},{"type":"Feature","geometry":{"type":"Point","coordinates":[-119.75101,39.84991]},"properties":{"Fire_Name":"DOG SKIN 4","Acres":0.3,"Cause":"Natural","Year":1990}},{"type":"Feature","geometry":{"type":"Point","coordinates":[-119.96771,39.48321]},"properties":{"Fire_Name":"TOF 46","Acres":0.1,"Cause":"Undetermined","Year":1990}},{"type":"Feature","geometry":{"type":"Point","coordinates":[-119.96771,39.58321]},"properties":{"Fire_Name":"TOF 48","Acres":75,"Cause":"Undetermined","Year":1990}},{"type":"Feature","geometry":{"type":"Point","coordinates":[-119.96771,39.58321]},"properties":{"Fire_Name":"DFW 11","Acres":110,"Cause":"Undetermined","Year":1990}},{"type":"Feature","geometry":{"type":"Point","coordinates":[-120.03441,39.68321]},"properties":{"Fire_Name":"TOF 52","Acres":0.2,"Cause":"Undetermined","Year":1990}},{"type":"Feature","geometry":{"type":"Point","coordinates":[-119.86771,39.71661]},"properties":{"Fire_Name":"REDROCK 1","Acres":3,"Cause":"Natural","Year":1990}},{"type":"Feature","geometry":{"type":"Point","coordinates":[-119.93441,39.48321]},"properties":{"Fire_Name":"TOF 53","Acres":0.2,"Cause":"Undetermined","Year":1990}},{"type":"Feature","geometry":{"type":"Point","coordinates":[-119.95101,39.46661]},"properties":{"Fire_Name":"TOF 54","Acres":0.2,"Cause":"Undetermined","Year":1990}},{"type":"Feature","geometry":{"type":"Point","coordinates":[-119.83431,38.83321]},"properties":{"Fire_Name":"TOF 55","Acres":0.1,"Cause":"Undetermined","Year":1990}},{"type":"Feature","geometry":{"type":"Point","coordinates":[-119.66771,39.93321]},"properties":{"Fire_Name":"HRD SCRABL","Acres":0.3,"Cause":"Natural","Year":1990}},{"type":"Feature","geometry":{"type":"Point","coordinates":[-119.51771,39.74991]},"properties":{"Fire_Name":"RTHND CYN","Acres":0.1,"Cause":"Natural","Year":1990}},{"type":"Feature","geometry":{"type":"Point","coordinates":[-119.51771,39.76661]},"properties":{"Fire_Name":"LOST CREEK","Acres":0.1,"Cause":"Natural","Year":1990}},{"type":"Feature","geometry":{"type":"Point","coordinates":[-119.73431,39.16661]},"properties":{"Fire_Name":"CARSON 3","Acres":0.3,"Cause":"Human","Year":1990}},{"type":"Feature","geometry":{"type":"Point","coordinates":[-120.03441,39.79991]},"properties":{"Fire_Name":"HAL JNCT 3","Acres":100,"Cause":"Human","Year":1990}},{"type":"Feature","geometry":{"type":"Point","coordinates":[-120.03431,38.78321]},"properties":{"Fire_Name":"TMU 1","Acres":0.3,"Cause":"Undetermined","Year":1990}},{"type":"Feature","geometry":{"type":"Point","coordinates":[-119.75101,39.94991]},"properties":{"Fire_Name":"PAIUTE CRK","Acres":0.1,"Cause":"Natural","Year":1990}},{"type":"Feature","geometry":{"type":"Point","coordinates":[-119.56771,39.64991]},"properties":{"Fire_Name":"PAH RAH","Acres":0.1,"Cause":"Natural","Year":1990}},{"type":"Feature","geometry":{"type":"Point","coordinates":[-119.71771,39.18321]},"properties":{"Fire_Name":"DODDS","Acres":0.1,"Cause":"Human","Year":1990}},{"type":"Feature","geometry":{"type":"Point","coordinates":[-119.01771,39.58321]},"properties":{"Fire_Name":"HAZEN","Acres":30,"Cause":"Human","Year":1991}},{"type":"Feature","geometry":{"type":"Point","coordinates":[-119.63431,39.24991]},"properties":{"Fire_Name":"AMER FLAT","Acres":0.3,"Cause":"Human","Year":1991}},{"type":"Feature","geometry":{"type":"Point","coordinates":[-120.03441,39.91661]},"properties":{"Fire_Name":"DOYLE1","Acres":5,"Cause":"Human","Year":1991}},{"type":"Feature","geometry":{"type":"Point","coordinates":[-119.26771,39.64991]},"properties":{"Fire_Name":"BIA 1","Acres":10,"Cause":"Human","Year":1991}},{"type":"Feature","geometry":{"type":"Point","coordinates":[-119.21771,39.59991]},"properties":{"Fire_Name":"TULE","Acres":2,"Cause":"Human","Year":1991}},{"type":"Feature","geometry":{"type":"Point","coordinates":[-119.95101,39.81661]},"properties":{"Fire_Name":"BLK POWDER","Acres":0.2,"Cause":"Human","Year":1991}},{"type":"Feature","geometry":{"type":"Point","coordinates":[-119.60101,39.89991]},"properties":{"Fire_Name":"SUTCLIFF","Acres":0.5,"Cause":"Human","Year":1991}},{"type":"Feature","geometry":{"type":"Point","coordinates":[-119.61771,39.53321]},"properties":{"Fire_Name":"PATRICK","Acres":3,"Cause":"Human","Year":1991}},{"type":"Feature","geometry":{"type":"Point","coordinates":[-119.70101,39.71661]},"properties":{"Fire_Name":"SPAN SPR 1","Acres":4,"Cause":"Human","Year":1991}},{"type":"Feature","geometry":{"type":"Point","coordinates":[-119.96771,39.73321]},"properties":{"Fire_Name":"PETERSON","Acres":0.3,"Cause":"Natural","Year":1991}},{"type":"Feature","geometry":{"type":"Point","coordinates":[-119.83441,39.71661]},"properties":{"Fire_Name":"ANTELOPE","Acres":0.2,"Cause":"Natural","Year":1991}},{"type":"Feature","geometry":{"type":"Point","coordinates":[-119.53431,39.69991]},"properties":{"Fire_Name":"WILCOX 1","Acres":0.3,"Cause":"Natural","Year":1991}},{"type":"Feature","geometry":{"type":"Point","coordinates":[-119.95101,39.96661]},"properties":{"Fire_Name":"FT SAGE","Acres":0.3,"Cause":"Natural","Year":1991}},{"type":"Feature","geometry":{"type":"Point","coordinates":[-120.05101,40.03321]},"properties":{"Fire_Name":"DOYLE 2","Acres":0.5,"Cause":"Natural","Year":1991}},{"type":"Feature","geometry":{"type":"Point","coordinates":[-119.83441,39.79991]},"properties":{"Fire_Name":"FRED MT","Acres":0.2,"Cause":"Natural","Year":1991}},{"type":"Feature","geometry":{"type":"Point","coordinates":[-119.90101,39.99991]},"properties":{"Fire_Name":"FISH SPR 1","Acres":1,"Cause":"Natural","Year":1991}},{"type":"Feature","geometry":{"type":"Point","coordinates":[-119.95101,39.93321]},"properties":{"Fire_Name":"7 LAKE 1","Acres":5,"Cause":"Natural","Year":1991}},{"type":"Feature","geometry":{"type":"Point","coordinates":[-119.93441,39.91661]},"properties":{"Fire_Name":"7 LAKE 2","Acres":3,"Cause":"Natural","Year":1991}},{"type":"Feature","geometry":{"type":"Point","coordinates":[-119.58431,38.94991]},"properties":{"Fire_Name":"SLATER","Acres":0.5,"Cause":"Natural","Year":1991}},{"type":"Feature","geometry":{"type":"Point","coordinates":[-119.75101,40.08321]},"properties":{"Fire_Name":"BIG CANYON","Acres":0.5,"Cause":"Natural","Year":1991}},{"type":"Feature","geometry":{"type":"Point","coordinates":[-119.76771,39.21661]},"properties":{"Fire_Name":"DUCKHILL","Acres":3,"Cause":"Natural","Year":1991}},{"type":"Feature","geometry":{"type":"Point","coordinates":[-119.55101,38.91661]},"properties":{"Fire_Name":"LONE PINE","Acres":0.2,"Cause":"Natural","Year":1991}},{"type":"Feature","geometry":{"type":"Point","coordinates":[-119.30101,39.63321]},"properties":{"Fire_Name":"BIA 2","Acres":0.5,"Cause":"Natural","Year":1991}},{"type":"Feature","geometry":{"type":"Point","coordinates":[-119.48431,39.61661]},"properties":{"Fire_Name":"TRACY 2","Acres":0.1,"Cause":"Natural","Year":1991}},{"type":"Feature","geometry":{"type":"Point","coordinates":[-119.58441,39.83321]},"properties":{"Fire_Name":"PAH RAH","Acres":0.1,"Cause":"Natural","Year":1991}},{"type":"Feature","geometry":{"type":"Point","coordinates":[-119.56771,39.79991]},"properties":{"Fire_Name":"WINNEMUCCA","Acres":0.1,"Cause":"Natural","Year":1991}},{"type":"Feature","geometry":{"type":"Point","coordinates":[-119.61771,39.84991]},"properties":{"Fire_Name":"WHISKEYSPR","Acres":0.1,"Cause":"Natural","Year":1991}},{"type":"Feature","geometry":{"type":"Point","coordinates":[-119.45101,38.99991]},"properties":{"Fire_Name":"NATOUT 2","Acres":0.1,"Cause":"Natural","Year":1991}},{"type":"Feature","geometry":{"type":"Point","coordinates":[-119.53431,39.68321]},"properties":{"Fire_Name":"WILCOX 2","Acres":0.1,"Cause":"Natural","Year":1991}},{"type":"Feature","geometry":{"type":"Point","coordinates":[-119.58431,38.94991]},"properties":{"Fire_Name":"MONARCH","Acres":0.5,"Cause":"Natural","Year":1991}},{"type":"Feature","geometry":{"type":"Point","coordinates":[-119.53431,38.93321]},"properties":{"Fire_Name":"BIA 3","Acres":0.5,"Cause":"Natural","Year":1991}},{"type":"Feature","geometry":{"type":"Point","coordinates":[-119.63431,39.18321]},"properties":{"Fire_Name":"WILLOW","Acres":1,"Cause":"Human","Year":1991}},{"type":"Feature","geometry":{"type":"Point","coordinates":[-119.61771,38.98321]},"properties":{"Fire_Name":"BIA 10","Acres":0.5,"Cause":"Natural","Year":1991}},{"type":"Feature","geometry":{"type":"Point","coordinates":[-119.61771,38.96661]},"properties":{"Fire_Name":"BIA 11","Acres":0.1,"Cause":"Natural","Year":1991}},{"type":"Feature","geometry":{"type":"Point","coordinates":[-119.61771,39.69991]},"properties":{"Fire_Name":"SUGARLOAF1","Acres":0.5,"Cause":"Natural","Year":1991}},{"type":"Feature","geometry":{"type":"Point","coordinates":[-119.63441,39.76661]},"properties":{"Fire_Name":"SUGARLOAF2","Acres":0.1,"Cause":"Natural","Year":1991}},{"type":"Feature","geometry":{"type":"Point","coordinates":[-119.80101,39.73321]},"properties":{"Fire_Name":"LEMMON","Acres":0.3,"Cause":"Natural","Year":1991}},{"type":"Feature","geometry":{"type":"Point","coordinates":[-119.60101,38.89991]},"properties":{"Fire_Name":"WINDMILL","Acres":0.1,"Cause":"Natural","Year":1991}},{"type":"Feature","geometry":{"type":"Point","coordinates":[-119.30101,39.51661]},"properties":{"Fire_Name":"EAGLE","Acres":0.1,"Cause":"Natural","Year":1991}},{"type":"Feature","geometry":{"type":"Point","coordinates":[-119.71771,39.88321]},"properties":{"Fire_Name":"DUMP CREEK","Acres":0.5,"Cause":"Human","Year":1991}},{"type":"Feature","geometry":{"type":"Point","coordinates":[-119.63441,39.53321]},"properties":{"Fire_Name":"TMFPD 9","Acres":0.1,"Cause":"Natural","Year":1991}},{"type":"Feature","geometry":{"type":"Point","coordinates":[-120.05101,39.78321]},"properties":{"Fire_Name":"JUNCTION","Acres":0.1,"Cause":"Human","Year":1991}},{"type":"Feature","geometry":{"type":"Point","coordinates":[-119.65101,38.93321]},"properties":{"Fire_Name":"MEYERS","Acres":0.1,"Cause":"Human","Year":1991}},{"type":"Feature","geometry":{"type":"Point","coordinates":[-119.61771,39.94991]},"properties":{"Fire_Name":"BIA 8","Acres":0.1,"Cause":"Human","Year":1991}},{"type":"Feature","geometry":{"type":"Point","coordinates":[-119.46771,38.91661]},"properties":{"Fire_Name":"RED CNYN","Acres":0.1,"Cause":"Natural","Year":1991}},{"type":"Feature","geometry":{"type":"Point","coordinates":[-119.96771,39.91661]},"properties":{"Fire_Name":"7 LAKE 3","Acres":0.3,"Cause":"Natural","Year":1991}},{"type":"Feature","geometry":{"type":"Point","coordinates":[-119.96771,39.83321]},"properties":{"Fire_Name":"PETERSON 2","Acres":0.3,"Cause":"Natural","Year":1991}},{"type":"Feature","geometry":{"type":"Point","coordinates":[-119.61771,39.83321]},"properties":{"Fire_Name":"WHISKEY 2","Acres":0.5,"Cause":"Natural","Year":1991}},{"type":"Feature","geometry":{"type":"Point","coordinates":[-119.65101,38.93321]},"properties":{"Fire_Name":"PINE CREEK","Acres":0.1,"Cause":"Natural","Year":1991}},{"type":"Feature","geometry":{"type":"Point","coordinates":[-119.56771,39.86661]},"properties":{"Fire_Name":"BIA 4","Acres":0.1,"Cause":"Natural","Year":1991}},{"type":"Feature","geometry":{"type":"Point","coordinates":[-119.75101,40.06661]},"properties":{"Fire_Name":"BIA 5","Acres":0.3,"Cause":"Natural","Year":1991}},{"type":"Feature","geometry":{"type":"Point","coordinates":[-119.61771,39.94991]},"properties":{"Fire_Name":"BIA 9","Acres":0.1,"Cause":"Human","Year":1991}},{"type":"Feature","geometry":{"type":"Point","coordinates":[-119.68431,39.23321]},"properties":{"Fire_Name":"LYON CO 1","Acres":0.1,"Cause":"Human","Year":1991}},{"type":"Feature","geometry":{"type":"Point","coordinates":[-119.53431,39.18321]},"properties":{"Fire_Name":"HULLEY","Acres":0.5,"Cause":"Natural","Year":1991}},{"type":"Feature","geometry":{"type":"Point","coordinates":[-119.80101,39.58321]},"properties":{"Fire_Name":"SUN VALLEY","Acres":0.3,"Cause":"Human","Year":1991}},{"type":"Feature","geometry":{"type":"Point","coordinates":[-119.30101,39.28331]},"properties":{"Fire_Name":"CHURCHHILL","Acres":1,"Cause":"Human","Year":1980}},{"type":"Feature","geometry":{"type":"Point","coordinates":[-119.80101,39.31661]},"properties":{"Fire_Name":"ASH CANYON","Acres":200,"Cause":"Human","Year":1980}},{"type":"Feature","geometry":{"type":"Point","coordinates":[-120.01771,39.86661]},"properties":{"Fire_Name":"REDROCK","Acres":2,"Cause":"Human","Year":1980}},{"type":"Feature","geometry":{"type":"Point","coordinates":[-120.01771,39.91661]},"properties":{"Fire_Name":"LONE MAN","Acres":1,"Cause":"Human","Year":1980}},{"type":"Feature","geometry":{"type":"Point","coordinates":[-120.05101,39.79991]},"properties":{"Fire_Name":"TRUCKK","Acres":60,"Cause":"Human","Year":1980}},{"type":"Feature","geometry":{"type":"Point","coordinates":[-119.60101,39.54991]},"properties":{"Fire_Name":"PATBICK","Acres":5,"Cause":"Human","Year":1980}},{"type":"Feature","geometry":{"type":"Point","coordinates":[-120.03441,39.79991]},"properties":{"Fire_Name":"OBSCURE","Acres":15,"Cause":"Human","Year":1980}},{"type":"Feature","geometry":{"type":"Point","coordinates":[-119.46771,39.51661]},"properties":{"Fire_Name":"MUSTANG","Acres":1,"Cause":"Human","Year":1981}},{"type":"Feature","geometry":{"type":"Point","coordinates":[-119.61771,39.13321]},"properties":{"Fire_Name":"BRUNSWICK","Acres":1,"Cause":"Human","Year":1981}},{"type":"Feature","geometry":{"type":"Point","coordinates":[-119.55101,38.96661]},"properties":{"Fire_Name":"BUCKEYE","Acres":1,"Cause":"Natural","Year":1981}},{"type":"Feature","geometry":{"type":"Point","coordinates":[-119.75101,38.79991]},"properties":{"Fire_Name":"DIAMOND","Acres":11,"Cause":"Human","Year":1981}},{"type":"Feature","geometry":{"type":"Point","coordinates":[-120.03441,39.94991]},"properties":{"Fire_Name":"COSTANSTIA","Acres":2,"Cause":"Human","Year":1981}},{"type":"Feature","geometry":{"type":"Point","coordinates":[-119.53431,38.93321]},"properties":{"Fire_Name":"SLATER","Acres":160,"Cause":"Human","Year":1981}},{"type":"Feature","geometry":{"type":"Point","coordinates":[-119.51771,39.69991]},"properties":{"Fire_Name":"WILCOX","Acres":70,"Cause":"Natural","Year":1981}},{"type":"Feature","geometry":{"type":"Point","coordinates":[-119.66771,39.58321]},"properties":{"Fire_Name":"HORN","Acres":5,"Cause":"Natural","Year":1981}},{"type":"Feature","geometry":{"type":"Point","coordinates":[-119.80101,39.39991]},"properties":{"Fire_Name":"ZOLEZZI","Acres":1380,"Cause":"Natural","Year":1981}},{"type":"Feature","geometry":{"type":"Point","coordinates":[-119.80101,39.93321]},"properties":{"Fire_Name":"WILLOW SPR","Acres":150,"Cause":"Natural","Year":1981}},{"type":"Feature","geometry":{"type":"Point","coordinates":[-119.75101,39.91661]},"properties":{"Fire_Name":"WINN RANCH","Acres":40,"Cause":"Natural","Year":1981}},{"type":"Feature","geometry":{"type":"Point","coordinates":[-119.48431,39.64991]},"properties":{"Fire_Name":"POND PEAK","Acres":1,"Cause":"Natural","Year":1981}},{"type":"Feature","geometry":{"type":"Point","coordinates":[-119.40101,39.74991]},"properties":{"Fire_Name":"SECRET CYN","Acres":5,"Cause":"Natural","Year":1981}},{"type":"Feature","geometry":{"type":"Point","coordinates":[-119.60101,38.98321]},"properties":{"Fire_Name":"UHALDI","Acres":2,"Cause":"Natural","Year":1981}},{"type":"Feature","geometry":{"type":"Point","coordinates":[-119.63441,39.51661]},"properties":{"Fire_Name":"STANG","Acres":4,"Cause":"Human","Year":1981}},{"type":"Feature","geometry":{"type":"Point","coordinates":[-119.73431,38.84991]},"properties":{"Fire_Name":"MUD LAKE","Acres":10,"Cause":"Natural","Year":1981}},{"type":"Feature","geometry":{"type":"Point","coordinates":[-119.35101,39.49991]},"properties":{"Fire_Name":"LAVA","Acres":2,"Cause":"Natural","Year":1981}},{"type":"Feature","geometry":{"type":"Point","coordinates":[-119.68431,39.16661]},"properties":{"Fire_Name":"RIVER","Acres":3,"Cause":"Human","Year":1982}},{"type":"Feature","geometry":{"type":"Point","coordinates":[-119.43431,39.78321]},"properties":{"Fire_Name":"BIG MOUTH","Acres":20,"Cause":"Natural","Year":1982}},{"type":"Feature","geometry":{"type":"Point","coordinates":[-120.01771,39.89991]},"properties":{"Fire_Name":"BRAHAM","Acres":4,"Cause":"Human","Year":1982}},{"type":"Feature","geometry":{"type":"Point","coordinates":[-119.43431,39.29991]},"properties":{"Fire_Name":"CEMETERY","Acres":4,"Cause":"Human","Year":1982}},{"type":"Feature","geometry":{"type":"Point","coordinates":[-119.55101,39.09991]},"properties":{"Fire_Name":"BISMARK","Acres":1,"Cause":"Human","Year":1982}},{"type":"Feature","geometry":{"type":"Point","coordinates":[-119.73441,39.59991]},"properties":{"Fire_Name":"STATION 7","Acres":12,"Cause":"Natural","Year":1982}},{"type":"Feature","geometry":{"type":"Point","coordinates":[-119.66771,39.31661]},"properties":{"Fire_Name":"OPHIER","Acres":2,"Cause":"Natural","Year":1982}},{"type":"Feature","geometry":{"type":"Point","coordinates":[-119.71771,39.94991]},"properties":{"Fire_Name":"TULE PEAK","Acres":7,"Cause":"Natural","Year":1982}},{"type":"Feature","geometry":{"type":"Point","coordinates":[-119.75101,39.56661]},"properties":{"Fire_Name":"WEDEKIND","Acres":1,"Cause":"Human","Year":1982}},{"type":"Feature","geometry":{"type":"Point","coordinates":[-119.66771,38.79991]},"properties":{"Fire_Name":"DOUD SPR","Acres":1,"Cause":"Natural","Year":1983}},{"type":"Feature","geometry":{"type":"Point","coordinates":[-119.71771,39.56661]},"properties":{"Fire_Name":"HIGHLAND","Acres":15,"Cause":"Human","Year":1983}},{"type":"Feature","geometry":{"type":"Point","coordinates":[-119.53431,39.29991]},"properties":{"Fire_Name":"SIX MILE","Acres":1283,"Cause":"Human","Year":1983}},{"type":"Feature","geometry":{"type":"Point","coordinates":[-119.65101,38.91661]},"properties":{"Fire_Name":"FISH SPR","Acres":1,"Cause":"Human","Year":1983}},{"type":"Feature","geometry":{"type":"Point","coordinates":[-119.30101,39.61661]},"properties":{"Fire_Name":"JUNCTION","Acres":1,"Cause":"Human","Year":1983}},{"type":"Feature","geometry":{"type":"Point","coordinates":[-119.73431,39.03321]},"properties":{"Fire_Name":"JOHNSON LN","Acres":3,"Cause":"Human","Year":1983}},{"type":"Feature","geometry":{"type":"Point","coordinates":[-119.33431,39.29991]},"properties":{"Fire_Name":"HODGES","Acres":4,"Cause":"Human","Year":1983}},{"type":"Feature","geometry":{"type":"Point","coordinates":[-119.66771,39.18321]},"properties":{"Fire_Name":"RITE-A-WAY","Acres":7,"Cause":"Human","Year":1983}},{"type":"Feature","geometry":{"type":"Point","coordinates":[-119.70101,38.98321]},"properties":{"Fire_Name":"DANGBURG","Acres":3,"Cause":"Human","Year":1983}},{"type":"Feature","geometry":{"type":"Point","coordinates":[-119.70101,39.18321]},"properties":{"Fire_Name":"DEER RUN","Acres":2,"Cause":"Human","Year":1983}},{"type":"Feature","geometry":{"type":"Point","coordinates":[-119.66771,39.21661]},"properties":{"Fire_Name":"MOUND HOUS","Acres":2,"Cause":"Human","Year":1983}},{"type":"Feature","geometry":{"type":"Point","coordinates":[-119.76771,39.14991]},"properties":{"Fire_Name":"CURRY ST","Acres":1,"Cause":"Human","Year":1983}},{"type":"Feature","geometry":{"type":"Point","coordinates":[-119.76771,39.14991]},"properties":{"Fire_Name":"GREENHOUSE","Acres":1,"Cause":"Human","Year":1983}},{"type":"Feature","geometry":{"type":"Point","coordinates":[-119.70101,39.71661]},"properties":{"Fire_Name":"SAND PIT","Acres":2,"Cause":"Human","Year":1983}},{"type":"Feature","geometry":{"type":"Point","coordinates":[-119.68431,39.16661]},"properties":{"Fire_Name":"RUINS","Acres":1,"Cause":"Human","Year":1983}},{"type":"Feature","geometry":{"type":"Point","coordinates":[-119.81771,39.54991]},"properties":{"Fire_Name":"FIRE WORKS","Acres":10,"Cause":"Human","Year":1983}},{"type":"Feature","geometry":{"type":"Point","coordinates":[-119.96771,40.08321]},"properties":{"Fire_Name":"TURTLE MT","Acres":355,"Cause":"Human","Year":1983}},{"type":"Feature","geometry":{"type":"Point","coordinates":[-119.70101,39.03321]},"properties":{"Fire_Name":"SUNRISE","Acres":320,"Cause":"Human","Year":1983}},{"type":"Feature","geometry":{"type":"Point","coordinates":[-119.81771,39.64991]},"properties":{"Fire_Name":"LEMON VLY","Acres":10,"Cause":"Human","Year":1983}},{"type":"Feature","geometry":{"type":"Point","coordinates":[-119.63431,39.13321]},"properties":{"Fire_Name":"HACKETT","Acres":20,"Cause":"Human","Year":1983}},{"type":"Feature","geometry":{"type":"Point","coordinates":[-119.71771,39.84991]},"properties":{"Fire_Name":"WARM SPRS","Acres":27,"Cause":"Human","Year":1983}},{"type":"Feature","geometry":{"type":"Point","coordinates":[-119.70101,39.03321]},"properties":{"Fire_Name":"CHOWBUCK","Acres":118,"Cause":"Human","Year":1983}},{"type":"Feature","geometry":{"type":"Point","coordinates":[-119.66771,39.18321]},"properties":{"Fire_Name":"MILL RUINS","Acres":10,"Cause":"Human","Year":1983}},{"type":"Feature","geometry":{"type":"Point","coordinates":[-119.80101,38.89991]},"properties":{"Fire_Name":"SHERIDAN","Acres":4,"Cause":"Human","Year":1983}},{"type":"Feature","geometry":{"type":"Point","coordinates":[-119.65101,39.26661]},"properties":{"Fire_Name":"S COMSTOCK","Acres":2155,"Cause":"Human","Year":1983}},{"type":"Feature","geometry":{"type":"Point","coordinates":[-119.78431,39.19991]},"properties":{"Fire_Name":"COMBS CYN","Acres":2,"Cause":"Human","Year":1983}},{"type":"Feature","geometry":{"type":"Point","coordinates":[-119.63431,38.96661]},"properties":{"Fire_Name":"S PINENUT","Acres":1700,"Cause":"Human","Year":1983}},{"type":"Feature","geometry":{"type":"Point","coordinates":[-120.05101,39.86661]},"properties":{"Fire_Name":"GMC","Acres":2,"Cause":"Human","Year":1983}},{"type":"Feature","geometry":{"type":"Point","coordinates":[-119.81771,39.61661]},"properties":{"Fire_Name":"RAINDANCE","Acres":7,"Cause":"Human","Year":1983}},{"type":"Feature","geometry":{"type":"Point","coordinates":[-119.76771,39.18321]},"properties":{"Fire_Name":"BROAD LEAF","Acres":2,"Cause":"Human","Year":1983}},{"type":"Feature","geometry":{"type":"Point","coordinates":[-119.98441,39.68321]},"properties":{"Fire_Name":"COLD SPRS","Acres":370,"Cause":"Human","Year":1983}},{"type":"Feature","geometry":{"type":"Point","coordinates":[-119.76771,39.59991]},"properties":{"Fire_Name":"YUKON","Acres":4,"Cause":"Human","Year":1983}},{"type":"Feature","geometry":{"type":"Point","coordinates":[-119.70101,39.04991]},"properties":{"Fire_Name":"JOHNSON","Acres":3,"Cause":"Natural","Year":1983}},{"type":"Feature","geometry":{"type":"Point","coordinates":[-119.70101,39.01661]},"properties":{"Fire_Name":"SMITH","Acres":20,"Cause":"Natural","Year":1983}},{"type":"Feature","geometry":{"type":"Point","coordinates":[-119.58431,39.08321]},"properties":{"Fire_Name":"UTOPIAH","Acres":2,"Cause":"Natural","Year":1983}},{"type":"Feature","geometry":{"type":"Point","coordinates":[-119.93441,39.91661]},"properties":{"Fire_Name":"SEVEN LKS","Acres":830,"Cause":"Natural","Year":1983}},{"type":"Feature","geometry":{"type":"Point","coordinates":[-119.91771,39.91661]},"properties":{"Fire_Name":"DRY VALLEY","Acres":1760,"Cause":"Natural","Year":1983}},{"type":"Feature","geometry":{"type":"Point","coordinates":[-119.78441,39.29991]},"properties":{"Fire_Name":"EASTLAKE","Acres":1,"Cause":"Natural","Year":1983}},{"type":"Feature","geometry":{"type":"Point","coordinates":[-119.71771,39.19991]},"properties":{"Fire_Name":"CENTENNIAL","Acres":277,"Cause":"Natural","Year":1983}},{"type":"Feature","geometry":{"type":"Point","coordinates":[-119.65101,39.53321]},"properties":{"Fire_Name":"SPARKS","Acres":11532,"Cause":"Natural","Year":1983}},{"type":"Feature","geometry":{"type":"Point","coordinates":[-119.91771,39.86661]},"properties":{"Fire_Name":"GRANITE","Acres":3,"Cause":"Natural","Year":1983}},{"type":"Feature","geometry":{"type":"Point","coordinates":[-119.86771,40.03321]},"properties":{"Fire_Name":"WILDCAT","Acres":1612,"Cause":"Natural","Year":1983}},{"type":"Feature","geometry":{"type":"Point","coordinates":[-119.95101,39.98321]},"properties":{"Fire_Name":"NAT OUT 1","Acres":5,"Cause":"Undetermined","Year":1983}},{"type":"Feature","geometry":{"type":"Point","coordinates":[-119.35101,39.51661]},"properties":{"Fire_Name":"HORSE SPR","Acres":3,"Cause":"Natural","Year":1983}},{"type":"Feature","geometry":{"type":"Point","coordinates":[-119.95101,39.98321]},"properties":{"Fire_Name":"WILLOW","Acres":350,"Cause":"Natural","Year":1983}},{"type":"Feature","geometry":{"type":"Point","coordinates":[-119.76771,39.56661]},"properties":{"Fire_Name":"CLEAR ACRE","Acres":30,"Cause":"Human","Year":1983}},{"type":"Feature","geometry":{"type":"Point","coordinates":[-119.76771,39.58321]},"properties":{"Fire_Name":"CORRAL","Acres":2,"Cause":"Human","Year":1983}},{"type":"Feature","geometry":{"type":"Point","coordinates":[-119.78431,39.09991]},"properties":{"Fire_Name":"TOURMAZINE","Acres":3,"Cause":"Human","Year":1983}},{"type":"Feature","geometry":{"type":"Point","coordinates":[-119.88441,39.86661]},"properties":{"Fire_Name":"GRANITE 2","Acres":1500,"Cause":"Natural","Year":1983}},{"type":"Feature","geometry":{"type":"Point","coordinates":[-119.81771,39.84991]},"properties":{"Fire_Name":"BEDELL","Acres":3000,"Cause":"Natural","Year":1983}},{"type":"Feature","geometry":{"type":"Point","coordinates":[-119.96771,39.91661]},"properties":{"Fire_Name":"7 LAKES 3","Acres":4,"Cause":"Natural","Year":1983}},{"type":"Feature","geometry":{"type":"Point","coordinates":[-119.73441,39.59991]},"properties":{"Fire_Name":"OASIS","Acres":1,"Cause":"Human","Year":1983}},{"type":"Feature","geometry":{"type":"Point","coordinates":[-119.91771,39.86661]},"properties":{"Fire_Name":"GRANITE 3","Acres":2,"Cause":"Natural","Year":1983}},{"type":"Feature","geometry":{"type":"Point","coordinates":[-119.71771,38.99991]},"properties":{"Fire_Name":"FISH SPR 2","Acres":1,"Cause":"Human","Year":1983}},{"type":"Feature","geometry":{"type":"Point","coordinates":[-119.45101,40.28321]},"properties":{"Fire_Name":"STAG CYN","Acres":250,"Cause":"Natural","Year":1983}},{"type":"Feature","geometry":{"type":"Point","coordinates":[-119.71771,40.03321]},"properties":{"Fire_Name":"JIGGER BOB","Acres":120,"Cause":"Natural","Year":1983}},{"type":"Feature","geometry":{"type":"Point","coordinates":[-119.98441,39.89991]},"properties":{"Fire_Name":"HARRYS SPR","Acres":7,"Cause":"Natural","Year":1983}},{"type":"Feature","geometry":{"type":"Point","coordinates":[-119.75101,39.19991]},"properties":{"Fire_Name":"EMERSON","Acres":1,"Cause":"Human","Year":1983}},{"type":"Feature","geometry":{"type":"Point","coordinates":[-119.75101,39.16661]},"properties":{"Fire_Name":"ELAINE","Acres":1,"Cause":"Human","Year":1983}},{"type":"Feature","geometry":{"type":"Point","coordinates":[-119.76771,39.28321]},"properties":{"Fire_Name":"PERSHING","Acres":2,"Cause":"Human","Year":1983}},{"type":"Feature","geometry":{"type":"Point","coordinates":[-119.80101,39.61661]},"properties":{"Fire_Name":"GOLDEN","Acres":1,"Cause":"Human","Year":1983}},{"type":"Feature","geometry":{"type":"Point","coordinates":[-119.56771,39.76661]},"properties":{"Fire_Name":"WHISKEY","Acres":1,"Cause":"Human","Year":1983}},{"type":"Feature","geometry":{"type":"Point","coordinates":[-119.71771,39.19991]},"properties":{"Fire_Name":"MOUNDHOUSE","Acres":2358,"Cause":"Human","Year":1983}},{"type":"Feature","geometry":{"type":"Point","coordinates":[-119.75101,39.16661]},"properties":{"Fire_Name":"CORBETT","Acres":3,"Cause":"Human","Year":1983}},{"type":"Feature","geometry":{"type":"Point","coordinates":[-119.71771,39.14991]},"properties":{"Fire_Name":"SALIMAN","Acres":2,"Cause":"Human","Year":1983}},{"type":"Feature","geometry":{"type":"Point","coordinates":[-119.28431,39.66661]},"properties":{"Fire_Name":"DODGE","Acres":2,"Cause":"Human","Year":1983}},{"type":"Feature","geometry":{"type":"Point","coordinates":[-119.73441,39.56661]},"properties":{"Fire_Name":"ORR DITCH","Acres":50,"Cause":"Human","Year":1983}},{"type":"Feature","geometry":{"type":"Point","coordinates":[-119.68431,38.88321]},"properties":{"Fire_Name":"PALAMINO","Acres":3,"Cause":"Human","Year":1983}},{"type":"Feature","geometry":{"type":"Point","coordinates":[-119.21771,39.48321]},"properties":{"Fire_Name":"SILVER SPR","Acres":40,"Cause":"Human","Year":1983}},{"type":"Feature","geometry":{"type":"Point","coordinates":[-119.78431,39.16661]},"properties":{"Fire_Name":"PARKLAND","Acres":1,"Cause":"Human","Year":1983}},{"type":"Feature","geometry":{"type":"Point","coordinates":[-119.78431,39.19991]},"properties":{"Fire_Name":"IMPERIAL","Acres":1,"Cause":"Human","Year":1983}},{"type":"Feature","geometry":{"type":"Point","coordinates":[-119.65101,39.89991]},"properties":{"Fire_Name":"BIA 2","Acres":40,"Cause":"Human","Year":1983}},{"type":"Feature","geometry":{"type":"Point","coordinates":[-119.81771,39.21661]},"properties":{"Fire_Name":"CONASTOGA","Acres":25,"Cause":"Human","Year":1983}},{"type":"Feature","geometry":{"type":"Point","coordinates":[-120.00101,39.86661]},"properties":{"Fire_Name":"S DOYLE","Acres":80,"Cause":"Human","Year":1983}},{"type":"Feature","geometry":{"type":"Point","coordinates":[-119.83441,39.84991]},"properties":{"Fire_Name":"BEDELL 2","Acres":40,"Cause":"Natural","Year":1983}},{"type":"Feature","geometry":{"type":"Point","coordinates":[-119.75101,38.79991]},"properties":{"Fire_Name":"BIA 1","Acres":1,"Cause":"Human","Year":1984}},{"type":"Feature","geometry":{"type":"Point","coordinates":[-119.28431,39.64991]},"properties":{"Fire_Name":"BIA 2","Acres":2,"Cause":"Human","Year":1984}},{"type":"Feature","geometry":{"type":"Point","coordinates":[-119.60101,39.24991]},"properties":{"Fire_Name":"GOLD CNYN","Acres":53,"Cause":"Human","Year":1984}},{"type":"Feature","geometry":{"type":"Point","coordinates":[-119.28431,39.64991]},"properties":{"Fire_Name":"BIA 3","Acres":2,"Cause":"Human","Year":1984}},{"type":"Feature","geometry":{"type":"Point","coordinates":[-119.86771,39.88321]},"properties":{"Fire_Name":"BEDELL","Acres":2031,"Cause":"Natural","Year":1984}},{"type":"Feature","geometry":{"type":"Point","coordinates":[-119.83441,39.84991]},"properties":{"Fire_Name":"BEDELL 2","Acres":921,"Cause":"Natural","Year":1984}},{"type":"Feature","geometry":{"type":"Point","coordinates":[-119.61771,39.26661]},"properties":{"Fire_Name":"KATE PK","Acres":386,"Cause":"Natural","Year":1984}},{"type":"Feature","geometry":{"type":"Point","coordinates":[-120.00101,39.74991]},"properties":{"Fire_Name":"HAL JNT","Acres":4,"Cause":"Natural","Year":1984}},{"type":"Feature","geometry":{"type":"Point","coordinates":[-119.66771,39.64991]},"properties":{"Fire_Name":"SPAN SPR","Acres":413,"Cause":"Natural","Year":1984}},{"type":"Feature","geometry":{"type":"Point","coordinates":[-119.60101,39.59991]},"properties":{"Fire_Name":"PAH PAH","Acres":40,"Cause":"Natural","Year":1984}},{"type":"Feature","geometry":{"type":"Point","coordinates":[-119.56771,39.19991]},"properties":{"Fire_Name":"RAWE PK","Acres":44,"Cause":"Human","Year":1984}},{"type":"Feature","geometry":{"type":"Point","coordinates":[-119.71771,39.16661]},"properties":{"Fire_Name":"EDMONDS","Acres":1,"Cause":"Human","Year":1984}},{"type":"Feature","geometry":{"type":"Point","coordinates":[-119.81771,39.81661]},"properties":{"Fire_Name":"FREDS MT","Acres":40,"Cause":"Human","Year":1984}},{"type":"Feature","geometry":{"type":"Point","coordinates":[-119.90101,39.96661]},"properties":{"Fire_Name":"DRY VA","Acres":1,"Cause":"Natural","Year":1984}},{"type":"Feature","geometry":{"type":"Point","coordinates":[-119.95101,40.09991]},"properties":{"Fire_Name":"TURTLE MTN","Acres":4,"Cause":"Human","Year":1984}},{"type":"Feature","geometry":{"type":"Point","coordinates":[-119.66771,39.78321]},"properties":{"Fire_Name":"PALOMINO 3","Acres":12,"Cause":"Human","Year":1984}},{"type":"Feature","geometry":{"type":"Point","coordinates":[-119.31771,39.71661]},"properties":{"Fire_Name":"BIA 4","Acres":6,"Cause":"Human","Year":1984}},{"type":"Feature","geometry":{"type":"Point","coordinates":[-119.76771,39.29991]},"properties":{"Fire_Name":"CHIPMONK","Acres":1,"Cause":"Human","Year":1984}},{"type":"Feature","geometry":{"type":"Point","coordinates":[-119.60101,39.53321]},"properties":{"Fire_Name":"MUSTANG","Acres":15,"Cause":"Human","Year":1984}},{"type":"Feature","geometry":{"type":"Point","coordinates":[-119.98441,39.69991]},"properties":{"Fire_Name":"COLD SPR","Acres":25,"Cause":"Natural","Year":1984}},{"type":"Feature","geometry":{"type":"Point","coordinates":[-119.56771,39.68321]},"properties":{"Fire_Name":"SPAN SPR 2","Acres":198,"Cause":"Natural","Year":1984}},{"type":"Feature","geometry":{"type":"Point","coordinates":[-119.48431,39.56661]},"properties":{"Fire_Name":"TRACY CLRK","Acres":230,"Cause":"Natural","Year":1984}},{"type":"Feature","geometry":{"type":"Point","coordinates":[-119.30101,39.43321]},"properties":{"Fire_Name":"RADAR HILL","Acres":1,"Cause":"Natural","Year":1984}},{"type":"Feature","geometry":{"type":"Point","coordinates":[-119.56771,39.91661]},"properties":{"Fire_Name":"BIA 5","Acres":300,"Cause":"Natural","Year":1984}},{"type":"Feature","geometry":{"type":"Point","coordinates":[-119.66771,39.23321]},"properties":{"Fire_Name":"LENIHAN","Acres":25,"Cause":"Human","Year":1984}},{"type":"Feature","geometry":{"type":"Point","coordinates":[-119.33431,39.73321]},"properties":{"Fire_Name":"BIA 8","Acres":5,"Cause":"Natural","Year":1984}},{"type":"Feature","geometry":{"type":"Point","coordinates":[-119.75101,39.56661]},"properties":{"Fire_Name":"WEDEKIND","Acres":5,"Cause":"Human","Year":1984}},{"type":"Feature","geometry":{"type":"Point","coordinates":[-119.30101,39.64991]},"properties":{"Fire_Name":"BIA 10","Acres":1,"Cause":"Human","Year":1984}},{"type":"Feature","geometry":{"type":"Point","coordinates":[-119.86771,39.54991]},"properties":{"Fire_Name":"MCQUEEN","Acres":125,"Cause":"Human","Year":1984}},{"type":"Feature","geometry":{"type":"Point","coordinates":[-119.96771,39.98321]},"properties":{"Fire_Name":"FORT SAGE","Acres":2,"Cause":"Natural","Year":1984}},{"type":"Feature","geometry":{"type":"Point","coordinates":[-119.78431,39.11661]},"properties":{"Fire_Name":"VOLTAIRE","Acres":580,"Cause":"Natural","Year":1984}},{"type":"Feature","geometry":{"type":"Point","coordinates":[-119.98441,39.73321]},"properties":{"Fire_Name":"PETERSON","Acres":103,"Cause":"Natural","Year":1984}},{"type":"Feature","geometry":{"type":"Point","coordinates":[-119.91771,39.86661]},"properties":{"Fire_Name":"BFDELL 3","Acres":4800,"Cause":"Natural","Year":1984}},{"type":"Feature","geometry":{"type":"Point","coordinates":[-119.71771,39.39991]},"properties":{"Fire_Name":"GEIGER 2","Acres":2,"Cause":"Human","Year":1984}},{"type":"Feature","geometry":{"type":"Point","coordinates":[-119.68431,38.91661]},"properties":{"Fire_Name":"HELMAN","Acres":2,"Cause":"Human","Year":1984}},{"type":"Feature","geometry":{"type":"Point","coordinates":[-119.83441,39.81661]},"properties":{"Fire_Name":"FREDS MT 2","Acres":9166,"Cause":"Natural","Year":1984}},{"type":"Feature","geometry":{"type":"Point","coordinates":[-119.25101,39.21661]},"properties":{"Fire_Name":"WABUSKA 2","Acres":8,"Cause":"Natural","Year":1984}},{"type":"Feature","geometry":{"type":"Point","coordinates":[-119.76771,40.21661]},"properties":{"Fire_Name":"BIA 14","Acres":60,"Cause":"Natural","Year":1984}},{"type":"Feature","geometry":{"type":"Point","coordinates":[-119.46771,39.29991]},"properties":{"Fire_Name":"DAYTON","Acres":85,"Cause":"Natural","Year":1984}},{"type":"Feature","geometry":{"type":"Point","coordinates":[-119.70101,40.06661]},"properties":{"Fire_Name":"BIA 13","Acres":15,"Cause":"Natural","Year":1984}},{"type":"Feature","geometry":{"type":"Point","coordinates":[-119.78441,40.19991]},"properties":{"Fire_Name":"NAT OUT 3","Acres":20,"Cause":"Natural","Year":1984}},{"type":"Feature","geometry":{"type":"Point","coordinates":[-119.60101,39.54991]},"properties":{"Fire_Name":"PATRICK 2","Acres":90,"Cause":"Natural","Year":1984}},{"type":"Feature","geometry":{"type":"Point","coordinates":[-119.63431,38.86661]},"properties":{"Fire_Name":"BIA 15","Acres":5,"Cause":"Natural","Year":1984}},{"type":"Feature","geometry":{"type":"Point","coordinates":[-120.03441,39.73321]},"properties":{"Fire_Name":"HAL JNT 3","Acres":8,"Cause":"Natural","Year":1984}},{"type":"Feature","geometry":{"type":"Point","coordinates":[-119.71771,39.04991]},"properties":{"Fire_Name":"HOT SPR MT","Acres":3,"Cause":"Natural","Year":1984}},{"type":"Feature","geometry":{"type":"Point","coordinates":[-119.56771,39.78321]},"properties":{"Fire_Name":"WHISKEY SP","Acres":5,"Cause":"Human","Year":1984}},{"type":"Feature","geometry":{"type":"Point","coordinates":[-119.68441,40.03321]},"properties":{"Fire_Name":"BIA 16","Acres":250,"Cause":"Natural","Year":1984}},{"type":"Feature","geometry":{"type":"Point","coordinates":[-120.06771,39.81661]},"properties":{"Fire_Name":"HAL JNCT 4","Acres":75,"Cause":"Natural","Year":1984}},{"type":"Feature","geometry":{"type":"Point","coordinates":[-119.61771,39.73321]},"properties":{"Fire_Name":"CURNOW SPR","Acres":40,"Cause":"Natural","Year":1984}},{"type":"Feature","geometry":{"type":"Point","coordinates":[-119.35101,39.74991]},"properties":{"Fire_Name":"NAT OUT 4","Acres":5,"Cause":"Natural","Year":1984}},{"type":"Feature","geometry":{"type":"Point","coordinates":[-120.08441,39.76661]},"properties":{"Fire_Name":"BECKWOURTH","Acres":181,"Cause":"Natural","Year":1984}},{"type":"Feature","geometry":{"type":"Point","coordinates":[-119.80101,39.38321]},"properties":{"Fire_Name":"GALENA","Acres":22,"Cause":"Natural","Year":1984}},{"type":"Feature","geometry":{"type":"Point","coordinates":[-119.86771,39.86661]},"properties":{"Fire_Name":"BEDELL 4","Acres":40,"Cause":"Human","Year":1984}},{"type":"Feature","geometry":{"type":"Point","coordinates":[-119.75101,39.28321]},"properties":{"Fire_Name":"JUMBO","Acres":37,"Cause":"Human","Year":1984}},{"type":"Feature","geometry":{"type":"Point","coordinates":[-119.76771,40.18321]},"properties":{"Fire_Name":"ASTOR PASS","Acres":10,"Cause":"Human","Year":1984}},{"type":"Feature","geometry":{"type":"Point","coordinates":[-119.63441,39.74991]},"properties":{"Fire_Name":"PALOMINO 5","Acres":150,"Cause":"Human","Year":1984}},{"type":"Feature","geometry":{"type":"Point","coordinates":[-119.83441,39.78321]},"properties":{"Fire_Name":"FREDS MT 3","Acres":25,"Cause":"Human","Year":1984}},{"type":"Feature","geometry":{"type":"Point","coordinates":[-119.13431,38.89991]},"properties":{"Fire_Name":"YERRINGTON","Acres":85,"Cause":"Human","Year":1984}},{"type":"Feature","geometry":{"type":"Point","coordinates":[-119.56771,39.54991]},"properties":{"Fire_Name":"PARTICK 3","Acres":75,"Cause":"Human","Year":1984}},{"type":"Feature","geometry":{"type":"Point","coordinates":[-119.58441,39.86661]},"properties":{"Fire_Name":"QUAIL CYN","Acres":1,"Cause":"Human","Year":1984}},{"type":"Feature","geometry":{"type":"Point","coordinates":[-119.78441,39.83321]},"properties":{"Fire_Name":"BEDELL 5","Acres":1,"Cause":"Human","Year":1984}},{"type":"Feature","geometry":{"type":"Point","coordinates":[-119.78441,39.83321]},"properties":{"Fire_Name":"BEDELL 7","Acres":4,"Cause":"Human","Year":1984}},{"type":"Feature","geometry":{"type":"Point","coordinates":[-119.60101,39.93321]},"properties":{"Fire_Name":"BIA 17","Acres":70,"Cause":"Human","Year":1984}},{"type":"Feature","geometry":{"type":"Point","coordinates":[-119.78441,39.68321]},"properties":{"Fire_Name":"HNGRY VA 2","Acres":20,"Cause":"Human","Year":1984}},{"type":"Feature","geometry":{"type":"Point","coordinates":[-119.58441,39.84991]},"properties":{"Fire_Name":"QUAIL","Acres":270,"Cause":"Human","Year":1984}},{"type":"Feature","geometry":{"type":"Point","coordinates":[-119.80101,39.76661]},"properties":{"Fire_Name":"ANTELOPEVA","Acres":25,"Cause":"Human","Year":1984}},{"type":"Feature","geometry":{"type":"Point","coordinates":[-119.78441,39.33321]},"properties":{"Fire_Name":"PLEASANT V","Acres":610,"Cause":"Natural","Year":1984}},{"type":"Feature","geometry":{"type":"Point","coordinates":[-119.75101,39.14991]},"properties":{"Fire_Name":"SHADY OAK","Acres":4,"Cause":"Human","Year":1984}},{"type":"Feature","geometry":{"type":"Point","coordinates":[-120.05101,39.81661]},"properties":{"Fire_Name":"HAL JCT 6","Acres":930,"Cause":"Natural","Year":1984}},{"type":"Feature","geometry":{"type":"Point","coordinates":[-119.45101,39.01661]},"properties":{"Fire_Name":"MT COMO","Acres":110,"Cause":"Natural","Year":1984}},{"type":"Feature","geometry":{"type":"Point","coordinates":[-119.75101,39.38321]},"properties":{"Fire_Name":"TOLL RD","Acres":1,"Cause":"Human","Year":1984}},{"type":"Feature","geometry":{"type":"Point","coordinates":[-119.78441,39.76661]},"properties":{"Fire_Name":"HUNGRY MT","Acres":228,"Cause":"Natural","Year":1984}},{"type":"Feature","geometry":{"type":"Point","coordinates":[-119.55101,39.71661]},"properties":{"Fire_Name":"HOME RANCH","Acres":3,"Cause":"Natural","Year":1984}},{"type":"Feature","geometry":{"type":"Point","coordinates":[-119.63431,39.26661]},"properties":{"Fire_Name":"SILVERCITY","Acres":8,"Cause":"Natural","Year":1984}},{"type":"Feature","geometry":{"type":"Point","coordinates":[-119.71771,39.03321]},"properties":{"Fire_Name":"JOHNSON 5","Acres":2,"Cause":"Human","Year":1984}},{"type":"Feature","geometry":{"type":"Point","coordinates":[-119.75101,39.29991]},"properties":{"Fire_Name":"JUMBO 2","Acres":1,"Cause":"Natural","Year":1984}},{"type":"Feature","geometry":{"type":"Point","coordinates":[-119.73431,39.29991]},"properties":{"Fire_Name":"JUMBO 3","Acres":2,"Cause":"Natural","Year":1984}},{"type":"Feature","geometry":{"type":"Point","coordinates":[-119.73441,39.94991]},"properties":{"Fire_Name":"TULE PK","Acres":30,"Cause":"Natural","Year":1984}},{"type":"Feature","geometry":{"type":"Point","coordinates":[-119.58431,39.73321]},"properties":{"Fire_Name":"WILCOX 2","Acres":3,"Cause":"Human","Year":1984}},{"type":"Feature","geometry":{"type":"Point","coordinates":[-119.68441,39.56661]},"properties":{"Fire_Name":"CANOE HILL","Acres":30,"Cause":"Human","Year":1984}},{"type":"Feature","geometry":{"type":"Point","coordinates":[-119.45101,39.73321]},"properties":{"Fire_Name":"JONES CYN","Acres":105,"Cause":"Human","Year":1984}},{"type":"Feature","geometry":{"type":"Point","coordinates":[-119.18431,39.14991]},"properties":{"Fire_Name":"STAND FLAG","Acres":5,"Cause":"Human","Year":1985}},{"type":"Feature","geometry":{"type":"Point","coordinates":[-120.00101,39.89991]},"properties":{"Fire_Name":"RED RCK RD","Acres":295,"Cause":"Human","Year":1985}},{"type":"Feature","geometry":{"type":"Point","coordinates":[-119.75101,39.59991]},"properties":{"Fire_Name":"SPANISH S4","Acres":15,"Cause":"Human","Year":1985}},{"type":"Feature","geometry":{"type":"Point","coordinates":[-119.36771,39.29991]},"properties":{"Fire_Name":"HODGES","Acres":20,"Cause":"Human","Year":1985}},{"type":"Feature","geometry":{"type":"Point","coordinates":[-119.78441,39.31661]},"properties":{"Fire_Name":"BRENDA WAY","Acres":1,"Cause":"Human","Year":1985}},{"type":"Feature","geometry":{"type":"Point","coordinates":[-119.28431,39.08321]},"properties":{"Fire_Name":"SINGATSE","Acres":150,"Cause":"Natural","Year":1985}},{"type":"Feature","geometry":{"type":"Point","coordinates":[-119.68431,39.24991]},"properties":{"Fire_Name":"LENIHAN CY","Acres":70,"Cause":"Natural","Year":1985}},{"type":"Feature","geometry":{"type":"Point","coordinates":[-119.98441,39.88321]},"properties":{"Fire_Name":"HARRYS SPR","Acres":5,"Cause":"Natural","Year":1985}},{"type":"Feature","geometry":{"type":"Point","coordinates":[-119.80101,39.84991]},"properties":{"Fire_Name":"BEDEL FLAT","Acres":7300,"Cause":"Natural","Year":1985}},{"type":"Feature","geometry":{"type":"Point","coordinates":[-119.66771,39.19991]},"properties":{"Fire_Name":"SANTIAGO","Acres":3,"Cause":"Human","Year":1985}},{"type":"Feature","geometry":{"type":"Point","coordinates":[-119.75101,39.88321]},"properties":{"Fire_Name":"DOGSKINS 2","Acres":580,"Cause":"Natural","Year":1985}},{"type":"Feature","geometry":{"type":"Point","coordinates":[-120.01771,39.83321]},"properties":{"Fire_Name":"PETERSON","Acres":600,"Cause":"Natural","Year":1985}},{"type":"Feature","geometry":{"type":"Point","coordinates":[-119.66771,40.26661]},"properties":{"Fire_Name":"BIA 13","Acres":30,"Cause":"Natural","Year":1985}},{"type":"Feature","geometry":{"type":"Point","coordinates":[-119.71771,39.18321]},"properties":{"Fire_Name":"EDMONDS 2","Acres":2,"Cause":"Human","Year":1985}},{"type":"Feature","geometry":{"type":"Point","coordinates":[-119.78441,39.61661]},"properties":{"Fire_Name":"SUN VALLEY","Acres":2,"Cause":"Human","Year":1985}},{"type":"Feature","geometry":{"type":"Point","coordinates":[-119.28431,39.63321]},"properties":{"Fire_Name":"BIA 16","Acres":10,"Cause":"Human","Year":1985}},{"type":"Feature","geometry":{"type":"Point","coordinates":[-120.03441,39.88321]},"properties":{"Fire_Name":"W PAC RR 2","Acres":35,"Cause":"Human","Year":1985}},{"type":"Feature","geometry":{"type":"Point","coordinates":[-119.48431,39.58321]},"properties":{"Fire_Name":"TRACY PWPL","Acres":10,"Cause":"Human","Year":1985}},{"type":"Feature","geometry":{"type":"Point","coordinates":[-119.70101,38.93321]},"properties":{"Fire_Name":"FISH SP RD","Acres":1,"Cause":"Human","Year":1985}},{"type":"Feature","geometry":{"type":"Point","coordinates":[-119.70101,39.19991]},"properties":{"Fire_Name":"VIRGNIA RG","Acres":3,"Cause":"Human","Year":1985}},{"type":"Feature","geometry":{"type":"Point","coordinates":[-119.70101,39.16661]},"properties":{"Fire_Name":"DEER RN RD","Acres":1,"Cause":"Human","Year":1985}},{"type":"Feature","geometry":{"type":"Point","coordinates":[-119.68441,39.53321]},"properties":{"Fire_Name":"VISTA","Acres":680,"Cause":"Human","Year":1985}},{"type":"Feature","geometry":{"type":"Point","coordinates":[-120.01771,39.96661]},"properties":{"Fire_Name":"CONSTANTIA","Acres":112,"Cause":"Human","Year":1985}},{"type":"Feature","geometry":{"type":"Point","coordinates":[-119.66771,39.79991]},"properties":{"Fire_Name":"PV CORRAL","Acres":1,"Cause":"Human","Year":1985}},{"type":"Feature","geometry":{"type":"Point","coordinates":[-119.83441,40.11661]},"properties":{"Fire_Name":"FLANIGAN","Acres":0.5,"Cause":"Human","Year":1985}},{"type":"Feature","geometry":{"type":"Point","coordinates":[-119.51771,39.76661]},"properties":{"Fire_Name":"RTHAND CY","Acres":7,"Cause":"Natural","Year":1985}},{"type":"Feature","geometry":{"type":"Point","coordinates":[-119.71771,39.78321]},"properties":{"Fire_Name":"JACK RABIT","Acres":1,"Cause":"Natural","Year":1985}},{"type":"Feature","geometry":{"type":"Point","coordinates":[-119.71771,39.73321]},"properties":{"Fire_Name":"HUNGRY VA","Acres":10,"Cause":"Natural","Year":1985}},{"type":"Feature","geometry":{"type":"Point","coordinates":[-119.36771,39.28321]},"properties":{"Fire_Name":"TABLE MTN","Acres":5,"Cause":"Human","Year":1985}},{"type":"Feature","geometry":{"type":"Point","coordinates":[-119.28431,39.18331]},"properties":{"Fire_Name":"ADRIAN VA","Acres":310,"Cause":"Natural","Year":1985}},{"type":"Feature","geometry":{"type":"Point","coordinates":[-119.35101,39.69991]},"properties":{"Fire_Name":"BIA 2","Acres":10,"Cause":"Natural","Year":1985}},{"type":"Feature","geometry":{"type":"Point","coordinates":[-119.71771,39.16661]},"properties":{"Fire_Name":"NEW EMPIRE","Acres":1,"Cause":"Human","Year":1985}},{"type":"Feature","geometry":{"type":"Point","coordinates":[-119.58441,39.89991]},"properties":{"Fire_Name":"BIA 4","Acres":956,"Cause":"Human","Year":1985}},{"type":"Feature","geometry":{"type":"Point","coordinates":[-119.75101,39.28321]},"properties":{"Fire_Name":"GANDER RD","Acres":3,"Cause":"Human","Year":1985}},{"type":"Feature","geometry":{"type":"Point","coordinates":[-120.05101,39.88321]},"properties":{"Fire_Name":"W PAC RR","Acres":2,"Cause":"Human","Year":1985}},{"type":"Feature","geometry":{"type":"Point","coordinates":[-119.55101,39.73321]},"properties":{"Fire_Name":"HOME RNCH","Acres":3,"Cause":"Natural","Year":1985}},{"type":"Feature","geometry":{"type":"Point","coordinates":[-119.71771,39.06661]},"properties":{"Fire_Name":"HOT SPR MT","Acres":10,"Cause":"Natural","Year":1985}},{"type":"Feature","geometry":{"type":"Point","coordinates":[-119.45101,39.66661]},"properties":{"Fire_Name":"OLINGHOUSE","Acres":15,"Cause":"Natural","Year":1985}},{"type":"Feature","geometry":{"type":"Point","coordinates":[-119.73441,39.73321]},"properties":{"Fire_Name":"HUNGRY VA2","Acres":60,"Cause":"Natural","Year":1985}},{"type":"Feature","geometry":{"type":"Point","coordinates":[-119.53431,38.98321]},"properties":{"Fire_Name":"SMITH RCH2","Acres":8,"Cause":"Natural","Year":1985}},{"type":"Feature","geometry":{"type":"Point","coordinates":[-119.81771,40.28321]},"properties":{"Fire_Name":"BIA 6","Acres":12000,"Cause":"Human","Year":1985}},{"type":"Feature","geometry":{"type":"Point","coordinates":[-119.71771,39.36661]},"properties":{"Fire_Name":"TOLL RD","Acres":50,"Cause":"Human","Year":1985}},{"type":"Feature","geometry":{"type":"Point","coordinates":[-119.78441,39.64991]},"properties":{"Fire_Name":"SPANISH S3","Acres":100,"Cause":"Human","Year":1985}},{"type":"Feature","geometry":{"type":"Point","coordinates":[-119.31771,39.38321]},"properties":{"Fire_Name":"CHURCHILL","Acres":7,"Cause":"Human","Year":1985}},{"type":"Feature","geometry":{"type":"Point","coordinates":[-119.90101,39.79991]},"properties":{"Fire_Name":"BIRD SPR","Acres":0.5,"Cause":"Human","Year":1985}},{"type":"Feature","geometry":{"type":"Point","coordinates":[-120.02771,39.70491]},"properties":{"Fire_Name":"MEDIAN","Acres":2,"Cause":"Human","Year":1983}},{"type":"Feature","geometry":{"type":"Point","coordinates":[-120.00941,39.68991]},"properties":{"Fire_Name":"BORDER","Acres":1,"Cause":"Human","Year":1983}},{"type":"Feature","geometry":{"type":"Point","coordinates":[-120.03441,40.03321]},"properties":{"Fire_Name":"FORT","Acres":450,"Cause":"Natural","Year":1983}},{"type":"Feature","geometry":{"type":"Point","coordinates":[-120.06771,40.03321]},"properties":{"Fire_Name":"DOYLE","Acres":110,"Cause":"Natural","Year":1983}},{"type":"Feature","geometry":{"type":"Point","coordinates":[-120.00941,39.70491]},"properties":{"Fire_Name":"PETERSON","Acres":3,"Cause":"Natural","Year":1983}},{"type":"Feature","geometry":{"type":"Point","coordinates":[-120.10101,40.01661]},"properties":{"Fire_Name":"GRASSY","Acres":1,"Cause":"Human","Year":1983}},{"type":"Feature","geometry":{"type":"Point","coordinates":[-119.88441,40.28321]},"properties":{"Fire_Name":"DRY VALLEY","Acres":9200,"Cause":"Natural","Year":1984}},{"type":"Feature","geometry":{"type":"Point","coordinates":[-120.00941,39.79161]},"properties":{"Fire_Name":"BORDERTOWN","Acres":4,"Cause":"Natural","Year":1984}},{"type":"Feature","geometry":{"type":"Point","coordinates":[-120.10101,40.03321]},"properties":{"Fire_Name":"BIG SPRING","Acres":9380,"Cause":"Natural","Year":1984}},{"type":"Feature","geometry":{"type":"Point","coordinates":[-120.02771,39.99161]},"properties":{"Fire_Name":"PETERSON 2","Acres":8,"Cause":"Natural","Year":1984}},{"type":"Feature","geometry":{"type":"Point","coordinates":[-119.85101,40.23321]},"properties":{"Fire_Name":"N FLANIGAN","Acres":40,"Cause":"Natural","Year":1984}},{"type":"Feature","geometry":{"type":"Point","coordinates":[-119.88441,40.24991]},"properties":{"Fire_Name":"DRY VALLEY","Acres":14240,"Cause":"Natural","Year":1985}},{"type":"Feature","geometry":{"type":"Point","coordinates":[-120.05101,40.28321]},"properties":{"Fire_Name":"DEMO","Acres":7,"Cause":"Human","Year":1985}},{"type":"Feature","geometry":{"type":"Point","coordinates":[-120.01771,40.24991]},"properties":{"Fire_Name":"WARD","Acres":3,"Cause":"Human","Year":1985}},{"type":"Feature","geometry":{"type":"Point","coordinates":[-120.10101,40.03321]},"properties":{"Fire_Name":"MP365","Acres":0.5,"Cause":"Human","Year":1986}},{"type":"Feature","geometry":{"type":"Point","coordinates":[-120.06771,40.09991]},"properties":{"Fire_Name":"CREEK","Acres":1,"Cause":"Natural","Year":1986}},{"type":"Feature","geometry":{"type":"Point","coordinates":[-120.01771,39.96661]},"properties":{"Fire_Name":"JEEP","Acres":0.3,"Cause":"Natural","Year":1986}},{"type":"Feature","geometry":{"type":"Point","coordinates":[-120.00941,39.97821]},"properties":{"Fire_Name":"FORT","Acres":0.3,"Cause":"Natural","Year":1986}},{"type":"Feature","geometry":{"type":"Point","coordinates":[-120.05101,40.08321]},"properties":{"Fire_Name":"DRY VALLEY","Acres":1,"Cause":"Natural","Year":1986}},{"type":"Feature","geometry":{"type":"Point","coordinates":[-120.01771,39.93321]},"properties":{"Fire_Name":"NATURALOUT","Acres":0.2,"Cause":"Natural","Year":1986}},{"type":"Feature","geometry":{"type":"Point","coordinates":[-120.05101,40.28321]},"properties":{"Fire_Name":"DEMO","Acres":3,"Cause":"Human","Year":1986}},{"type":"Feature","geometry":{"type":"Point","coordinates":[-120.05101,40.28321]},"properties":{"Fire_Name":"DEMO","Acres":7,"Cause":"Natural","Year":1987}},{"type":"Feature","geometry":{"type":"Point","coordinates":[-120.08441,40.01661]},"properties":{"Fire_Name":"DRY","Acres":0.3,"Cause":"Natural","Year":1987}},{"type":"Feature","geometry":{"type":"Point","coordinates":[-120.08441,40.04991]},"properties":{"Fire_Name":"INDIAN 1","Acres":0.3,"Cause":"Natural","Year":1987}},{"type":"Feature","geometry":{"type":"Point","coordinates":[-120.05101,40.03321]},"properties":{"Fire_Name":"TEN","Acres":0.3,"Cause":"Natural","Year":1987}},{"type":"Feature","geometry":{"type":"Point","coordinates":[-120.08441,40.03321]},"properties":{"Fire_Name":"NINE","Acres":0.3,"Cause":"Natural","Year":1987}},{"type":"Feature","geometry":{"type":"Point","coordinates":[-120.08441,40.03321]},"properties":{"Fire_Name":"FORK","Acres":0.3,"Cause":"Natural","Year":1987}},{"type":"Feature","geometry":{"type":"Point","coordinates":[-120.08441,40.01661]},"properties":{"Fire_Name":"SAND HILL","Acres":0.3,"Cause":"Natural","Year":1987}},{"type":"Feature","geometry":{"type":"Point","coordinates":[-120.08441,40.08321]},"properties":{"Fire_Name":"FT SAGE","Acres":0.3,"Cause":"Natural","Year":1987}},{"type":"Feature","geometry":{"type":"Point","coordinates":[-120.06771,39.96661]},"properties":{"Fire_Name":"MP 359","Acres":1.5,"Cause":"Human","Year":1987}},{"type":"Feature","geometry":{"type":"Point","coordinates":[-120.05101,40.28321]},"properties":{"Fire_Name":"DEMO","Acres":2,"Cause":"Human","Year":1988}},{"type":"Feature","geometry":{"type":"Point","coordinates":[-120.01771,40.24991]},"properties":{"Fire_Name":"STACY","Acres":0.1,"Cause":"Human","Year":1988}},{"type":"Feature","geometry":{"type":"Point","coordinates":[-120.03441,40.01661]},"properties":{"Fire_Name":"FORT SAGE","Acres":0.1,"Cause":"Natural","Year":1988}},{"type":"Feature","geometry":{"type":"Point","coordinates":[-120.01771,39.99991]},"properties":{"Fire_Name":"FORT SAGE","Acres":20,"Cause":"Human","Year":1990}},{"type":"Feature","geometry":{"type":"Point","coordinates":[-120.06771,40.29991]},"properties":{"Fire_Name":"HERLONG","Acres":21,"Cause":"Human","Year":1990}},{"type":"Feature","geometry":{"type":"Point","coordinates":[-120.06771,40.29991]},"properties":{"Fire_Name":"DEMO","Acres":10,"Cause":"Human","Year":1990}},{"type":"Feature","geometry":{"type":"Point","coordinates":[-120.05101,40.29991]},"properties":{"Fire_Name":"SPENCER","Acres":3,"Cause":"Human","Year":1990}},{"type":"Feature","geometry":{"type":"Point","coordinates":[-119.16771,39.86661]},"properties":{"Fire_Name":"POWER","Acres":200,"Cause":"Human","Year":1981}},{"type":"Feature","geometry":{"type":"Point","coordinates":[-119.36771,40.28321]},"properties":{"Fire_Name":"JAYHAWKCIR","Acres":150,"Cause":"Natural","Year":1985}},{"type":"Feature","geometry":{"type":"Point","coordinates":[-119.30101,40.31661]},"properties":{"Fire_Name":"LUXONPK","Acres":100,"Cause":"Natural","Year":1985}},{"type":"Feature","geometry":{"type":"Point","coordinates":[-119.30101,39.84991]},"properties":{"Fire_Name":"NIXON","Acres":1600,"Cause":"Natural","Year":1985}},{"type":"Feature","geometry":{"type":"Point","coordinates":[-119.66266,39.07314]},"properties":{"Fire_Name":"Hot Springs Mountain","Acres":0.1,"Cause":"Natural","Year":2023}},{"type":"Feature","geometry":{"type":"Point","coordinates":[-119.73399,39.79534]},"properties":{"Fire_Name":"Jack Rabbit","Acres":0.1,"Cause":"Natural","Year":2023}},{"type":"Feature","geometry":{"type":"Point","coordinates":[-119.74266,39.22598]},"properties":{"Fire_Name":"Goni","Acres":0.1,"Cause":"Natural","Year":2023}},{"type":"Feature","geometry":{"type":"Point","coordinates":[-119.75878,39.80739]},"properties":{"Fire_Name":"Warm Springs","Acres":0.1,"Cause":"Natural","Year":2023}},{"type":"Feature","geometry":{"type":"Point","coordinates":[-119.44636,38.85984]},"properties":{"Fire_Name":"Red Canyon","Acres":4,"Cause":"Natural","Year":2023}},{"type":"Feature","geometry":{"type":"Point","coordinates":[-119.64056,39.24093]},"properties":{"Fire_Name":"American Flat","Acres":0.1,"Cause":"Natural","Year":2023}},{"type":"Feature","geometry":{"type":"Point","coordinates":[-119.50389,39.22929]},"properties":{"Fire_Name":"Rancho","Acres":0.1,"Cause":"Natural","Year":2023}},{"type":"Feature","geometry":{"type":"Point","coordinates":[-120.03183,39.95581]},"properties":{"Fire_Name":"Haystack","Acres":0.25,"Cause":"Natural","Year":2023}},{"type":"Feature","geometry":{"type":"Point","coordinates":[-120.03924,39.78234]},"properties":{"Fire_Name":"Hallelujah","Acres":0.1,"Cause":"Natural","Year":2023}},{"type":"Feature","geometry":{"type":"Point","coordinates":[-119.65114,39.25557]},"properties":{"Fire_Name":"American Ravine","Acres":0.1,"Cause":"Natural","Year":2023}},{"type":"Feature","geometry":{"type":"Point","coordinates":[-120.00698,39.61811]},"properties":{"Fire_Name":"Mitchell","Acres":0.1,"Cause":"Natural","Year":2023}},{"type":"Feature","geometry":{"type":"Point","coordinates":[-119.42626,39.67164]},"properties":{"Fire_Name":"Ollinghouse","Acres":0.1,"Cause":"Natural","Year":2023}},{"type":"Feature","geometry":{"type":"Point","coordinates":[-119.60628,39.42406]},"properties":{"Fire_Name":"Shawnee","Acres":0.1,"Cause":"Natural","Year":2023}},{"type":"Feature","geometry":{"type":"Point","coordinates":[-119.45073,39.41986]},"properties":{"Fire_Name":"Blackhawk Rd","Acres":0.1,"Cause":"Natural","Year":2023}},{"type":"Feature","geometry":{"type":"Point","coordinates":[-119.55031,39.5225]},"properties":{"Fire_Name":"Clark Mtn","Acres":0.1,"Cause":"Natural","Year":2023}},{"type":"Feature","geometry":{"type":"Point","coordinates":[-119.61511,39.99251]},"properties":{"Fire_Name":"Pelican","Acres":0.1,"Cause":"Natural","Year":2023}},{"type":"Feature","geometry":{"type":"Point","coordinates":[-119.92099,39.62739]},"properties":{"Fire_Name":"Red Rock","Acres":0.1,"Cause":"Natural","Year":2023}},{"type":"Feature","geometry":{"type":"Point","coordinates":[-119.61433,39.97252]},"properties":{"Fire_Name":"Separator","Acres":0.1,"Cause":"Natural","Year":2023}},{"type":"Feature","geometry":{"type":"Point","coordinates":[-119.80533,38.79723]},"properties":{"Fire_Name":"Mesa","Acres":0.1,"Cause":"Natural","Year":2023}},{"type":"Feature","geometry":{"type":"Point","coordinates":[-120.03873,39.54838]},"properties":{"Fire_Name":"Dog bon fire","Acres":0.1,"Cause":"Undetermined","Year":2023}},{"type":"Feature","geometry":{"type":"Point","coordinates":[-119.85964,39.54993]},"properties":{"Fire_Name":"Leadership Parkway","Acres":0.1,"Cause":"Undetermined","Year":2023}},{"type":"Feature","geometry":{"type":"Point","coordinates":[-119.98853,39.59301]},"properties":{"Fire_Name":"Peavine Peak","Acres":8.3,"Cause":"Undetermined","Year":2023}},{"type":"Feature","geometry":{"type":"Point","coordinates":[-119.82698,38.86175]},"properties":{"Fire_Name":"Fay","Acres":0.01,"Cause":"Undetermined","Year":2023}},{"type":"Feature","geometry":{"type":"Point","coordinates":[-119.92063,39.62702]},"properties":{"Fire_Name":"SilverLake","Acres":0.1,"Cause":"Undetermined","Year":2023}},{"type":"Feature","geometry":{"type":"Point","coordinates":[-119.94874,39.71609]},"properties":{"Fire_Name":"Goldstone","Acres":0.1,"Cause":"Undetermined","Year":2023}},{"type":"Feature","geometry":{"type":"Point","coordinates":[-119.68984,39.56761]},"properties":{"Fire_Name":"Culpepper","Acres":12.6,"Cause":"Undetermined","Year":2023}},{"type":"Feature","geometry":{"type":"Point","coordinates":[-119.6492,39.92158]},"properties":{"Fire_Name":"West Pyramid","Acres":0.01,"Cause":"Undetermined","Year":2023}},{"type":"Feature","geometry":{"type":"Point","coordinates":[-119.67203,39.72601]},"properties":{"Fire_Name":"Axe Handle","Acres":0.1,"Cause":"Undetermined","Year":2023}},{"type":"Feature","geometry":{"type":"Point","coordinates":[-119.85185,39.36016]},"properties":{"Fire_Name":"Joy Lake","Acres":0.1,"Cause":"Undetermined","Year":2023}},{"type":"Feature","geometry":{"type":"Point","coordinates":[-119.95119,39.64001]},"properties":{"Fire_Name":"White Lake","Acres":1,"Cause":"Undetermined","Year":2023}},{"type":"Feature","geometry":{"type":"Point","coordinates":[-119.62963,40.0088]},"properties":{"Fire_Name":"Spider Point","Acres":0.1,"Cause":"Human","Year":2023}},{"type":"Feature","geometry":{"type":"Point","coordinates":[-119.47003,39.85403]},"properties":{"Fire_Name":"Anderson","Acres":0.5,"Cause":"Human","Year":2023}},{"type":"Feature","geometry":{"type":"Point","coordinates":[-119.83783,39.28701]},"properties":{"Fire_Name":"Mansion","Acres":0.1,"Cause":"Human","Year":2023}},{"type":"Feature","geometry":{"type":"Point","coordinates":[-119.54169,39.91398]},"properties":{"Fire_Name":"Tamaracks","Acres":0.1,"Cause":"Human","Year":2023}},{"type":"Feature","geometry":{"type":"Point","coordinates":[-119.49261,39.87533]},"properties":{"Fire_Name":"Blockhouse","Acres":0.1,"Cause":"Human","Year":2023}},{"type":"Feature","geometry":{"type":"Point","coordinates":[-119.49269,39.87551]},"properties":{"Fire_Name":"Blockhouse2","Acres":0.1,"Cause":"Human","Year":2023}},{"type":"Feature","geometry":{"type":"Point","coordinates":[-119.49136,39.87368]},"properties":{"Fire_Name":"Blockhouse 3","Acres":0.1,"Cause":"Human","Year":2023}},{"type":"Feature","geometry":{"type":"Point","coordinates":[-119.56666,39.91073]},"properties":{"Fire_Name":"Overlook","Acres":0.1,"Cause":"Human","Year":2023}},{"type":"Feature","geometry":{"type":"Point","coordinates":[-119.61524,39.97484]},"properties":{"Fire_Name":"Separator 1","Acres":0.1,"Cause":"Human","Year":2023}},{"type":"Feature","geometry":{"type":"Point","coordinates":[-119.61519,39.97284]},"properties":{"Fire_Name":"Seperator 2","Acres":0.1,"Cause":"Human","Year":2023}},{"type":"Feature","geometry":{"type":"Point","coordinates":[-119.79643,39.63703]},"properties":{"Fire_Name":"Razor","Acres":0.25,"Cause":"Human","Year":2023}},{"type":"Feature","geometry":{"type":"Point","coordinates":[-120.03394,39.81426]},"properties":{"Fire_Name":"Hallelujah 2","Acres":3.2,"Cause":"Human","Year":2023}},{"type":"Feature","geometry":{"type":"Point","coordinates":[-119.69556,39.03318]},"properties":{"Fire_Name":"Johnson","Acres":0.1,"Cause":"Human","Year":2023}},{"type":"Feature","geometry":{"type":"Point","coordinates":[-119.69573,39.04421]},"properties":{"Fire_Name":"Johnson 2","Acres":0.1,"Cause":"Human","Year":2023}},{"type":"Feature","geometry":{"type":"Point","coordinates":[-119.92119,39.62708]},"properties":{"Fire_Name":"Moya","Acres":0.1,"Cause":"Human","Year":2023}},{"type":"Feature","geometry":{"type":"Point","coordinates":[-120.09466,39.78979]},"properties":{"Fire_Name":"Pass","Acres":0.1,"Cause":"Human","Year":2023}},{"type":"Feature","geometry":{"type":"Point","coordinates":[-119.64592,38.85346]},"properties":{"Fire_Name":"Courtland","Acres":0.25,"Cause":"Human","Year":2023}},{"type":"Feature","geometry":{"type":"Point","coordinates":[-119.49698,39.87659]},"properties":{"Fire_Name":"Rawhide","Acres":0.1,"Cause":"Human","Year":2023}},{"type":"Feature","geometry":{"type":"Point","coordinates":[-119.74044,39.28251]},"properties":{"Fire_Name":"Jumbo Grade","Acres":0.1,"Cause":"Human","Year":2023}},{"type":"Feature","geometry":{"type":"Point","coordinates":[-119.75348,39.82918]},"properties":{"Fire_Name":"Moon Rock","Acres":0.1,"Cause":"Human","Year":2023}},{"type":"Feature","geometry":{"type":"Point","coordinates":[-119.58988,39.05791]},"properties":{"Fire_Name":"Sunrise Pass Rd","Acres":0.1,"Cause":"Human","Year":2023}},{"type":"Feature","geometry":{"type":"Point","coordinates":[-119.88781,39.55326]},"properties":{"Fire_Name":"Diamond","Acres":1,"Cause":"Human","Year":2023}},{"type":"Feature","geometry":{"type":"Point","coordinates":[-119.92724,39.32756]},"properties":{"Fire_Name":"Rose","Acres":0.1,"Cause":"Human","Year":2023}},{"type":"Feature","geometry":{"type":"Point","coordinates":[-119.80931,38.79914]},"properties":{"Fire_Name":"Woodfords","Acres":0.1,"Cause":"Human","Year":2023}},{"type":"Feature","geometry":{"type":"Point","coordinates":[-120.00736,39.51983]},"properties":{"Fire_Name":"Hill","Acres":52.5,"Cause":"Human","Year":2023}},{"type":"Feature","geometry":{"type":"Point","coordinates":[-119.85989,39.30652]},"properties":{"Fire_Name":"Slide","Acres":2,"Cause":"Human","Year":2023}},{"type":"Feature","geometry":{"type":"Point","coordinates":[-119.68039,39.54506]},"properties":{"Fire_Name":"S Hill","Acres":80,"Cause":"Human","Year":2023}},{"type":"Feature","geometry":{"type":"Point","coordinates":[-119.63283,39.74943]},"properties":{"Fire_Name":"Morgan","Acres":2.8,"Cause":"Human","Year":2023}},{"type":"Feature","geometry":{"type":"Point","coordinates":[-119.86136,39.60368]},"properties":{"Fire_Name":"Seneca","Acres":3,"Cause":"Human","Year":2023}},{"type":"Feature","geometry":{"type":"Point","coordinates":[-119.34431,39.59998]},"properties":{"Fire_Name":"Painted Rock","Acres":0.25,"Cause":"Human","Year":2023}},{"type":"Feature","geometry":{"type":"Point","coordinates":[-119.52386,39.49229]},"properties":{"Fire_Name":"Clark","Acres":0.1,"Cause":"Natural","Year":2024}},{"type":"Feature","geometry":{"type":"Point","coordinates":[-119.66569,39.58909]},"properties":{"Fire_Name":"Pah Rah","Acres":0.18,"Cause":"Human","Year":2024}},{"type":"Feature","geometry":{"type":"Point","coordinates":[-119.56908,38.94439]},"properties":{"Fire_Name":"Fish Springs","Acres":0.1,"Cause":"Natural","Year":2024}},{"type":"Feature","geometry":{"type":"Point","coordinates":[-119.79916,39.70764]},"properties":{"Fire_Name":"Eagle","Acres":0.1,"Cause":"Natural","Year":2024}},{"type":"Feature","geometry":{"type":"Point","coordinates":[-119.46673,38.89943]},"properties":{"Fire_Name":"Siegal","Acres":9.1,"Cause":"Natural","Year":2024}},{"type":"Feature","geometry":{"type":"Point","coordinates":[-119.53989,39.53629]},"properties":{"Fire_Name":"Mass","Acres":0.1,"Cause":"Natural","Year":2024}},{"type":"Feature","geometry":{"type":"Point","coordinates":[-119.57573,39.71339]},"properties":{"Fire_Name":"Chancy","Acres":0.1,"Cause":"Natural","Year":2024}},{"type":"Feature","geometry":{"type":"Point","coordinates":[-119.51293,38.97821]},"properties":{"Fire_Name":"Smith","Acres":0.9,"Cause":"Natural","Year":2024}},{"type":"Feature","geometry":{"type":"Point","coordinates":[-119.78793,39.57905]},"properties":{"Fire_Name":"McGuffey","Acres":0.4,"Cause":"Human","Year":2024}},{"type":"Feature","geometry":{"type":"Point","coordinates":[-119.20296,38.95209]},"properties":{"Fire_Name":"McConnell","Acres":0.01,"Cause":"Human","Year":2024}},{"type":"Feature","geometry":{"type":"Point","coordinates":[-119.70686,38.97114]},"properties":{"Fire_Name":"East Valley 2","Acres":0.9,"Cause":"Natural","Year":2024}},{"type":"Feature","geometry":{"type":"Point","coordinates":[-119.76109,39.60726]},"properties":{"Fire_Name":"Klondike","Acres":0.35,"Cause":"Human","Year":2024}},{"type":"Feature","geometry":{"type":"Point","coordinates":[-119.99765,39.49744]},"properties":{"Fire_Name":"Gold Ranch","Acres":657,"Cause":"Human","Year":2024}},{"type":"Feature","geometry":{"type":"Point","coordinates":[-119.61576,39.86113]},"properties":{"Fire_Name":"Silver","Acres":2,"Cause":"Human","Year":2024}},{"type":"Feature","geometry":{"type":"Point","coordinates":[-120.00153,39.90661]},"properties":{"Fire_Name":"Red Rock","Acres":0.26,"Cause":"Human","Year":2024}},{"type":"Feature","geometry":{"type":"Point","coordinates":[-119.78499,39.40422]},"properties":{"Fire_Name":"Arrow Creek","Acres":0.1,"Cause":"Human","Year":2024}},{"type":"Feature","geometry":{"type":"Point","coordinates":[-119.65479,40.04144]},"properties":{"Fire_Name":"Warrior Point","Acres":3.6,"Cause":"Human","Year":2024}},{"type":"Feature","geometry":{"type":"Point","coordinates":[-119.97108,39.73663]},"properties":{"Fire_Name":"Petersons","Acres":52,"Cause":"Human","Year":2024}},{"type":"Feature","geometry":{"type":"Point","coordinates":[-119.66941,39.59501]},"properties":{"Fire_Name":"Ballpark","Acres":0.3,"Cause":"Human","Year":2024}},{"type":"Feature","geometry":{"type":"Point","coordinates":[-119.66488,39.58858]},"properties":{"Fire_Name":"Triple Play","Acres":16.3,"Cause":"Human","Year":2024}},{"type":"Feature","geometry":{"type":"Point","coordinates":[-119.17823,38.89114]},"properties":{"Fire_Name":"Nordyke 2","Acres":4,"Cause":"Human","Year":2024}},{"type":"Feature","geometry":{"type":"Point","coordinates":[-119.62086,39.26001]},"properties":{"Fire_Name":"Six Mile","Acres":0.01,"Cause":"Undetermined","Year":2024}},{"type":"Feature","geometry":{"type":"Point","coordinates":[-119.66453,39.58823]},"properties":{"Fire_Name":"Strike Out","Acres":0.01,"Cause":"Human","Year":2024}},{"type":"Feature","geometry":{"type":"Point","coordinates":[-119.76531,39.22959]},"properties":{"Fire_Name":"Eastlake","Acres":0.1,"Cause":"Natural","Year":2024}},{"type":"Feature","geometry":{"type":"Point","coordinates":[-119.74886,39.64509]},"properties":{"Fire_Name":"School","Acres":5.3,"Cause":"Undetermined","Year":2024}},{"type":"Feature","geometry":{"type":"Point","coordinates":[-119.82753,39.30501]},"properties":{"Fire_Name":"Davis","Acres":5824,"Cause":"Undetermined","Year":2024}},{"type":"Feature","geometry":{"type":"Point","coordinates":[-119.42195,39.5895]},"properties":{"Fire_Name":"Railroad 2","Acres":0.1,"Cause":"Human","Year":2024}},{"type":"Feature","geometry":{"type":"Point","coordinates":[-119.25131,39.31439]},"properties":{"Fire_Name":"Cougar","Acres":0.1,"Cause":"Human","Year":2024}},{"type":"Feature","geometry":{"type":"Point","coordinates":[-119.37086,39.59111]},"properties":{"Fire_Name":"Painted Rock","Acres":0.1,"Cause":"Human","Year":2024}},{"type":"Feature","geometry":{"type":"Point","coordinates":[-119.79224,39.67331]},"properties":{"Fire_Name":"Hungry Valley","Acres":0.1,"Cause":"Natural","Year":2024}},{"type":"Feature","geometry":{"type":"Point","coordinates":[-119.54291,39.77338]},"properties":{"Fire_Name":"Right Hand","Acres":0.5,"Cause":"Human","Year":2024}},{"type":"Feature","geometry":{"type":"Point","coordinates":[-119.66319,39.58884]},"properties":{"Fire_Name":"Double Play","Acres":1.6,"Cause":"Human","Year":2024}},{"type":"Feature","geometry":{"type":"Point","coordinates":[-119.58946,39.93518]},"properties":{"Fire_Name":"Sparkler","Acres":3.9,"Cause":"Human","Year":2024}},{"type":"Feature","geometry":{"type":"Point","coordinates":[-119.66153,38.90721]},"properties":{"Fire_Name":"Pinenut","Acres":0.15,"Cause":"Human","Year":2024}},{"type":"Feature","geometry":{"type":"Point","coordinates":[-120.08006,39.79079]},"properties":{"Fire_Name":"Lama","Acres":0.1,"Cause":"Human","Year":2024}},{"type":"Feature","geometry":{"type":"Point","coordinates":[-120.02453,39.60823]},"properties":{"Fire_Name":"Mitchell","Acres":1.1,"Cause":"Human","Year":2024}},{"type":"Feature","geometry":{"type":"Point","coordinates":[-119.79758,39.6062]},"properties":{"Fire_Name":"Quartz","Acres":0.48,"Cause":"Human","Year":2024}},{"type":"Feature","geometry":{"type":"Point","coordinates":[-119.82245,39.0904]},"properties":{"Fire_Name":"Alpine 2","Acres":2.7,"Cause":"Undetermined","Year":2024}},{"type":"Feature","geometry":{"type":"Point","coordinates":[-119.80662,39.35343]},"properties":{"Fire_Name":"Callahan","Acres":65,"Cause":"Undetermined","Year":2024}},{"type":"Feature","geometry":{"type":"Point","coordinates":[-119.77877,39.62216]},"properties":{"Fire_Name":"Chimney","Acres":0.1,"Cause":"Human","Year":2024}},{"type":"Feature","geometry":{"type":"Point","coordinates":[-119.88476,39.58649]},"properties":{"Fire_Name":"Pond","Acres":0.9,"Cause":"Human","Year":2024}},{"type":"Feature","geometry":{"type":"Point","coordinates":[-119.68604,39.15996]},"properties":{"Fire_Name":"Sedge","Acres":0.1,"Cause":"Human","Year":2024}},{"type":"Feature","geometry":{"type":"Point","coordinates":[-119.59874,39.54001]},"properties":{"Fire_Name":"I-80","Acres":1.5,"Cause":"Human","Year":2024}},{"type":"Feature","geometry":{"type":"Point","coordinates":[-119.66469,39.50983]},"properties":{"Fire_Name":"Lockwood","Acres":0.3,"Cause":"Human","Year":2024}},{"type":"Feature","geometry":{"type":"Point","coordinates":[-119.05154,39.04455]},"properties":{"Fire_Name":"Bybee","Acres":1.7,"Cause":"Human","Year":2024}},{"type":"Feature","geometry":{"type":"Point","coordinates":[-119.68798,38.99406]},"properties":{"Fire_Name":"Eldon","Acres":0.5,"Cause":"Human","Year":2024}},{"type":"Feature","geometry":{"type":"Point","coordinates":[-119.63931,39.99293]},"properties":{"Fire_Name":"Windless","Acres":1.2,"Cause":"Human","Year":2024}},{"type":"Feature","geometry":{"type":"Point","coordinates":[-119.22624,39.53146]},"properties":{"Fire_Name":"Speedway","Acres":0.1,"Cause":"Undetermined","Year":2024}},{"type":"Feature","geometry":{"type":"Point","coordinates":[-119.98953,39.90001]},"properties":{"Fire_Name":"Rodeo","Acres":0.1,"Cause":"Natural","Year":2024}},{"type":"Feature","geometry":{"type":"Point","coordinates":[-120.02403,39.58526]},"properties":{"Fire_Name":"Dawg","Acres":0.6,"Cause":"Natural","Year":2024}},{"type":"Feature","geometry":{"type":"Point","coordinates":[-119.89058,39.73571]},"properties":{"Fire_Name":"Columbia Hills","Acres":0.1,"Cause":"Natural","Year":2024}},{"type":"Feature","geometry":{"type":"Point","coordinates":[-119.61048,38.97713]},"properties":{"Fire_Name":"Stockyard","Acres":0.1,"Cause":"Human","Year":2024}},{"type":"Feature","geometry":{"type":"Point","coordinates":[-119.95744,39.70826]},"properties":{"Fire_Name":"Columbia","Acres":0.16,"Cause":"Human","Year":2024}},{"type":"Feature","geometry":{"type":"Point","coordinates":[-119.68005,38.86857]},"properties":{"Fire_Name":"Rockbottom","Acres":0.9,"Cause":"Human","Year":2024}},{"type":"Feature","geometry":{"type":"Point","coordinates":[-119.54192,39.91361]},"properties":{"Fire_Name":"Pyramid Tamarack","Acres":0.1,"Cause":"Human","Year":2024}},{"type":"Feature","geometry":{"type":"Point","coordinates":[-119.54153,39.91384]},"properties":{"Fire_Name":"Tamarack","Acres":0.1,"Cause":"Human","Year":2024}},{"type":"Feature","geometry":{"type":"Point","coordinates":[-119.90111,39.19618]},"properties":{"Fire_Name":"Herlan Peak","Acres":0.1,"Cause":"Human","Year":2024}},{"type":"Feature","geometry":{"type":"Point","coordinates":[-119.91114,39.62188]},"properties":{"Fire_Name":"Trail","Acres":193,"Cause":"Human","Year":2024}},{"type":"Feature","geometry":{"type":"Point","coordinates":[-119.34071,39.76309]},"properties":{"Fire_Name":"447","Acres":286,"Cause":"Human","Year":2024}},{"type":"Feature","geometry":{"type":"Point","coordinates":[-119.77136,39.56834]},"properties":{"Fire_Name":"Sullivan","Acres":138.5,"Cause":"Human","Year":2024}},{"type":"Feature","geometry":{"type":"Point","coordinates":[-119.04659,38.81179]},"properties":{"Fire_Name":"Wassuk","Acres":4.6,"Cause":"Natural","Year":2024}},{"type":"Feature","geometry":{"type":"Point","coordinates":[-120.02811,39.87881]},"properties":{"Fire_Name":"Peterson","Acres":19.7,"Cause":"Human","Year":2024}},{"type":"Feature","geometry":{"type":"Point","coordinates":[-119.54044,39.91313]},"properties":{"Fire_Name":"Rock","Acres":0.04,"Cause":"Human","Year":2024}},{"type":"Feature","geometry":{"type":"Point","coordinates":[-119.54128,39.91379]},"properties":{"Fire_Name":"Bay","Acres":0.03,"Cause":"Human","Year":2024}},{"type":"Feature","geometry":{"type":"Point","coordinates":[-119.45416,39.84659]},"properties":{"Fire_Name":"Popcorn Rock","Acres":0.9,"Cause":"Human","Year":2024}},{"type":"Feature","geometry":{"type":"Point","coordinates":[-119.98753,39.65384]},"properties":{"Fire_Name":"Northridge","Acres":1.64,"Cause":"Human","Year":2024}},{"type":"Feature","geometry":{"type":"Point","coordinates":[-119.66569,39.58896]},"properties":{"Fire_Name":"Golden","Acres":0.1,"Cause":"Human","Year":2024}},{"type":"Feature","geometry":{"type":"Point","coordinates":[-119.65187,39.7802]},"properties":{"Fire_Name":"Ironwood","Acres":171,"Cause":"Human","Year":2024}},{"type":"Feature","geometry":{"type":"Point","coordinates":[-119.31424,39.29329]},"properties":{"Fire_Name":"Fort Churchill","Acres":0.04,"Cause":"Human","Year":2024}},{"type":"Feature","geometry":{"type":"Point","coordinates":[-119.95586,40.13676]},"properties":{"Fire_Name":"Honey Lake","Acres":0.1,"Cause":"Human","Year":2024}},{"type":"Feature","geometry":{"type":"Point","coordinates":[-119.73808,39.7314]},"properties":{"Fire_Name":"Valle","Acres":0.1,"Cause":"Natural","Year":2024}},{"type":"Feature","geometry":{"type":"Point","coordinates":[-119.67036,39.13847]},"properties":{"Fire_Name":"Bunker","Acres":1.77,"Cause":"Human","Year":2024}},{"type":"Feature","geometry":{"type":"Point","coordinates":[-119.30143,39.70413]},"properties":{"Fire_Name":"Chicken Ranch","Acres":1.42,"Cause":"Human","Year":2024}},{"type":"Feature","geometry":{"type":"Point","coordinates":[-119.85808,39.36493]},"properties":{"Fire_Name":"Creek","Acres":0.1,"Cause":"Human","Year":2024}},{"type":"Feature","geometry":{"type":"Point","coordinates":[-119.4578,39.6364]},"properties":{"Fire_Name":"Orchard","Acres":0.1,"Cause":"Natural","Year":2024}},{"type":"Feature","geometry":{"type":"Point","coordinates":[-119.6589,39.57319]},"properties":{"Fire_Name":"Homerun","Acres":14.5,"Cause":"Human","Year":2024}},{"type":"Feature","geometry":{"type":"Point","coordinates":[-119.35134,40.30734]},"properties":{"Fire_Name":"SR447 MM50","Acres":0.1,"Cause":"Human","Year":2024}},{"type":"Feature","geometry":{"type":"Point","coordinates":[-119.4945,39.87515]},"properties":{"Fire_Name":"Rawhide","Acres":0.1,"Cause":"Human","Year":2024}},{"type":"Feature","geometry":{"type":"Point","coordinates":[-119.59609,39.95206]},"properties":{"Fire_Name":"Marina","Acres":0.04,"Cause":"Human","Year":2024}},{"type":"Feature","geometry":{"type":"Point","coordinates":[-119.62037,39.97297]},"properties":{"Fire_Name":"Separator","Acres":0.1,"Cause":"Human","Year":2024}},{"type":"Feature","geometry":{"type":"Point","coordinates":[-119.62037,39.97297]},"properties":{"Fire_Name":"Karaban Beach","Acres":0.1,"Cause":"Human","Year":2024}},{"type":"Feature","geometry":{"type":"Point","coordinates":[-119.49351,39.87393]},"properties":{"Fire_Name":"Blockhouse","Acres":0.1,"Cause":"Human","Year":2024}},{"type":"Feature","geometry":{"type":"Point","coordinates":[-119.53668,39.90436]},"properties":{"Fire_Name":"Rock Head","Acres":0.1,"Cause":"Human","Year":2024}},{"type":"Feature","geometry":{"type":"Point","coordinates":[-119.54103,39.91321]},"properties":{"Fire_Name":"Tamarack 2","Acres":0.1,"Cause":"Human","Year":2024}},{"type":"Feature","geometry":{"type":"Point","coordinates":[-119.60501,39.95524]},"properties":{"Fire_Name":"Barbed","Acres":0.01,"Cause":"Human","Year":2024}},{"type":"Feature","geometry":{"type":"Point","coordinates":[-119.75768,39.57949]},"properties":{"Fire_Name":"Stockade","Acres":0.02,"Cause":"Human","Year":2024}},{"type":"Feature","geometry":{"type":"Point","coordinates":[-119.76778,39.44877]},"properties":{"Fire_Name":"Offenhauser","Acres":14,"Cause":"Human","Year":2024}},{"type":"Feature","geometry":{"type":"Point","coordinates":[-119.49206,39.87413]},"properties":{"Fire_Name":"Block","Acres":0.1,"Cause":"Human","Year":2024}},{"type":"Feature","geometry":{"type":"Point","coordinates":[-119.53694,39.90439]},"properties":{"Fire_Name":"Rockhead 2","Acres":0.1,"Cause":"Human","Year":2024}},{"type":"Feature","geometry":{"type":"Point","coordinates":[-119.58191,39.24438]},"properties":{"Fire_Name":"Dayton","Acres":3.4,"Cause":"Human","Year":2024}},{"type":"Feature","geometry":{"type":"Point","coordinates":[-119.48636,39.56426]},"properties":{"Fire_Name":"USA","Acres":0.25,"Cause":"Human","Year":2024}},{"type":"Feature","geometry":{"type":"Point","coordinates":[-119.43153,39.58884]},"properties":{"Fire_Name":"Derby","Acres":0.1,"Cause":"Human","Year":2024}},{"type":"Feature","geometry":{"type":"Point","coordinates":[-119.57528,39.22269]},"properties":{"Fire_Name":"Rodeo 2","Acres":0.08,"Cause":"Human","Year":2024}},{"type":"Feature","geometry":{"type":"Point","coordinates":[-119.66933,39.79303]},"properties":{"Fire_Name":"Mustang","Acres":0.1,"Cause":"Natural","Year":2024}},{"type":"Feature","geometry":{"type":"Point","coordinates":[-119.30917,39.61334]},"properties":{"Fire_Name":"Field","Acres":0.08,"Cause":"Human","Year":2024}},{"type":"Feature","geometry":{"type":"Point","coordinates":[-119.90666,39.61748]},"properties":{"Fire_Name":"Marmac","Acres":0.1,"Cause":"Human","Year":2024}},{"type":"Feature","geometry":{"type":"Point","coordinates":[-120.03307,39.80961]},"properties":{"Fire_Name":"Ranch","Acres":20.8,"Cause":"Human","Year":2024}},{"type":"Feature","geometry":{"type":"Point","coordinates":[-119.61924,39.52736]},"properties":{"Fire_Name":"Frontage","Acres":0.08,"Cause":"Human","Year":2024}},{"type":"Feature","geometry":{"type":"Point","coordinates":[-119.75538,39.87531]},"properties":{"Fire_Name":"Winnemucca Ranch","Acres":6.8,"Cause":"Natural","Year":2024}},{"type":"Feature","geometry":{"type":"Point","coordinates":[-119.71169,39.72206]},"properties":{"Fire_Name":"Hungry","Acres":1,"Cause":"Natural","Year":2024}},{"type":"Feature","geometry":{"type":"Point","coordinates":[-119.79626,39.83806]},"properties":{"Fire_Name":"Warm Springs","Acres":0.1,"Cause":"Natural","Year":2024}},{"type":"Feature","geometry":{"type":"Point","coordinates":[-120.02703,39.48564]},"properties":{"Fire_Name":"Garson","Acres":0.1,"Cause":"Natural","Year":2024}},{"type":"Feature","geometry":{"type":"Point","coordinates":[-119.80927,39.46321]},"properties":{"Fire_Name":"Windy Hill","Acres":1.77,"Cause":"Natural","Year":2024}},{"type":"Feature","geometry":{"type":"Point","coordinates":[-119.96074,39.72914]},"properties":{"Fire_Name":"Patterson","Acres":0.75,"Cause":"Natural","Year":2024}},{"type":"Feature","geometry":{"type":"Point","coordinates":[-119.18394,38.89279]},"properties":{"Fire_Name":"Nordyke","Acres":0.1,"Cause":"Human","Year":2024}},{"type":"Feature","geometry":{"type":"Point","coordinates":[-119.71319,39.06318]},"properties":{"Fire_Name":"Springs","Acres":0.1,"Cause":"Natural","Year":2024}},{"type":"Feature","geometry":{"type":"Point","coordinates":[-119.53548,39.15904]},"properties":{"Fire_Name":"Illinois","Acres":0.1,"Cause":"Natural","Year":2024}},{"type":"Feature","geometry":{"type":"Point","coordinates":[-119.99418,39.48723]},"properties":{"Fire_Name":"State","Acres":3,"Cause":"Human","Year":2024}},{"type":"Feature","geometry":{"type":"Point","coordinates":[-119.48958,38.99895]},"properties":{"Fire_Name":"Sunrise","Acres":5.3,"Cause":"Natural","Year":2024}},{"type":"Feature","geometry":{"type":"Point","coordinates":[-120.02836,39.43348]},"properties":{"Fire_Name":"Farad","Acres":0.1,"Cause":"Human","Year":2025}},{"type":"Feature","geometry":{"type":"Point","coordinates":[-120.00754,39.51953]},"properties":{"Fire_Name":"Kimber","Acres":0.29,"Cause":"Human","Year":2025}},{"type":"Feature","geometry":{"type":"Point","coordinates":[-119.97508,39.5827]},"properties":{"Fire_Name":"Chrystal","Acres":2.2,"Cause":"Human","Year":2025}},{"type":"Feature","geometry":{"type":"Point","coordinates":[-119.94365,38.78577]},"properties":{"Fire_Name":"Luther","Acres":0.1,"Cause":"Human","Year":2025}},{"type":"Feature","geometry":{"type":"Point","coordinates":[-119.94808,39.62768]},"properties":{"Fire_Name":"Shooter","Acres":0.3,"Cause":"Human","Year":2025}},{"type":"Feature","geometry":{"type":"Point","coordinates":[-119.85324,39.37864]},"properties":{"Fire_Name":"Whites","Acres":0.1,"Cause":"Human","Year":2025}},{"type":"Feature","geometry":{"type":"Point","coordinates":[-119.20633,39.47538]},"properties":{"Fire_Name":"Damon","Acres":0.01,"Cause":"Human","Year":2025}},{"type":"Feature","geometry":{"type":"Point","coordinates":[-119.79286,39.56618]},"properties":{"Fire_Name":"Scottsdale","Acres":2.6,"Cause":"Human","Year":2025}},{"type":"Feature","geometry":{"type":"Point","coordinates":[-119.75906,39.47331]},"properties":{"Fire_Name":"Barron","Acres":290,"Cause":"Human","Year":2025}},{"type":"Feature","geometry":{"type":"Point","coordinates":[-119.74223,39.46014]},"properties":{"Fire_Name":"South Meadows","Acres":4,"Cause":"Human","Year":2025}},{"type":"Feature","geometry":{"type":"Point","coordinates":[-119.94685,39.68896]},"properties":{"Fire_Name":"Ridge","Acres":4.7,"Cause":"Human","Year":2025}},{"type":"Feature","geometry":{"type":"Point","coordinates":[-119.96121,39.70955]},"properties":{"Fire_Name":"Mud Springs","Acres":0.3,"Cause":"Human","Year":2025}},{"type":"Feature","geometry":{"type":"Point","coordinates":[-119.90539,39.62483]},"properties":{"Fire_Name":"Red Rock","Acres":0.1,"Cause":"Human","Year":2025}},{"type":"Feature","geometry":{"type":"Point","coordinates":[-119.67829,39.78766]},"properties":{"Fire_Name":"Ironwood","Acres":0.83,"Cause":"Human","Year":2025}},{"type":"Feature","geometry":{"type":"Point","coordinates":[-119.40963,39.59156]},"properties":{"Fire_Name":"Derby","Acres":0.25,"Cause":"Human","Year":2025}},{"type":"Feature","geometry":{"type":"Point","coordinates":[-119.62349,39.76301]},"properties":{"Fire_Name":"Ironwood 2","Acres":45,"Cause":"Human","Year":2025}},{"type":"Feature","geometry":{"type":"Point","coordinates":[-119.67784,39.78788]},"properties":{"Fire_Name":"Moses Rock","Acres":0.81,"Cause":"Human","Year":2025}},{"type":"Feature","geometry":{"type":"Point","coordinates":[-119.95155,39.63867]},"properties":{"Fire_Name":"Peavine","Acres":119,"Cause":"Human","Year":2025}},{"type":"Feature","geometry":{"type":"Point","coordinates":[-119.73983,39.37491]},"properties":{"Fire_Name":"Rhodes","Acres":0.5,"Cause":"Human","Year":2025}},{"type":"Feature","geometry":{"type":"Point","coordinates":[-119.31138,39.61171]},"properties":{"Fire_Name":"Oling","Acres":22.45,"Cause":"Human","Year":2025}},{"type":"Feature","geometry":{"type":"Point","coordinates":[-119.92701,39.83706]},"properties":{"Fire_Name":"Rancho","Acres":1483,"Cause":"Human","Year":2025}},{"type":"Feature","geometry":{"type":"Point","coordinates":[-119.77014,39.85027]},"properties":{"Fire_Name":"Moon","Acres":0.1,"Cause":"Natural","Year":2025}},{"type":"Feature","geometry":{"type":"Point","coordinates":[-119.76933,39.85254]},"properties":{"Fire_Name":"Moon 2","Acres":0.25,"Cause":"Natural","Year":2025}},{"type":"Feature","geometry":{"type":"Point","coordinates":[-119.43336,39.82856]},"properties":{"Fire_Name":"Crowley","Acres":3,"Cause":"Natural","Year":2025}},{"type":"Feature","geometry":{"type":"Point","coordinates":[-119.42786,38.83534]},"properties":{"Fire_Name":"Day","Acres":0.1,"Cause":"Natural","Year":2025}},{"type":"Feature","geometry":{"type":"Point","coordinates":[-119.57939,38.93848]},"properties":{"Fire_Name":"Fish Springs","Acres":0.2,"Cause":"Natural","Year":2025}},{"type":"Feature","geometry":{"type":"Point","coordinates":[-119.29333,39.48587]},"properties":{"Fire_Name":"Eagle","Acres":0.1,"Cause":"Natural","Year":2025}},{"type":"Feature","geometry":{"type":"Point","coordinates":[-119.88749,39.90738]},"properties":{"Fire_Name":"Benner","Acres":1.7,"Cause":"Natural","Year":2025}},{"type":"Feature","geometry":{"type":"Point","coordinates":[-120.04369,39.83351]},"properties":{"Fire_Name":"Channel","Acres":0.3,"Cause":"Natural","Year":2025}},{"type":"Feature","geometry":{"type":"Point","coordinates":[-119.9633,39.73731]},"properties":{"Fire_Name":"Flat","Acres":13.9,"Cause":"Natural","Year":2025}},{"type":"Feature","geometry":{"type":"Point","coordinates":[-119.59171,39.20218]},"properties":{"Fire_Name":"Dayton","Acres":0.1,"Cause":"Natural","Year":2025}},{"type":"Feature","geometry":{"type":"Point","coordinates":[-119.47298,39.61796]},"properties":{"Fire_Name":"USA","Acres":0.1,"Cause":"Natural","Year":2025}},{"type":"Feature","geometry":{"type":"Point","coordinates":[-120.00456,39.95006]},"properties":{"Fire_Name":"South Constantia","Acres":14.5,"Cause":"Natural","Year":2025}},{"type":"Feature","geometry":{"type":"Point","coordinates":[-119.65891,38.83896]},"properties":{"Fire_Name":"China","Acres":0.1,"Cause":"Natural","Year":2025}},{"type":"Feature","geometry":{"type":"Point","coordinates":[-119.80152,39.62184]},"properties":{"Fire_Name":"Whammy","Acres":0.15,"Cause":"Natural","Year":2025}},{"type":"Feature","geometry":{"type":"Point","coordinates":[-119.99536,39.43518]},"properties":{"Fire_Name":"Puny","Acres":0.1,"Cause":"Natural","Year":2025}},{"type":"Feature","geometry":{"type":"Point","coordinates":[-120.02019,39.55951]},"properties":{"Fire_Name":"Dog","Acres":0.1,"Cause":"Natural","Year":2025}},{"type":"Feature","geometry":{"type":"Point","coordinates":[-119.68671,38.85412]},"properties":{"Fire_Name":"China Springs","Acres":0.1,"Cause":"Natural","Year":2025}},{"type":"Feature","geometry":{"type":"Point","coordinates":[-119.89803,39.11884]},"properties":{"Fire_Name":"Spooner","Acres":0.1,"Cause":"Natural","Year":2025}},{"type":"Feature","geometry":{"type":"Point","coordinates":[-119.92278,38.81073]},"properties":{"Fire_Name":"Hope","Acres":0.1,"Cause":"Natural","Year":2025}},{"type":"Feature","geometry":{"type":"Point","coordinates":[-119.98616,39.61782]},"properties":{"Fire_Name":"Pine Ridge","Acres":0.1,"Cause":"Natural","Year":2025}},{"type":"Feature","geometry":{"type":"Point","coordinates":[-119.428,39.44997]},"properties":{"Fire_Name":"Summit","Acres":0.1,"Cause":"Natural","Year":2025}},{"type":"Feature","geometry":{"type":"Point","coordinates":[-119.55786,39.40996]},"properties":{"Fire_Name":"Long","Acres":0.1,"Cause":"Natural","Year":2025}},{"type":"Feature","geometry":{"type":"Point","coordinates":[-119.49559,39.70208]},"properties":{"Fire_Name":"Aardvark","Acres":0.1,"Cause":"Natural","Year":2025}},{"type":"Feature","geometry":{"type":"Point","coordinates":[-119.61666,39.64046]},"properties":{"Fire_Name":"Virginia","Acres":0.1,"Cause":"Natural","Year":2025}},{"type":"Feature","geometry":{"type":"Point","coordinates":[-119.61653,39.63996]},"properties":{"Fire_Name":"Walrus","Acres":0.1,"Cause":"Natural","Year":2025}},{"type":"Feature","geometry":{"type":"Point","coordinates":[-119.50704,39.71894]},"properties":{"Fire_Name":"Aspen","Acres":0.1,"Cause":"Natural","Year":2025}},{"type":"Feature","geometry":{"type":"Point","coordinates":[-119.55881,39.70571]},"properties":{"Fire_Name":"Hay Canyon","Acres":0.1,"Cause":"Natural","Year":2025}},{"type":"Feature","geometry":{"type":"Point","coordinates":[-119.55881,39.70571]},"properties":{"Fire_Name":"Wilcox","Acres":0.1,"Cause":"Natural","Year":2025}},{"type":"Feature","geometry":{"type":"Point","coordinates":[-119.81346,39.63086]},"properties":{"Fire_Name":"Landfill","Acres":0.1,"Cause":"Undetermined","Year":2025}},{"type":"Feature","geometry":{"type":"Point","coordinates":[-119.48732,39.56329]},"properties":{"Fire_Name":"Truckee River","Acres":0.25,"Cause":"Undetermined","Year":2025}},{"type":"Feature","geometry":{"type":"Point","coordinates":[-119.54569,39.56259]},"properties":{"Fire_Name":"Patrick","Acres":0.1,"Cause":"Undetermined","Year":2025}},{"type":"Feature","geometry":{"type":"Point","coordinates":[-119.58729,39.70613]},"properties":{"Fire_Name":"Yellowtail","Acres":0.1,"Cause":"Undetermined","Year":2025}},{"type":"Feature","geometry":{"type":"Point","coordinates":[-119.37861,39.82214]},"properties":{"Fire_Name":"MM 12","Acres":1.3,"Cause":"Human","Year":2025}},{"type":"Feature","geometry":{"type":"Point","coordinates":[-119.73589,39.57069]},"properties":{"Fire_Name":"Disc","Acres":0.25,"Cause":"Human","Year":2025}},{"type":"Feature","geometry":{"type":"Point","coordinates":[-119.75179,39.33184]},"properties":{"Fire_Name":"Skinner","Acres":6,"Cause":"Human","Year":2025}},{"type":"Feature","geometry":{"type":"Point","coordinates":[-119.77373,39.14156]},"properties":{"Fire_Name":"Oneida","Acres":0.1,"Cause":"Human","Year":2025}},{"type":"Feature","geometry":{"type":"Point","coordinates":[-119.75643,39.62181]},"properties":{"Fire_Name":"Marie","Acres":114.9,"Cause":"Human","Year":2025}},{"type":"Feature","geometry":{"type":"Point","coordinates":[-119.45498,39.84713]},"properties":{"Fire_Name":"Popcorn","Acres":0.1,"Cause":"Human","Year":2025}},{"type":"Feature","geometry":{"type":"Point","coordinates":[-119.49253,39.87539]},"properties":{"Fire_Name":"Blockhouse","Acres":0.25,"Cause":"Human","Year":2025}},{"type":"Feature","geometry":{"type":"Point","coordinates":[-119.64419,38.85241]},"properties":{"Fire_Name":"Conner","Acres":17714,"Cause":"Human","Year":2025}},{"type":"Feature","geometry":{"type":"Point","coordinates":[-119.60019,39.94558]},"properties":{"Fire_Name":"Tufa Rock","Acres":0.9,"Cause":"Human","Year":2025}},{"type":"Feature","geometry":{"type":"Point","coordinates":[-120.0313,39.95805]},"properties":{"Fire_Name":"Stack","Acres":0.5,"Cause":"Human","Year":2025}},{"type":"Feature","geometry":{"type":"Point","coordinates":[-119.57479,39.91873]},"properties":{"Fire_Name":"Junction","Acres":0.5,"Cause":"Human","Year":2025}},{"type":"Feature","geometry":{"type":"Point","coordinates":[-119.66556,39.58858]},"properties":{"Fire_Name":"Golden Eagle","Acres":2.26,"Cause":"Human","Year":2025}},{"type":"Feature","geometry":{"type":"Point","coordinates":[-119.61834,39.52066]},"properties":{"Fire_Name":"Truckee","Acres":0.1,"Cause":"Human","Year":2025}},{"type":"Feature","geometry":{"type":"Point","coordinates":[-119.50216,39.87819]},"properties":{"Fire_Name":"Beach","Acres":0.1,"Cause":"Human","Year":2025}},{"type":"Feature","geometry":{"type":"Point","coordinates":[-119.60323,39.95693]},"properties":{"Fire_Name":"Marina","Acres":1.5,"Cause":"Human","Year":2025}},{"type":"Feature","geometry":{"type":"Point","coordinates":[-119.31003,39.61102]},"properties":{"Fire_Name":"Wadsworth","Acres":0.14,"Cause":"Human","Year":2025}},{"type":"Feature","geometry":{"type":"Point","coordinates":[-119.30454,39.61098]},"properties":{"Fire_Name":"Wadsworth 2","Acres":0.1,"Cause":"Human","Year":2025}},{"type":"Feature","geometry":{"type":"Point","coordinates":[-119.68983,40.08884]},"properties":{"Fire_Name":"Monument","Acres":0.1,"Cause":"Human","Year":2025}},{"type":"Feature","geometry":{"type":"Point","coordinates":[-119.54134,39.9135]},"properties":{"Fire_Name":"Pinyon","Acres":0.1,"Cause":"Human","Year":2025}},{"type":"Feature","geometry":{"type":"Point","coordinates":[-119.78364,39.62451]},"properties":{"Fire_Name":"Chimney","Acres":0.1,"Cause":"Human","Year":2025}},{"type":"Feature","geometry":{"type":"Point","coordinates":[-119.57323,39.92426]},"properties":{"Fire_Name":"Rabbit","Acres":0.5,"Cause":"Human","Year":2025}},{"type":"Feature","geometry":{"type":"Point","coordinates":[-119.59084,39.92516]},"properties":{"Fire_Name":"Cliff","Acres":1.1,"Cause":"Human","Year":2025}},{"type":"Feature","geometry":{"type":"Point","coordinates":[-119.78068,39.63589]},"properties":{"Fire_Name":"Van","Acres":41,"Cause":"Human","Year":2025}},{"type":"Feature","geometry":{"type":"Point","coordinates":[-119.91948,39.63066]},"properties":{"Fire_Name":"Line","Acres":0.15,"Cause":"Human","Year":2025}},{"type":"Feature","geometry":{"type":"Point","coordinates":[-119.49253,39.87539]},"properties":{"Fire_Name":"Block","Acres":0.1,"Cause":"Human","Year":2025}},{"type":"Feature","geometry":{"type":"Point","coordinates":[-119.66199,39.57749]},"properties":{"Fire_Name":"Gold","Acres":1268,"Cause":"Human","Year":2025}},{"type":"Feature","geometry":{"type":"Point","coordinates":[-119.60099,39.94531]},"properties":{"Fire_Name":"Tufa","Acres":0.25,"Cause":"Human","Year":2025}},{"type":"Feature","geometry":{"type":"Point","coordinates":[-119.66548,39.59056]},"properties":{"Fire_Name":"Hulk","Acres":3,"Cause":"Human","Year":2025}},{"type":"Feature","geometry":{"type":"Point","coordinates":[-119.78084,39.66256]},"properties":{"Fire_Name":"Chickadee","Acres":32,"Cause":"Human","Year":2025}},{"type":"Feature","geometry":{"type":"Point","coordinates":[-119.95121,39.67349]},"properties":{"Fire_Name":"Polar Bear","Acres":0.1,"Cause":"Human","Year":2025}},{"type":"Feature","geometry":{"type":"Point","coordinates":[-120.03403,39.70451]},"properties":{"Fire_Name":"Roadside","Acres":0.1,"Cause":"Human","Year":2025}},{"type":"Feature","geometry":{"type":"Point","coordinates":[-119.65683,38.85323]},"properties":{"Fire_Name":"Ray May","Acres":0.5,"Cause":"Human","Year":2025}},{"type":"Feature","geometry":{"type":"Point","coordinates":[-119.78771,39.63094]},"properties":{"Fire_Name":"Chimney 2","Acres":2.2,"Cause":"Human","Year":2025}},{"type":"Feature","geometry":{"type":"Point","coordinates":[-119.38794,39.99824]},"properties":{"Fire_Name":"HWY 447 MM29","Acres":0.18,"Cause":"Human","Year":2025}},{"type":"Feature","geometry":{"type":"Point","coordinates":[-119.45419,39.84733]},"properties":{"Fire_Name":"Guanomi mine","Acres":0.1,"Cause":"Human","Year":2025}},{"type":"Feature","geometry":{"type":"Point","coordinates":[-119.76403,39.58254]},"properties":{"Fire_Name":"Tower","Acres":0.9,"Cause":"Human","Year":2025}},{"type":"Feature","geometry":{"type":"Point","coordinates":[-119.75821,39.62391]},"properties":{"Fire_Name":"Desert Sky","Acres":0.1,"Cause":"Human","Year":2025}},{"type":"Feature","geometry":{"type":"Point","coordinates":[-119.56626,39.90088]},"properties":{"Fire_Name":"Mullen Pass","Acres":0.1,"Cause":"Human","Year":2025}},{"type":"Feature","geometry":{"type":"Point","coordinates":[-119.75821,39.62391]},"properties":{"Fire_Name":"Donatello","Acres":0.1,"Cause":"Human","Year":2025}},{"type":"Feature","geometry":{"type":"Point","coordinates":[-119.59944,39.90403]},"properties":{"Fire_Name":"Dump","Acres":0.1,"Cause":"Human","Year":2025}},{"type":"Feature","geometry":{"type":"Point","coordinates":[-119.78553,39.16168]},"properties":{"Fire_Name":"C Hill","Acres":77,"Cause":"Human","Year":2025}},{"type":"Feature","geometry":{"type":"Point","coordinates":[-119.78001,38.99658]},"properties":{"Fire_Name":"Genoa Rd","Acres":0.1,"Cause":"Human","Year":2025}}]}