{"type":"FeatureCollection","metadata":{"source":"https://services3.arcgis.com/T4QMspbfLg3qTGWY/arcgis/rest/services/BLM_NV_Wildland_Fire_Perimeters/FeatureServer/0","attribution":"BLM Nevada Fire and Aviation / Nevada Fire Info (nevadafireinfo.org)","disclaimer":"Data provided by BLM 'as is' and may contain errors or omissions. Historical fire records, not a predictive risk model.","region":"Reno / Lake Tahoe / Truckee / Northern Nevada","bbox":{"xmin":-120.5,"ymin":38.8,"xmax":-119,"ymax":40.3},"retrieved":"2026-06-29","count":762},"features":[{"type":"Feature","geometry":{"type":"Polygon","coordinates":[[[-119.16464,39.75569],[-119.16616,39.75706],[-119.16599,39.75838],[-119.16166,39.76096],[-119.15697,39.76048],[-119.15491,39.76124],[-119.15452,39.76055],[-119.15563,39.75831],[-119.1541,39.75725],[-119.15209,39.75758],[-119.152,39.75896],[-119.15359,39.76034],[-119.15209,39.76086],[-119.15203,39.76229],[-119.15061,39.76287],[-119.14985,39.76293],[-119.15015,39.76198],[-119.14928,39.76124],[-119.14977,39.75872],[-119.14849,39.75661],[-119.14752,39.75746],[-119.14759,39.76033],[-119.14462,39.76133],[-119.14309,39.76067],[-119.14329,39.75935],[-119.14172,39.75951],[-119.13989,39.75758],[-119.14151,39.7564],[-119.14139,39.75431],[-119.14864,39.75342],[-119.14916,39.75058],[-119.152,39.74922],[-119.15263,39.74544],[-119.15542,39.74324],[-119.15877,39.74137],[-119.16378,39.74253],[-119.16591,39.73907],[-119.16507,39.73761],[-119.16738,39.73578],[-119.16666,39.73509],[-119.16728,39.73495],[-119.16894,39.73517],[-119.1698,39.73638],[-119.17162,39.7354],[-119.1728,39.73659],[-119.17083,39.74301],[-119.17124,39.74524],[-119.16842,39.75455],[-119.16464,39.75569]]]},"properties":{"IncidentName":"Two Tips","GISAcres":970.5669474912349,"FireCause":"Natural","Year":2002}},{"type":"Feature","geometry":{"type":"Polygon","coordinates":[[[-119.13564,40.25125],[-119.13887,40.25553],[-119.13767,40.26147],[-119.14016,40.27877],[-119.13943,40.27988],[-119.13636,40.27844],[-119.13432,40.2795],[-119.13397,40.28173],[-119.13593,40.28628],[-119.13516,40.28732],[-119.13329,40.2877],[-119.13179,40.28722],[-119.13041,40.28554],[-119.13044,40.27876],[-119.1318,40.26114],[-119.13461,40.25714],[-119.13564,40.25125]]]},"properties":{"IncidentName":"Granite","GISAcres":483.6290068771026,"FireCause":"Natural","Year":2001}},{"type":"Feature","geometry":{"type":"Polygon","coordinates":[[[-119.17922,39.7173],[-119.17863,39.71402],[-119.18955,39.71747],[-119.19067,39.71585],[-119.18975,39.71397],[-119.18848,39.71217],[-119.1841,39.71135],[-119.18442,39.70972],[-119.1882,39.70997],[-119.18984,39.70916],[-119.19029,39.70734],[-119.18757,39.70565],[-119.18906,39.70474],[-119.19581,39.70275],[-119.19961,39.70383],[-119.20302,39.71259],[-119.20209,39.71533],[-119.20048,39.7153],[-119.19985,39.71652],[-119.19707,39.71795],[-119.19498,39.71729],[-119.19359,39.71801],[-119.19239,39.72037],[-119.19102,39.72113],[-119.18889,39.72593],[-119.18779,39.72664],[-119.18582,39.72634],[-119.18692,39.72317],[-119.18873,39.72281],[-119.18734,39.71994],[-119.18191,39.71835],[-119.18053,39.71603],[-119.17922,39.7173]]]},"properties":{"IncidentName":"Little Valley","GISAcres":562.0121902880453,"FireCause":"Natural","Year":2008}},{"type":"Feature","geometry":{"type":"Polygon","coordinates":[[[-119.20388,39.66841],[-119.21366,39.67949],[-119.21481,39.67942],[-119.21709,39.67751],[-119.22472,39.67827],[-119.22834,39.68116],[-119.22934,39.68442],[-119.23034,39.68512],[-119.2342,39.6822],[-119.23532,39.68247],[-119.23567,39.68456],[-119.23198,39.69089],[-119.24061,39.69783],[-119.24159,39.70178],[-119.24442,39.70407],[-119.24437,39.70524],[-119.24143,39.70879],[-119.24198,39.71113],[-119.24374,39.71166],[-119.24553,39.71112],[-119.24924,39.70592],[-119.25774,39.70525],[-119.25456,39.71031],[-119.25123,39.71217],[-119.25029,39.71395],[-119.2502,39.71676],[-119.25321,39.7174],[-119.25407,39.71846],[-119.25238,39.72708],[-119.24842,39.72844],[-119.24496,39.73193],[-119.24218,39.73319],[-119.23957,39.73358],[-119.23539,39.73221],[-119.23362,39.73283],[-119.2354,39.73555],[-119.23962,39.73837],[-119.23959,39.74436],[-119.23871,39.74628],[-119.23911,39.75028],[-119.23725,39.75678],[-119.23559,39.75975],[-119.2354,39.76393],[-119.23433,39.76724],[-119.23147,39.77101],[-119.22713,39.77311],[-119.225,39.77313],[-119.22352,39.77189],[-119.2232,39.76508],[-119.21963,39.75932],[-119.21257,39.73548],[-119.20998,39.73444],[-119.20375,39.73416],[-119.19728,39.73677],[-119.19423,39.7372],[-119.18857,39.73668],[-119.18188,39.73378],[-119.17702,39.73464],[-119.17629,39.72811],[-119.17817,39.72507],[-119.17809,39.72362],[-119.1764,39.72152],[-119.1697,39.71784],[-119.16763,39.71558],[-119.16807,39.7146],[-119.16922,39.71464],[-119.17513,39.71798],[-119.18623,39.7203],[-119.18768,39.72019],[-119.18851,39.7191],[-119.18634,39.7166],[-119.1719,39.70879],[-119.17153,39.70661],[-119.16933,39.70337],[-119.16995,39.69743],[-119.16473,39.68953],[-119.16458,39.68474],[-119.16599,39.68447],[-119.16868,39.68631],[-119.17139,39.68626],[-119.17551,39.68316],[-119.18145,39.67525],[-119.18345,39.67395],[-119.18559,39.67394],[-119.1924,39.67617],[-119.20013,39.67594],[-119.20093,39.67514],[-119.19979,39.67301],[-119.20115,39.67113],[-119.2043,39.67081],[-119.20388,39.66841]]]},"properties":{"IncidentName":"Nixon","GISAcres":11194.347196807834,"FireCause":"Human","Year":2011}},{"type":"Feature","geometry":{"type":"Polygon","coordinates":[[[-119.19213,39.92257],[-119.19456,39.91177],[-119.20171,39.90808],[-119.20032,39.90625],[-119.19213,39.90636],[-119.18892,39.90459],[-119.19025,39.89902],[-119.19586,39.88937],[-119.19592,39.88714],[-119.18846,39.88267],[-119.18295,39.8833],[-119.18032,39.88277],[-119.17582,39.87728],[-119.17645,39.87429],[-119.17161,39.87365],[-119.17043,39.87226],[-119.17284,39.85737],[-119.17518,39.85553],[-119.18256,39.85443],[-119.18443,39.85246],[-119.18333,39.84966],[-119.17563,39.8429],[-119.17499,39.84141],[-119.17539,39.84023],[-119.18349,39.83647],[-119.19054,39.83622],[-119.19462,39.83728],[-119.19628,39.83652],[-119.19561,39.83623],[-119.19826,39.83606],[-119.20683,39.83867],[-119.2189,39.84654],[-119.22111,39.84879],[-119.21727,39.85434],[-119.21508,39.86039],[-119.21075,39.86614],[-119.2106,39.86966],[-119.21283,39.87376],[-119.21255,39.87677],[-119.21377,39.87909],[-119.2159,39.88009],[-119.22033,39.87878],[-119.22489,39.87902],[-119.22707,39.88068],[-119.22685,39.88421],[-119.22783,39.88509],[-119.23561,39.88191],[-119.23244,39.87752],[-119.23907,39.87928],[-119.24057,39.88045],[-119.24252,39.88553],[-119.24261,39.88856],[-119.23999,39.89977],[-119.23547,39.90966],[-119.21985,39.92649],[-119.21334,39.93576],[-119.20844,39.94664],[-119.20448,39.94848],[-119.20529,39.95245],[-119.20445,39.95473],[-119.19256,39.96169],[-119.18868,39.96669],[-119.18229,39.97004],[-119.17887,39.97391],[-119.17596,39.97573],[-119.17304,39.97615],[-119.16381,39.97354],[-119.16024,39.96987],[-119.15677,39.9676],[-119.15493,39.96409],[-119.15293,39.96269],[-119.14651,39.96326],[-119.14186,39.96117],[-119.13872,39.9616],[-119.13559,39.95902],[-119.13572,39.95632],[-119.13215,39.95661],[-119.12963,39.95545],[-119.12997,39.95231],[-119.12844,39.95085],[-119.13741,39.94751],[-119.13961,39.9482],[-119.14371,39.94772],[-119.1491,39.94973],[-119.16079,39.95014],[-119.16496,39.94711],[-119.1721,39.94363],[-119.17294,39.94179],[-119.1853,39.93096],[-119.19213,39.92257]]]},"properties":{"IncidentName":"Truckee","GISAcres":13347.715226142363,"FireCause":"Natural","Year":2000}},{"type":"Feature","geometry":{"type":"Polygon","coordinates":[[[-119.21416,39.92922],[-119.21642,39.9306],[-119.21558,39.93085],[-119.21518,39.93298],[-119.21262,39.93599],[-119.21052,39.9425],[-119.20838,39.94245],[-119.20806,39.94107],[-119.20624,39.94179],[-119.20537,39.94004],[-119.20435,39.93992],[-119.20021,39.9443],[-119.20025,39.94576],[-119.19665,39.94836],[-119.19604,39.95012],[-119.19419,39.95032],[-119.19385,39.94927],[-119.18624,39.9515],[-119.1831,39.95319],[-119.18594,39.9538],[-119.18919,39.95339],[-119.18977,39.95254],[-119.19103,39.95252],[-119.19109,39.95163],[-119.19205,39.95208],[-119.19385,39.9507],[-119.19554,39.95221],[-119.1833,39.96264],[-119.18086,39.96814],[-119.18229,39.96867],[-119.18249,39.97019],[-119.18087,39.9715],[-119.17783,39.97142],[-119.18149,39.97417],[-119.18186,39.97549],[-119.18066,39.97566],[-119.18167,39.97624],[-119.18089,39.97701],[-119.1795,39.97605],[-119.17537,39.97947],[-119.16952,39.9763],[-119.16995,39.97332],[-119.16612,39.97384],[-119.16433,39.97501],[-119.16187,39.97293],[-119.1614,39.97125],[-119.16204,39.97025],[-119.15968,39.96906],[-119.16066,39.96707],[-119.15757,39.9671],[-119.15603,39.96572],[-119.15499,39.96576],[-119.158,39.96406],[-119.16169,39.96364],[-119.16074,39.96261],[-119.15762,39.96203],[-119.15735,39.96093],[-119.15861,39.95833],[-119.16082,39.95811],[-119.16648,39.95987],[-119.16769,39.95946],[-119.16667,39.95773],[-119.16771,39.95629],[-119.16959,39.95577],[-119.16516,39.9509],[-119.16541,39.94968],[-119.16658,39.95077],[-119.16997,39.9514],[-119.17166,39.95307],[-119.17362,39.95327],[-119.1735,39.95188],[-119.17117,39.95077],[-119.17135,39.94822],[-119.16787,39.94709],[-119.17054,39.9462],[-119.16824,39.94542],[-119.16847,39.94442],[-119.17308,39.94489],[-119.17217,39.9433],[-119.17032,39.94272],[-119.1716,39.94077],[-119.17073,39.94098],[-119.17231,39.93979],[-119.17559,39.94039],[-119.18004,39.93864],[-119.17738,39.93561],[-119.17605,39.9326],[-119.17646,39.93184],[-119.17513,39.93137],[-119.17627,39.93114],[-119.17538,39.92862],[-119.17436,39.92788],[-119.17697,39.92825],[-119.17707,39.92737],[-119.17288,39.92444],[-119.17314,39.92325],[-119.17378,39.92426],[-119.17675,39.9253],[-119.17708,39.92639],[-119.1825,39.92736],[-119.18327,39.9281],[-119.18612,39.92789],[-119.18206,39.92492],[-119.1837,39.92459],[-119.18188,39.92345],[-119.18724,39.92529],[-119.18778,39.92518],[-119.18674,39.92344],[-119.18977,39.92459],[-119.19094,39.92386],[-119.19108,39.92489],[-119.19292,39.92552],[-119.1943,39.9271],[-119.19344,39.92463],[-119.19098,39.92376],[-119.19092,39.92309],[-119.19243,39.92302],[-119.19074,39.92171],[-119.19081,39.92],[-119.19405,39.92139],[-119.19418,39.92324],[-119.19541,39.92453],[-119.19873,39.92573],[-119.20273,39.92521],[-119.20464,39.92411],[-119.20629,39.92545],[-119.20503,39.92662],[-119.20936,39.92653],[-119.21308,39.92748],[-119.21247,39.92949],[-119.21416,39.92922]]]},"properties":{"IncidentName":"Warrior","GISAcres":3361.662883885727,"FireCause":"Natural","Year":1997}},{"type":"Feature","geometry":{"type":"Polygon","coordinates":[[[-119.13126,39.83182],[-119.14426,39.83472],[-119.14441,39.83709],[-119.1485,39.83441],[-119.14921,39.83509],[-119.14932,39.83735],[-119.15011,39.83784],[-119.15171,39.83583],[-119.15273,39.83081],[-119.15637,39.82986],[-119.1575,39.83197],[-119.15569,39.83738],[-119.15632,39.8402],[-119.16468,39.84818],[-119.16665,39.85668],[-119.16543,39.85655],[-119.15405,39.86317],[-119.14927,39.86233],[-119.14589,39.86297],[-119.14213,39.86125],[-119.138,39.86269],[-119.13296,39.85867],[-119.13175,39.859],[-119.13144,39.8609],[-119.13001,39.8591],[-119.1263,39.85881],[-119.12473,39.85667],[-119.12421,39.85411],[-119.12551,39.85106],[-119.12368,39.85029],[-119.12102,39.85058],[-119.11907,39.849],[-119.11718,39.85054],[-119.11743,39.84816],[-119.11564,39.84763],[-119.11542,39.8469],[-119.11709,39.84416],[-119.1164,39.84221],[-119.11768,39.8429],[-119.11783,39.84187],[-119.11658,39.84062],[-119.11386,39.84003],[-119.1125,39.83604],[-119.10849,39.83598],[-119.10786,39.83423],[-119.10864,39.83107],[-119.11029,39.83025],[-119.11572,39.83274],[-119.1188,39.83269],[-119.12175,39.83032],[-119.13126,39.83182]]]},"properties":{"IncidentName":"Fireball","GISAcres":2897.128529669577,"FireCause":"Natural","Year":2000}},{"type":"Feature","geometry":{"type":"Polygon","coordinates":[[[-119.20008,39.64904],[-119.20256,39.64774],[-119.20309,39.64857],[-119.20233,39.65067],[-119.20107,39.65137],[-119.19927,39.65101],[-119.20008,39.64904]]]},"properties":{"IncidentName":"Gooseneck","GISAcres":19.698169588809176,"FireCause":"Human","Year":2011}},{"type":"Feature","geometry":{"type":"Polygon","coordinates":[[[-119.22699,39.88307],[-119.23105,39.88501],[-119.23376,39.88503],[-119.23683,39.881],[-119.23941,39.87538],[-119.23837,39.87241],[-119.23998,39.87061],[-119.24222,39.87022],[-119.24462,39.87233],[-119.24374,39.88664],[-119.24191,39.89833],[-119.24092,39.90215],[-119.2368,39.90827],[-119.21349,39.92986],[-119.19964,39.92266],[-119.19386,39.92075],[-119.18615,39.91178],[-119.18545,39.90946],[-119.18566,39.90754],[-119.18792,39.90436],[-119.19773,39.8957],[-119.19558,39.8896],[-119.19515,39.8859],[-119.19635,39.87675],[-119.19837,39.87316],[-119.2015,39.87145],[-119.20405,39.87216],[-119.21364,39.87978],[-119.2225,39.88117],[-119.22699,39.88307]]]},"properties":{"IncidentName":"Littlevall","GISAcres":4946.724693320399,"FireCause":"Natural","Year":1996}},{"type":"Feature","geometry":{"type":"Polygon","coordinates":[[[-119.295,39.73991],[-119.29671,39.74135],[-119.2979,39.74852],[-119.30221,39.75247],[-119.30522,39.75146],[-119.30591,39.75309],[-119.30559,39.75714],[-119.30827,39.75957],[-119.30468,39.76375],[-119.30286,39.76789],[-119.301,39.7681],[-119.30111,39.76571],[-119.29888,39.76428],[-119.29651,39.76545],[-119.28756,39.77305],[-119.285,39.77401],[-119.27551,39.77006],[-119.2718,39.77083],[-119.26379,39.77036],[-119.26067,39.77249],[-119.25902,39.76915],[-119.26004,39.76573],[-119.25929,39.76504],[-119.25001,39.7688],[-119.2572,39.75377],[-119.26383,39.74803],[-119.26965,39.73715],[-119.2711,39.73708],[-119.27338,39.73992],[-119.27434,39.74007],[-119.27708,39.73777],[-119.27552,39.73605],[-119.27608,39.73506],[-119.27934,39.73482],[-119.28495,39.73678],[-119.28583,39.73588],[-119.28492,39.73443],[-119.2853,39.73372],[-119.28915,39.73185],[-119.29105,39.7329],[-119.29086,39.73684],[-119.295,39.73991]]]},"properties":{"IncidentName":"Narrows","GISAcres":3318.7307674532335,"FireCause":"Natural","Year":2011}},{"type":"Feature","geometry":{"type":"MultiPolygon","coordinates":[[[[-119.89764,39.48679],[-119.89463,39.48706],[-119.89012,39.48507],[-119.88932,39.48386],[-119.89153,39.48261],[-119.89095,39.48223],[-119.89146,39.48175],[-119.89519,39.48115],[-119.89849,39.4829],[-119.89789,39.48362],[-119.89856,39.48523],[-119.89764,39.48679]]],[[[-119.89007,39.48351],[-119.89006,39.48351],[-119.89006,39.4835],[-119.89007,39.48351]]]]},"properties":{"IncidentName":"Plateau","GISAcres":85.73706609128676,"FireCause":"Human","Year":2007}},{"type":"Feature","geometry":{"type":"Polygon","coordinates":[[[-119.72241,39.37047],[-119.72128,39.37287],[-119.71994,39.37211],[-119.71979,39.37121],[-119.72161,39.36977],[-119.72253,39.36968],[-119.72241,39.37047]]]},"properties":{"IncidentName":"Toll","GISAcres":12.580083198406266,"FireCause":"Human","Year":1999}},{"type":"Feature","geometry":{"type":"Polygon","coordinates":[[[-119.74497,39.59431],[-119.74792,39.59691],[-119.74774,39.60038],[-119.74497,39.60427],[-119.74168,39.60475],[-119.74105,39.60373],[-119.74161,39.59816],[-119.73848,39.59376],[-119.74027,39.59316],[-119.74497,39.59431]]]},"properties":{"IncidentName":"Granitepit","GISAcres":162.7341362796197,"FireCause":"Human","Year":1999}},{"type":"Feature","geometry":{"type":"Polygon","coordinates":[[[-119.70164,39.70971],[-119.70039,39.7143],[-119.69772,39.7149],[-119.69843,39.7093],[-119.70164,39.70971]]]},"properties":{"IncidentName":"Axhandle","GISAcres":42.138743691323015,"FireCause":"Human","Year":1999}},{"type":"Feature","geometry":{"type":"Polygon","coordinates":[[[-119.26879,39.67532],[-119.2664,39.67368],[-119.26834,39.67353],[-119.27057,39.67484],[-119.27096,39.67724],[-119.26975,39.67966],[-119.26965,39.67662],[-119.26879,39.67532]]]},"properties":{"IncidentName":"Bia 4","GISAcres":21.972582361575842,"FireCause":"Human","Year":1999}},{"type":"Feature","geometry":{"type":"Polygon","coordinates":[[[-119.28865,39.69634],[-119.29145,39.69686],[-119.29417,39.69614],[-119.29874,39.69743],[-119.29899,39.69809],[-119.29069,39.69719],[-119.28865,39.69634]]]},"properties":{"IncidentName":"Bia 5","GISAcres":20.15027921777445,"FireCause":"Human","Year":1999}},{"type":"Feature","geometry":{"type":"Polygon","coordinates":[[[-119.701,38.80592],[-119.70411,38.80628],[-119.70524,38.80761],[-119.70184,38.81552],[-119.70181,38.81769],[-119.69818,38.82033],[-119.6998,38.82309],[-119.69897,38.82373],[-119.69165,38.82263],[-119.6929,38.81954],[-119.69604,38.81758],[-119.69587,38.81324],[-119.701,38.80592]]]},"properties":{"IncidentName":"Mud Lake","GISAcres":257.60209795813785,"FireCause":"Human","Year":2004}},{"type":"Feature","geometry":{"type":"Polygon","coordinates":[[[-119.52062,38.8008],[-119.52562,38.80094],[-119.52244,38.80295],[-119.5176,38.80441],[-119.51282,38.80464],[-119.5134,38.80159],[-119.51881,38.79985],[-119.52052,38.80002],[-119.52062,38.8008]]]},"properties":{"IncidentName":"Smith","GISAcres":89.12918066029563,"FireCause":"Human","Year":1999}},{"type":"Feature","geometry":{"type":"Polygon","coordinates":[[[-119.59746,39.26124],[-119.59205,39.26441],[-119.59001,39.26403],[-119.59152,39.26141],[-119.59325,39.26074],[-119.59703,39.26038],[-119.59746,39.26124]]]},"properties":{"IncidentName":"Grosch","GISAcres":37.01635968298428,"FireCause":"Human","Year":2007}},{"type":"Feature","geometry":{"type":"Polygon","coordinates":[[[-119.43554,39.60662],[-119.43322,39.60527],[-119.43274,39.60351],[-119.43331,39.60264],[-119.43487,39.60276],[-119.43399,39.60301],[-119.43474,39.60448],[-119.43745,39.60394],[-119.43535,39.60571],[-119.43554,39.60662]]]},"properties":{"IncidentName":"Dam","GISAcres":18.142744728212815,"FireCause":"Human","Year":2007}},{"type":"Feature","geometry":{"type":"Polygon","coordinates":[[[-119.58156,39.78279],[-119.5795,39.78508],[-119.57828,39.78461],[-119.57763,39.78319],[-119.57697,39.78334],[-119.57933,39.78216],[-119.58156,39.78279]]]},"properties":{"IncidentName":"Whiskey Spgs","GISAcres":18.540294319895157,"FireCause":"Human","Year":2007}},{"type":"Feature","geometry":{"type":"Polygon","coordinates":[[[-119.75378,39.24769],[-119.75238,39.25076],[-119.74559,39.25326],[-119.74406,39.25589],[-119.74084,39.25851],[-119.74023,39.25631],[-119.74176,39.25558],[-119.74412,39.24987],[-119.74913,39.24766],[-119.75378,39.24769]]]},"properties":{"IncidentName":"Washoe","GISAcres":120.53268419847512,"FireCause":"Human","Year":2007}},{"type":"Feature","geometry":{"type":"Polygon","coordinates":[[[-119.60964,39.54313],[-119.60779,39.54717],[-119.60582,39.54861],[-119.6063,39.55248],[-119.60106,39.55458],[-119.60144,39.56034],[-119.60016,39.56195],[-119.59323,39.56087],[-119.58839,39.56443],[-119.57925,39.56482],[-119.57737,39.56597],[-119.57591,39.56464],[-119.5783,39.56382],[-119.57839,39.56284],[-119.57594,39.55834],[-119.56861,39.56311],[-119.56338,39.56356],[-119.56208,39.56258],[-119.56257,39.55993],[-119.56542,39.55723],[-119.56618,39.5544],[-119.57361,39.55069],[-119.58777,39.54719],[-119.596,39.54332],[-119.59963,39.54473],[-119.60457,39.54256],[-119.60488,39.54006],[-119.60964,39.54313]]]},"properties":{"IncidentName":"Mustang","GISAcres":1411.2896727977798,"FireCause":"Human","Year":2007}},{"type":"Feature","geometry":{"type":"Polygon","coordinates":[[[-119.0587,39.39633],[-119.05838,39.3973],[-119.05643,39.39764],[-119.05492,39.39584],[-119.05213,39.39477],[-119.0566,39.39335],[-119.05625,39.39241],[-119.0575,39.39185],[-119.05823,39.39239],[-119.05604,39.39406],[-119.05664,39.39464],[-119.05617,39.39526],[-119.05728,39.39477],[-119.0587,39.39633]]]},"properties":{"IncidentName":"Lahontan","GISAcres":35.69374217206953,"FireCause":"Human","Year":2007}},{"type":"Feature","geometry":{"type":"Polygon","coordinates":[[[-120.01161,39.72262],[-120.01276,39.72216],[-120.01378,39.72288],[-120.01562,39.72726],[-120.01519,39.72867],[-120.01152,39.73042],[-120.00686,39.72908],[-120.00689,39.72787],[-120.01161,39.72262]]]},"properties":{"IncidentName":"Petersen 7","GISAcres":105.31511669161326,"FireCause":"Natural","Year":2007}},{"type":"Feature","geometry":{"type":"Polygon","coordinates":[[[-119.67225,39.24898],[-119.66499,39.24624],[-119.66333,39.24829],[-119.65947,39.24692],[-119.65231,39.24934],[-119.65127,39.24897],[-119.65112,39.24697],[-119.64915,39.24642],[-119.64895,39.24543],[-119.64645,39.24647],[-119.64647,39.24827],[-119.64567,39.24915],[-119.6437,39.2496],[-119.64185,39.24868],[-119.64004,39.24964],[-119.64043,39.24617],[-119.63865,39.24424],[-119.63949,39.24008],[-119.64063,39.23781],[-119.64243,39.23814],[-119.64546,39.23975],[-119.64697,39.24294],[-119.6533,39.24567],[-119.65741,39.24486],[-119.65884,39.24527],[-119.66068,39.24423],[-119.66278,39.24419],[-119.66359,39.24286],[-119.67016,39.24185],[-119.67278,39.24303],[-119.67474,39.24668],[-119.67225,39.24898]]]},"properties":{"IncidentName":"Industrial","GISAcres":427.96612094985875,"FireCause":"Human","Year":2007}},{"type":"Feature","geometry":{"type":"MultiPolygon","coordinates":[[[[-120.04981,40.11709],[-120.04927,40.11848],[-120.04794,40.11925],[-120.04324,40.12015],[-120.0414,40.12164],[-120.04045,40.12072],[-120.0422,40.12026],[-120.04216,40.11962],[-120.04105,40.1199],[-120.0425,40.11871],[-120.04113,40.11829],[-120.03766,40.12007],[-120.03612,40.11925],[-120.03433,40.12017],[-120.03327,40.11985],[-120.03251,40.12109],[-120.0306,40.12132],[-120.03008,40.12265],[-120.02853,40.12307],[-120.02692,40.12232],[-120.02849,40.12103],[-120.02692,40.12139],[-120.02578,40.12024],[-120.02611,40.11955],[-120.02454,40.12015],[-120.02413,40.11936],[-120.02127,40.1189],[-120.02523,40.11735],[-120.02367,40.11647],[-120.02329,40.11521],[-120.02519,40.11398],[-120.02775,40.11693],[-120.02982,40.11746],[-120.03486,40.11774],[-120.03847,40.11631],[-120.04655,40.11531],[-120.04683,40.1161],[-120.04861,40.11615],[-120.04981,40.11709]]],[[[-120.0252,40.11398],[-120.02519,40.11398],[-120.02519,40.11397],[-120.0252,40.11398]]],[[[-120.02519,40.11398],[-120.02519,40.11398],[-120.02518,40.11397],[-120.02519,40.11398]]],[[[-120.0495,40.11785],[-120.04949,40.11785],[-120.04949,40.11785],[-120.0495,40.11785]]],[[[-120.03911,40.11623],[-120.03911,40.11623],[-120.03911,40.11623],[-120.03911,40.11623]]],[[[-120.03515,40.11711],[-120.03515,40.11711],[-120.03515,40.11711],[-120.03515,40.11711]]]]},"properties":{"IncidentName":"Honey 1","GISAcres":234.45213278646656,"FireCause":"Natural","Year":2007}},{"type":"Feature","geometry":{"type":"Polygon","coordinates":[[[-119.43052,39.68923],[-119.42752,39.69067],[-119.4261,39.69],[-119.42717,39.68816],[-119.42951,39.68775],[-119.43052,39.68923]]]},"properties":{"IncidentName":"Virginia","GISAcres":16.404014536503862,"FireCause":"Natural","Year":2007}},{"type":"Feature","geometry":{"type":"Polygon","coordinates":[[[-119.71775,39.59874],[-119.71846,39.59902],[-119.71492,39.60244],[-119.71524,39.60349],[-119.71475,39.60297],[-119.71413,39.60437],[-119.71415,39.60668],[-119.71153,39.60683],[-119.71204,39.60617],[-119.71142,39.60542],[-119.71043,39.60688],[-119.70801,39.60456],[-119.71063,39.60308],[-119.71187,39.6007],[-119.71432,39.59922],[-119.71436,39.59806],[-119.71344,39.59827],[-119.71496,39.59668],[-119.71734,39.59868],[-119.71668,39.59909],[-119.71775,39.59874]]]},"properties":{"IncidentName":"Vista Swamp","GISAcres":95.45204004990568,"FireCause":"Natural","Year":2007}},{"type":"Feature","geometry":{"type":"Polygon","coordinates":[[[-119.46393,39.30854],[-119.46418,39.31047],[-119.46257,39.3113],[-119.46136,39.31012],[-119.46122,39.30818],[-119.46236,39.30726],[-119.46393,39.30854]]]},"properties":{"IncidentName":"Leegard","GISAcres":18.29256850731367,"FireCause":"Human","Year":2007}},{"type":"Feature","geometry":{"type":"Polygon","coordinates":[[[-119.38779,39.23571],[-119.38374,39.23523],[-119.38605,39.2331],[-119.38845,39.23372],[-119.38779,39.23571]]]},"properties":{"IncidentName":"Adrian 2","GISAcres":19.105187042553005,"FireCause":"Natural","Year":2007}},{"type":"Feature","geometry":{"type":"Polygon","coordinates":[[[-119.70313,40.20132],[-119.69904,40.2018],[-119.6963,40.20533],[-119.69378,40.20693],[-119.69016,40.20374],[-119.6892,40.20053],[-119.69012,40.1985],[-119.69281,40.19687],[-119.69541,40.19214],[-119.69402,40.18327],[-119.69518,40.18319],[-119.69572,40.18479],[-119.69682,40.1854],[-119.69837,40.18479],[-119.69769,40.18216],[-119.69852,40.17832],[-119.69958,40.17898],[-119.6999,40.18273],[-119.70317,40.18785],[-119.71022,40.18961],[-119.71138,40.1918],[-119.71101,40.19234],[-119.70794,40.19132],[-119.7071,40.19214],[-119.70866,40.19584],[-119.70758,40.19794],[-119.70917,40.20113],[-119.70877,40.20254],[-119.70707,40.20278],[-119.70313,40.20132]]]},"properties":{"IncidentName":"Needles","GISAcres":657.875745188623,"FireCause":"Natural","Year":2007}},{"type":"Feature","geometry":{"type":"Polygon","coordinates":[[[-119.40565,39.20985],[-119.39447,39.22286],[-119.39337,39.22712],[-119.39079,39.23001],[-119.39074,39.23218],[-119.38881,39.23372],[-119.3885,39.23937],[-119.38537,39.24308],[-119.3807,39.24402],[-119.37488,39.25146],[-119.37378,39.25195],[-119.36907,39.25097],[-119.36441,39.25281],[-119.35688,39.24871],[-119.35438,39.25116],[-119.35017,39.25282],[-119.34416,39.25368],[-119.34202,39.25544],[-119.34192,39.25331],[-119.34517,39.25015],[-119.34471,39.24807],[-119.34876,39.24456],[-119.34862,39.24365],[-119.33712,39.23871],[-119.33461,39.23649],[-119.33051,39.23121],[-119.33113,39.22729],[-119.32923,39.22],[-119.3188,39.21704],[-119.32186,39.21577],[-119.32388,39.21363],[-119.3194,39.20973],[-119.31815,39.20509],[-119.31443,39.20287],[-119.31456,39.20088],[-119.31324,39.19666],[-119.31449,39.19638],[-119.31706,39.19865],[-119.3188,39.19801],[-119.31867,39.19407],[-119.31991,39.18794],[-119.3186,39.18664],[-119.31739,39.18665],[-119.31576,39.19056],[-119.3145,39.18955],[-119.31435,39.17754],[-119.31058,39.17147],[-119.31128,39.16999],[-119.31524,39.16741],[-119.31674,39.1644],[-119.31594,39.16281],[-119.31255,39.16134],[-119.31509,39.15817],[-119.31417,39.15425],[-119.31897,39.15229],[-119.32737,39.15183],[-119.32965,39.15376],[-119.33258,39.15128],[-119.33608,39.1523],[-119.34187,39.15106],[-119.34714,39.15112],[-119.36241,39.15231],[-119.3744,39.15432],[-119.37989,39.15307],[-119.38646,39.15292],[-119.38807,39.15537],[-119.39424,39.15667],[-119.39393,39.15858],[-119.3901,39.16018],[-119.39098,39.16331],[-119.39047,39.16478],[-119.38498,39.1678],[-119.37958,39.17432],[-119.37254,39.17481],[-119.37005,39.17608],[-119.36938,39.18141],[-119.36393,39.18846],[-119.36076,39.19131],[-119.36056,39.19374],[-119.36251,39.19717],[-119.37325,39.19959],[-119.37723,39.19855],[-119.38195,39.19444],[-119.38403,39.19358],[-119.38446,39.1952],[-119.38028,39.19926],[-119.37765,39.20616],[-119.37848,39.20756],[-119.38151,39.20846],[-119.38241,39.21071],[-119.38997,39.21148],[-119.39742,39.20717],[-119.39822,39.20724],[-119.39871,39.2084],[-119.39455,39.21104],[-119.39423,39.21158],[-119.39526,39.21248],[-119.39939,39.21283],[-119.40447,39.20901],[-119.40565,39.20985]]]},"properties":{"IncidentName":"Adrian","GISAcres":14001.277286193494,"FireCause":"Natural","Year":2007}},{"type":"Feature","geometry":{"type":"Polygon","coordinates":[[[-119.73495,39.66248],[-119.74259,39.6665],[-119.74749,39.66563],[-119.74858,39.66764],[-119.74749,39.67028],[-119.74769,39.67271],[-119.74969,39.67205],[-119.75133,39.67292],[-119.75673,39.68118],[-119.74903,39.68265],[-119.73928,39.67845],[-119.73348,39.6771],[-119.73546,39.67596],[-119.73526,39.67493],[-119.7335,39.67508],[-119.73383,39.67272],[-119.73471,39.67277],[-119.73569,39.67458],[-119.73687,39.67309],[-119.73585,39.67175],[-119.73824,39.67058],[-119.73503,39.66981],[-119.73679,39.66913],[-119.73615,39.66642],[-119.73432,39.66506],[-119.73415,39.66221],[-119.73495,39.66248]]]},"properties":{"IncidentName":"Hungry Valley","GISAcres":568.8497652189938,"FireCause":"Natural","Year":2007}},{"type":"Feature","geometry":{"type":"Polygon","coordinates":[[[-119.76646,39.5669],[-119.76554,39.56838],[-119.76324,39.5685],[-119.76156,39.56744],[-119.76168,39.56499],[-119.7637,39.56635],[-119.76646,39.5669]]]},"properties":{"IncidentName":"Sullivan","GISAcres":23.95557997315504,"FireCause":"Human","Year":2007}},{"type":"Feature","geometry":{"type":"Polygon","coordinates":[[[-119.86435,39.8267],[-119.86303,39.82607],[-119.86302,39.82315],[-119.86443,39.82474],[-119.86435,39.8267]]]},"properties":{"IncidentName":"Wiley","GISAcres":10.632223861179625,"FireCause":"Natural","Year":2007}},{"type":"Feature","geometry":{"type":"Polygon","coordinates":[[[-119.85865,39.88981],[-119.8563,39.89144],[-119.85694,39.89323],[-119.85811,39.89344],[-119.85676,39.89516],[-119.85453,39.89486],[-119.8528,39.89572],[-119.85132,39.89481],[-119.84943,39.89483],[-119.84702,39.894],[-119.84723,39.89307],[-119.84603,39.89211],[-119.84601,39.89117],[-119.84805,39.8907],[-119.84833,39.89168],[-119.84945,39.89132],[-119.85305,39.89287],[-119.85396,39.89238],[-119.85361,39.89186],[-119.85579,39.89101],[-119.85563,39.88945],[-119.85865,39.88981]]]},"properties":{"IncidentName":"Bedell Flats","GISAcres":82.05764523162932,"FireCause":"Natural","Year":2007}},{"type":"Feature","geometry":{"type":"MultiPolygon","coordinates":[[[[-119.91048,39.83272],[-119.90685,39.83452],[-119.90316,39.83439],[-119.90386,39.83358],[-119.90271,39.83317],[-119.89605,39.83581],[-119.89493,39.83553],[-119.89757,39.83301],[-119.90238,39.83093],[-119.90094,39.82911],[-119.89697,39.83001],[-119.89848,39.82777],[-119.90144,39.82752],[-119.90783,39.83],[-119.91041,39.83143],[-119.91048,39.83272]]],[[[-119.90478,39.83432],[-119.90477,39.83433],[-119.90478,39.83432],[-119.90478,39.83432]]]]},"properties":{"IncidentName":"Granite","GISAcres":140.8853144433315,"FireCause":"Natural","Year":2007}},{"type":"Feature","geometry":{"type":"Polygon","coordinates":[[[-119.64884,39.88315],[-119.64462,39.88507],[-119.6422,39.88478],[-119.64521,39.88259],[-119.64884,39.88315]]]},"properties":{"IncidentName":"Pig Rock","GISAcres":24.735867439998746,"FireCause":"Human","Year":2007}},{"type":"Feature","geometry":{"type":"Polygon","coordinates":[[[-119.78509,40.23568],[-119.78223,40.23924],[-119.78122,40.24211],[-119.77559,40.24216],[-119.77302,40.24831],[-119.76972,40.2494],[-119.76907,40.25096],[-119.75921,40.25437],[-119.75244,40.25566],[-119.74923,40.25918],[-119.74373,40.26065],[-119.74133,40.263],[-119.73678,40.26116],[-119.73105,40.26196],[-119.72696,40.2615],[-119.71303,40.25628],[-119.7025,40.26033],[-119.69613,40.26167],[-119.687,40.26073],[-119.68608,40.2614],[-119.68596,40.26453],[-119.6829,40.27206],[-119.68109,40.27363],[-119.68018,40.27323],[-119.67767,40.26815],[-119.67639,40.26443],[-119.67686,40.26113],[-119.67492,40.25833],[-119.67303,40.26026],[-119.66387,40.26219],[-119.6566,40.26647],[-119.65299,40.26588],[-119.64256,40.26086],[-119.64313,40.25312],[-119.6458,40.24712],[-119.64031,40.23385],[-119.64266,40.22914],[-119.64073,40.22393],[-119.64053,40.221],[-119.64122,40.21947],[-119.64546,40.21849],[-119.6473,40.21643],[-119.64889,40.21591],[-119.65274,40.21973],[-119.65808,40.22237],[-119.66087,40.22221],[-119.66362,40.21974],[-119.66677,40.22162],[-119.6686,40.22063],[-119.67092,40.21662],[-119.67785,40.21542],[-119.67934,40.21668],[-119.68223,40.22375],[-119.68583,40.22641],[-119.68889,40.23081],[-119.69004,40.23088],[-119.69054,40.22946],[-119.68837,40.22509],[-119.6882,40.22313],[-119.69063,40.2209],[-119.69005,40.21768],[-119.69052,40.21648],[-119.69515,40.21319],[-119.69438,40.20932],[-119.69513,40.20749],[-119.70186,40.20473],[-119.70601,40.20705],[-119.70827,40.20412],[-119.71326,40.2037],[-119.71379,40.20037],[-119.71296,40.19444],[-119.71557,40.19478],[-119.71865,40.19355],[-119.72282,40.18725],[-119.72461,40.18728],[-119.72748,40.19203],[-119.72928,40.19234],[-119.73184,40.18156],[-119.7298,40.17623],[-119.73326,40.17596],[-119.73792,40.1797],[-119.73907,40.18277],[-119.74321,40.18858],[-119.7452,40.19398],[-119.74327,40.19596],[-119.74511,40.19844],[-119.74743,40.19939],[-119.75663,40.1997],[-119.7576,40.19913],[-119.75769,40.19584],[-119.75902,40.19607],[-119.76437,40.20502],[-119.76224,40.20973],[-119.76614,40.21705],[-119.78025,40.22526],[-119.78509,40.23568]]]},"properties":{"IncidentName":"Sand Pass","GISAcres":16756.80889595841,"FireCause":"Natural","Year":2007}},{"type":"Feature","geometry":{"type":"Polygon","coordinates":[[[-119.7521,39.471],[-119.75107,39.47344],[-119.74913,39.47096],[-119.75021,39.46974],[-119.7521,39.471]]]},"properties":{"IncidentName":"Rio Poco","GISAcres":13.596797864624067,"FireCause":"Human","Year":2007}},{"type":"Feature","geometry":{"type":"Polygon","coordinates":[[[-119.70462,38.82534],[-119.70246,38.82433],[-119.70115,38.82113],[-119.70432,38.81908],[-119.705,38.8168],[-119.6971,38.81555],[-119.69661,38.81687],[-119.69752,38.81922],[-119.69625,38.82003],[-119.69526,38.82226],[-119.6945,38.82196],[-119.69465,38.82005],[-119.6924,38.81615],[-119.69226,38.81487],[-119.69567,38.81347],[-119.69783,38.81352],[-119.69986,38.80643],[-119.70541,38.80676],[-119.70612,38.80935],[-119.70321,38.80963],[-119.70531,38.81085],[-119.70535,38.81442],[-119.70612,38.81579],[-119.7095,38.81796],[-119.71045,38.81953],[-119.71069,38.82512],[-119.70857,38.82271],[-119.70817,38.8196],[-119.70699,38.81927],[-119.70645,38.82519],[-119.70462,38.82534]]]},"properties":{"IncidentName":"China Springs 2","GISAcres":334.87373653915114,"FireCause":"Human","Year":2007}},{"type":"Feature","geometry":{"type":"Polygon","coordinates":[[[-120.08304,39.73787],[-120.07845,39.73702],[-120.0809,39.73701],[-120.08232,39.73552],[-120.08337,39.73716],[-120.08304,39.73787]]]},"properties":{"IncidentName":"Bug","GISAcres":12.423986069890212,"FireCause":"Natural","Year":2004}},{"type":"Feature","geometry":{"type":"Polygon","coordinates":[[[-119.97591,39.56164],[-119.97143,39.56284],[-119.96928,39.562],[-119.97012,39.56051],[-119.97002,39.55834],[-119.96895,39.55745],[-119.97001,39.55668],[-119.96947,39.55535],[-119.97178,39.55372],[-119.97091,39.552],[-119.96837,39.55003],[-119.96891,39.54864],[-119.9672,39.54769],[-119.96676,39.54566],[-119.96672,39.54439],[-119.96913,39.54187],[-119.96817,39.53991],[-119.96853,39.53862],[-119.97238,39.53782],[-119.97452,39.53597],[-119.97588,39.5368],[-119.9791,39.53688],[-119.98036,39.53883],[-119.98245,39.53933],[-119.98145,39.53641],[-119.98538,39.53333],[-119.98887,39.53344],[-119.9916,39.53534],[-119.99022,39.5413],[-119.98613,39.54224],[-119.98488,39.54131],[-119.98401,39.54159],[-119.98678,39.54457],[-119.98667,39.54596],[-119.98464,39.54627],[-119.98592,39.5485],[-119.98517,39.55099],[-119.98887,39.55537],[-119.98965,39.55792],[-119.98656,39.55951],[-119.98389,39.55777],[-119.98095,39.55803],[-119.97881,39.56099],[-119.97591,39.56164]]]},"properties":{"IncidentName":"Verdi","GISAcres":1079.059201012236,"FireCause":"Undetermined","Year":2004}},{"type":"Feature","geometry":{"type":"Polygon","coordinates":[[[-119.95865,39.52139],[-119.9606,39.52228],[-119.9609,39.52393],[-119.95934,39.52394],[-119.95791,39.52271],[-119.95865,39.52139]]]},"properties":{"IncidentName":"Sommerset","GISAcres":13.88549656532619,"FireCause":"Undetermined","Year":2004}},{"type":"Feature","geometry":{"type":"Polygon","coordinates":[[[-119.76765,39.14935],[-119.77262,39.14244],[-119.77299,39.13434],[-119.77417,39.1326],[-119.77568,39.13202],[-119.78123,39.13414],[-119.78438,39.13795],[-119.79281,39.13882],[-119.80521,39.14158],[-119.81172,39.14464],[-119.81896,39.14572],[-119.82431,39.14991],[-119.83509,39.14759],[-119.83772,39.1516],[-119.84028,39.15902],[-119.85574,39.16652],[-119.86051,39.17123],[-119.85663,39.17503],[-119.85802,39.178],[-119.85722,39.18117],[-119.85185,39.1838],[-119.85145,39.18531],[-119.85316,39.18761],[-119.8532,39.18901],[-119.85559,39.19041],[-119.85555,39.19386],[-119.8514,39.19748],[-119.84748,39.19938],[-119.84794,39.20087],[-119.84547,39.20172],[-119.8408,39.19992],[-119.83882,39.20099],[-119.83133,39.19983],[-119.82171,39.20339],[-119.82046,39.20471],[-119.81807,39.20484],[-119.8112,39.20419],[-119.81421,39.2032],[-119.81555,39.20097],[-119.81796,39.20083],[-119.8184,39.19918],[-119.81758,39.19795],[-119.81008,39.1971],[-119.8062,39.19779],[-119.80307,39.1946],[-119.79465,39.20276],[-119.78833,39.19733],[-119.78626,39.1939],[-119.79365,39.18982],[-119.79641,39.18999],[-119.79647,39.18745],[-119.79478,39.18463],[-119.79802,39.18507],[-119.79924,39.18421],[-119.78993,39.18192],[-119.78958,39.1803],[-119.7901,39.17921],[-119.79554,39.17702],[-119.79645,39.16106],[-119.78489,39.16429],[-119.77941,39.16312],[-119.77803,39.16117],[-119.7781,39.15744],[-119.76686,39.15321],[-119.76634,39.15215],[-119.76765,39.14935]]]},"properties":{"IncidentName":"Waterfall","GISAcres":8758.71001214542,"FireCause":"Human","Year":2004}},{"type":"Feature","geometry":{"type":"Polygon","coordinates":[[[-120.01046,39.70258],[-119.9999,39.71031],[-119.99842,39.71024],[-119.99696,39.70844],[-119.99691,39.70715],[-119.9997,39.70301],[-119.99985,39.69649],[-120.00189,39.69394],[-120.00554,39.69428],[-120.01288,39.69859],[-120.01303,39.70005],[-120.01046,39.70258]]]},"properties":{"IncidentName":"Ccd Border","GISAcres":350.5815828684623,"FireCause":"Natural","Year":2004}},{"type":"Feature","geometry":{"type":"Polygon","coordinates":[[[-119.6463,39.94389],[-119.64816,39.94213],[-119.65085,39.94275],[-119.64896,39.94436],[-119.6463,39.94389]]]},"properties":{"IncidentName":"Hardscrabble","GISAcres":16.993861307906908,"FireCause":"Natural","Year":2004}},{"type":"Feature","geometry":{"type":"MultiPolygon","coordinates":[[[[-119.82309,39.72635],[-119.82176,39.72841],[-119.82236,39.72959],[-119.8215,39.73028],[-119.82191,39.72985],[-119.82056,39.72882],[-119.82045,39.72745],[-119.81899,39.72648],[-119.82062,39.72698],[-119.82077,39.72627],[-119.81993,39.72582],[-119.82032,39.72457],[-119.81892,39.72221],[-119.8227,39.72341],[-119.82309,39.72635]]],[[[-119.81975,39.72392],[-119.8197,39.72397],[-119.81967,39.72397],[-119.81975,39.72392]]],[[[-119.81967,39.72397],[-119.81965,39.72398],[-119.81957,39.72395],[-119.81967,39.72397]]],[[[-119.81965,39.72399],[-119.81963,39.72399],[-119.81965,39.72398],[-119.81965,39.72399]]]]},"properties":{"IncidentName":"Hungry","GISAcres":39.25557863270556,"FireCause":"Natural","Year":2004}},{"type":"Feature","geometry":{"type":"Polygon","coordinates":[[[-119.76235,39.32839],[-119.76371,39.32923],[-119.76249,39.33546],[-119.76281,39.33845],[-119.75991,39.35191],[-119.75573,39.35962],[-119.75341,39.36137],[-119.75387,39.36228],[-119.75149,39.36076],[-119.75139,39.35815],[-119.74925,39.35722],[-119.74579,39.35817],[-119.74216,39.36049],[-119.73889,39.36116],[-119.73838,39.36422],[-119.73614,39.36433],[-119.73574,39.36124],[-119.73309,39.36152],[-119.73009,39.36371],[-119.72856,39.36767],[-119.7221,39.37282],[-119.71714,39.37136],[-119.71589,39.37188],[-119.71332,39.37787],[-119.70852,39.38071],[-119.70286,39.38122],[-119.70136,39.38055],[-119.70504,39.37948],[-119.70701,39.37612],[-119.70657,39.37373],[-119.70403,39.3751],[-119.69553,39.37649],[-119.69716,39.37504],[-119.7062,39.37151],[-119.70733,39.36811],[-119.70617,39.36694],[-119.70635,39.36612],[-119.7114,39.36252],[-119.71424,39.3618],[-119.71751,39.35922],[-119.72284,39.35751],[-119.72406,39.35645],[-119.72491,39.35491],[-119.72509,39.3506],[-119.72873,39.34513],[-119.73006,39.34494],[-119.73306,39.34645],[-119.73282,39.34754],[-119.73489,39.34831],[-119.73845,39.34616],[-119.74287,39.34627],[-119.74389,39.33835],[-119.74236,39.33164],[-119.74286,39.32994],[-119.74564,39.32928],[-119.74799,39.33047],[-119.7505,39.32998],[-119.75235,39.33081],[-119.75879,39.32701],[-119.76235,39.32839]]]},"properties":{"IncidentName":"Andrew","GISAcres":2691.4273204940037,"FireCause":"Human","Year":2004}},{"type":"Feature","geometry":{"type":"Polygon","coordinates":[[[-120.07761,40.08062],[-120.07633,40.07858],[-120.07489,40.08075],[-120.07242,40.08071],[-120.07034,40.07766],[-120.07693,40.07749],[-120.07796,40.07689],[-120.07719,40.07485],[-120.0842,40.07496],[-120.0857,40.07575],[-120.08255,40.07693],[-120.08085,40.07992],[-120.07882,40.0791],[-120.07886,40.08024],[-120.07761,40.08062]]]},"properties":{"IncidentName":"Ccd Turtle","GISAcres":94.81867812024977,"FireCause":"Natural","Year":2003}},{"type":"Feature","geometry":{"type":"Polygon","coordinates":[[[-119.80496,39.11485],[-119.80867,39.11521],[-119.80958,39.11693],[-119.8111,39.11677],[-119.81264,39.11778],[-119.81214,39.12094],[-119.81048,39.12415],[-119.80902,39.12351],[-119.80382,39.12601],[-119.79345,39.12445],[-119.78423,39.12601],[-119.78333,39.12355],[-119.78401,39.12036],[-119.78345,39.11973],[-119.78928,39.11898],[-119.78978,39.11823],[-119.78884,39.11657],[-119.79055,39.11476],[-119.7955,39.11468],[-119.80081,39.11692],[-119.80496,39.11485]]]},"properties":{"IncidentName":"Hwy 50 (USFS 4)","GISAcres":587.7699420523284,"FireCause":"Undetermined","Year":2003}},{"type":"Feature","geometry":{"type":"Polygon","coordinates":[[[-119.97306,39.71771],[-119.96874,39.71589],[-119.9727,39.71309],[-119.97424,39.71334],[-119.97542,39.7151],[-119.97459,39.7169],[-119.97306,39.71771]]]},"properties":{"IncidentName":"Petersen","GISAcres":41.00471069889657,"FireCause":"Natural","Year":2003}},{"type":"Feature","geometry":{"type":"Polygon","coordinates":[[[-119.91971,39.63417],[-119.9175,39.63239],[-119.91589,39.62956],[-119.91649,39.6287],[-119.91598,39.62694],[-119.92044,39.62668],[-119.92272,39.62752],[-119.92229,39.62971],[-119.92379,39.63078],[-119.9242,39.63291],[-119.92372,39.63484],[-119.92218,39.63615],[-119.92156,39.63499],[-119.91971,39.63417]]]},"properties":{"IncidentName":"Red Rock","GISAcres":117.51669675163718,"FireCause":"Human","Year":2003}},{"type":"Feature","geometry":{"type":"Polygon","coordinates":[[[-119.65424,39.26508],[-119.65594,39.26654],[-119.65482,39.26615],[-119.65429,39.267],[-119.6544,39.26636],[-119.65339,39.26645],[-119.65189,39.2644],[-119.65124,39.26475],[-119.64891,39.26282],[-119.65028,39.26353],[-119.64951,39.26181],[-119.65298,39.26157],[-119.65167,39.26296],[-119.65311,39.26532],[-119.65424,39.26508]]]},"properties":{"IncidentName":"American","GISAcres":26.117828130659063,"FireCause":"Human","Year":2003}},{"type":"Feature","geometry":{"type":"Polygon","coordinates":[[[-120.08583,39.75715],[-120.08373,39.75737],[-120.08324,39.75823],[-120.07772,39.75627],[-120.08116,39.7558],[-120.08111,39.75447],[-120.08573,39.75207],[-120.08553,39.74982],[-120.08708,39.74788],[-120.09395,39.74132],[-120.09903,39.73767],[-120.09577,39.73623],[-120.08141,39.73557],[-120.07835,39.73402],[-120.07324,39.7352],[-120.06425,39.73445],[-120.06067,39.73259],[-120.05796,39.73252],[-120.05678,39.7299],[-120.05715,39.72808],[-120.07047,39.71993],[-120.07264,39.7204],[-120.07732,39.72272],[-120.0794,39.72488],[-120.08259,39.72587],[-120.08382,39.72686],[-120.08373,39.72827],[-120.09002,39.72868],[-120.09427,39.73166],[-120.10504,39.73334],[-120.11221,39.73089],[-120.11699,39.73271],[-120.11759,39.73565],[-120.11849,39.73651],[-120.12907,39.73638],[-120.13038,39.73791],[-120.1295,39.7402],[-120.13613,39.74186],[-120.14255,39.74791],[-120.14321,39.74956],[-120.1427,39.75203],[-120.14061,39.75479],[-120.14229,39.75898],[-120.14182,39.76675],[-120.13965,39.76788],[-120.14025,39.77132],[-120.13253,39.77048],[-120.12158,39.77112],[-120.11832,39.76945],[-120.10995,39.76758],[-120.1086,39.77151],[-120.10729,39.77288],[-120.09588,39.77314],[-120.09628,39.77501],[-120.09555,39.77567],[-120.09208,39.77681],[-120.08832,39.77649],[-120.08586,39.7749],[-120.08665,39.77127],[-120.0859,39.76831],[-120.08367,39.76587],[-120.08395,39.76149],[-120.08496,39.76059],[-120.09088,39.76057],[-120.08583,39.75715]]]},"properties":{"IncidentName":"Tnf Chil","GISAcres":5422.508772185457,"FireCause":"Natural","Year":2003}},{"type":"Feature","geometry":{"type":"Polygon","coordinates":[[[-119.48778,38.96455],[-119.49458,38.96813],[-119.4963,38.9701],[-119.49419,38.96969],[-119.48141,38.97171],[-119.46868,38.9748],[-119.46742,38.97418],[-119.46572,38.97527],[-119.4654,38.97806],[-119.46229,38.97845],[-119.46079,38.97761],[-119.45931,38.97368],[-119.46398,38.97039],[-119.46082,38.96884],[-119.45931,38.96907],[-119.45975,38.96762],[-119.45836,38.96497],[-119.45969,38.96321],[-119.45916,38.96225],[-119.45567,38.96133],[-119.45571,38.95991],[-119.45689,38.95887],[-119.45889,38.9595],[-119.46193,38.961],[-119.46352,38.96293],[-119.4648,38.96226],[-119.46805,38.96324],[-119.47902,38.96304],[-119.48778,38.96455]]]},"properties":{"IncidentName":"Buckeye","GISAcres":813.5336141853388,"FireCause":"Natural","Year":2002}},{"type":"Feature","geometry":{"type":"Polygon","coordinates":[[[-120.03156,40.00471],[-120.03504,40.00314],[-120.03791,40.00329],[-120.04083,40.00464],[-120.04265,40.01022],[-120.04378,40.00974],[-120.04684,40.01098],[-120.04807,40.01293],[-120.04477,40.01796],[-120.04319,40.02271],[-120.04777,40.02748],[-120.04839,40.0316],[-120.04948,40.03207],[-120.04827,40.03392],[-120.04916,40.03936],[-120.04673,40.04273],[-120.0455,40.04818],[-120.04246,40.05327],[-120.04372,40.05737],[-120.04641,40.05978],[-120.04757,40.06331],[-120.04484,40.06608],[-120.03938,40.06804],[-120.04036,40.06898],[-120.04563,40.06941],[-120.04873,40.07123],[-120.05002,40.07327],[-120.04668,40.07304],[-120.04465,40.07783],[-120.03604,40.08193],[-120.02585,40.07701],[-120.02169,40.07732],[-120.01905,40.07643],[-120.01288,40.0725],[-120.00528,40.0738],[-120.00076,40.07261],[-119.99698,40.07322],[-119.99552,40.07171],[-119.9936,40.07148],[-119.99304,40.07477],[-119.99539,40.07715],[-119.98917,40.07761],[-119.98848,40.07884],[-119.98951,40.08169],[-119.9919,40.08346],[-119.9953,40.0829],[-119.99663,40.08454],[-120.00026,40.0854],[-120.00706,40.08481],[-120.00765,40.08674],[-120.011,40.08635],[-120.01177,40.08716],[-120.01138,40.08769],[-120.00814,40.08751],[-120.00461,40.08881],[-120.00116,40.08798],[-119.99721,40.08947],[-119.99439,40.08885],[-119.98268,40.08955],[-119.97138,40.08899],[-119.96689,40.08748],[-119.96255,40.08844],[-119.96034,40.08765],[-119.95572,40.08925],[-119.95478,40.08886],[-119.95439,40.08735],[-119.95136,40.08841],[-119.95575,40.08518],[-119.95853,40.08614],[-119.96337,40.08579],[-119.96386,40.08296],[-119.9658,40.08125],[-119.9618,40.07815],[-119.96072,40.07865],[-119.96042,40.08032],[-119.95823,40.07945],[-119.95697,40.08079],[-119.95649,40.07834],[-119.95229,40.07677],[-119.94899,40.07827],[-119.94934,40.07978],[-119.95214,40.07981],[-119.95139,40.08297],[-119.94962,40.08307],[-119.9466,40.07956],[-119.94372,40.0782],[-119.9424,40.07566],[-119.94555,40.07573],[-119.9463,40.07042],[-119.94227,40.06395],[-119.94189,40.06114],[-119.94497,40.06065],[-119.94615,40.05842],[-119.94848,40.05843],[-119.94666,40.05706],[-119.94722,40.0554],[-119.95188,40.05151],[-119.95064,40.04911],[-119.94732,40.04781],[-119.94451,40.045],[-119.94181,40.04371],[-119.9418,40.04029],[-119.94038,40.03653],[-119.93552,40.03296],[-119.93454,40.03087],[-119.9356,40.02762],[-119.93583,40.0229],[-119.93999,40.02056],[-119.94126,40.01852],[-119.94261,40.01859],[-119.94344,40.02149],[-119.9468,40.02145],[-119.94972,40.01936],[-119.95024,40.0169],[-119.95674,40.01632],[-119.95531,40.01426],[-119.95279,40.01471],[-119.94293,40.00936],[-119.94593,40.00929],[-119.9428,40.00681],[-119.94551,40.00637],[-119.94405,40.00487],[-119.94557,40.0017],[-119.94534,39.99863],[-119.94632,40.00066],[-119.94961,40.00267],[-119.94919,40.00514],[-119.95157,40.00762],[-119.95435,40.00678],[-119.9538,40.00495],[-119.95573,40.00441],[-119.95715,40.00497],[-119.95801,40.00373],[-119.95674,40.00254],[-119.95403,40.00285],[-119.9531,39.99696],[-119.95006,39.99516],[-119.95185,39.99233],[-119.95072,39.99095],[-119.9513,39.98859],[-119.94951,39.98212],[-119.95352,39.98301],[-119.95637,39.98459],[-119.95493,39.9888],[-119.95561,39.99081],[-119.95657,39.99138],[-119.95989,39.99144],[-119.96055,39.98643],[-119.96265,39.9841],[-119.96153,39.98128],[-119.96653,39.97828],[-119.96986,39.97943],[-119.96991,39.98232],[-119.97239,39.98278],[-119.97552,39.97954],[-119.98069,39.97943],[-119.98075,39.98075],[-119.97906,39.98162],[-119.97952,39.98227],[-119.98491,39.98246],[-119.98525,39.98543],[-119.98837,39.98822],[-119.99441,39.98834],[-120.00056,39.98636],[-120.00223,39.98996],[-120.00236,39.9931],[-120.0045,39.99271],[-120.0051,39.9917],[-120.01003,39.99141],[-120.01468,39.98947],[-120.01911,39.9925],[-120.02035,39.9961],[-120.02187,39.99639],[-120.02634,39.99545],[-120.02798,39.99359],[-120.02809,39.99127],[-120.02893,39.99075],[-120.02962,39.99173],[-120.02722,39.99576],[-120.02962,39.99652],[-120.03388,39.99575],[-120.03456,39.99639],[-120.03354,39.99758],[-120.03383,39.99939],[-120.03167,39.99928],[-120.03002,40.00081],[-120.02987,40.00214],[-120.03156,40.00471]]]},"properties":{"IncidentName":"Fish","GISAcres":21460.38588198249,"FireCause":"Natural","Year":2001}},{"type":"Feature","geometry":{"type":"Polygon","coordinates":[[[-119.56369,38.88576],[-119.55591,38.88773],[-119.55205,38.89007],[-119.54201,38.88736],[-119.54263,38.88575],[-119.5466,38.88418],[-119.54473,38.88377],[-119.54521,38.88252],[-119.54201,38.88138],[-119.54003,38.88369],[-119.53943,38.88602],[-119.53808,38.88706],[-119.5375,38.88966],[-119.53802,38.89155],[-119.53707,38.89189],[-119.53588,38.89151],[-119.53471,38.88761],[-119.53279,38.88791],[-119.5317,38.88717],[-119.53125,38.88504],[-119.53322,38.88441],[-119.5323,38.88262],[-119.53485,38.88098],[-119.53495,38.87983],[-119.54187,38.87883],[-119.54427,38.87775],[-119.54717,38.87896],[-119.55179,38.88351],[-119.55518,38.88338],[-119.56369,38.88576]]]},"properties":{"IncidentName":"Wna 4","GISAcres":444.8330329567847,"FireCause":"Natural","Year":2001}},{"type":"Feature","geometry":{"type":"Polygon","coordinates":[[[-119.63392,40.01002],[-119.63687,40.01137],[-119.63846,40.01089],[-119.63587,40.00713],[-119.63647,40.00608],[-119.64245,40.00406],[-119.65656,40.00245],[-119.65795,40.00009],[-119.65701,39.99738],[-119.65159,39.99699],[-119.64902,39.99576],[-119.64915,39.99739],[-119.63817,40.00007],[-119.633,39.99781],[-119.63168,39.9938],[-119.62679,39.99044],[-119.62592,39.98788],[-119.62633,39.98688],[-119.63788,39.98563],[-119.63916,39.98386],[-119.64464,39.9823],[-119.64135,39.97561],[-119.64284,39.97409],[-119.64194,39.97253],[-119.64852,39.96772],[-119.64304,39.96576],[-119.64048,39.96639],[-119.63929,39.96548],[-119.63706,39.96597],[-119.63212,39.9649],[-119.63004,39.96599],[-119.63092,39.9673],[-119.62825,39.96811],[-119.6256,39.96782],[-119.62495,39.97111],[-119.62246,39.97488],[-119.62,39.97474],[-119.61605,39.97061],[-119.61439,39.96773],[-119.61339,39.96354],[-119.61207,39.96272],[-119.62809,39.9606],[-119.63369,39.95889],[-119.64911,39.95787],[-119.65365,39.95886],[-119.66414,39.95537],[-119.66637,39.95636],[-119.66653,39.9572],[-119.66892,39.95734],[-119.67118,39.95907],[-119.67316,39.96215],[-119.67574,39.96372],[-119.67892,39.96774],[-119.68361,39.9708],[-119.68372,39.97348],[-119.6857,39.9764],[-119.68533,39.9802],[-119.68079,39.98105],[-119.67692,39.98416],[-119.67663,39.9867],[-119.67768,39.98885],[-119.67801,39.99239],[-119.67551,39.99418],[-119.67497,39.99682],[-119.67593,40.00175],[-119.67803,40.00101],[-119.68314,40.00146],[-119.6843,40.00332],[-119.68061,40.00435],[-119.67732,40.00269],[-119.67597,40.00282],[-119.6718,40.00485],[-119.67251,40.00656],[-119.67577,40.00763],[-119.67849,40.01103],[-119.67656,40.01784],[-119.67715,40.0214],[-119.67537,40.02213],[-119.67502,40.02457],[-119.672,40.02642],[-119.67256,40.02438],[-119.67191,40.02419],[-119.66903,40.02634],[-119.66541,40.02618],[-119.66301,40.02732],[-119.65779,40.02568],[-119.65246,40.0262],[-119.65084,40.02257],[-119.64971,40.02185],[-119.64591,40.02021],[-119.64155,40.02075],[-119.63644,40.01854],[-119.6342,40.01388],[-119.63392,40.01002]]]},"properties":{"IncidentName":"Wna 6","GISAcres":6522.0556903003635,"FireCause":"Natural","Year":2001}},{"type":"Feature","geometry":{"type":"Polygon","coordinates":[[[-119.42265,39.67193],[-119.42482,39.67187],[-119.42509,39.67295],[-119.42481,39.67403],[-119.42256,39.67357],[-119.42204,39.67434],[-119.42363,39.67531],[-119.42336,39.67581],[-119.42073,39.67506],[-119.42049,39.6756],[-119.41754,39.67548],[-119.41728,39.67728],[-119.41627,39.67565],[-119.41481,39.67673],[-119.41379,39.67516],[-119.41053,39.6738],[-119.40641,39.67538],[-119.40657,39.67623],[-119.39867,39.67887],[-119.39581,39.67753],[-119.39644,39.67426],[-119.40084,39.67186],[-119.41258,39.6707],[-119.41411,39.67311],[-119.41882,39.67329],[-119.42102,39.67195],[-119.42105,39.67029],[-119.42265,39.67193]]]},"properties":{"IncidentName":"Olinghouse","GISAcres":264.97600723943754,"FireCause":"Natural","Year":2001}},{"type":"Feature","geometry":{"type":"MultiPolygon","coordinates":[[[[-119.72848,39.35999],[-119.72882,39.35854],[-119.72757,39.35478],[-119.7253,39.35343],[-119.72454,39.35188],[-119.72741,39.34693],[-119.72675,39.34535],[-119.72904,39.34486],[-119.72971,39.34379],[-119.73341,39.34449],[-119.73469,39.34512],[-119.73526,39.34683],[-119.7378,39.34759],[-119.74082,39.34498],[-119.74438,39.34478],[-119.74193,39.34886],[-119.74581,39.349],[-119.7454,39.35792],[-119.74043,39.36062],[-119.73732,39.35967],[-119.73262,39.3604],[-119.7293,39.36189],[-119.72848,39.35999]]],[[[-119.71057,39.3421],[-119.708,39.34189],[-119.70667,39.34019],[-119.70477,39.34011],[-119.70428,39.3394],[-119.70683,39.33781],[-119.70963,39.33402],[-119.70997,39.33515],[-119.71149,39.33531],[-119.71366,39.33399],[-119.71266,39.3362],[-119.7151,39.33964],[-119.71402,39.34205],[-119.71254,39.34306],[-119.71057,39.3421]]],[[[-119.7458,39.33527],[-119.74737,39.33524],[-119.74832,39.3371],[-119.74508,39.33779],[-119.7447,39.33598],[-119.7458,39.33527]]]]},"properties":{"IncidentName":"Plvallycom","GISAcres":776.0984729039352,"FireCause":"Natural","Year":2001}},{"type":"Feature","geometry":{"type":"Polygon","coordinates":[[[-119.79675,39.79156],[-119.79738,39.7974],[-119.80014,39.80284],[-119.79911,39.80492],[-119.79547,39.80775],[-119.79527,39.80901],[-119.80311,39.8116],[-119.80588,39.81325],[-119.8078,39.82417],[-119.81149,39.82963],[-119.80974,39.83841],[-119.79948,39.84911],[-119.79583,39.84957],[-119.78996,39.84745],[-119.77915,39.84143],[-119.77123,39.83541],[-119.7575,39.83421],[-119.75328,39.8305],[-119.74584,39.8216],[-119.74557,39.81876],[-119.74854,39.81405],[-119.74734,39.81279],[-119.74339,39.81171],[-119.74285,39.80885],[-119.74344,39.8081],[-119.74735,39.80614],[-119.75582,39.80795],[-119.75737,39.80777],[-119.75814,39.80684],[-119.7498,39.80255],[-119.74779,39.80064],[-119.74813,39.7991],[-119.7496,39.79823],[-119.75257,39.79831],[-119.75763,39.80207],[-119.75917,39.80236],[-119.76149,39.79882],[-119.76004,39.79613],[-119.76072,39.79515],[-119.76241,39.79459],[-119.76546,39.79603],[-119.7666,39.79566],[-119.76388,39.79125],[-119.76035,39.78939],[-119.75974,39.78579],[-119.75234,39.78283],[-119.75132,39.78117],[-119.75555,39.77335],[-119.75756,39.76717],[-119.75887,39.76608],[-119.76179,39.76547],[-119.76527,39.76635],[-119.77403,39.76969],[-119.77937,39.77274],[-119.78117,39.77621],[-119.78105,39.77987],[-119.78177,39.7813],[-119.7857,39.78393],[-119.78958,39.78519],[-119.79174,39.78858],[-119.79675,39.79156]]]},"properties":{"IncidentName":"Antelhung","GISAcres":7682.151538969099,"FireCause":"Natural","Year":2000}},{"type":"Feature","geometry":{"type":"Polygon","coordinates":[[[-119.91056,39.74667],[-119.91717,39.73764],[-119.92321,39.73412],[-119.93006,39.73273],[-119.93575,39.73304],[-119.94384,39.73878],[-119.94522,39.74343],[-119.94781,39.74464],[-119.95163,39.74411],[-119.95295,39.74517],[-119.94749,39.75323],[-119.94704,39.75673],[-119.94784,39.76151],[-119.93999,39.76732],[-119.93746,39.7713],[-119.93573,39.77248],[-119.93468,39.77121],[-119.93656,39.7668],[-119.93487,39.76357],[-119.93179,39.76207],[-119.92143,39.76067],[-119.91912,39.75879],[-119.91704,39.75841],[-119.91056,39.74667]]]},"properties":{"IncidentName":"Red Rock 2","GISAcres":2200.857212758314,"FireCause":"Natural","Year":2000}},{"type":"Feature","geometry":{"type":"Polygon","coordinates":[[[-119.39175,39.71806],[-119.39409,39.72221],[-119.39031,39.72588],[-119.3902,39.73183],[-119.38534,39.7385],[-119.37942,39.74292],[-119.38227,39.746],[-119.38666,39.74788],[-119.38743,39.74893],[-119.38726,39.75101],[-119.3838,39.75545],[-119.38184,39.76053],[-119.38021,39.76135],[-119.37617,39.75936],[-119.37175,39.7607],[-119.35793,39.76234],[-119.35072,39.74877],[-119.36277,39.72194],[-119.37962,39.71946],[-119.38707,39.72049],[-119.39005,39.72326],[-119.39139,39.72357],[-119.39331,39.72185],[-119.39175,39.71806]]]},"properties":{"IncidentName":"Jones Fire (Wna 11)","GISAcres":2867.9981286559596,"FireCause":"Natural","Year":2000}},{"type":"Feature","geometry":{"type":"Polygon","coordinates":[[[-119.78446,39.69145],[-119.78192,39.69426],[-119.78193,39.69582],[-119.78888,39.70078],[-119.79237,39.70446],[-119.79641,39.71124],[-119.79709,39.71634],[-119.80151,39.72169],[-119.79941,39.72871],[-119.79909,39.73296],[-119.80169,39.734],[-119.80428,39.73293],[-119.80523,39.7305],[-119.80331,39.7262],[-119.80342,39.7247],[-119.80577,39.72236],[-119.80877,39.72289],[-119.8086,39.72594],[-119.81121,39.73069],[-119.81266,39.73559],[-119.80835,39.73636],[-119.80787,39.74057],[-119.80586,39.742],[-119.80311,39.74199],[-119.80042,39.73955],[-119.79854,39.73892],[-119.79204,39.74141],[-119.79077,39.74305],[-119.79213,39.74767],[-119.79089,39.74897],[-119.78683,39.74914],[-119.78517,39.7478],[-119.78359,39.74479],[-119.78422,39.74196],[-119.77962,39.7377],[-119.77609,39.73167],[-119.77376,39.73089],[-119.77097,39.73181],[-119.76591,39.72914],[-119.76525,39.72807],[-119.76559,39.72457],[-119.76677,39.72165],[-119.76606,39.71546],[-119.76479,39.71424],[-119.7611,39.7141],[-119.76008,39.71212],[-119.75959,39.70782],[-119.76013,39.70635],[-119.76582,39.70091],[-119.76734,39.69569],[-119.77069,39.68977],[-119.77641,39.68426],[-119.77951,39.67944],[-119.78984,39.67794],[-119.79244,39.6788],[-119.79197,39.6798],[-119.78576,39.68283],[-119.78544,39.68435],[-119.78681,39.68823],[-119.78446,39.69145]]]},"properties":{"IncidentName":"Reno Complex (Hungary Valley)","GISAcres":4001.3301622273057,"FireCause":"Natural","Year":2000}},{"type":"Feature","geometry":{"type":"Polygon","coordinates":[[[-119.94284,39.71783],[-119.9528,39.72228],[-119.95871,39.72339],[-119.96076,39.72459],[-119.96778,39.7249],[-119.96897,39.72791],[-119.96721,39.72935],[-119.96068,39.72767],[-119.95447,39.73061],[-119.94976,39.73165],[-119.94037,39.72889],[-119.93288,39.73007],[-119.92385,39.73287],[-119.92077,39.73239],[-119.91977,39.73169],[-119.92001,39.73056],[-119.92807,39.72392],[-119.93363,39.72328],[-119.93571,39.72068],[-119.9406,39.7181],[-119.94284,39.71783]]]},"properties":{"IncidentName":"Cldsprings","GISAcres":843.9241178569956,"FireCause":"Human","Year":2000}},{"type":"Feature","geometry":{"type":"Polygon","coordinates":[[[-119.62779,39.57517],[-119.63664,39.57723],[-119.6377,39.57831],[-119.63752,39.57978],[-119.63291,39.58305],[-119.615,39.60284],[-119.60872,39.60706],[-119.60585,39.60751],[-119.59913,39.60446],[-119.59262,39.59941],[-119.59001,39.59509],[-119.58808,39.59343],[-119.5833,39.59403],[-119.60789,39.58458],[-119.62183,39.57679],[-119.62779,39.57517]]]},"properties":{"IncidentName":"Canoe","GISAcres":1794.4809136626225,"FireCause":"Natural","Year":2000}},{"type":"Feature","geometry":{"type":"Polygon","coordinates":[[[-119.86013,39.56786],[-119.86878,39.56962],[-119.87258,39.57155],[-119.87729,39.57562],[-119.87717,39.57865],[-119.88201,39.583],[-119.88099,39.58394],[-119.88361,39.58571],[-119.8834,39.58658],[-119.88598,39.58584],[-119.88956,39.58666],[-119.88986,39.588],[-119.88736,39.59066],[-119.88622,39.59478],[-119.8839,39.5956],[-119.8818,39.59296],[-119.87727,39.59158],[-119.87665,39.59011],[-119.87274,39.58876],[-119.87075,39.58574],[-119.86803,39.58628],[-119.86439,39.58527],[-119.86279,39.58266],[-119.85903,39.58184],[-119.85477,39.57968],[-119.84901,39.57406],[-119.84675,39.57349],[-119.84715,39.57266],[-119.85316,39.57208],[-119.86013,39.56786]]]},"properties":{"IncidentName":"Seneca Fire","GISAcres":1108.663098389624,"FireCause":"Undetermined","Year":2000}},{"type":"Feature","geometry":{"type":"Polygon","coordinates":[[[-119.89253,39.57408],[-119.89362,39.57569],[-119.89186,39.57723],[-119.89138,39.57468],[-119.89253,39.57408]]]},"properties":{"IncidentName":"Peavine Fire","GISAcres":9.913662851831504,"FireCause":"Undetermined","Year":2000}},{"type":"Feature","geometry":{"type":"Polygon","coordinates":[[[-119.95876,39.54837],[-119.96172,39.54907],[-119.96212,39.55101],[-119.96506,39.55324],[-119.96607,39.55614],[-119.96925,39.55861],[-119.9695,39.56104],[-119.96779,39.56347],[-119.96771,39.56508],[-119.96638,39.56578],[-119.9579,39.56383],[-119.95409,39.56518],[-119.95163,39.56718],[-119.95029,39.56723],[-119.94657,39.56391],[-119.94624,39.56264],[-119.95528,39.55054],[-119.95739,39.54863],[-119.95876,39.54837]]]},"properties":{"IncidentName":"Reno Complex (Mitchell Fire)","GISAcres":603.7268847657614,"FireCause":"Natural","Year":2000}},{"type":"Feature","geometry":{"type":"Polygon","coordinates":[[[-119.34019,39.49767],[-119.34162,39.50172],[-119.33324,39.5027],[-119.32981,39.50491],[-119.33072,39.5083],[-119.32941,39.51305],[-119.32833,39.51387],[-119.32698,39.51348],[-119.32725,39.51108],[-119.32508,39.51023],[-119.31744,39.51152],[-119.31432,39.5106],[-119.30932,39.511],[-119.30814,39.50774],[-119.3086,39.50506],[-119.30352,39.5055],[-119.2996,39.50725],[-119.29117,39.50801],[-119.28908,39.5046],[-119.28439,39.50205],[-119.28126,39.49713],[-119.277,39.49533],[-119.27759,39.49302],[-119.28117,39.49013],[-119.28559,39.48905],[-119.29269,39.48913],[-119.29834,39.49162],[-119.30177,39.49188],[-119.3032,39.49067],[-119.30309,39.48752],[-119.30437,39.4859],[-119.3033,39.4837],[-119.30065,39.48178],[-119.29939,39.48228],[-119.2975,39.48504],[-119.29421,39.48607],[-119.29198,39.48238],[-119.28383,39.47599],[-119.28359,39.47488],[-119.28563,39.47268],[-119.28571,39.47126],[-119.27842,39.47017],[-119.2756,39.46496],[-119.2848,39.46093],[-119.29056,39.46095],[-119.29323,39.46262],[-119.29681,39.46322],[-119.3032,39.4623],[-119.30195,39.46552],[-119.30291,39.46813],[-119.30776,39.47076],[-119.31595,39.47272],[-119.31674,39.47405],[-119.31627,39.47559],[-119.3221,39.47907],[-119.32112,39.47963],[-119.31934,39.4788],[-119.31903,39.47988],[-119.31661,39.48156],[-119.31639,39.48382],[-119.31481,39.48455],[-119.31647,39.48601],[-119.3184,39.48571],[-119.31978,39.48385],[-119.32266,39.48488],[-119.32509,39.48433],[-119.32895,39.48562],[-119.33487,39.48277],[-119.33558,39.4842],[-119.33859,39.48653],[-119.34155,39.48567],[-119.34519,39.4863],[-119.3458,39.48558],[-119.3445,39.48457],[-119.34691,39.48234],[-119.34828,39.48238],[-119.35116,39.48061],[-119.35293,39.48202],[-119.35453,39.4819],[-119.35753,39.4805],[-119.36066,39.47686],[-119.35954,39.47626],[-119.35716,39.47848],[-119.3531,39.47924],[-119.3526,39.47622],[-119.35538,39.4718],[-119.35992,39.47115],[-119.36194,39.47295],[-119.3635,39.47309],[-119.36494,39.47236],[-119.36563,39.47033],[-119.36734,39.47033],[-119.3697,39.47378],[-119.37867,39.47873],[-119.37879,39.48467],[-119.37642,39.4869],[-119.37916,39.48728],[-119.38371,39.48943],[-119.38646,39.4895],[-119.38803,39.4923],[-119.39058,39.49304],[-119.38977,39.49453],[-119.38715,39.49602],[-119.38962,39.49627],[-119.38686,39.50017],[-119.38801,39.50376],[-119.38744,39.50491],[-119.38457,39.5053],[-119.38066,39.50757],[-119.38138,39.50916],[-119.38032,39.51044],[-119.38198,39.51167],[-119.38113,39.51327],[-119.37624,39.51591],[-119.36898,39.51647],[-119.36751,39.51412],[-119.361,39.51067],[-119.36338,39.50932],[-119.36446,39.50699],[-119.34536,39.50581],[-119.34575,39.50318],[-119.34943,39.50097],[-119.34727,39.50001],[-119.34304,39.50073],[-119.34167,39.49791],[-119.34019,39.49767]]]},"properties":{"IncidentName":"Ramsey","GISAcres":7619.586483873268,"FireCause":"Natural","Year":2000}},{"type":"Feature","geometry":{"type":"Polygon","coordinates":[[[-119.91407,39.49456],[-119.9148,39.49481],[-119.91428,39.49612],[-119.91628,39.49787],[-119.91583,39.50013],[-119.91493,39.50059],[-119.91263,39.49999],[-119.9123,39.4979],[-119.91108,39.49795],[-119.91212,39.49536],[-119.91407,39.49456]]]},"properties":{"IncidentName":"Reno Complex (Fourth Street F)","GISAcres":45.74317864470777,"FireCause":"Natural","Year":2000}},{"type":"Feature","geometry":{"type":"Polygon","coordinates":[[[-119.86444,39.46649],[-119.8663,39.46671],[-119.86595,39.46832],[-119.86446,39.46966],[-119.86277,39.46997],[-119.86241,39.46871],[-119.86444,39.46649]]]},"properties":{"IncidentName":"Moss Lake Fire","GISAcres":18.4366339939329,"FireCause":"Undetermined","Year":2000}},{"type":"Feature","geometry":{"type":"Polygon","coordinates":[[[-119.86189,39.42697],[-119.8601,39.4291],[-119.86009,39.43071],[-119.86173,39.43246],[-119.86389,39.43253],[-119.86516,39.43384],[-119.8634,39.43354],[-119.86232,39.43533],[-119.86056,39.43615],[-119.85839,39.43331],[-119.85637,39.43556],[-119.85264,39.44693],[-119.84991,39.45275],[-119.83751,39.45721],[-119.83654,39.45867],[-119.83728,39.46203],[-119.83319,39.465],[-119.83062,39.46426],[-119.83059,39.4623],[-119.82949,39.46163],[-119.82218,39.46244],[-119.82024,39.4615],[-119.81937,39.45428],[-119.81725,39.45094],[-119.81721,39.44798],[-119.819,39.44666],[-119.82577,39.44713],[-119.82657,39.44692],[-119.82638,39.44632],[-119.82126,39.44402],[-119.8172,39.44524],[-119.81572,39.4429],[-119.81281,39.44358],[-119.80764,39.44168],[-119.81127,39.43911],[-119.81087,39.43345],[-119.80934,39.43318],[-119.80874,39.4322],[-119.81251,39.42953],[-119.81692,39.42996],[-119.81708,39.42843],[-119.81879,39.42752],[-119.82113,39.42393],[-119.82503,39.4237],[-119.82922,39.42205],[-119.83124,39.42257],[-119.83252,39.43018],[-119.83645,39.43483],[-119.83815,39.43898],[-119.84219,39.44078],[-119.8432,39.44028],[-119.84106,39.43823],[-119.84034,39.43463],[-119.84132,39.43236],[-119.84402,39.42988],[-119.8495,39.42806],[-119.86189,39.42697]],[[-119.82866,39.43372],[-119.82661,39.4343],[-119.82702,39.43711],[-119.83131,39.44139],[-119.83417,39.4418],[-119.83461,39.43898],[-119.83244,39.43696],[-119.83098,39.43422],[-119.82866,39.43372]]]},"properties":{"IncidentName":"Arrowcreek Fire (NWS 14)","GISAcres":2786.131222848492,"FireCause":"Natural","Year":2000}},{"type":"Feature","geometry":{"type":"Polygon","coordinates":[[[-119.79131,39.3651],[-119.79068,39.36624],[-119.78898,39.36583],[-119.78872,39.36163],[-119.79016,39.35932],[-119.79217,39.35893],[-119.79358,39.36009],[-119.79131,39.3651]]]},"properties":{"IncidentName":"Galena Hill Fir","GISAcres":54.88327402173528,"FireCause":"Undetermined","Year":2000}},{"type":"Feature","geometry":{"type":"Polygon","coordinates":[[[-119.64057,38.82866],[-119.64405,38.82865],[-119.64638,38.82972],[-119.64879,38.82932],[-119.65844,38.83507],[-119.66268,38.83632],[-119.66398,38.84303],[-119.65587,38.84295],[-119.6549,38.84122],[-119.6538,38.84091],[-119.65291,38.84146],[-119.65232,38.84356],[-119.65146,38.84216],[-119.64703,38.84334],[-119.64615,38.84023],[-119.64706,38.83667],[-119.64632,38.83587],[-119.64423,38.83487],[-119.64271,38.8361],[-119.64061,38.83469],[-119.6378,38.83483],[-119.63562,38.83257],[-119.6358,38.83093],[-119.64057,38.82866]]]},"properties":{"IncidentName":"Wna 10","GISAcres":546.1276373639055,"FireCause":"Human","Year":2000}},{"type":"Feature","geometry":{"type":"Polygon","coordinates":[[[-119.62501,39.53248],[-119.63512,39.52777],[-119.64407,39.52813],[-119.64597,39.53615],[-119.6462,39.54221],[-119.65129,39.54731],[-119.65568,39.54664],[-119.66219,39.54725],[-119.6636,39.54893],[-119.66358,39.55149],[-119.66621,39.55304],[-119.66839,39.55565],[-119.66845,39.55716],[-119.66366,39.55993],[-119.65262,39.56284],[-119.64952,39.56196],[-119.64723,39.56286],[-119.64611,39.56242],[-119.6435,39.5583],[-119.63933,39.55498],[-119.63289,39.55304],[-119.63082,39.55347],[-119.62676,39.54958],[-119.62717,39.54767],[-119.62627,39.54636],[-119.62728,39.54397],[-119.62955,39.5425],[-119.63368,39.54165],[-119.63062,39.5383],[-119.62536,39.53529],[-119.62501,39.53248]]]},"properties":{"IncidentName":"8th Hole","GISAcres":1808.9131162860067,"FireCause":"Human","Year":2000}},{"type":"Feature","geometry":{"type":"Polygon","coordinates":[[[-119.45675,39.05147],[-119.45658,39.05343],[-119.45531,39.05412],[-119.45289,39.05169],[-119.45008,39.05299],[-119.44816,39.05112],[-119.44611,39.05095],[-119.44525,39.04942],[-119.44302,39.04964],[-119.44041,39.04776],[-119.43955,39.04553],[-119.43704,39.04318],[-119.43715,39.04182],[-119.43375,39.04391],[-119.43156,39.0426],[-119.43205,39.04531],[-119.43138,39.04551],[-119.42944,39.04353],[-119.4304,39.04244],[-119.42795,39.04219],[-119.42753,39.04412],[-119.42628,39.04446],[-119.42558,39.04671],[-119.42399,39.04664],[-119.42545,39.0429],[-119.42451,39.04286],[-119.42451,39.04169],[-119.42614,39.03886],[-119.42991,39.03839],[-119.43176,39.03703],[-119.43435,39.03746],[-119.43746,39.03427],[-119.43735,39.03283],[-119.43546,39.03212],[-119.42902,39.03336],[-119.42772,39.03188],[-119.42877,39.03077],[-119.42765,39.02874],[-119.43138,39.02825],[-119.4341,39.03018],[-119.43428,39.02788],[-119.43564,39.02689],[-119.43287,39.02663],[-119.43322,39.02474],[-119.44452,39.02459],[-119.44635,39.02389],[-119.45076,39.02506],[-119.45216,39.02641],[-119.45212,39.02871],[-119.46067,39.02698],[-119.46825,39.02737],[-119.46669,39.02876],[-119.46817,39.02945],[-119.46793,39.03101],[-119.46459,39.03108],[-119.46348,39.03041],[-119.46404,39.03165],[-119.46257,39.03262],[-119.46592,39.034],[-119.46555,39.03512],[-119.46715,39.03555],[-119.46711,39.03692],[-119.465,39.03772],[-119.46441,39.03903],[-119.45897,39.0391],[-119.45784,39.04004],[-119.45827,39.04144],[-119.46042,39.04219],[-119.46139,39.04403],[-119.45755,39.04417],[-119.45784,39.04501],[-119.45917,39.04497],[-119.45991,39.04583],[-119.45711,39.04921],[-119.45773,39.05038],[-119.45675,39.05147]]]},"properties":{"IncidentName":"Como Escrx","GISAcres":1767.2872986321847,"FireCause":"Human","Year":2000}},{"type":"Feature","geometry":{"type":"Polygon","coordinates":[[[-119.94058,40.00451],[-119.93956,40.00746],[-119.94085,40.01302],[-119.94265,40.01431],[-119.9467,40.01262],[-119.94834,40.0127],[-119.94582,40.01688],[-119.94649,40.01782],[-119.9533,40.02055],[-119.95569,40.02333],[-119.96274,40.02551],[-119.96414,40.02843],[-119.96333,40.02906],[-119.96306,40.03195],[-119.95846,40.03187],[-119.95445,40.03059],[-119.9526,40.02693],[-119.94406,40.02516],[-119.93939,40.02653],[-119.93466,40.03051],[-119.9403,40.03627],[-119.94131,40.03992],[-119.94149,40.04276],[-119.93705,40.04475],[-119.93904,40.0507],[-119.94171,40.05246],[-119.94615,40.05347],[-119.94703,40.05476],[-119.94019,40.06642],[-119.93247,40.07373],[-119.92634,40.08285],[-119.92197,40.0869],[-119.9192,40.08546],[-119.91143,40.08633],[-119.90197,40.08544],[-119.89551,40.08592],[-119.88283,40.08491],[-119.87602,40.08535],[-119.87489,40.08715],[-119.87258,40.08823],[-119.87045,40.09154],[-119.86507,40.09707],[-119.86474,40.09931],[-119.86596,40.10223],[-119.86602,40.10473],[-119.86172,40.10738],[-119.85909,40.10789],[-119.85392,40.10735],[-119.85313,40.10592],[-119.85696,40.10102],[-119.85692,40.09935],[-119.85549,40.09863],[-119.84134,40.10253],[-119.83815,40.10228],[-119.83002,40.09789],[-119.82659,40.09944],[-119.81928,40.09845],[-119.80556,40.09974],[-119.80009,40.10222],[-119.79426,40.09968],[-119.78967,40.09925],[-119.78556,40.10069],[-119.78535,40.09789],[-119.78442,40.09644],[-119.78033,40.0956],[-119.77687,40.09086],[-119.77696,40.08657],[-119.77789,40.08608],[-119.78022,40.08859],[-119.78147,40.0886],[-119.78326,40.08445],[-119.78011,40.08252],[-119.77151,40.0825],[-119.76944,40.08083],[-119.76901,40.07546],[-119.76808,40.07349],[-119.76969,40.07132],[-119.7791,40.06626],[-119.78083,40.06408],[-119.78,40.05864],[-119.77458,40.05543],[-119.77018,40.05446],[-119.76814,40.05279],[-119.76807,40.0514],[-119.76965,40.04925],[-119.77741,40.04659],[-119.77752,40.03827],[-119.77529,40.03518],[-119.77227,40.03351],[-119.76197,40.03157],[-119.75445,40.02663],[-119.75302,40.02403],[-119.75078,40.01587],[-119.749,40.01288],[-119.7477,40.00235],[-119.74822,40.00032],[-119.7444,39.98641],[-119.74324,39.97797],[-119.74615,39.97139],[-119.75225,39.96322],[-119.75211,39.95738],[-119.74873,39.95615],[-119.73759,39.95698],[-119.73543,39.95542],[-119.73937,39.95007],[-119.74291,39.9483],[-119.7444,39.94395],[-119.75019,39.93517],[-119.75564,39.9312],[-119.75819,39.93072],[-119.76195,39.93169],[-119.76585,39.9342],[-119.77563,39.94273],[-119.78542,39.95322],[-119.80309,39.96763],[-119.82345,39.97669],[-119.84483,39.993],[-119.85513,39.99871],[-119.85803,39.99952],[-119.86009,40.00183],[-119.86209,40.00218],[-119.86474,40.00447],[-119.86788,40.00972],[-119.87068,40.00997],[-119.87498,40.00906],[-119.87658,40.01033],[-119.88102,40.0105],[-119.88295,40.01171],[-119.88364,40.011],[-119.88422,40.01293],[-119.89153,40.01275],[-119.89048,40.01614],[-119.88786,40.02029],[-119.88886,40.0216],[-119.89511,40.02375],[-119.90005,40.02424],[-119.90084,40.0229],[-119.89844,40.01938],[-119.89761,40.01605],[-119.89833,40.01539],[-119.90031,40.0149],[-119.90667,40.0165],[-119.90949,40.02055],[-119.91095,40.0212],[-119.91949,40.01533],[-119.92026,40.01318],[-119.91979,40.01205],[-119.91828,40.01131],[-119.9121,40.01143],[-119.90869,40.00973],[-119.90625,40.00676],[-119.90284,40.00756],[-119.90139,40.00643],[-119.90019,40.00415],[-119.89995,39.99946],[-119.89476,39.99567],[-119.89265,39.98939],[-119.8934,39.98763],[-119.89576,39.98738],[-119.90461,39.99305],[-119.90695,39.99243],[-119.91042,39.98896],[-119.9115,39.98548],[-119.91104,39.98217],[-119.91248,39.97847],[-119.91378,39.9775],[-119.91537,39.97719],[-119.91763,39.97845],[-119.91979,39.98106],[-119.91976,39.98212],[-119.92724,39.98748],[-119.9298,39.99176],[-119.9317,39.99108],[-119.9319,39.98987],[-119.93095,39.98857],[-119.93149,39.98716],[-119.93539,39.98456],[-119.93778,39.98544],[-119.9393,39.99001],[-119.93783,39.99852],[-119.94058,40.00451]]]},"properties":{"IncidentName":"Fish 2","GISAcres":47632.2344764302,"FireCause":"Natural","Year":1999}},{"type":"Feature","geometry":{"type":"Polygon","coordinates":[[[-120.09137,39.81956],[-120.09105,39.81838],[-120.09198,39.81704],[-120.0908,39.81664],[-120.09128,39.82246],[-120.08751,39.82448],[-120.08342,39.82431],[-120.08218,39.8214],[-120.08077,39.82174],[-120.07776,39.81875],[-120.07762,39.81672],[-120.07716,39.81754],[-120.07791,39.82092],[-120.076,39.82127],[-120.07489,39.82245],[-120.07616,39.82373],[-120.07851,39.82308],[-120.07909,39.82374],[-120.07776,39.82616],[-120.07521,39.82704],[-120.0739,39.82984],[-120.0635,39.83181],[-120.05951,39.83392],[-120.05484,39.83115],[-120.05241,39.83113],[-120.04866,39.83242],[-120.0438,39.83246],[-120.04295,39.83197],[-120.04372,39.82935],[-120.0395,39.82887],[-120.03826,39.82563],[-120.04345,39.82451],[-120.04552,39.82267],[-120.05142,39.82136],[-120.05671,39.82127],[-120.05807,39.82191],[-120.05903,39.82006],[-120.06357,39.81913],[-120.06808,39.81638],[-120.07558,39.81501],[-120.07826,39.81574],[-120.0767,39.81153],[-120.07698,39.81037],[-120.07901,39.81019],[-120.07839,39.80749],[-120.07402,39.80849],[-120.07726,39.80556],[-120.07714,39.80288],[-120.07974,39.80187],[-120.08049,39.80262],[-120.08176,39.80144],[-120.07993,39.80119],[-120.07707,39.80258],[-120.07641,39.80009],[-120.08663,39.79931],[-120.09321,39.79969],[-120.09551,39.79801],[-120.09865,39.79914],[-120.1037,39.79873],[-120.10649,39.79752],[-120.10768,39.79813],[-120.10862,39.80072],[-120.1077,39.80181],[-120.10547,39.80185],[-120.10768,39.80309],[-120.11281,39.80365],[-120.11901,39.80109],[-120.12368,39.80071],[-120.12389,39.80245],[-120.12494,39.80299],[-120.12482,39.81002],[-120.1236,39.8112],[-120.12009,39.81159],[-120.1207,39.81289],[-120.11774,39.81327],[-120.11081,39.81635],[-120.1115,39.81935],[-120.11353,39.82155],[-120.11345,39.82343],[-120.11462,39.82365],[-120.11488,39.8245],[-120.11291,39.82498],[-120.11168,39.82813],[-120.10288,39.83368],[-120.10298,39.8347],[-120.10094,39.83488],[-120.09524,39.83316],[-120.09582,39.83132],[-120.09345,39.82406],[-120.09168,39.82283],[-120.09137,39.81956]]]},"properties":{"IncidentName":"Cemetery","GISAcres":3632.7134388839154,"FireCause":"Human","Year":1999}},{"type":"Feature","geometry":{"type":"Polygon","coordinates":[[[-119.89263,39.78136],[-119.88824,39.7822],[-119.88708,39.7815],[-119.87942,39.7851],[-119.8756,39.7859],[-119.87112,39.78921],[-119.8708,39.79054],[-119.8675,39.79351],[-119.86533,39.79685],[-119.86004,39.79936],[-119.85802,39.80327],[-119.85459,39.80555],[-119.85196,39.8059],[-119.84811,39.80798],[-119.84578,39.80611],[-119.83729,39.80593],[-119.83464,39.80471],[-119.83297,39.80281],[-119.82996,39.79741],[-119.83045,39.79452],[-119.82967,39.79311],[-119.83245,39.78803],[-119.83176,39.78627],[-119.83044,39.78444],[-119.82576,39.78228],[-119.82433,39.78052],[-119.82454,39.77745],[-119.829,39.77033],[-119.82955,39.76792],[-119.827,39.75977],[-119.82794,39.75358],[-119.83272,39.74639],[-119.84027,39.74409],[-119.84163,39.74388],[-119.8424,39.74464],[-119.8472,39.74379],[-119.85019,39.74243],[-119.85221,39.74357],[-119.85309,39.74632],[-119.85643,39.74892],[-119.86277,39.75182],[-119.86487,39.75168],[-119.86921,39.74875],[-119.86943,39.73906],[-119.87302,39.73845],[-119.87533,39.73924],[-119.88022,39.7422],[-119.88124,39.7443],[-119.88052,39.75027],[-119.88174,39.755],[-119.8805,39.75998],[-119.88242,39.76561],[-119.88751,39.77157],[-119.89007,39.77287],[-119.89292,39.77765],[-119.89263,39.78136]]]},"properties":{"IncidentName":"Red Rock","GISAcres":7010.190159221543,"FireCause":"Human","Year":1999}},{"type":"Feature","geometry":{"type":"Polygon","coordinates":[[[-119.54074,39.62647],[-119.53895,39.62733],[-119.53942,39.62882],[-119.54061,39.62908],[-119.54277,39.63145],[-119.54487,39.63512],[-119.54272,39.64105],[-119.53661,39.64642],[-119.5333,39.64672],[-119.53,39.64583],[-119.52599,39.6466],[-119.52568,39.64798],[-119.51211,39.64915],[-119.51095,39.64879],[-119.50932,39.64645],[-119.51463,39.64542],[-119.51465,39.64443],[-119.51275,39.64211],[-119.50845,39.6419],[-119.50457,39.64378],[-119.50322,39.64244],[-119.49709,39.64229],[-119.49277,39.64047],[-119.48929,39.64144],[-119.48532,39.64104],[-119.48314,39.64209],[-119.47968,39.63994],[-119.47663,39.63989],[-119.47359,39.64283],[-119.46573,39.64784],[-119.46415,39.65088],[-119.46105,39.65354],[-119.4608,39.65489],[-119.46184,39.65713],[-119.45776,39.66202],[-119.4506,39.65992],[-119.44927,39.66044],[-119.44611,39.65909],[-119.44488,39.65743],[-119.44554,39.65586],[-119.44514,39.65474],[-119.44211,39.65445],[-119.43949,39.65573],[-119.4344,39.65366],[-119.43263,39.65154],[-119.43218,39.64917],[-119.42932,39.64561],[-119.42987,39.64474],[-119.42965,39.63784],[-119.42675,39.63532],[-119.42048,39.63588],[-119.41054,39.63437],[-119.39998,39.63489],[-119.39837,39.63403],[-119.40087,39.63264],[-119.41237,39.63184],[-119.41883,39.62979],[-119.42375,39.63065],[-119.43141,39.62823],[-119.43092,39.62489],[-119.43015,39.62439],[-119.42697,39.6257],[-119.42291,39.62509],[-119.41847,39.62739],[-119.41687,39.62745],[-119.41682,39.62612],[-119.42029,39.62422],[-119.41897,39.62093],[-119.42437,39.61564],[-119.42938,39.61787],[-119.43455,39.61544],[-119.4405,39.61524],[-119.44164,39.61658],[-119.43664,39.61909],[-119.43504,39.62085],[-119.43571,39.62196],[-119.44781,39.6223],[-119.45261,39.62476],[-119.45307,39.62746],[-119.45382,39.62803],[-119.45643,39.62853],[-119.45849,39.62762],[-119.46341,39.62845],[-119.46575,39.62667],[-119.47239,39.62494],[-119.47406,39.62207],[-119.47848,39.61843],[-119.48275,39.61746],[-119.48431,39.61891],[-119.48418,39.61997],[-119.48081,39.62199],[-119.4805,39.62316],[-119.4855,39.6211],[-119.48688,39.61852],[-119.49113,39.61535],[-119.49173,39.6123],[-119.49108,39.61045],[-119.49157,39.60909],[-119.49236,39.60897],[-119.49599,39.61377],[-119.49658,39.61581],[-119.49276,39.62006],[-119.48897,39.62199],[-119.49008,39.62269],[-119.49963,39.61981],[-119.50878,39.61841],[-119.51079,39.61864],[-119.5137,39.62073],[-119.52514,39.62012],[-119.53105,39.62369],[-119.53984,39.62348],[-119.5408,39.62441],[-119.54074,39.62647]]]},"properties":{"IncidentName":"Wilcox 2","GISAcres":7550.39253605875,"FireCause":"Natural","Year":1999}},{"type":"Feature","geometry":{"type":"Polygon","coordinates":[[[-119.67498,39.56157],[-119.6736,39.57223],[-119.671,39.57748],[-119.66846,39.57957],[-119.66464,39.57922],[-119.66291,39.57525],[-119.66092,39.57293],[-119.65827,39.57147],[-119.65456,39.57244],[-119.65208,39.56745],[-119.64778,39.56713],[-119.64545,39.56933],[-119.6441,39.56957],[-119.64044,39.5685],[-119.63887,39.56611],[-119.63387,39.56774],[-119.62245,39.5744],[-119.6147,39.58],[-119.60552,39.5848],[-119.59668,39.5866],[-119.59185,39.58814],[-119.5847,39.5918],[-119.57818,39.5934],[-119.57011,39.59154],[-119.55764,39.59406],[-119.55112,39.59369],[-119.54746,39.59193],[-119.54696,39.59074],[-119.54118,39.58601],[-119.53137,39.58288],[-119.52928,39.58148],[-119.53108,39.5773],[-119.53597,39.57366],[-119.56687,39.56243],[-119.57169,39.55723],[-119.57207,39.55306],[-119.58916,39.54734],[-119.60771,39.53433],[-119.62039,39.53259],[-119.62444,39.52721],[-119.63158,39.52272],[-119.63448,39.52466],[-119.6377,39.5299],[-119.64235,39.53263],[-119.64382,39.53541],[-119.64417,39.54237],[-119.64798,39.54722],[-119.64851,39.55615],[-119.65003,39.55854],[-119.65275,39.56034],[-119.66212,39.56328],[-119.66617,39.56344],[-119.67323,39.56136],[-119.67518,39.56106],[-119.67498,39.56157]]]},"properties":{"IncidentName":"Pah Rah","GISAcres":10598.110658818248,"FireCause":"Human","Year":1999}},{"type":"Feature","geometry":{"type":"Polygon","coordinates":[[[-119.76199,39.24099],[-119.75962,39.24092],[-119.75786,39.23972],[-119.75245,39.23054],[-119.75541,39.23014],[-119.75564,39.22828],[-119.75423,39.22627],[-119.75427,39.2251],[-119.75863,39.22052],[-119.75947,39.21735],[-119.759,39.21554],[-119.7617,39.21251],[-119.76633,39.21052],[-119.77352,39.2107],[-119.77531,39.21477],[-119.7781,39.21644],[-119.77884,39.21866],[-119.78148,39.21926],[-119.78789,39.22828],[-119.78401,39.22944],[-119.77959,39.23269],[-119.77595,39.23355],[-119.77441,39.23558],[-119.76949,39.23545],[-119.76373,39.24033],[-119.76199,39.24099]]]},"properties":{"IncidentName":"Sutro","GISAcres":1485.9712598781803,"FireCause":"Human","Year":1999}},{"type":"Feature","geometry":{"type":"Polygon","coordinates":[[[-119.93432,39.61869],[-119.9359,39.61882],[-119.9352,39.62193],[-119.93569,39.62319],[-119.93363,39.62446],[-119.93332,39.62551],[-119.93221,39.62576],[-119.9277,39.62256],[-119.92736,39.62097],[-119.93432,39.61869]]]},"properties":{"IncidentName":"Unknown","GISAcres":88.2964889026514,"FireCause":"Undetermined","Year":1999}},{"type":"Feature","geometry":{"type":"Polygon","coordinates":[[[-119.92615,39.61818],[-119.92428,39.61779],[-119.92388,39.61603],[-119.92746,39.61511],[-119.92895,39.61801],[-119.92615,39.61818]]]},"properties":{"IncidentName":"Unknown","GISAcres":29.33943779039135,"FireCause":"Undetermined","Year":1999}},{"type":"Feature","geometry":{"type":"Polygon","coordinates":[[[-119.90492,39.59934],[-119.90714,39.59895],[-119.9074,39.59954],[-119.90463,39.60532],[-119.90574,39.6073],[-119.90517,39.61044],[-119.90236,39.61069],[-119.89869,39.61283],[-119.89664,39.61215],[-119.89903,39.60565],[-119.90492,39.59934]]]},"properties":{"IncidentName":"Unknown","GISAcres":167.20975022510763,"FireCause":"Undetermined","Year":1999}},{"type":"Feature","geometry":{"type":"Polygon","coordinates":[[[-119.50738,39.48821],[-119.50591,39.49803],[-119.50314,39.50127],[-119.49903,39.50324],[-119.49724,39.50627],[-119.50038,39.50759],[-119.50299,39.51102],[-119.50435,39.51087],[-119.50609,39.51226],[-119.50793,39.5125],[-119.51078,39.51204],[-119.51426,39.50969],[-119.51508,39.50753],[-119.51374,39.5047],[-119.51385,39.50181],[-119.51532,39.49969],[-119.51717,39.49917],[-119.51895,39.49574],[-119.51847,39.495],[-119.51931,39.49423],[-119.51916,39.49173],[-119.52024,39.48866],[-119.52142,39.48606],[-119.52301,39.48527],[-119.5288,39.48544],[-119.52933,39.48774],[-119.53293,39.48904],[-119.53488,39.49246],[-119.53741,39.49328],[-119.53808,39.49467],[-119.5404,39.49502],[-119.54289,39.49484],[-119.55308,39.48924],[-119.56205,39.4895],[-119.567,39.48689],[-119.56939,39.48655],[-119.57006,39.48553],[-119.57485,39.48464],[-119.58373,39.48503],[-119.59392,39.48252],[-119.59672,39.48374],[-119.5978,39.48533],[-119.59723,39.48667],[-119.59208,39.49128],[-119.59266,39.49513],[-119.58744,39.49677],[-119.58806,39.49917],[-119.5863,39.50148],[-119.58013,39.50472],[-119.57761,39.5077],[-119.5735,39.50814],[-119.57056,39.50713],[-119.56784,39.50808],[-119.56461,39.50737],[-119.55981,39.50956],[-119.55762,39.50972],[-119.55637,39.5108],[-119.55317,39.51115],[-119.55262,39.51242],[-119.55407,39.51347],[-119.55186,39.51504],[-119.55156,39.51702],[-119.54965,39.51966],[-119.54594,39.52111],[-119.54569,39.52428],[-119.54262,39.52542],[-119.53944,39.52522],[-119.53598,39.5293],[-119.53177,39.53268],[-119.5251,39.53728],[-119.52013,39.53963],[-119.51839,39.5425],[-119.51444,39.54394],[-119.51377,39.54538],[-119.51375,39.5513],[-119.50488,39.55209],[-119.5008,39.55128],[-119.49705,39.54842],[-119.4857,39.54594],[-119.48348,39.54455],[-119.48455,39.54158],[-119.48396,39.54078],[-119.47901,39.54168],[-119.46711,39.54092],[-119.46389,39.53985],[-119.46181,39.53861],[-119.46153,39.53732],[-119.46024,39.53736],[-119.45754,39.53572],[-119.45485,39.53107],[-119.43723,39.52864],[-119.43328,39.52626],[-119.43049,39.52232],[-119.42777,39.52132],[-119.42895,39.51959],[-119.42878,39.51742],[-119.43109,39.51514],[-119.43452,39.51385],[-119.43613,39.51131],[-119.43685,39.50831],[-119.43616,39.50516],[-119.43772,39.50205],[-119.44278,39.49895],[-119.44595,39.49394],[-119.45081,39.49163],[-119.45723,39.48646],[-119.46242,39.48491],[-119.46548,39.48531],[-119.46599,39.48282],[-119.46399,39.48102],[-119.46333,39.47895],[-119.46408,39.47769],[-119.4685,39.47635],[-119.47442,39.47861],[-119.4795,39.47693],[-119.4816,39.47828],[-119.48011,39.48114],[-119.48066,39.48186],[-119.4812,39.48038],[-119.48331,39.47906],[-119.48299,39.47748],[-119.48146,39.47639],[-119.4823,39.47546],[-119.48945,39.47636],[-119.49266,39.47866],[-119.49817,39.47947],[-119.49851,39.48054],[-119.50192,39.47792],[-119.5095,39.4848],[-119.50907,39.48767],[-119.50738,39.48821]]]},"properties":{"IncidentName":"Unknown","GISAcres":15578.566911302983,"FireCause":"Undetermined","Year":1999}},{"type":"Feature","geometry":{"type":"Polygon","coordinates":[[[-119.66758,39.44113],[-119.66541,39.43973],[-119.66028,39.43979],[-119.66339,39.43907],[-119.66303,39.43757],[-119.66184,39.43741],[-119.6619,39.43513],[-119.66481,39.43399],[-119.66434,39.4302],[-119.66571,39.4297],[-119.66777,39.4303],[-119.66878,39.42946],[-119.67321,39.43128],[-119.67423,39.43222],[-119.67373,39.43418],[-119.67454,39.43447],[-119.67631,39.4331],[-119.67536,39.42846],[-119.67111,39.42735],[-119.66828,39.42826],[-119.66409,39.42795],[-119.66113,39.42425],[-119.66171,39.42336],[-119.66862,39.42115],[-119.67398,39.42259],[-119.6794,39.4171],[-119.68324,39.4178],[-119.6977,39.41373],[-119.70263,39.41388],[-119.70792,39.4175],[-119.7101,39.41652],[-119.7103,39.41476],[-119.71348,39.41513],[-119.70793,39.42261],[-119.7024,39.42574],[-119.69932,39.43119],[-119.69087,39.4352],[-119.69089,39.43629],[-119.69295,39.43672],[-119.68767,39.44152],[-119.68533,39.44791],[-119.68268,39.44801],[-119.68087,39.44921],[-119.68116,39.45692],[-119.67942,39.45939],[-119.67635,39.46168],[-119.67532,39.46156],[-119.67472,39.45839],[-119.67207,39.45499],[-119.67285,39.45349],[-119.67216,39.45151],[-119.67279,39.45043],[-119.67238,39.44766],[-119.67404,39.44731],[-119.67514,39.44836],[-119.67639,39.44646],[-119.67967,39.44428],[-119.67891,39.44348],[-119.68045,39.44364],[-119.67848,39.44138],[-119.68336,39.43709],[-119.6799,39.43641],[-119.67788,39.44072],[-119.67211,39.44366],[-119.66965,39.4406],[-119.66758,39.44113]]]},"properties":{"IncidentName":"Unknown","GISAcres":2295.997375133276,"FireCause":"Undetermined","Year":1999}},{"type":"Feature","geometry":{"type":"Polygon","coordinates":[[[-119.83318,39.43758],[-119.83473,39.4402],[-119.83325,39.44201],[-119.82834,39.43747],[-119.82723,39.43746],[-119.82665,39.43554],[-119.82758,39.43389],[-119.8305,39.43391],[-119.83183,39.43725],[-119.83318,39.43758]]]},"properties":{"IncidentName":"Unknown","GISAcres":76.37963484397869,"FireCause":"Undetermined","Year":1999}},{"type":"Feature","geometry":{"type":"Polygon","coordinates":[[[-119.76556,38.8016],[-119.76589,38.80443],[-119.76468,38.80656],[-119.7628,38.80556],[-119.76304,38.80218],[-119.76556,38.8016]]]},"properties":{"IncidentName":"Unknown","GISAcres":27.865485048795232,"FireCause":"Undetermined","Year":1999}},{"type":"Feature","geometry":{"type":"Polygon","coordinates":[[[-119.8506,39.5601],[-119.84829,39.55907],[-119.84865,39.55678],[-119.84996,39.55562],[-119.85111,39.55723],[-119.8506,39.5601]]]},"properties":{"IncidentName":"Unknown","GISAcres":20.343854621747955,"FireCause":"Undetermined","Year":1999}},{"type":"Feature","geometry":{"type":"Polygon","coordinates":[[[-119.83536,39.5679],[-119.83069,39.5685],[-119.83359,39.56692],[-119.83574,39.56683],[-119.83615,39.5672],[-119.83536,39.5679]]]},"properties":{"IncidentName":"Unknown","GISAcres":12.78334049290534,"FireCause":"Undetermined","Year":1999}},{"type":"Feature","geometry":{"type":"Polygon","coordinates":[[[-119.78383,39.65933],[-119.77916,39.66525],[-119.76481,39.6729],[-119.76348,39.6725],[-119.76157,39.67335],[-119.76087,39.67063],[-119.75613,39.67272],[-119.7483,39.67372],[-119.7442,39.67546],[-119.74201,39.67796],[-119.73937,39.67829],[-119.73854,39.67713],[-119.7308,39.68059],[-119.72541,39.68202],[-119.72395,39.68167],[-119.72434,39.67846],[-119.72257,39.67382],[-119.72319,39.67228],[-119.73268,39.6701],[-119.73436,39.66628],[-119.7435,39.66243],[-119.7469,39.6576],[-119.74868,39.6539],[-119.74977,39.64749],[-119.75168,39.642],[-119.75133,39.639],[-119.75226,39.63358],[-119.75028,39.62888],[-119.753,39.62707],[-119.7655,39.62778],[-119.76756,39.63053],[-119.77179,39.6334],[-119.773,39.63343],[-119.77509,39.62921],[-119.77635,39.62874],[-119.78988,39.63194],[-119.80333,39.63154],[-119.80675,39.63239],[-119.81697,39.631],[-119.8249,39.62823],[-119.82742,39.63008],[-119.83017,39.63002],[-119.83276,39.63197],[-119.83528,39.63195],[-119.83633,39.63281],[-119.83539,39.63464],[-119.83537,39.63826],[-119.8339,39.63824],[-119.8329,39.63918],[-119.83019,39.63766],[-119.8253,39.63983],[-119.81924,39.64776],[-119.80979,39.64876],[-119.7978,39.65483],[-119.79581,39.65474],[-119.79391,39.65614],[-119.78383,39.65933]]]},"properties":{"IncidentName":"Reservoir","GISAcres":6158.872383119698,"FireCause":"Human","Year":1999}},{"type":"Feature","geometry":{"type":"Polygon","coordinates":[[[-119.73264,39.37929],[-119.7326,39.38099],[-119.72961,39.38228],[-119.73025,39.37972],[-119.72913,39.37686],[-119.73045,39.37664],[-119.73264,39.37929]]]},"properties":{"IncidentName":"Steamboat","GISAcres":30.38105951415776,"FireCause":"Human","Year":1998}},{"type":"Feature","geometry":{"type":"Polygon","coordinates":[[[-119.67093,39.65747],[-119.67196,39.65995],[-119.66947,39.66016],[-119.66717,39.65627],[-119.66911,39.65603],[-119.67093,39.65747]]]},"properties":{"IncidentName":"Sparks","GISAcres":29.798013013963203,"FireCause":"Human","Year":1997}},{"type":"Feature","geometry":{"type":"Polygon","coordinates":[[[-119.62435,39.5548],[-119.62292,39.55499],[-119.62281,39.55676],[-119.62121,39.55804],[-119.61984,39.55779],[-119.61959,39.55974],[-119.62457,39.55912],[-119.62931,39.55679],[-119.63237,39.55712],[-119.633,39.55989],[-119.63177,39.55869],[-119.62872,39.55872],[-119.62773,39.56031],[-119.62924,39.5605],[-119.63053,39.56187],[-119.63602,39.56243],[-119.63737,39.56346],[-119.63719,39.56419],[-119.64116,39.5654],[-119.64113,39.56676],[-119.64469,39.56891],[-119.64247,39.57093],[-119.64318,39.57137],[-119.64212,39.57217],[-119.6426,39.5739],[-119.64201,39.57445],[-119.6355,39.57232],[-119.63309,39.57228],[-119.63122,39.57058],[-119.63074,39.56854],[-119.6286,39.57171],[-119.62431,39.56909],[-119.62218,39.56882],[-119.6222,39.56965],[-119.62414,39.57118],[-119.62328,39.57395],[-119.62208,39.57346],[-119.62182,39.57116],[-119.61968,39.57213],[-119.61881,39.5714],[-119.61642,39.57187],[-119.611,39.56845],[-119.61107,39.56751],[-119.60895,39.56685],[-119.60598,39.5634],[-119.60318,39.56299],[-119.5987,39.56023],[-119.59666,39.5574],[-119.59721,39.55649],[-119.59395,39.55402],[-119.59654,39.55208],[-119.59763,39.5532],[-119.60024,39.54924],[-119.60207,39.55015],[-119.60564,39.55019],[-119.60936,39.55188],[-119.61257,39.5505],[-119.62043,39.54944],[-119.62778,39.55285],[-119.62725,39.55409],[-119.62435,39.5548]]]},"properties":{"IncidentName":"Mustang 2","GISAcres":1527.5271270149315,"FireCause":"Natural","Year":1997}},{"type":"Feature","geometry":{"type":"Polygon","coordinates":[[[-119.6061,39.53954],[-119.60389,39.53708],[-119.60401,39.53557],[-119.60501,39.53499],[-119.60724,39.53694],[-119.60707,39.53975],[-119.6061,39.53954]]]},"properties":{"IncidentName":"Mustang","GISAcres":26.916747515611853,"FireCause":"Human","Year":1997}},{"type":"Feature","geometry":{"type":"Polygon","coordinates":[[[-119.73895,39.46232],[-119.73983,39.46001],[-119.74197,39.45842],[-119.74352,39.45862],[-119.74396,39.45941],[-119.74438,39.46546],[-119.74179,39.46861],[-119.73993,39.46866],[-119.73897,39.46703],[-119.73895,39.46232]]]},"properties":{"IncidentName":"Rattlesnak","GISAcres":109.40434980758747,"FireCause":"Human","Year":1997}},{"type":"Feature","geometry":{"type":"Polygon","coordinates":[[[-119.78881,39.36068],[-119.78774,39.36264],[-119.78871,39.36474],[-119.78518,39.36407],[-119.77999,39.36682],[-119.78311,39.36136],[-119.78609,39.3582],[-119.78775,39.35462],[-119.78836,39.35427],[-119.7884,39.35568],[-119.78986,39.35656],[-119.78881,39.36068]]]},"properties":{"IncidentName":"TOF Assist","GISAcres":105.33046741020173,"FireCause":"Undetermined","Year":1997}},{"type":"Feature","geometry":{"type":"Polygon","coordinates":[[[-119.90274,39.82674],[-119.89462,39.83262],[-119.89029,39.83466],[-119.88847,39.83722],[-119.88788,39.83713],[-119.88854,39.83565],[-119.88744,39.83579],[-119.88815,39.83343],[-119.88692,39.83404],[-119.88568,39.83294],[-119.88466,39.8334],[-119.88466,39.83497],[-119.88396,39.83466],[-119.88362,39.83611],[-119.88104,39.83559],[-119.87994,39.83708],[-119.87843,39.83656],[-119.87568,39.83747],[-119.87461,39.83694],[-119.87858,39.83213],[-119.88227,39.82944],[-119.88761,39.82771],[-119.88777,39.82649],[-119.89203,39.82505],[-119.89422,39.8232],[-119.89395,39.82256],[-119.89659,39.82139],[-119.90283,39.82113],[-119.90745,39.82225],[-119.90677,39.82406],[-119.90274,39.82674]],[[-119.89919,39.82283],[-119.90069,39.82222],[-119.89803,39.82157],[-119.89782,39.82256],[-119.89919,39.82283]]]},"properties":{"IncidentName":"Sandii","GISAcres":488.711398062093,"FireCause":"Human","Year":1996}},{"type":"Feature","geometry":{"type":"Polygon","coordinates":[[[-119.33523,39.84302],[-119.33559,39.84237],[-119.33451,39.84036],[-119.33649,39.83968],[-119.33906,39.83967],[-119.34071,39.84082],[-119.34491,39.8407],[-119.3505,39.83815],[-119.34972,39.84041],[-119.35246,39.84105],[-119.35627,39.83929],[-119.35497,39.84212],[-119.35662,39.84214],[-119.35859,39.84085],[-119.35931,39.84332],[-119.35843,39.84473],[-119.36091,39.84469],[-119.36137,39.84532],[-119.35662,39.84798],[-119.35178,39.84671],[-119.35038,39.84734],[-119.34938,39.84637],[-119.34765,39.84665],[-119.34688,39.84766],[-119.33523,39.84302]]]},"properties":{"IncidentName":"Nixon Comp","GISAcres":339.97725632868685,"FireCause":"Natural","Year":1996}},{"type":"Feature","geometry":{"type":"Polygon","coordinates":[[[-119.81781,39.83069],[-119.81632,39.83197],[-119.81508,39.82998],[-119.81614,39.82769],[-119.81845,39.82584],[-119.81959,39.82666],[-119.81906,39.82914],[-119.81781,39.83069]]]},"properties":{"IncidentName":"Antelope","GISAcres":40.09577470111442,"FireCause":"Natural","Year":1996}},{"type":"Feature","geometry":{"type":"Polygon","coordinates":[[[-119.56442,39.55729],[-119.567,39.55982],[-119.57029,39.56071],[-119.56524,39.56447],[-119.56272,39.56403],[-119.561,39.56199],[-119.562,39.55905],[-119.56442,39.55729]]]},"properties":{"IncidentName":"Patrick","GISAcres":89.910491936635,"FireCause":"Human","Year":1996}},{"type":"Feature","geometry":{"type":"Polygon","coordinates":[[[-119.71355,39.3891],[-119.71062,39.39095],[-119.71044,39.39285],[-119.7094,39.39153],[-119.7076,39.39148],[-119.70992,39.39039],[-119.71136,39.38719],[-119.71315,39.3873],[-119.71355,39.3891]]]},"properties":{"IncidentName":"Geiger","GISAcres":27.490944716191322,"FireCause":"Human","Year":1996}},{"type":"Feature","geometry":{"type":"Polygon","coordinates":[[[-119.6696,39.26554],[-119.67464,39.2669],[-119.67407,39.27229],[-119.67488,39.27382],[-119.6742,39.27504],[-119.67463,39.27616],[-119.66759,39.27684],[-119.66444,39.27588],[-119.66067,39.27597],[-119.66112,39.27507],[-119.66441,39.27372],[-119.66506,39.27219],[-119.66462,39.27003],[-119.66274,39.26869],[-119.66342,39.26678],[-119.66652,39.26531],[-119.6696,39.26554]]]},"properties":{"IncidentName":"Am Flat","GISAcres":281.22849027575444,"FireCause":"Natural","Year":1996}},{"type":"Feature","geometry":{"type":"Polygon","coordinates":[[[-119.18325,39.23653],[-119.18309,39.24139],[-119.18069,39.24129],[-119.18325,39.23653]]]},"properties":{"IncidentName":"Cleaver Pk","GISAcres":16.592008904478714,"FireCause":"Natural","Year":1996}},{"type":"Feature","geometry":{"type":"Polygon","coordinates":[[[-119.76285,39.22703],[-119.7613,39.22605],[-119.7584,39.22621],[-119.75991,39.22483],[-119.75968,39.22384],[-119.75577,39.22482],[-119.75402,39.22359],[-119.75853,39.22169],[-119.76139,39.22234],[-119.76168,39.22169],[-119.76371,39.22157],[-119.76526,39.22285],[-119.76442,39.22549],[-119.76516,39.22596],[-119.76285,39.22703]]]},"properties":{"IncidentName":"Sugarloaf","GISAcres":85.47933094621652,"FireCause":"Natural","Year":1996}},{"type":"Feature","geometry":{"type":"Polygon","coordinates":[[[-119.43416,39.05092],[-119.43894,39.05082],[-119.44325,39.04951],[-119.44826,39.04984],[-119.45043,39.05089],[-119.45592,39.05101],[-119.45697,39.05273],[-119.45665,39.05753],[-119.45462,39.06067],[-119.45469,39.06187],[-119.46046,39.06462],[-119.46206,39.0682],[-119.45879,39.07164],[-119.46563,39.06979],[-119.46646,39.06848],[-119.46786,39.06952],[-119.47072,39.06901],[-119.46974,39.07029],[-119.4707,39.07024],[-119.47085,39.07094],[-119.46694,39.07493],[-119.45885,39.07889],[-119.45677,39.08083],[-119.45275,39.08082],[-119.45114,39.08158],[-119.45128,39.08466],[-119.44768,39.08681],[-119.44486,39.08587],[-119.44216,39.08173],[-119.43725,39.08406],[-119.43198,39.08107],[-119.4284,39.08014],[-119.42441,39.08206],[-119.42289,39.08174],[-119.42096,39.08327],[-119.41229,39.08368],[-119.41111,39.08205],[-119.41437,39.07845],[-119.41529,39.07614],[-119.41752,39.07454],[-119.40669,39.06957],[-119.40669,39.06851],[-119.41034,39.0633],[-119.40931,39.06007],[-119.41359,39.05715],[-119.4159,39.05661],[-119.41944,39.05207],[-119.4227,39.05069],[-119.42423,39.05037],[-119.42806,39.05163],[-119.43416,39.05092]]]},"properties":{"IncidentName":"Sunrise","GISAcres":3619.816361030804,"FireCause":"Human","Year":1996}},{"type":"Feature","geometry":{"type":"Polygon","coordinates":[[[-119.55781,38.73738],[-119.55959,38.73876],[-119.56796,38.75051],[-119.56352,38.75309],[-119.56071,38.75628],[-119.55966,38.75901],[-119.5545,38.76109],[-119.55388,38.76217],[-119.55401,38.76356],[-119.55694,38.76711],[-119.55369,38.77295],[-119.55308,38.77683],[-119.55129,38.78074],[-119.55104,38.78317],[-119.55284,38.78506],[-119.55311,38.78693],[-119.54719,38.7918],[-119.54172,38.79314],[-119.53976,38.79602],[-119.5372,38.79702],[-119.53607,38.80001],[-119.53236,38.80464],[-119.51885,38.81212],[-119.51234,38.82026],[-119.50763,38.82355],[-119.50514,38.82435],[-119.49467,38.8209],[-119.49454,38.81942],[-119.49639,38.81815],[-119.49695,38.81659],[-119.50188,38.81471],[-119.4961,38.811],[-119.4917,38.81025],[-119.48632,38.81072],[-119.48539,38.81003],[-119.48443,38.80737],[-119.48593,38.8018],[-119.48241,38.80029],[-119.48258,38.79677],[-119.48792,38.79524],[-119.49747,38.78642],[-119.51263,38.77923],[-119.51332,38.77447],[-119.51252,38.77258],[-119.51307,38.7719],[-119.51465,38.77228],[-119.51669,38.77424],[-119.51932,38.77386],[-119.52064,38.77276],[-119.52045,38.76851],[-119.52172,38.76487],[-119.52026,38.75494],[-119.52703,38.75298],[-119.53405,38.75251],[-119.53655,38.751],[-119.53721,38.74973],[-119.5369,38.74106],[-119.54671,38.74117],[-119.55496,38.73573],[-119.55781,38.73738]]]},"properties":{"IncidentName":"Holbrook","GISAcres":7441.192727018874,"FireCause":"Human","Year":1994}},{"type":"Feature","geometry":{"type":"Polygon","coordinates":[[[-119.98509,39.56001],[-119.98327,39.56089],[-119.9824,39.55957],[-119.98523,39.55836],[-119.98594,39.55868],[-119.98509,39.56001]]]},"properties":{"IncidentName":"Unknown","GISAcres":11.030413098868653,"FireCause":"Undetermined","Year":1996}},{"type":"Feature","geometry":{"type":"Polygon","coordinates":[[[-119.90605,39.48094],[-119.91124,39.47663],[-119.92371,39.47576],[-119.93005,39.47425],[-119.93257,39.47263],[-119.93603,39.47371],[-119.93997,39.47158],[-119.94279,39.47116],[-119.94393,39.46962],[-119.94642,39.4687],[-119.9473,39.46881],[-119.95055,39.47318],[-119.95033,39.47567],[-119.95943,39.47202],[-119.96063,39.46991],[-119.9607,39.47211],[-119.96294,39.47294],[-119.96661,39.47798],[-119.96791,39.47795],[-119.9697,39.47625],[-119.97248,39.47522],[-119.97525,39.47583],[-119.977,39.47765],[-119.97923,39.47839],[-119.9847,39.47618],[-119.98619,39.47627],[-119.98644,39.47898],[-119.98925,39.48084],[-119.99012,39.48346],[-119.98814,39.49279],[-119.98543,39.49812],[-119.98523,39.50099],[-119.97863,39.50512],[-119.97321,39.50574],[-119.96805,39.50755],[-119.96494,39.50743],[-119.9625,39.50922],[-119.96018,39.5076],[-119.95811,39.50801],[-119.95471,39.50718],[-119.95394,39.50481],[-119.95213,39.50365],[-119.94533,39.50456],[-119.93093,39.503],[-119.92421,39.50571],[-119.9228,39.50991],[-119.92027,39.51327],[-119.91846,39.51399],[-119.90814,39.5101],[-119.90734,39.50897],[-119.90707,39.50569],[-119.90601,39.50464],[-119.90151,39.50494],[-119.89488,39.50117],[-119.88945,39.50337],[-119.88791,39.50311],[-119.88993,39.495],[-119.88887,39.49152],[-119.88919,39.4903],[-119.89092,39.48862],[-119.89233,39.48841],[-119.89578,39.4888],[-119.89587,39.49214],[-119.89918,39.491],[-119.89959,39.4871],[-119.90121,39.48407],[-119.90605,39.48094]]]},"properties":{"IncidentName":"Belli","GISAcres":6718.332909372379,"FireCause":"Human","Year":1996}},{"type":"Feature","geometry":{"type":"Polygon","coordinates":[[[-119.83798,38.95114],[-119.83911,38.94736],[-119.84175,38.94675],[-119.84401,38.94386],[-119.84344,38.94289],[-119.84488,38.94047],[-119.8422,38.93787],[-119.84464,38.93719],[-119.84538,38.93558],[-119.8426,38.93586],[-119.84272,38.93502],[-119.84143,38.93371],[-119.83946,38.93239],[-119.83807,38.93259],[-119.83766,38.92912],[-119.84093,38.92814],[-119.84263,38.9284],[-119.84294,38.92739],[-119.83831,38.92605],[-119.83926,38.92536],[-119.83787,38.92483],[-119.83801,38.92367],[-119.84037,38.9241],[-119.84096,38.92206],[-119.84266,38.92314],[-119.84569,38.92103],[-119.84557,38.91816],[-119.8476,38.91713],[-119.84936,38.9142],[-119.85273,38.91318],[-119.85767,38.9091],[-119.86168,38.90927],[-119.86331,38.90752],[-119.86577,38.9079],[-119.86575,38.90977],[-119.86483,38.91066],[-119.86025,38.91187],[-119.86076,38.91312],[-119.86579,38.91167],[-119.86812,38.90952],[-119.87259,38.9088],[-119.87545,38.91165],[-119.88136,38.9128],[-119.88245,38.91996],[-119.88109,38.92724],[-119.87718,38.93108],[-119.87664,38.93423],[-119.87403,38.93652],[-119.87321,38.94062],[-119.87144,38.94261],[-119.86522,38.94327],[-119.8635,38.94552],[-119.8596,38.94614],[-119.85813,38.94735],[-119.85862,38.94919],[-119.86262,38.95017],[-119.86389,38.95189],[-119.86294,38.95288],[-119.86092,38.95325],[-119.85956,38.95518],[-119.86079,38.9572],[-119.86355,38.9587],[-119.86167,38.96137],[-119.85633,38.96337],[-119.85277,38.96241],[-119.8486,38.96251],[-119.84434,38.96507],[-119.84122,38.96515],[-119.83917,38.96229],[-119.83844,38.95724],[-119.83494,38.95597],[-119.83556,38.95353],[-119.83798,38.95114]]]},"properties":{"IncidentName":"Autumn Hills","GISAcres":3802.038304417975,"FireCause":"Undetermined","Year":1996}},{"type":"Feature","geometry":{"type":"Polygon","coordinates":[[[-119.73056,39.14644],[-119.72853,39.14755],[-119.7265,39.14742],[-119.72693,39.14594],[-119.7304,39.14576],[-119.73056,39.14644]]]},"properties":{"IncidentName":"Prison 2","GISAcres":14.171351240892529,"FireCause":"Natural","Year":1996}},{"type":"Feature","geometry":{"type":"Polygon","coordinates":[[[-119.70438,39.37495],[-119.69812,39.37882],[-119.69297,39.37817],[-119.69187,39.37737],[-119.69345,39.37593],[-119.6935,39.37443],[-119.69702,39.37251],[-119.70366,39.37131],[-119.70439,39.37088],[-119.70416,39.37013],[-119.70732,39.37106],[-119.70839,39.37299],[-119.70438,39.37495]]]},"properties":{"IncidentName":"Geiger","GISAcres":172.13186478735756,"FireCause":"Human","Year":1995}},{"type":"Feature","geometry":{"type":"Polygon","coordinates":[[[-119.91174,39.46256],[-119.91426,39.46282],[-119.91586,39.46407],[-119.91637,39.46523],[-119.91412,39.4658],[-119.915,39.46704],[-119.91375,39.46733],[-119.91244,39.46636],[-119.90996,39.46612],[-119.91208,39.46408],[-119.90882,39.46425],[-119.90984,39.46289],[-119.91174,39.46256]]]},"properties":{"IncidentName":"Unknown","GISAcres":45.80789891840382,"FireCause":"Undetermined","Year":1995}},{"type":"Feature","geometry":{"type":"Polygon","coordinates":[[[-119.47252,39.21318],[-119.47277,39.21609],[-119.47342,39.21619],[-119.4728,39.21698],[-119.47531,39.22033],[-119.47319,39.22088],[-119.47273,39.22213],[-119.47174,39.22235],[-119.46629,39.22157],[-119.46455,39.21762],[-119.4656,39.21465],[-119.46828,39.21463],[-119.46752,39.21283],[-119.47252,39.21318]]]},"properties":{"IncidentName":"Como","GISAcres":164.29065821144758,"FireCause":"Human","Year":1995}},{"type":"Feature","geometry":{"type":"Polygon","coordinates":[[[-120.0904,39.74761],[-120.09212,39.74541],[-120.0934,39.74537],[-120.10251,39.74739],[-120.10407,39.74857],[-120.10234,39.74965],[-120.09816,39.74987],[-120.0904,39.74761]]]},"properties":{"IncidentName":"Unknown","GISAcres":84.93748624932081,"FireCause":"Undetermined","Year":1992}},{"type":"Feature","geometry":{"type":"Polygon","coordinates":[[[-119.80308,39.13242],[-119.80363,39.13221],[-119.80306,39.13123],[-119.8014,39.13078],[-119.79741,39.1316],[-119.79856,39.13061],[-119.79583,39.1303],[-119.7952,39.12913],[-119.79658,39.12841],[-119.80352,39.12903],[-119.80609,39.13221],[-119.80706,39.13245],[-119.80655,39.13405],[-119.80518,39.13462],[-119.8051,39.13375],[-119.80153,39.13376],[-119.8023,39.13381],[-119.80308,39.13242]]]},"properties":{"IncidentName":"Unknown","GISAcres":70.87645681320484,"FireCause":"Undetermined","Year":1992}},{"type":"Feature","geometry":{"type":"Polygon","coordinates":[[[-119.90867,39.55559],[-119.90796,39.56106],[-119.90077,39.56325],[-119.9003,39.56702],[-119.89812,39.57044],[-119.88737,39.57494],[-119.88673,39.57309],[-119.88321,39.57662],[-119.88039,39.58278],[-119.88066,39.58554],[-119.8794,39.58644],[-119.86864,39.58717],[-119.86724,39.58356],[-119.87251,39.57905],[-119.87303,39.5767],[-119.87596,39.57444],[-119.87306,39.5721],[-119.8722,39.57289],[-119.87236,39.57575],[-119.87055,39.57691],[-119.86853,39.57627],[-119.86514,39.57322],[-119.85722,39.57501],[-119.85145,39.57456],[-119.85464,39.57369],[-119.85912,39.57033],[-119.86094,39.56685],[-119.86096,39.56474],[-119.86981,39.56417],[-119.87083,39.56347],[-119.8707,39.56111],[-119.87377,39.5581],[-119.87535,39.55829],[-119.87784,39.55628],[-119.87959,39.55617],[-119.88407,39.55382],[-119.88936,39.55374],[-119.8906,39.55205],[-119.89604,39.55187],[-119.89919,39.54794],[-119.90768,39.54982],[-119.90867,39.55559]]]},"properties":{"IncidentName":"Robb","GISAcres":2195.7638564102617,"FireCause":"Undetermined","Year":2003}},{"type":"Feature","geometry":{"type":"Polygon","coordinates":[[[-119.62619,39.27254],[-119.62647,39.27332],[-119.62817,39.27375],[-119.62647,39.27697],[-119.62656,39.27875],[-119.62544,39.27849],[-119.62538,39.27752],[-119.62471,39.27842],[-119.62201,39.27793],[-119.62272,39.27697],[-119.62205,39.27679],[-119.62396,39.27613],[-119.62413,39.2751],[-119.62342,39.27551],[-119.62162,39.27508],[-119.62259,39.27448],[-119.62102,39.27463],[-119.62443,39.27411],[-119.62445,39.27312],[-119.62596,39.2734],[-119.62619,39.27254]]]},"properties":{"IncidentName":"Truck","GISAcres":50.905199707702835,"FireCause":"Human","Year":2005}},{"type":"Feature","geometry":{"type":"Polygon","coordinates":[[[-119.49813,39.3166],[-119.49569,39.32048],[-119.49356,39.32097],[-119.49401,39.31971],[-119.49571,39.31872],[-119.49521,39.31718],[-119.49813,39.3166]]]},"properties":{"IncidentName":"Rainbow","GISAcres":17.578048437205588,"FireCause":"Human","Year":2005}},{"type":"Feature","geometry":{"type":"MultiPolygon","coordinates":[[[[-119.68003,39.17832],[-119.67625,39.17961],[-119.67342,39.17893],[-119.6764,39.17774],[-119.68003,39.17832]]],[[[-119.67866,39.17805],[-119.67859,39.17802],[-119.67861,39.17802],[-119.67866,39.17805]]]]},"properties":{"IncidentName":"Range","GISAcres":18.30456701094839,"FireCause":"Human","Year":2005}},{"type":"Feature","geometry":{"type":"MultiPolygon","coordinates":[[[[-119.79191,39.35698],[-119.79004,39.35589],[-119.78985,39.35348],[-119.79189,39.35423],[-119.79352,39.35642],[-119.79191,39.35698]]],[[[-119.78973,39.35402],[-119.78933,39.35408],[-119.78946,39.35391],[-119.78973,39.35402]]]]},"properties":{"IncidentName":"Pleasant Valley","GISAcres":17.1385252828917,"FireCause":"Human","Year":2005}},{"type":"Feature","geometry":{"type":"MultiPolygon","coordinates":[[[[-119.64462,39.13961],[-119.64658,39.14266],[-119.64919,39.14215],[-119.64999,39.14114],[-119.65231,39.14163],[-119.65143,39.14586],[-119.65269,39.14676],[-119.65235,39.14803],[-119.63988,39.14835],[-119.63012,39.15324],[-119.62338,39.15463],[-119.62123,39.15326],[-119.61664,39.15463],[-119.61742,39.15573],[-119.61628,39.15747],[-119.61319,39.15601],[-119.60673,39.1559],[-119.60531,39.15436],[-119.60643,39.15307],[-119.613,39.15172],[-119.61495,39.15032],[-119.6234,39.14888],[-119.62776,39.14667],[-119.63274,39.14579],[-119.63744,39.14223],[-119.64462,39.13961]]],[[[-119.62177,39.15388],[-119.62175,39.15433],[-119.62081,39.15371],[-119.62177,39.15388]]]]},"properties":{"IncidentName":"Badger","GISAcres":655.3914610381561,"FireCause":"Human","Year":2005}},{"type":"Feature","geometry":{"type":"Polygon","coordinates":[[[-119.74646,38.80771],[-119.74339,38.81326],[-119.74172,38.81522],[-119.74015,38.81578],[-119.73816,38.81874],[-119.73822,38.82099],[-119.74112,38.82288],[-119.74039,38.8238],[-119.74054,38.82571],[-119.74288,38.82603],[-119.74101,38.83135],[-119.73955,38.83082],[-119.7394,38.83236],[-119.73852,38.83228],[-119.73857,38.83077],[-119.73732,38.83009],[-119.73616,38.82487],[-119.73539,38.82432],[-119.73045,38.82753],[-119.72747,38.83232],[-119.72554,38.83337],[-119.72543,38.83464],[-119.72352,38.83436],[-119.72196,38.83234],[-119.72327,38.82728],[-119.7244,38.8265],[-119.72522,38.82417],[-119.72691,38.82352],[-119.72616,38.8226],[-119.72724,38.82054],[-119.72887,38.81977],[-119.72842,38.81867],[-119.7332,38.8144],[-119.73522,38.81414],[-119.73863,38.81065],[-119.74129,38.8106],[-119.74247,38.80949],[-119.74234,38.80859],[-119.74646,38.80771]]]},"properties":{"IncidentName":"Mud Lake","GISAcres":579.3504355803162,"FireCause":"Human","Year":2005}},{"type":"Feature","geometry":{"type":"Polygon","coordinates":[[[-119.78487,39.63343],[-119.7838,39.63572],[-119.7835,39.63486],[-119.78245,39.6352],[-119.7824,39.63417],[-119.78161,39.63454],[-119.78232,39.63389],[-119.77944,39.6346],[-119.78134,39.63253],[-119.78269,39.63302],[-119.78367,39.6314],[-119.78594,39.63218],[-119.78577,39.63323],[-119.78408,39.63314],[-119.78487,39.63343]]]},"properties":{"IncidentName":"Sun Valley","GISAcres":28.654969734109383,"FireCause":"Human","Year":2005}},{"type":"Feature","geometry":{"type":"Polygon","coordinates":[[[-119.16384,39.4635],[-119.16417,39.46423],[-119.16584,39.46448],[-119.16562,39.46519],[-119.16363,39.4656],[-119.16157,39.4644],[-119.16187,39.46345],[-119.16384,39.4635]]]},"properties":{"IncidentName":"Mustang","GISAcres":11.550001529052327,"FireCause":"Human","Year":2005}},{"type":"Feature","geometry":{"type":"Polygon","coordinates":[[[-119.6979,39.26049],[-119.69697,39.26228],[-119.69914,39.26356],[-119.69918,39.2648],[-119.6977,39.2652],[-119.69574,39.26381],[-119.69409,39.26615],[-119.6922,39.2671],[-119.68895,39.2656],[-119.68669,39.26677],[-119.6836,39.26662],[-119.68028,39.26525],[-119.67856,39.26352],[-119.67628,39.26353],[-119.67543,39.26263],[-119.68132,39.25838],[-119.68237,39.25929],[-119.68515,39.25847],[-119.68462,39.25965],[-119.6881,39.26089],[-119.69104,39.25993],[-119.69304,39.26194],[-119.69625,39.26023],[-119.6979,39.26049]]]},"properties":{"IncidentName":"Delaware","GISAcres":285.54148925631165,"FireCause":"Natural","Year":2005}},{"type":"Feature","geometry":{"type":"MultiPolygon","coordinates":[[[[-119.70677,39.37627],[-119.70651,39.37741],[-119.70509,39.37681],[-119.70612,39.37758],[-119.70595,39.37863],[-119.70503,39.37872],[-119.70535,39.37794],[-119.70458,39.3787],[-119.7041,39.37818],[-119.70402,39.37908],[-119.70297,39.37855],[-119.70307,39.37649],[-119.7046,39.37507],[-119.70677,39.37627]]],[[[-119.70578,39.3755],[-119.70578,39.37556],[-119.70576,39.3755],[-119.70578,39.3755]]]]},"properties":{"IncidentName":"Toll Road","GISAcres":23.38586434845836,"FireCause":"Human","Year":2005}},{"type":"Feature","geometry":{"type":"MultiPolygon","coordinates":[[[[-119.876,39.91904],[-119.87566,39.9207],[-119.87493,39.92076],[-119.87579,39.92209],[-119.87517,39.92282],[-119.86879,39.92211],[-119.87326,39.91864],[-119.87418,39.91673],[-119.876,39.91904]]],[[[-119.86961,39.92142],[-119.86959,39.92145],[-119.86959,39.92142],[-119.86961,39.92142]]]]},"properties":{"IncidentName":"Dog","GISAcres":51.21387929272807,"FireCause":"Natural","Year":2005}},{"type":"Feature","geometry":{"type":"Polygon","coordinates":[[[-119.59136,39.27555],[-119.59249,39.27518],[-119.59658,39.2767],[-119.59903,39.27962],[-119.59772,39.28055],[-119.59769,39.28147],[-119.59282,39.2827],[-119.58748,39.27935],[-119.58838,39.27581],[-119.59136,39.27555]]]},"properties":{"IncidentName":"Sugarloaf","GISAcres":135.28919220638048,"FireCause":"Human","Year":2006}},{"type":"Feature","geometry":{"type":"MultiPolygon","coordinates":[[[[-119.35666,39.4417],[-119.3546,39.44361],[-119.3513,39.44311],[-119.34862,39.4438],[-119.34844,39.44453],[-119.34662,39.44427],[-119.34819,39.44631],[-119.3448,39.44457],[-119.34336,39.44485],[-119.34147,39.44309],[-119.34085,39.44077],[-119.34347,39.4415],[-119.34484,39.44125],[-119.34381,39.43964],[-119.35074,39.43927],[-119.35666,39.4417]]],[[[-119.34572,39.44519],[-119.34555,39.44524],[-119.34571,39.44518],[-119.34572,39.44519]]]]},"properties":{"IncidentName":"Hackberry","GISAcres":138.56613348922377,"FireCause":"Human","Year":2006}},{"type":"Feature","geometry":{"type":"Polygon","coordinates":[[[-119.47399,39.51989],[-119.47393,39.5207],[-119.47084,39.523],[-119.47034,39.52575],[-119.46869,39.52836],[-119.47163,39.53109],[-119.47277,39.53323],[-119.47039,39.53701],[-119.47002,39.54098],[-119.47026,39.54461],[-119.4718,39.54662],[-119.47258,39.55092],[-119.47397,39.55317],[-119.4708,39.55291],[-119.46577,39.54735],[-119.46511,39.54278],[-119.46339,39.53995],[-119.45472,39.53392],[-119.447,39.53375],[-119.44374,39.52991],[-119.43739,39.52796],[-119.43118,39.5222],[-119.42934,39.52467],[-119.42382,39.52718],[-119.4223,39.52961],[-119.42352,39.53055],[-119.42691,39.53057],[-119.42702,39.53308],[-119.42779,39.53381],[-119.43273,39.53351],[-119.43468,39.53718],[-119.43432,39.53886],[-119.42945,39.54506],[-119.42237,39.54607],[-119.42256,39.54845],[-119.42734,39.55031],[-119.42724,39.55134],[-119.4261,39.55147],[-119.41301,39.54802],[-119.41031,39.54639],[-119.40887,39.54338],[-119.40342,39.54154],[-119.40153,39.53841],[-119.3946,39.53298],[-119.39411,39.53008],[-119.39773,39.52751],[-119.39756,39.52549],[-119.39445,39.52426],[-119.38934,39.52399],[-119.38584,39.52259],[-119.38423,39.51858],[-119.38303,39.51766],[-119.37597,39.51515],[-119.37482,39.51092],[-119.37595,39.50759],[-119.37795,39.50684],[-119.38258,39.50684],[-119.38355,39.50427],[-119.38981,39.501],[-119.39554,39.49991],[-119.40295,39.50107],[-119.40651,39.50064],[-119.41005,39.50321],[-119.42215,39.50545],[-119.42458,39.50785],[-119.42503,39.51317],[-119.42633,39.51379],[-119.42934,39.51336],[-119.43009,39.51581],[-119.43136,39.51641],[-119.43552,39.51459],[-119.43833,39.51015],[-119.43773,39.50497],[-119.43878,39.50208],[-119.44097,39.5004],[-119.44445,39.49931],[-119.44635,39.49637],[-119.44895,39.49601],[-119.45118,39.49695],[-119.45165,39.50083],[-119.45397,39.50225],[-119.45603,39.50512],[-119.4706,39.51315],[-119.47399,39.51989]]]},"properties":{"IncidentName":"Olinghouse","GISAcres":6832.758996225192,"FireCause":"Natural","Year":2006}},{"type":"Feature","geometry":{"type":"Polygon","coordinates":[[[-119.74355,39.23308],[-119.74001,39.23998],[-119.73745,39.24114],[-119.7358,39.23797],[-119.73458,39.2373],[-119.72638,39.23602],[-119.72488,39.2365],[-119.72316,39.24119],[-119.71873,39.24161],[-119.72005,39.24528],[-119.71965,39.24608],[-119.7182,39.24688],[-119.71452,39.24608],[-119.71346,39.24842],[-119.70929,39.25311],[-119.70742,39.25075],[-119.70627,39.2469],[-119.70102,39.24744],[-119.70548,39.24944],[-119.70681,39.25177],[-119.70578,39.25334],[-119.70342,39.25303],[-119.70211,39.25701],[-119.69636,39.25865],[-119.6907,39.25869],[-119.68744,39.2597],[-119.67929,39.25859],[-119.67789,39.25314],[-119.67817,39.24611],[-119.66998,39.24106],[-119.66894,39.23815],[-119.67068,39.23357],[-119.67411,39.2326],[-119.67239,39.22674],[-119.67828,39.22519],[-119.67969,39.22566],[-119.68392,39.2303],[-119.68222,39.23123],[-119.6801,39.23018],[-119.67866,39.23136],[-119.68661,39.23614],[-119.68908,39.23545],[-119.69357,39.23587],[-119.69511,39.23683],[-119.69989,39.23595],[-119.7022,39.23466],[-119.69768,39.22885],[-119.695,39.2232],[-119.69399,39.22307],[-119.69298,39.22454],[-119.68877,39.22305],[-119.68164,39.22283],[-119.68019,39.22141],[-119.67983,39.21215],[-119.68303,39.21071],[-119.68656,39.20475],[-119.68933,39.19802],[-119.69232,39.19313],[-119.69226,39.1896],[-119.69376,39.19023],[-119.69428,39.19256],[-119.6967,39.19424],[-119.69864,39.198],[-119.70781,39.20104],[-119.70946,39.20356],[-119.7136,39.20511],[-119.71547,39.20905],[-119.72233,39.2124],[-119.72264,39.21431],[-119.72476,39.21534],[-119.72957,39.21516],[-119.73189,39.21874],[-119.73522,39.22027],[-119.73712,39.22341],[-119.73936,39.22416],[-119.73963,39.22786],[-119.73455,39.22971],[-119.73611,39.23339],[-119.73801,39.2334],[-119.74194,39.23146],[-119.74355,39.23308]]]},"properties":{"IncidentName":"Linehan","GISAcres":5860.080466084362,"FireCause":"Natural","Year":2006}},{"type":"Feature","geometry":{"type":"Polygon","coordinates":[[[-119.84765,39.69808],[-119.84411,39.70526],[-119.84196,39.70455],[-119.84235,39.7024],[-119.84077,39.70024],[-119.84294,39.69796],[-119.84298,39.69539],[-119.84524,39.69424],[-119.84733,39.69565],[-119.84765,39.69808]]]},"properties":{"IncidentName":"Oregon","GISAcres":105.58464122821671,"FireCause":"Natural","Year":2006}},{"type":"Feature","geometry":{"type":"Polygon","coordinates":[[[-119.61248,39.68855],[-119.60791,39.6894],[-119.61044,39.69085],[-119.60936,39.69302],[-119.6008,39.6935],[-119.59474,39.69224],[-119.59429,39.69289],[-119.59666,39.69379],[-119.59742,39.69538],[-119.59301,39.69621],[-119.59459,39.69847],[-119.59052,39.69936],[-119.58919,39.69773],[-119.58867,39.69551],[-119.59003,39.69449],[-119.59046,39.69136],[-119.59347,39.68876],[-119.59844,39.68983],[-119.59931,39.68873],[-119.59905,39.68679],[-119.60168,39.68943],[-119.60199,39.68709],[-119.60818,39.68873],[-119.61248,39.68855]]]},"properties":{"IncidentName":"Wilmox","GISAcres":289.22729812103614,"FireCause":"Natural","Year":2006}},{"type":"Feature","geometry":{"type":"Polygon","coordinates":[[[-119.6793,39.1835],[-119.67814,39.18493],[-119.67921,39.18545],[-119.67829,39.18729],[-119.67278,39.18785],[-119.67076,39.19015],[-119.67213,39.18697],[-119.66979,39.18824],[-119.66881,39.18744],[-119.66994,39.18294],[-119.67235,39.18244],[-119.67372,39.18088],[-119.6737,39.17972],[-119.6793,39.1835]]]},"properties":{"IncidentName":"Flint","GISAcres":131.388946136598,"FireCause":"Human","Year":2006}},{"type":"Feature","geometry":{"type":"Polygon","coordinates":[[[-119.34159,39.50111],[-119.33927,39.50277],[-119.33551,39.50308],[-119.33229,39.5046],[-119.33147,39.50662],[-119.33886,39.50524],[-119.34022,39.50744],[-119.33547,39.51076],[-119.32941,39.51334],[-119.31374,39.51635],[-119.30828,39.51914],[-119.3043,39.51899],[-119.2989,39.51464],[-119.29588,39.51332],[-119.29304,39.51737],[-119.29074,39.52272],[-119.286,39.52657],[-119.27712,39.53697],[-119.2646,39.54259],[-119.25108,39.54493],[-119.24969,39.54157],[-119.24977,39.53819],[-119.24811,39.53576],[-119.24709,39.53509],[-119.23786,39.53496],[-119.23542,39.53309],[-119.23301,39.52906],[-119.23414,39.52712],[-119.2464,39.52289],[-119.2601,39.52616],[-119.26912,39.52606],[-119.27801,39.52489],[-119.28231,39.52288],[-119.28558,39.51967],[-119.2882,39.51186],[-119.29318,39.50646],[-119.29464,39.50274],[-119.28969,39.50299],[-119.28309,39.49813],[-119.27627,39.49581],[-119.27794,39.49232],[-119.28357,39.48844],[-119.28651,39.48754],[-119.29326,39.48779],[-119.2972,39.4871],[-119.29842,39.48807],[-119.2983,39.4903],[-119.30434,39.49295],[-119.30334,39.49589],[-119.30731,39.49888],[-119.30895,39.49747],[-119.30887,39.49509],[-119.31057,39.49244],[-119.3143,39.48845],[-119.31801,39.48668],[-119.31936,39.4885],[-119.3186,39.49251],[-119.31904,39.49373],[-119.32444,39.49524],[-119.33481,39.49388],[-119.33532,39.4974],[-119.34006,39.49961],[-119.34159,39.50111]]]},"properties":{"IncidentName":"Virginia","GISAcres":4601.560929906955,"FireCause":"Natural","Year":2006}},{"type":"Feature","geometry":{"type":"Polygon","coordinates":[[[-119.446,39.4679],[-119.44585,39.47058],[-119.44386,39.47279],[-119.44086,39.47399],[-119.44013,39.47526],[-119.43862,39.47976],[-119.43947,39.48201],[-119.43917,39.48378],[-119.43422,39.48514],[-119.43009,39.48202],[-119.42657,39.47762],[-119.42689,39.47513],[-119.43686,39.46901],[-119.43975,39.46781],[-119.446,39.4679]]]},"properties":{"IncidentName":"Olinghouse 3","GISAcres":430.53852160173176,"FireCause":"Natural","Year":2006}},{"type":"Feature","geometry":{"type":"Polygon","coordinates":[[[-119.42317,39.47801],[-119.42173,39.47848],[-119.41976,39.47698],[-119.42096,39.47623],[-119.42256,39.47679],[-119.42317,39.47801]]]},"properties":{"IncidentName":"Olinghouse 2","GISAcres":11.26249226445715,"FireCause":"Natural","Year":2006}},{"type":"Feature","geometry":{"type":"Polygon","coordinates":[[[-119.5045,39.40527],[-119.49887,39.4081],[-119.49817,39.41058],[-119.50027,39.41518],[-119.48511,39.41959],[-119.48264,39.41915],[-119.48215,39.41836],[-119.48182,39.4136],[-119.47955,39.40827],[-119.47976,39.40548],[-119.4819,39.40414],[-119.49165,39.4072],[-119.49987,39.404],[-119.50304,39.40381],[-119.5045,39.40527]]]},"properties":{"IncidentName":"Copper Canyon","GISAcres":571.0308674380191,"FireCause":"Natural","Year":2006}},{"type":"Feature","geometry":{"type":"Polygon","coordinates":[[[-120.10701,39.66856],[-120.10695,39.66996],[-120.10562,39.67136],[-120.09782,39.67351],[-120.09603,39.6748],[-120.09352,39.67442],[-120.09269,39.67312],[-120.09134,39.67336],[-120.09135,39.67591],[-120.08861,39.6768],[-120.08745,39.67499],[-120.08253,39.67244],[-120.07977,39.66929],[-120.07798,39.66934],[-120.07476,39.67139],[-120.05581,39.67371],[-120.05105,39.67007],[-120.0497,39.66569],[-120.05017,39.66262],[-120.05264,39.65927],[-120.05771,39.65989],[-120.06235,39.65741],[-120.07017,39.66051],[-120.07205,39.66053],[-120.07573,39.65972],[-120.07473,39.6571],[-120.08024,39.6552],[-120.089,39.65612],[-120.09351,39.65939],[-120.09702,39.65886],[-120.09964,39.65956],[-120.10432,39.66381],[-120.10346,39.66714],[-120.10525,39.6687],[-120.10701,39.66856]]]},"properties":{"IncidentName":"Balls Canyon","GISAcres":1838.4040393577147,"FireCause":"Natural","Year":2006}},{"type":"Feature","geometry":{"type":"Polygon","coordinates":[[[-120.10605,40.02352],[-120.10549,40.02401],[-120.10251,40.02266],[-120.10197,40.02017],[-120.10502,40.01944],[-120.10605,40.02352]]]},"properties":{"IncidentName":"Ccd Doyle","GISAcres":26.54043316307685,"FireCause":"Human","Year":2006}},{"type":"Feature","geometry":{"type":"Polygon","coordinates":[[[-119.61876,39.319],[-119.6176,39.32096],[-119.6178,39.32576],[-119.61587,39.32833],[-119.61394,39.3296],[-119.60759,39.33137],[-119.6071,39.33287],[-119.60821,39.33682],[-119.60753,39.33844],[-119.5972,39.34253],[-119.5949,39.34468],[-119.5899,39.34517],[-119.58527,39.34962],[-119.58106,39.34901],[-119.58113,39.34772],[-119.58236,39.34649],[-119.58099,39.34607],[-119.58201,39.34548],[-119.58159,39.34455],[-119.58254,39.34306],[-119.58207,39.34079],[-119.58471,39.33894],[-119.58413,39.33252],[-119.58523,39.3314],[-119.58226,39.32875],[-119.58336,39.32469],[-119.58762,39.32407],[-119.59325,39.3208],[-119.60049,39.3213],[-119.60223,39.31876],[-119.60309,39.31555],[-119.60893,39.31507],[-119.61254,39.31107],[-119.61575,39.31328],[-119.61876,39.319]]]},"properties":{"IncidentName":"Six Mile 2","GISAcres":1732.516356894962,"FireCause":"Natural","Year":2006}},{"type":"Feature","geometry":{"type":"Polygon","coordinates":[[[-119.68709,39.57911],[-119.6866,39.58081],[-119.67878,39.58242],[-119.67505,39.58229],[-119.66836,39.58757],[-119.66705,39.5842],[-119.66479,39.5837],[-119.6617,39.57325],[-119.66237,39.57203],[-119.66507,39.57261],[-119.66904,39.57727],[-119.67291,39.57529],[-119.67758,39.57546],[-119.68282,39.57722],[-119.68552,39.57714],[-119.68709,39.57911]]]},"properties":{"IncidentName":"Belmar","GISAcres":424.17270896651263,"FireCause":"Human","Year":2006}},{"type":"Feature","geometry":{"type":"MultiPolygon","coordinates":[[[[-120.11195,40.08545],[-120.11041,40.0883],[-120.10693,40.08725],[-120.10472,40.08543],[-120.10214,40.0854],[-120.09554,40.08285],[-120.09536,40.08045],[-120.09635,40.08023],[-120.09586,40.07903],[-120.09768,40.07901],[-120.10405,40.08137],[-120.11195,40.08545]]],[[[-120.10689,40.08712],[-120.10687,40.0871],[-120.10689,40.0871],[-120.10689,40.08712]]]]},"properties":{"IncidentName":"Ccd Laver","GISAcres":147.54459142900325,"FireCause":"Human","Year":2006}},{"type":"Feature","geometry":{"type":"Polygon","coordinates":[[[-120.05438,40.01165],[-120.05025,40.01157],[-120.04955,40.01393],[-120.05017,40.01644],[-120.04809,40.01799],[-120.04348,40.01702],[-120.04001,40.01926],[-120.03731,40.01963],[-120.03669,40.01851],[-120.03666,40.01666],[-120.03764,40.01502],[-120.04119,40.01387],[-120.0427,40.01063],[-120.04687,40.01052],[-120.04781,40.007],[-120.04875,40.00633],[-120.04976,40.00816],[-120.0511,40.00726],[-120.05209,40.00755],[-120.05438,40.01165]]]},"properties":{"IncidentName":"Ccd Sage","GISAcres":239.82090617517966,"FireCause":"Natural","Year":2006}},{"type":"Feature","geometry":{"type":"Polygon","coordinates":[[[-120.00788,39.99614],[-120.0057,39.99912],[-120.00565,40.0014],[-120.00469,40.00306],[-120.00211,40.00541],[-120.00287,40.00879],[-120.0059,40.01059],[-120.00618,40.01323],[-120.00487,40.01499],[-120.00089,40.01752],[-119.99853,40.01676],[-119.99231,40.02204],[-119.98686,40.02485],[-119.98221,40.02461],[-119.98077,40.02527],[-119.97956,40.02403],[-119.97738,40.02585],[-119.97479,40.02654],[-119.97596,40.02514],[-119.97483,40.02337],[-119.97754,40.02185],[-119.97657,40.02032],[-119.9741,40.02017],[-119.97126,40.02489],[-119.96965,40.02566],[-119.96781,40.02874],[-119.96617,40.02952],[-119.96335,40.02936],[-119.96178,40.03035],[-119.96131,40.03294],[-119.95917,40.0335],[-119.95714,40.03646],[-119.95659,40.03949],[-119.95157,40.0397],[-119.95019,40.04088],[-119.94916,40.04338],[-119.94398,40.04516],[-119.94238,40.04428],[-119.9408,40.03712],[-119.9355,40.03295],[-119.93482,40.03117],[-119.93667,40.02145],[-119.93619,40.01886],[-119.93912,40.01636],[-119.93636,40.01434],[-119.93587,40.01067],[-119.92894,40.00028],[-119.93139,39.99716],[-119.93212,39.99396],[-119.93635,39.99393],[-119.93743,39.99568],[-119.93986,40.00939],[-119.94158,40.01093],[-119.94222,40.01415],[-119.9435,40.01422],[-119.94669,40.00987],[-119.95097,40.0118],[-119.952,40.01109],[-119.95295,40.00571],[-119.95494,40.00417],[-119.95769,40.00391],[-119.95833,40.00307],[-119.95683,40.00009],[-119.95712,39.99823],[-119.95375,39.99633],[-119.95109,39.9918],[-119.95172,39.98822],[-119.95005,39.98311],[-119.95042,39.98018],[-119.95478,39.97606],[-119.95758,39.9759],[-119.95954,39.97972],[-119.96207,39.98109],[-119.96375,39.97823],[-119.97475,39.97672],[-119.97834,39.97982],[-119.98613,39.9813],[-119.9876,39.98299],[-119.98699,39.98515],[-119.99242,39.98591],[-119.99531,39.98964],[-119.9977,39.98951],[-120.00178,39.99326],[-120.00788,39.99614]]]},"properties":{"IncidentName":"Bootlegger","GISAcres":6678.216896914394,"FireCause":"Natural","Year":2006}},{"type":"Feature","geometry":{"type":"Polygon","coordinates":[[[-119.98795,39.5395],[-119.98793,39.5404],[-119.9805,39.54177],[-119.97874,39.54469],[-119.97509,39.54564],[-119.97449,39.54774],[-119.97297,39.54772],[-119.97323,39.54961],[-119.97014,39.55049],[-119.9719,39.55405],[-119.9693,39.55662],[-119.96308,39.55937],[-119.96076,39.5592],[-119.95357,39.56686],[-119.95134,39.56782],[-119.94975,39.56626],[-119.94246,39.56716],[-119.94265,39.5686],[-119.94424,39.56958],[-119.94437,39.5748],[-119.94044,39.5781],[-119.93746,39.57684],[-119.93761,39.57604],[-119.93668,39.57649],[-119.93211,39.57563],[-119.92967,39.57351],[-119.92402,39.5739],[-119.92186,39.57184],[-119.91883,39.57315],[-119.91696,39.5731],[-119.91836,39.56793],[-119.9145,39.57173],[-119.91237,39.57057],[-119.91104,39.56875],[-119.90317,39.56926],[-119.90158,39.57214],[-119.90079,39.57231],[-119.89866,39.57061],[-119.89407,39.5728],[-119.8907,39.57218],[-119.88838,39.57295],[-119.88343,39.57128],[-119.88229,39.57012],[-119.88448,39.56778],[-119.88527,39.56334],[-119.88697,39.56182],[-119.88881,39.5627],[-119.8907,39.56499],[-119.89589,39.56518],[-119.89521,39.56759],[-119.89694,39.56709],[-119.89832,39.56291],[-119.90229,39.55978],[-119.90216,39.55707],[-119.90435,39.55729],[-119.903,39.55343],[-119.90405,39.54937],[-119.90596,39.55139],[-119.90952,39.55109],[-119.91317,39.55383],[-119.91772,39.54963],[-119.92143,39.54763],[-119.92018,39.54634],[-119.92038,39.54544],[-119.92291,39.5428],[-119.9293,39.54332],[-119.93222,39.54233],[-119.93563,39.54295],[-119.93984,39.54135],[-119.94235,39.53836],[-119.94705,39.53641],[-119.94754,39.53774],[-119.95231,39.53635],[-119.95449,39.53795],[-119.95722,39.53589],[-119.95484,39.53549],[-119.95364,39.53248],[-119.95419,39.52632],[-119.95497,39.52547],[-119.96147,39.52605],[-119.96329,39.52463],[-119.97554,39.52549],[-119.9799,39.52429],[-119.98018,39.52519],[-119.97917,39.52703],[-119.98565,39.5348],[-119.98423,39.53574],[-119.98398,39.53697],[-119.98657,39.53714],[-119.98795,39.5395]]]},"properties":{"IncidentName":"Verdi","GISAcres":5657.68865169261,"FireCause":"Human","Year":2006}},{"type":"Feature","geometry":{"type":"Polygon","coordinates":[[[-119.78712,39.64181],[-119.78547,39.6431],[-119.78393,39.64273],[-119.78346,39.6417],[-119.78577,39.64089],[-119.78712,39.64181]]]},"properties":{"IncidentName":"Leon","GISAcres":13.74655082085495,"FireCause":"Human","Year":2006}},{"type":"Feature","geometry":{"type":"Polygon","coordinates":[[[-119.7173,39.29031],[-119.71565,39.29188],[-119.70943,39.29302],[-119.71009,39.29063],[-119.712,39.2895],[-119.7135,39.28935],[-119.71423,39.28988],[-119.71382,39.29031],[-119.71649,39.28975],[-119.7173,39.29031]]]},"properties":{"IncidentName":"Jumbo","GISAcres":40.70039333657001,"FireCause":"Human","Year":2006}},{"type":"Feature","geometry":{"type":"Polygon","coordinates":[[[-119.75841,39.45878],[-119.75803,39.46039],[-119.75558,39.46101],[-119.75217,39.46039],[-119.75163,39.46189],[-119.74831,39.45652],[-119.74631,39.45541],[-119.74826,39.45208],[-119.75071,39.45146],[-119.75163,39.45227],[-119.75283,39.45616],[-119.7559,39.45541],[-119.75841,39.45878]]]},"properties":{"IncidentName":"Double R","GISAcres":151.7620036082418,"FireCause":"Human","Year":2006}},{"type":"Feature","geometry":{"type":"Polygon","coordinates":[[[-119.9246,39.79504],[-119.91649,39.79843],[-119.91207,39.79862],[-119.91089,39.80025],[-119.90952,39.80062],[-119.90926,39.80173],[-119.90473,39.80075],[-119.90106,39.79781],[-119.90272,39.79598],[-119.90224,39.79422],[-119.90439,39.7944],[-119.90572,39.79195],[-119.9087,39.79257],[-119.90941,39.79352],[-119.90948,39.79212],[-119.9104,39.79161],[-119.9166,39.7918],[-119.9163,39.79107],[-119.91821,39.79182],[-119.92018,39.79156],[-119.92149,39.79253],[-119.92179,39.79401],[-119.9246,39.79504]]]},"properties":{"IncidentName":"August","GISAcres":334.01682046685073,"FireCause":"Human","Year":2006}},{"type":"Feature","geometry":{"type":"MultiPolygon","coordinates":[[[[-119.09357,39.85579],[-119.0925,39.85883],[-119.09057,39.85838],[-119.08765,39.86008],[-119.08625,39.85967],[-119.08486,39.858],[-119.08926,39.85529],[-119.09357,39.85579]]],[[[-119.08703,39.85643],[-119.08702,39.85643],[-119.08702,39.85641],[-119.08703,39.85643]]]]},"properties":{"IncidentName":"Fireball","GISAcres":62.62178372238324,"FireCause":"Undetermined","Year":2006}},{"type":"Feature","geometry":{"type":"Polygon","coordinates":[[[-119.69955,39.3612],[-119.6995,39.36273],[-119.70122,39.36362],[-119.7033,39.36628],[-119.70347,39.36974],[-119.69763,39.36901],[-119.69686,39.36818],[-119.69497,39.36937],[-119.69254,39.36931],[-119.68908,39.36729],[-119.69153,39.36046],[-119.69955,39.3612]]]},"properties":{"IncidentName":"Toll Road","GISAcres":229.1366050933183,"FireCause":"Human","Year":1995}},{"type":"Feature","geometry":{"type":"Polygon","coordinates":[[[-119.7617,39.58611],[-119.76055,39.58872],[-119.75758,39.58876],[-119.75575,39.58681],[-119.75502,39.58903],[-119.75272,39.58954],[-119.75229,39.59126],[-119.7539,39.59268],[-119.75341,39.59388],[-119.75629,39.59723],[-119.75298,39.60357],[-119.7518,39.60406],[-119.75241,39.60257],[-119.75189,39.59791],[-119.75359,39.59486],[-119.75186,39.59329],[-119.75117,39.5891],[-119.74853,39.58825],[-119.75084,39.58776],[-119.75112,39.58698],[-119.7486,39.58652],[-119.74596,39.58788],[-119.74639,39.58569],[-119.74782,39.58491],[-119.7478,39.58188],[-119.74669,39.58173],[-119.75068,39.57761],[-119.75246,39.57769],[-119.75146,39.57614],[-119.7543,39.57363],[-119.75459,39.57265],[-119.75365,39.57204],[-119.75576,39.57118],[-119.75733,39.57243],[-119.75851,39.58256],[-119.7617,39.58611]]]},"properties":{"IncidentName":"Pyramid 2","GISAcres":426.74557974341843,"FireCause":"Human","Year":2006}},{"type":"Feature","geometry":{"type":"Polygon","coordinates":[[[-120.00295,39.46831],[-120.00816,39.46002],[-120.00947,39.45661],[-120.01887,39.45444],[-120.02159,39.45609],[-120.02434,39.45277],[-120.02591,39.45219],[-120.02728,39.4524],[-120.02844,39.45547],[-120.03202,39.45627],[-120.03387,39.45884],[-120.03543,39.45944],[-120.03627,39.46199],[-120.03588,39.46281],[-120.03402,39.46176],[-120.03277,39.46264],[-120.03243,39.46403],[-120.02977,39.46418],[-120.03084,39.46562],[-120.0303,39.46693],[-120.02689,39.4688],[-120.022,39.46905],[-120.01531,39.46809],[-120.00966,39.46972],[-120.00571,39.46991],[-120.00295,39.46831]]]},"properties":{"IncidentName":"Highway","GISAcres":841.3594136730721,"FireCause":"Human","Year":2007}},{"type":"Feature","geometry":{"type":"Polygon","coordinates":[[[-119.87525,39.48582],[-119.87315,39.48445],[-119.86683,39.48364],[-119.85865,39.47797],[-119.85916,39.47705],[-119.8611,39.47643],[-119.86232,39.47388],[-119.86153,39.47146],[-119.86368,39.47019],[-119.86308,39.46635],[-119.86663,39.46397],[-119.87009,39.46406],[-119.87214,39.46014],[-119.87739,39.4567],[-119.88283,39.45674],[-119.88354,39.4549],[-119.88497,39.45417],[-119.88825,39.45453],[-119.88945,39.45673],[-119.8915,39.45688],[-119.89504,39.45543],[-119.89583,39.45435],[-119.89685,39.45457],[-119.90441,39.46237],[-119.90267,39.46558],[-119.90345,39.46859],[-119.90327,39.47389],[-119.90477,39.47423],[-119.90602,39.47173],[-119.90798,39.4715],[-119.90931,39.4738],[-119.90819,39.47686],[-119.90668,39.47785],[-119.90554,39.48046],[-119.90398,39.48182],[-119.90121,39.48238],[-119.89882,39.48408],[-119.89741,39.48386],[-119.89565,39.48079],[-119.89283,39.4804],[-119.88564,39.48249],[-119.88177,39.48021],[-119.8796,39.48502],[-119.87525,39.48582]]]},"properties":{"IncidentName":"Hawkens","GISAcres":2457.5031264792697,"FireCause":"Human","Year":2007}},{"type":"Feature","geometry":{"type":"MultiPolygon","coordinates":[[[[-119.97242,39.40682],[-119.96815,39.40429],[-119.9677,39.40166],[-119.96589,39.39903],[-119.96293,39.39869],[-119.96118,39.40017],[-119.96064,39.39987],[-119.96105,39.39792],[-119.95933,39.39675],[-119.94827,39.39445],[-119.94869,39.39094],[-119.95046,39.38968],[-119.95187,39.38622],[-119.95081,39.38301],[-119.9513,39.3811],[-119.94965,39.37798],[-119.9496,39.37349],[-119.95262,39.37188],[-119.96246,39.37021],[-119.95879,39.36452],[-119.96317,39.36521],[-119.96663,39.36778],[-119.97426,39.36958],[-119.97704,39.36961],[-119.97931,39.36755],[-119.97576,39.36233],[-119.97315,39.36185],[-119.96948,39.36474],[-119.96718,39.36411],[-119.96696,39.36303],[-119.96516,39.36231],[-119.96263,39.35631],[-119.96409,39.35538],[-119.96953,39.35722],[-119.96925,39.35325],[-119.96589,39.35347],[-119.96596,39.35116],[-119.9619,39.35099],[-119.96372,39.34703],[-119.96072,39.34554],[-119.958,39.34179],[-119.96069,39.34053],[-119.96205,39.33752],[-119.96699,39.33769],[-119.97125,39.33551],[-119.97248,39.33365],[-119.97352,39.33335],[-119.97462,39.33202],[-119.97425,39.33093],[-119.97509,39.32859],[-119.97738,39.32651],[-119.97568,39.32534],[-119.97658,39.32253],[-119.97764,39.32165],[-119.97674,39.32036],[-119.98036,39.3168],[-119.98768,39.31451],[-119.99019,39.31593],[-119.99847,39.31661],[-120.00098,39.31505],[-120.00164,39.31308],[-119.99971,39.31054],[-120.00093,39.30849],[-119.99889,39.30334],[-119.99947,39.29998],[-119.99832,39.29456],[-119.99919,39.29347],[-120.00111,39.29593],[-120.00156,39.29941],[-120.00425,39.29993],[-120.00229,39.30284],[-120.00279,39.3057],[-120.00441,39.30796],[-120.00273,39.3087],[-120.00178,39.31107],[-120.00305,39.31226],[-120.00548,39.31148],[-120.00548,39.31295],[-120.01015,39.31393],[-120.01085,39.31785],[-120.01296,39.31913],[-120.01379,39.32113],[-120.01346,39.32321],[-120.01453,39.32507],[-120.01358,39.3272],[-120.01706,39.32965],[-120.01752,39.33172],[-120.02197,39.33363],[-120.02237,39.33547],[-120.02423,39.33698],[-120.03105,39.33955],[-120.03357,39.34766],[-120.03715,39.35509],[-120.04325,39.35536],[-120.04634,39.35437],[-120.0479,39.35566],[-120.05125,39.35624],[-120.05265,39.35757],[-120.06223,39.35961],[-120.06566,39.35969],[-120.06837,39.35768],[-120.06819,39.36196],[-120.06176,39.36524],[-120.05039,39.36749],[-120.04947,39.36872],[-120.04949,39.3711],[-120.04822,39.37244],[-120.03826,39.37756],[-120.03498,39.38429],[-120.02534,39.38647],[-120.02332,39.38779],[-120.02123,39.38731],[-120.01875,39.39138],[-120.01304,39.39652],[-120.0086,39.39728],[-120.00727,39.39931],[-120.00184,39.40376],[-119.99771,39.40507],[-119.98862,39.40595],[-119.97576,39.40974],[-119.97242,39.40682]]],[[[-119.9403,39.38095],[-119.94095,39.37987],[-119.94603,39.3807],[-119.9505,39.38541],[-119.94784,39.38526],[-119.94295,39.38351],[-119.9403,39.38095]]],[[[-119.9554,39.33821],[-119.95608,39.33819],[-119.95639,39.34064],[-119.9554,39.33821]]],[[[-119.97078,39.32665],[-119.97169,39.32672],[-119.97206,39.32769],[-119.97078,39.32665]]]]},"properties":{"IncidentName":"Martis","GISAcres":14416.628114126423,"FireCause":"Undetermined","Year":2001}},{"type":"Feature","geometry":{"type":"Polygon","coordinates":[[[-120.08007,40.1175],[-120.07999,40.11466],[-120.07866,40.11132],[-120.07137,40.10973],[-120.06755,40.10643],[-120.06692,40.10696],[-120.06656,40.11087],[-120.06503,40.11219],[-120.06378,40.11069],[-120.06358,40.10764],[-120.06231,40.10619],[-120.0522,40.10963],[-120.04903,40.10822],[-120.048,40.10572],[-120.05117,40.10205],[-120.05663,40.10103],[-120.05512,40.09824],[-120.05829,40.09565],[-120.06422,40.09343],[-120.07307,40.09209],[-120.07681,40.09496],[-120.07788,40.09843],[-120.08035,40.09988],[-120.08045,40.10336],[-120.08218,40.10586],[-120.08213,40.10782],[-120.08479,40.11036],[-120.0862,40.11383],[-120.08007,40.1175]]]},"properties":{"IncidentName":"Ccd Turtle","GISAcres":1075.5023272379754,"FireCause":"Natural","Year":2000}},{"type":"Feature","geometry":{"type":"Polygon","coordinates":[[[-119.83664,40.37388],[-119.83478,40.37431],[-119.83278,40.37742],[-119.83056,40.37717],[-119.82782,40.37553],[-119.82743,40.37066],[-119.82864,40.36948],[-119.82638,40.36851],[-119.82505,40.36577],[-119.82539,40.36224],[-119.82643,40.3604],[-119.82387,40.36044],[-119.82323,40.35917],[-119.82246,40.35989],[-119.82175,40.35956],[-119.82381,40.35612],[-119.82355,40.35484],[-119.81964,40.35251],[-119.81777,40.35044],[-119.8167,40.34334],[-119.81249,40.33789],[-119.81113,40.33739],[-119.81037,40.33596],[-119.80728,40.3363],[-119.80641,40.33713],[-119.80488,40.33613],[-119.80354,40.33418],[-119.80223,40.32611],[-119.80007,40.32641],[-119.7985,40.32521],[-119.80544,40.32276],[-119.81231,40.32263],[-119.81338,40.32217],[-119.81407,40.32048],[-119.80234,40.3157],[-119.80333,40.31498],[-119.809,40.31467],[-119.81301,40.31115],[-119.82405,40.30705],[-119.83095,40.30594],[-119.84497,40.30653],[-119.85186,40.30799],[-119.85627,40.30754],[-119.86843,40.31085],[-119.87296,40.31127],[-119.8749,40.30997],[-119.87694,40.30702],[-119.87744,40.30461],[-119.87627,40.30286],[-119.87703,40.29953],[-119.8767,40.29546],[-119.87368,40.28706],[-119.87347,40.28398],[-119.87737,40.28119],[-119.88692,40.28516],[-119.90233,40.29997],[-119.90148,40.30297],[-119.90584,40.30361],[-119.90493,40.30536],[-119.90676,40.30524],[-119.90503,40.3134],[-119.90325,40.31653],[-119.90011,40.3184],[-119.89661,40.31896],[-119.87811,40.31817],[-119.87297,40.32014],[-119.87,40.32364],[-119.86936,40.33046],[-119.87336,40.3352],[-119.87415,40.34844],[-119.86893,40.35203],[-119.86869,40.37566],[-119.86573,40.38482],[-119.8635,40.3861],[-119.86049,40.38584],[-119.84479,40.37672],[-119.84162,40.37653],[-119.83664,40.37388]]]},"properties":{"IncidentName":"Dry","GISAcres":11180.92561977295,"FireCause":"Natural","Year":1999}},{"type":"Feature","geometry":{"type":"Polygon","coordinates":[[[-120.12094,40.03246],[-120.1181,40.03287],[-120.11837,40.03071],[-120.11679,40.02987],[-120.11775,40.02777],[-120.11565,40.02506],[-120.11949,40.02049],[-120.1212,40.02016],[-120.12681,40.01664],[-120.12811,40.01296],[-120.13067,40.01065],[-120.13061,40.00902],[-120.129,40.00729],[-120.12886,40.00501],[-120.13143,40.00095],[-120.13684,39.99754],[-120.14174,39.9959],[-120.14891,39.99768],[-120.15191,39.99739],[-120.15336,39.99634],[-120.15557,39.9978],[-120.15678,39.99977],[-120.15509,40.00288],[-120.15658,40.00438],[-120.1545,40.00566],[-120.15564,40.00748],[-120.15534,40.00862],[-120.15177,40.00832],[-120.14983,40.00986],[-120.14694,40.01516],[-120.14344,40.01892],[-120.14317,40.02477],[-120.13938,40.02641],[-120.13285,40.02394],[-120.12844,40.02586],[-120.12853,40.02749],[-120.13009,40.02866],[-120.12964,40.02992],[-120.12291,40.03318],[-120.12094,40.03246]]]},"properties":{"IncidentName":"Doyle","GISAcres":1695.612993468956,"FireCause":"Human","Year":1994}},{"type":"Feature","geometry":{"type":"Polygon","coordinates":[[[-120.00864,39.45537],[-120.00708,39.45118],[-120.00785,39.44903],[-120.00875,39.44857],[-120.00864,39.45537]]]},"properties":{"IncidentName":"Unknown","GISAcres":19.13944949551717,"FireCause":"Undetermined","Year":1993}},{"type":"Feature","geometry":{"type":"Polygon","coordinates":[[[-120.11721,40.01547],[-120.11666,40.01428],[-120.11096,40.01578],[-120.11261,40.01387],[-120.11603,40.01265],[-120.11502,40.01172],[-120.10581,40.01214],[-120.10652,40.01009],[-120.10976,40.00907],[-120.10771,40.00906],[-120.10981,40.00831],[-120.10797,40.00806],[-120.11512,40.00501],[-120.12018,40.00554],[-120.12279,40.00358],[-120.1283,40.00241],[-120.13054,40.00114],[-120.12995,40.00691],[-120.12786,40.00885],[-120.12573,40.01458],[-120.12005,40.01708],[-120.11721,40.01547]]]},"properties":{"IncidentName":"Usfs 46","GISAcres":467.5977726559567,"FireCause":"Natural","Year":1992}},{"type":"Feature","geometry":{"type":"Polygon","coordinates":[[[-119.78025,39.33135],[-119.77436,39.32982],[-119.77064,39.32744],[-119.76368,39.33224],[-119.76302,39.32897],[-119.76073,39.3288],[-119.75856,39.32737],[-119.75587,39.32842],[-119.75255,39.33132],[-119.75092,39.32939],[-119.74325,39.32978],[-119.74049,39.33141],[-119.73942,39.33026],[-119.74146,39.32793],[-119.74152,39.32557],[-119.74475,39.32309],[-119.74564,39.32023],[-119.74817,39.31907],[-119.75287,39.31865],[-119.75687,39.32064],[-119.75811,39.32207],[-119.76105,39.32256],[-119.7649,39.32178],[-119.77061,39.32429],[-119.7766,39.322],[-119.7797,39.32199],[-119.78185,39.32304],[-119.78517,39.31965],[-119.78658,39.31915],[-119.79007,39.31965],[-119.78675,39.32376],[-119.78763,39.32631],[-119.78703,39.32845],[-119.78936,39.33193],[-119.78136,39.33496],[-119.78056,39.33433],[-119.78025,39.33135]]]},"properties":{"IncidentName":"East Lake","GISAcres":959.6667194594153,"FireCause":"Human","Year":2008}},{"type":"Feature","geometry":{"type":"Polygon","coordinates":[[[-119.47436,39.17707],[-119.47079,39.17846],[-119.46911,39.17804],[-119.46763,39.17866],[-119.46542,39.17778],[-119.46475,39.17594],[-119.46255,39.17684],[-119.46395,39.17598],[-119.46391,39.17525],[-119.46278,39.1755],[-119.46339,39.17489],[-119.46133,39.17318],[-119.4591,39.17276],[-119.45939,39.17201],[-119.4583,39.17138],[-119.45857,39.1695],[-119.45585,39.16968],[-119.45307,39.17185],[-119.45096,39.17157],[-119.45464,39.16923],[-119.45458,39.1671],[-119.45684,39.1667],[-119.45959,39.16717],[-119.46159,39.16875],[-119.46333,39.16844],[-119.46425,39.1699],[-119.46538,39.17012],[-119.46794,39.16846],[-119.46948,39.17041],[-119.4689,39.16845],[-119.47055,39.16787],[-119.47514,39.16992],[-119.47577,39.17064],[-119.47533,39.1718],[-119.47917,39.17149],[-119.47911,39.17062],[-119.48132,39.17031],[-119.48471,39.17133],[-119.487,39.17303],[-119.48136,39.17563],[-119.47436,39.17707]]]},"properties":{"IncidentName":"Como","GISAcres":451.337021737687,"FireCause":"Human","Year":2008}},{"type":"Feature","geometry":{"type":"Polygon","coordinates":[[[-119.91938,39.92512],[-119.92434,39.92473],[-119.92711,39.92312],[-119.93966,39.92376],[-119.9457,39.92506],[-119.94867,39.92276],[-119.95926,39.92421],[-119.9634,39.92677],[-119.96507,39.92672],[-119.96525,39.92522],[-119.96598,39.92504],[-119.96789,39.92691],[-119.97308,39.92784],[-119.97788,39.92763],[-119.97795,39.93218],[-119.97955,39.93371],[-119.97899,39.93443],[-119.97612,39.93452],[-119.97617,39.93909],[-119.98083,39.941],[-119.98103,39.94307],[-119.98031,39.94381],[-119.97537,39.94199],[-119.97477,39.94033],[-119.97082,39.941],[-119.97132,39.94318],[-119.96895,39.94583],[-119.96714,39.94477],[-119.96607,39.94256],[-119.96311,39.9464],[-119.96234,39.94635],[-119.96258,39.9451],[-119.96095,39.94501],[-119.95424,39.94859],[-119.95404,39.9476],[-119.95596,39.94647],[-119.95577,39.9458],[-119.95461,39.94577],[-119.94544,39.94968],[-119.94369,39.94969],[-119.94318,39.949],[-119.9448,39.94794],[-119.94554,39.9461],[-119.94877,39.94507],[-119.94897,39.94387],[-119.94805,39.94362],[-119.94278,39.94418],[-119.94207,39.94663],[-119.94115,39.94694],[-119.92967,39.94725],[-119.92313,39.95721],[-119.92209,39.95996],[-119.92042,39.95787],[-119.92215,39.95579],[-119.92054,39.95479],[-119.91765,39.95857],[-119.91655,39.96177],[-119.91503,39.9614],[-119.91405,39.95867],[-119.91342,39.95956],[-119.91383,39.96117],[-119.91244,39.96302],[-119.91089,39.96311],[-119.91213,39.96155],[-119.91196,39.96046],[-119.90767,39.96244],[-119.90497,39.96252],[-119.90564,39.9614],[-119.90898,39.95983],[-119.91057,39.95495],[-119.91689,39.95256],[-119.91859,39.94768],[-119.91701,39.94831],[-119.91494,39.95073],[-119.91331,39.95057],[-119.9175,39.94631],[-119.92905,39.94421],[-119.93262,39.94233],[-119.93869,39.94201],[-119.93438,39.93838],[-119.93198,39.93978],[-119.92666,39.94091],[-119.92381,39.93917],[-119.92249,39.93657],[-119.91936,39.93544],[-119.91795,39.93333],[-119.91855,39.93184],[-119.92052,39.93116],[-119.92009,39.93034],[-119.9178,39.93036],[-119.91721,39.92945],[-119.91763,39.92888],[-119.92376,39.92918],[-119.92548,39.92666],[-119.92169,39.92647],[-119.91938,39.92512]]]},"properties":{"IncidentName":"Gooseberry","GISAcres":3039.3900967510885,"FireCause":"Natural","Year":2008}},{"type":"Feature","geometry":{"type":"Polygon","coordinates":[[[-119.56166,39.56906],[-119.56106,39.569],[-119.56083,39.5675],[-119.56263,39.56704],[-119.5637,39.56538],[-119.56208,39.56447],[-119.56296,39.56418],[-119.56612,39.56584],[-119.56387,39.56661],[-119.56427,39.56833],[-119.56166,39.56906]]]},"properties":{"IncidentName":"Patrick","GISAcres":26.24500462959254,"FireCause":"Human","Year":2008}},{"type":"Feature","geometry":{"type":"Polygon","coordinates":[[[-119.86491,40.00562],[-119.86327,40.0052],[-119.86365,40.00629],[-119.86277,40.00783],[-119.85951,40.00891],[-119.85902,40.00862],[-119.86212,40.00682],[-119.86164,40.00648],[-119.85962,40.00814],[-119.8571,40.00781],[-119.85671,40.00938],[-119.85872,40.01051],[-119.8555,40.01024],[-119.85403,40.01162],[-119.85257,40.01076],[-119.85096,40.01287],[-119.84985,40.01135],[-119.84949,40.01249],[-119.84641,40.01235],[-119.8442,40.01437],[-119.84372,40.0136],[-119.84121,40.01446],[-119.84057,40.01259],[-119.84119,40.01109],[-119.83944,40.01096],[-119.84038,40.00896],[-119.84367,40.00665],[-119.84439,40.00543],[-119.84322,40.00581],[-119.84339,40.00509],[-119.84716,40.00341],[-119.85077,40.00287],[-119.85715,40.00426],[-119.85859,40.00325],[-119.86018,40.00389],[-119.85936,40.00276],[-119.86268,40.00287],[-119.86365,40.00326],[-119.86337,40.00381],[-119.86614,40.00352],[-119.86649,40.00468],[-119.86516,40.00472],[-119.86491,40.00562]]]},"properties":{"IncidentName":"Vinager","GISAcres":384.98549687112705,"FireCause":"Natural","Year":2008}},{"type":"Feature","geometry":{"type":"Polygon","coordinates":[[[-119.84945,39.51445],[-119.85052,39.51497],[-119.8489,39.5179],[-119.84768,39.51897],[-119.84679,39.51874],[-119.84623,39.51818],[-119.84717,39.51795],[-119.84945,39.51445]]]},"properties":{"IncidentName":"4Th Street","GISAcres":16.468639488609405,"FireCause":"Human","Year":2008}},{"type":"Feature","geometry":{"type":"Polygon","coordinates":[[[-120.00457,39.73542],[-120.00449,39.73429],[-120.00108,39.73303],[-120.00036,39.73016],[-119.99478,39.72875],[-119.99423,39.73118],[-119.9935,39.73137],[-119.98228,39.72741],[-119.98054,39.72334],[-119.97612,39.72341],[-119.9747,39.72223],[-119.97487,39.71962],[-119.97198,39.71873],[-119.97003,39.71671],[-119.96787,39.71591],[-119.9664,39.71392],[-119.96737,39.71317],[-119.97063,39.71373],[-119.97121,39.71452],[-119.97245,39.71335],[-119.97457,39.71347],[-119.98199,39.7157],[-119.9826,39.71747],[-119.98671,39.71489],[-119.99474,39.7132],[-119.99622,39.71353],[-119.9966,39.71556],[-120.00087,39.71865],[-120.00596,39.72064],[-120.00911,39.72315],[-120.0099,39.72175],[-120.01329,39.72123],[-120.00697,39.72894],[-120.01268,39.73134],[-120.01727,39.73207],[-120.01847,39.73421],[-120.01548,39.73482],[-120.01177,39.73264],[-120.00901,39.73485],[-120.00457,39.73542]]]},"properties":{"IncidentName":"Petersen","GISAcres":1188.7614376447416,"FireCause":"Human","Year":2008}},{"type":"Feature","geometry":{"type":"Polygon","coordinates":[[[-119.99521,39.93486],[-119.9911,39.93229],[-119.98618,39.93425],[-119.98544,39.93243],[-119.98445,39.93202],[-119.97792,39.93257],[-119.9771,39.93149],[-119.97741,39.9283],[-119.96723,39.92798],[-119.96284,39.92528],[-119.96241,39.92408],[-119.96453,39.92378],[-119.96664,39.92477],[-119.97201,39.92292],[-119.9781,39.92382],[-119.98187,39.92246],[-119.98411,39.91985],[-119.98352,39.91821],[-119.98587,39.91704],[-119.98559,39.91504],[-119.98864,39.91439],[-119.99206,39.90953],[-119.9975,39.9095],[-120.00229,39.90821],[-120.00645,39.9081],[-120.01301,39.90974],[-120.014,39.9126],[-120.01133,39.91833],[-120.00843,39.92048],[-120.00318,39.92277],[-119.99708,39.92367],[-119.99739,39.92582],[-119.99674,39.92622],[-119.99436,39.9259],[-119.99396,39.92689],[-119.99515,39.92741],[-119.99515,39.92818],[-119.99156,39.93034],[-119.99204,39.93127],[-119.99532,39.93227],[-119.99624,39.93417],[-119.99521,39.93486]]]},"properties":{"IncidentName":"Trailer","GISAcres":1348.191657499704,"FireCause":"Human","Year":2009}},{"type":"Feature","geometry":{"type":"Polygon","coordinates":[[[-119.97423,39.80389],[-119.97562,39.79557],[-119.97102,39.78933],[-119.97335,39.78735],[-119.96824,39.78652],[-119.96596,39.78258],[-119.96341,39.78408],[-119.96293,39.78575],[-119.96385,39.78594],[-119.96266,39.78658],[-119.96206,39.78821],[-119.96204,39.78956],[-119.96443,39.79165],[-119.96265,39.79355],[-119.95957,39.79249],[-119.95864,39.79277],[-119.95868,39.79382],[-119.95988,39.7962],[-119.96478,39.79777],[-119.96711,39.80054],[-119.96314,39.80034],[-119.96057,39.7986],[-119.95263,39.79606],[-119.93644,39.79857],[-119.93375,39.79801],[-119.9325,39.79843],[-119.93199,39.80151],[-119.93087,39.80288],[-119.93051,39.79841],[-119.92467,39.79739],[-119.92439,39.79644],[-119.92733,39.79337],[-119.92825,39.79099],[-119.9306,39.78979],[-119.93153,39.78803],[-119.93423,39.78629],[-119.94044,39.78384],[-119.94182,39.78422],[-119.9444,39.78348],[-119.94694,39.78119],[-119.94885,39.78484],[-119.95149,39.78474],[-119.95142,39.78279],[-119.95021,39.78111],[-119.95072,39.77957],[-119.94877,39.77678],[-119.9455,39.77434],[-119.93978,39.77551],[-119.93854,39.77285],[-119.94689,39.77278],[-119.94766,39.77139],[-119.94414,39.77052],[-119.9482,39.77038],[-119.95017,39.76906],[-119.95145,39.76695],[-119.94784,39.76494],[-119.95257,39.76571],[-119.95514,39.76344],[-119.95497,39.7625],[-119.95213,39.76145],[-119.95126,39.76008],[-119.95687,39.75913],[-119.95724,39.75827],[-119.95479,39.75812],[-119.95487,39.75631],[-119.94949,39.75625],[-119.94861,39.75521],[-119.95186,39.75348],[-119.95691,39.75299],[-119.95874,39.75131],[-119.96041,39.7528],[-119.96266,39.75259],[-119.9625,39.75166],[-119.96015,39.75053],[-119.95983,39.74877],[-119.96545,39.74814],[-119.96631,39.74663],[-119.96325,39.7462],[-119.96118,39.74691],[-119.95936,39.74885],[-119.95718,39.74574],[-119.95621,39.74558],[-119.94867,39.74806],[-119.94419,39.7431],[-119.93972,39.74125],[-119.9391,39.739],[-119.94118,39.7412],[-119.94257,39.74121],[-119.94284,39.74046],[-119.94183,39.7384],[-119.93799,39.73506],[-119.93639,39.73439],[-119.93514,39.73499],[-119.92932,39.73308],[-119.93105,39.73222],[-119.93104,39.73088],[-119.93167,39.73053],[-119.93229,39.73154],[-119.93347,39.73036],[-119.93162,39.72794],[-119.93562,39.73027],[-119.93459,39.72744],[-119.93584,39.72281],[-119.94852,39.72228],[-119.94884,39.72273],[-119.94761,39.72339],[-119.94886,39.72408],[-119.94881,39.72492],[-119.95154,39.72522],[-119.95611,39.72803],[-119.95504,39.72611],[-119.95814,39.72619],[-119.95843,39.72535],[-119.96235,39.72532],[-119.96681,39.72728],[-119.96933,39.72712],[-119.97319,39.72453],[-119.97754,39.72434],[-119.9793,39.72803],[-119.98108,39.72908],[-119.98521,39.72924],[-119.9868,39.73018],[-119.98449,39.7309],[-119.98315,39.73248],[-119.9858,39.73297],[-119.98921,39.7361],[-119.98882,39.73868],[-119.99047,39.74419],[-119.99538,39.74751],[-119.99816,39.75073],[-119.99837,39.75162],[-119.99654,39.75387],[-119.99665,39.7577],[-119.99549,39.75891],[-119.99964,39.75912],[-120.00235,39.75658],[-120.00353,39.75645],[-120.00788,39.75834],[-120.01168,39.75885],[-120.01782,39.76409],[-120.01942,39.76718],[-120.01983,39.77303],[-120.01579,39.77831],[-120.01582,39.78031],[-120.02544,39.78282],[-120.0338,39.78046],[-120.03817,39.78249],[-120.03808,39.78379],[-120.03227,39.78605],[-120.02786,39.78982],[-120.02317,39.79203],[-120.01729,39.7932],[-120.0125,39.79516],[-120.00705,39.79456],[-119.99831,39.79605],[-119.99368,39.79558],[-119.99231,39.79707],[-119.98886,39.79821],[-119.98639,39.79732],[-119.98632,39.79808],[-119.98745,39.79865],[-119.98729,39.80092],[-119.98458,39.8033],[-119.97913,39.80498],[-119.97423,39.80389]]]},"properties":{"IncidentName":"Redrock","GISAcres":10540.438627817506,"FireCause":"Human","Year":2009}},{"type":"Feature","geometry":{"type":"Polygon","coordinates":[[[-119.98598,39.70279],[-119.98373,39.70278],[-119.98302,39.70154],[-119.98354,39.69972],[-119.98507,39.69885],[-119.98465,39.69762],[-119.98744,39.69832],[-119.98757,39.69712],[-119.98855,39.69819],[-119.98602,39.69867],[-119.98615,39.69953],[-119.9845,39.70061],[-119.98574,39.70044],[-119.98598,39.70279]]]},"properties":{"IncidentName":"Village","GISAcres":26.603731547302342,"FireCause":"Human","Year":2009}},{"type":"Feature","geometry":{"type":"Polygon","coordinates":[[[-119.71316,40.11439],[-119.70879,40.11547],[-119.70652,40.11477],[-119.70478,40.10868],[-119.70658,40.10996],[-119.70761,40.10855],[-119.70907,40.10847],[-119.70953,40.10973],[-119.71125,40.11052],[-119.71078,40.11297],[-119.7115,40.11323],[-119.71218,40.11235],[-119.71316,40.11439]]]},"properties":{"IncidentName":"Washington","GISAcres":81.58304134954614,"FireCause":"Human","Year":2009}},{"type":"Feature","geometry":{"type":"MultiPolygon","coordinates":[[[[-119.5198,39.08393],[-119.51717,39.08481],[-119.51357,39.0823],[-119.51331,39.08012],[-119.51074,39.08168],[-119.50671,39.07864],[-119.50802,39.07833],[-119.51081,39.07968],[-119.51492,39.07697],[-119.51687,39.07883],[-119.5198,39.08393]]],[[[-119.5078,39.07981],[-119.50777,39.07997],[-119.50777,39.07996],[-119.5078,39.07981]]]]},"properties":{"IncidentName":"Pine Nuts","GISAcres":87.78339433416346,"FireCause":"Natural","Year":2009}},{"type":"Feature","geometry":{"type":"Polygon","coordinates":[[[-119.5534,39.86831],[-119.55174,39.86773],[-119.55238,39.8658],[-119.55334,39.8677],[-119.55353,39.86617],[-119.55495,39.86628],[-119.55441,39.86815],[-119.5534,39.86831]]]},"properties":{"IncidentName":"Quail Canyon","GISAcres":10.497381549722991,"FireCause":"Natural","Year":2009}},{"type":"Feature","geometry":{"type":"Polygon","coordinates":[[[-119.46276,40.19585],[-119.46408,40.19705],[-119.46345,40.20188],[-119.46663,40.20331],[-119.46518,40.20653],[-119.46768,40.20852],[-119.46962,40.21716],[-119.46908,40.21878],[-119.46688,40.2205],[-119.46906,40.2209],[-119.46937,40.22285],[-119.46806,40.22368],[-119.46992,40.22553],[-119.46995,40.22656],[-119.46479,40.23009],[-119.4632,40.23037],[-119.46253,40.22912],[-119.46179,40.23124],[-119.46073,40.23182],[-119.45788,40.23129],[-119.45834,40.23291],[-119.457,40.23336],[-119.45476,40.23187],[-119.4568,40.23008],[-119.4556,40.22886],[-119.45585,40.22815],[-119.45472,40.22941],[-119.45164,40.23048],[-119.45106,40.22874],[-119.4488,40.22935],[-119.44967,40.22809],[-119.44934,40.22741],[-119.4463,40.22538],[-119.44326,40.22721],[-119.44638,40.22224],[-119.44452,40.22251],[-119.44439,40.22022],[-119.44678,40.21954],[-119.44779,40.21665],[-119.44591,40.21683],[-119.44445,40.21603],[-119.4438,40.21701],[-119.44209,40.2172],[-119.44171,40.21649],[-119.44295,40.2147],[-119.44299,40.21319],[-119.44055,40.21065],[-119.43889,40.21321],[-119.43586,40.21395],[-119.43522,40.21254],[-119.43316,40.21217],[-119.43405,40.21078],[-119.43405,40.20826],[-119.43137,40.20693],[-119.43508,40.20594],[-119.43598,40.20329],[-119.43953,40.20086],[-119.4409,40.20071],[-119.44347,40.20311],[-119.4451,40.20289],[-119.44282,40.19905],[-119.44625,40.20013],[-119.44668,40.1996],[-119.44393,40.19789],[-119.44312,40.19577],[-119.44442,40.19397],[-119.44701,40.19238],[-119.45022,40.1879],[-119.45328,40.18608],[-119.45557,40.18682],[-119.45442,40.19006],[-119.45622,40.19162],[-119.45842,40.19213],[-119.46039,40.19466],[-119.46252,40.19417],[-119.46276,40.19585]]]},"properties":{"IncidentName":"Wildcat","GISAcres":2264.8589749157736,"FireCause":"Natural","Year":2009}},{"type":"Feature","geometry":{"type":"Polygon","coordinates":[[[-119.79883,39.83358],[-119.79693,39.83357],[-119.79441,39.83143],[-119.79213,39.83075],[-119.79141,39.83132],[-119.78789,39.83078],[-119.78703,39.8296],[-119.78471,39.82897],[-119.78693,39.82848],[-119.79349,39.82971],[-119.79272,39.82799],[-119.79489,39.82755],[-119.79748,39.82862],[-119.79892,39.82816],[-119.80023,39.82893],[-119.80333,39.82884],[-119.80624,39.8302],[-119.80686,39.83145],[-119.79883,39.83358]]]},"properties":{"IncidentName":"Warm","GISAcres":153.62820441518633,"FireCause":"Human","Year":2010}},{"type":"Feature","geometry":{"type":"MultiPolygon","coordinates":[[[[-120.05163,39.94822],[-120.04937,39.94623],[-120.04696,39.94581],[-120.03981,39.94898],[-120.03695,39.94896],[-120.02992,39.94562],[-120.02874,39.94288],[-120.02954,39.94021],[-120.03312,39.93573],[-120.03778,39.93461],[-120.04246,39.9317],[-120.04651,39.92473],[-120.05122,39.92199],[-120.05532,39.92219],[-120.05743,39.92263],[-120.05981,39.92584],[-120.05955,39.93009],[-120.06092,39.93183],[-120.06037,39.93425],[-120.05762,39.93535],[-120.05704,39.9375],[-120.05667,39.93647],[-120.05281,39.93812],[-120.05164,39.93945],[-120.05139,39.94189],[-120.05313,39.9428],[-120.05577,39.93926],[-120.05527,39.93816],[-120.05694,39.93775],[-120.05897,39.94025],[-120.05986,39.94017],[-120.06009,39.94221],[-120.05953,39.94422],[-120.05783,39.94527],[-120.0588,39.94505],[-120.0576,39.94871],[-120.05479,39.9512],[-120.05173,39.94979],[-120.05163,39.94822]]],[[[-120.07156,39.92948],[-120.07032,39.93404],[-120.06638,39.93527],[-120.06478,39.93442],[-120.06447,39.9324],[-120.07096,39.92621],[-120.07096,39.92926],[-120.07156,39.92948]]]]},"properties":{"IncidentName":"Constantia","GISAcres":1367.7767395857193,"FireCause":"Natural","Year":2010}},{"type":"Feature","geometry":{"type":"Polygon","coordinates":[[[-120.08738,39.72451],[-120.08796,39.72719],[-120.08458,39.72925],[-120.08284,39.72687],[-120.08102,39.7268],[-120.08138,39.7239],[-120.079,39.72364],[-120.078,39.722],[-120.07514,39.72069],[-120.07252,39.72052],[-120.07128,39.71891],[-120.07455,39.71749],[-120.07948,39.71748],[-120.08165,39.719],[-120.08246,39.72089],[-120.08738,39.72451]]]},"properties":{"IncidentName":"Ccd Roberts","GISAcres":182.31056045500628,"FireCause":"Natural","Year":2010}},{"type":"Feature","geometry":{"type":"Polygon","coordinates":[[[-120.01602,39.71501],[-120.01677,39.71511],[-120.01691,39.71653],[-120.01417,39.71661],[-120.01527,39.7158],[-120.01329,39.71536],[-120.0094,39.71675],[-120.00988,39.716],[-120.00889,39.71438],[-120.01277,39.71496],[-120.01154,39.71353],[-120.01016,39.71394],[-120.00804,39.71302],[-120.01132,39.71272],[-120.01359,39.71402],[-120.01422,39.71544],[-120.01619,39.71557],[-120.01602,39.71501]]]},"properties":{"IncidentName":"Bug","GISAcres":29.866677161363796,"FireCause":"Natural","Year":2010}},{"type":"Feature","geometry":{"type":"Polygon","coordinates":[[[-119.75751,39.46538],[-119.7576,39.46651],[-119.75225,39.46431],[-119.75215,39.46292],[-119.75107,39.46251],[-119.75088,39.46005],[-119.75202,39.46053],[-119.75325,39.4599],[-119.75142,39.45898],[-119.75782,39.45934],[-119.75847,39.46216],[-119.75704,39.46273],[-119.75753,39.46454],[-119.75695,39.46528],[-119.75751,39.46538]]]},"properties":{"IncidentName":"Alexander","GISAcres":86.06518645350242,"FireCause":"Human","Year":2010}},{"type":"Feature","geometry":{"type":"Polygon","coordinates":[[[-119.92387,39.7904],[-119.9249,39.79075],[-119.92614,39.79346],[-119.92395,39.79467],[-119.92075,39.79393],[-119.92028,39.79348],[-119.92173,39.7926],[-119.92083,39.79194],[-119.91896,39.79267],[-119.91846,39.79368],[-119.9137,39.79225],[-119.91176,39.79254],[-119.9128,39.79035],[-119.92387,39.7904]]]},"properties":{"IncidentName":"Petersen","GISAcres":95.34519711614288,"FireCause":"Human","Year":2010}},{"type":"Feature","geometry":{"type":"Polygon","coordinates":[[[-119.12923,39.51395],[-119.13059,39.51429],[-119.13507,39.51867],[-119.13313,39.51944],[-119.13158,39.51878],[-119.13081,39.51971],[-119.12993,39.51915],[-119.12837,39.52021],[-119.12994,39.5177],[-119.1284,39.51757],[-119.12894,39.51639],[-119.12958,39.51707],[-119.12886,39.51615],[-119.12967,39.51451],[-119.12923,39.51395]]]},"properties":{"IncidentName":"Bango","GISAcres":44.80546533615268,"FireCause":"Human","Year":2011}},{"type":"Feature","geometry":{"type":"Polygon","coordinates":[[[-119.66923,39.18035],[-119.66799,39.17922],[-119.66815,39.17788],[-119.67203,39.17965],[-119.66923,39.18035]]]},"properties":{"IncidentName":"Carson River","GISAcres":10.95510307751876,"FireCause":"Human","Year":2011}},{"type":"Feature","geometry":{"type":"MultiPolygon","coordinates":[[[[-119.67942,39.17834],[-119.67555,39.18058],[-119.6787,39.18625],[-119.67467,39.18672],[-119.67286,39.1899],[-119.67068,39.18906],[-119.67359,39.18723],[-119.67116,39.18655],[-119.67094,39.18581],[-119.67035,39.1872],[-119.66963,39.18679],[-119.66939,39.18567],[-119.67028,39.18536],[-119.67075,39.18391],[-119.67227,39.18466],[-119.67201,39.18592],[-119.67344,39.18453],[-119.67507,39.18561],[-119.67407,39.18444],[-119.67551,39.18398],[-119.67142,39.18391],[-119.6719,39.18332],[-119.67111,39.18241],[-119.67432,39.18159],[-119.6723,39.17774],[-119.67369,39.17796],[-119.67654,39.17661],[-119.67942,39.17834]]],[[[-119.67402,39.18468],[-119.67401,39.18469],[-119.67399,39.18467],[-119.67402,39.18468]]]]},"properties":{"IncidentName":"Rifle","GISAcres":123.24795935731566,"FireCause":"Human","Year":2011}},{"type":"Feature","geometry":{"type":"Polygon","coordinates":[[[-119.37599,39.28494],[-119.37535,39.28259],[-119.37762,39.27754],[-119.38175,39.27969],[-119.38309,39.28156],[-119.3779,39.2844],[-119.37953,39.28438],[-119.37975,39.2851],[-119.37712,39.28699],[-119.37609,39.28537],[-119.37511,39.2861],[-119.37599,39.28494]]]},"properties":{"IncidentName":"Ft Churchill","GISAcres":92.50613154257762,"FireCause":"Human","Year":2011}},{"type":"Feature","geometry":{"type":"MultiPolygon","coordinates":[[[[-120.14626,40.12709],[-120.14253,40.12653],[-120.14201,40.12006],[-120.13996,40.11572],[-120.14677,40.11657],[-120.15455,40.12146],[-120.15403,40.12195],[-120.15814,40.12327],[-120.15788,40.12411],[-120.16023,40.12392],[-120.16215,40.12474],[-120.1596,40.12739],[-120.1547,40.12699],[-120.15678,40.12586],[-120.15586,40.12545],[-120.15312,40.12581],[-120.14854,40.12818],[-120.14978,40.12725],[-120.14626,40.12709]]],[[[-120.14649,40.12718],[-120.1463,40.12711],[-120.14657,40.12712],[-120.14649,40.12718]]],[[[-120.14191,40.1199],[-120.14192,40.11996],[-120.14187,40.11993],[-120.14191,40.1199]]],[[[-120.14615,40.12704],[-120.14605,40.12699],[-120.14613,40.12701],[-120.14615,40.12704]]],[[[-120.1463,40.12711],[-120.14624,40.1271],[-120.14622,40.12709],[-120.1463,40.12711]]],[[[-120.14191,40.11989],[-120.14191,40.1199],[-120.14191,40.11988],[-120.14191,40.11989]]]]},"properties":{"IncidentName":"Herlong","GISAcres":325.14973411205546,"FireCause":"Human","Year":2011}},{"type":"Feature","geometry":{"type":"Polygon","coordinates":[[[-119.65771,39.57812],[-119.65622,39.57923],[-119.65172,39.57928],[-119.65159,39.57698],[-119.6531,39.57639],[-119.6558,39.57321],[-119.65912,39.57515],[-119.65944,39.57704],[-119.65842,39.5783],[-119.65771,39.57812]]]},"properties":{"IncidentName":"Golden Eagle","GISAcres":73.91435565910221,"FireCause":"Human","Year":2011}},{"type":"Feature","geometry":{"type":"Polygon","coordinates":[[[-119.60185,39.9346],[-119.5999,39.93376],[-119.5962,39.93504],[-119.59549,39.93424],[-119.59636,39.93307],[-119.59836,39.9329],[-119.59644,39.93033],[-119.59915,39.93111],[-119.60047,39.9335],[-119.60371,39.93381],[-119.60373,39.93452],[-119.60185,39.9346]]]},"properties":{"IncidentName":"Hard Scrabble","GISAcres":32.46010314013105,"FireCause":"Human","Year":2011}},{"type":"Feature","geometry":{"type":"Polygon","coordinates":[[[-119.69764,39.37706],[-119.6957,39.37685],[-119.69555,39.37572],[-119.69389,39.37473],[-119.69568,39.37084],[-119.68721,39.37167],[-119.67643,39.36697],[-119.67616,39.36421],[-119.67504,39.36357],[-119.67579,39.36234],[-119.67511,39.36086],[-119.68142,39.36147],[-119.68837,39.36002],[-119.69584,39.3614],[-119.69763,39.36685],[-119.7005,39.37088],[-119.69867,39.3709],[-119.70268,39.37349],[-119.69989,39.37795],[-119.69764,39.37706]]]},"properties":{"IncidentName":"Bain","GISAcres":577.3351579627282,"FireCause":"Human","Year":2011}},{"type":"Feature","geometry":{"type":"Polygon","coordinates":[[[-119.88884,39.93982],[-119.88758,39.94295],[-119.87843,39.94767],[-119.87807,39.9494],[-119.87525,39.94964],[-119.87273,39.95091],[-119.87034,39.94992],[-119.86905,39.95041],[-119.87284,39.95543],[-119.87622,39.95684],[-119.87622,39.95837],[-119.87803,39.95983],[-119.87716,39.96312],[-119.87385,39.9647],[-119.87023,39.95828],[-119.86884,39.95834],[-119.86935,39.96206],[-119.86451,39.95632],[-119.86372,39.95787],[-119.86219,39.95865],[-119.86265,39.96049],[-119.86182,39.96079],[-119.85933,39.95721],[-119.85795,39.95685],[-119.85741,39.95902],[-119.86039,39.96104],[-119.85741,39.96439],[-119.86031,39.96521],[-119.86086,39.96607],[-119.85306,39.96891],[-119.85107,39.96782],[-119.85232,39.96154],[-119.84924,39.95993],[-119.85282,39.95673],[-119.85263,39.95529],[-119.84854,39.95391],[-119.84755,39.95273],[-119.84782,39.95116],[-119.84558,39.95008],[-119.84264,39.95166],[-119.83954,39.95016],[-119.8368,39.95073],[-119.83666,39.94817],[-119.83483,39.94654],[-119.83586,39.94573],[-119.84267,39.9472],[-119.84468,39.94685],[-119.84514,39.94555],[-119.84921,39.94322],[-119.85197,39.93991],[-119.85228,39.93927],[-119.85155,39.93875],[-119.848,39.93947],[-119.84678,39.9386],[-119.84734,39.93716],[-119.85054,39.9349],[-119.86317,39.93581],[-119.86767,39.9383],[-119.87376,39.93965],[-119.88322,39.93909],[-119.88884,39.93982]]]},"properties":{"IncidentName":"Wildcat","GISAcres":1873.274721659835,"FireCause":"Natural","Year":2011}},{"type":"Feature","geometry":{"type":"Polygon","coordinates":[[[-119.37361,39.77325],[-119.37405,39.77495],[-119.37334,39.77731],[-119.3751,39.78406],[-119.37508,39.78773],[-119.37413,39.78753],[-119.37371,39.78843],[-119.37478,39.79093],[-119.37423,39.7916],[-119.37344,39.79098],[-119.37323,39.79184],[-119.37269,39.78954],[-119.37074,39.7896],[-119.37221,39.78674],[-119.37042,39.78856],[-119.37121,39.78627],[-119.37041,39.78539],[-119.37109,39.78296],[-119.37231,39.78252],[-119.37217,39.77992],[-119.37306,39.77879],[-119.37185,39.77632],[-119.3732,39.77498],[-119.37361,39.77325]]]},"properties":{"IncidentName":"Tule","GISAcres":94.49538875382153,"FireCause":"Natural","Year":2011}},{"type":"Feature","geometry":{"type":"Polygon","coordinates":[[[-119.76049,39.581],[-119.7651,39.58351],[-119.7662,39.58565],[-119.76443,39.58569],[-119.76231,39.58457],[-119.76283,39.58547],[-119.76213,39.58543],[-119.75897,39.58307],[-119.7586,39.58239],[-119.76049,39.581]]]},"properties":{"IncidentName":"John","GISAcres":39.91154474667446,"FireCause":"Human","Year":2011}},{"type":"Feature","geometry":{"type":"Polygon","coordinates":[[[-119.40504,39.71923],[-119.40407,39.71995],[-119.40291,39.71966],[-119.40321,39.72137],[-119.40238,39.72253],[-119.40044,39.71989],[-119.39931,39.71994],[-119.39877,39.72128],[-119.39782,39.72107],[-119.396,39.72276],[-119.39679,39.71961],[-119.39876,39.71794],[-119.40308,39.71834],[-119.40412,39.71959],[-119.40504,39.71923]]]},"properties":{"IncidentName":"Johns","GISAcres":46.27148350952051,"FireCause":"Human","Year":2011}},{"type":"Feature","geometry":{"type":"Polygon","coordinates":[[[-119.79642,39.59368],[-119.79245,39.59262],[-119.79729,39.59083],[-119.79876,39.59147],[-119.7986,39.59292],[-119.80068,39.59169],[-119.80182,39.59223],[-119.80349,39.59492],[-119.8006,39.59549],[-119.79642,39.59368]]]},"properties":{"IncidentName":"Chocolate","GISAcres":62.30350458804262,"FireCause":"Human","Year":2011}},{"type":"Feature","geometry":{"type":"Polygon","coordinates":[[[-119.57805,38.84202],[-119.57173,38.83734],[-119.568,38.83694],[-119.56618,38.83545],[-119.56489,38.83288],[-119.56454,38.82905],[-119.56558,38.82713],[-119.56717,38.82629],[-119.57122,38.8261],[-119.5841,38.82943],[-119.58469,38.83346],[-119.58878,38.83708],[-119.59047,38.83967],[-119.59165,38.84373],[-119.59123,38.84901],[-119.59202,38.84986],[-119.596,38.84794],[-119.59734,38.84367],[-119.59879,38.8424],[-119.606,38.83887],[-119.6097,38.83879],[-119.61884,38.8363],[-119.62367,38.83745],[-119.62558,38.83613],[-119.63374,38.83794],[-119.63702,38.84221],[-119.64007,38.84451],[-119.6415,38.84741],[-119.64314,38.84834],[-119.64081,38.84903],[-119.63842,38.84795],[-119.63638,38.84839],[-119.63414,38.84765],[-119.63254,38.85242],[-119.6302,38.85407],[-119.62896,38.85614],[-119.62891,38.85794],[-119.6225,38.86197],[-119.60947,38.86278],[-119.60367,38.86621],[-119.59825,38.86798],[-119.59626,38.87032],[-119.59078,38.87076],[-119.5887,38.86973],[-119.58727,38.8669],[-119.58436,38.86436],[-119.57906,38.85703],[-119.57825,38.85425],[-119.57884,38.85157],[-119.57701,38.84977],[-119.57923,38.84527],[-119.57805,38.84202]]]},"properties":{"IncidentName":"Ray May","GISAcres":3813.702313040841,"FireCause":"Human","Year":2011}},{"type":"Feature","geometry":{"type":"Polygon","coordinates":[[[-120.14972,40.12934],[-120.14482,40.12926],[-120.14522,40.12831],[-120.14455,40.12782],[-120.14514,40.1271],[-120.14709,40.1271],[-120.14972,40.12934]]]},"properties":{"IncidentName":"Depot","GISAcres":19.84102926147462,"FireCause":"Human","Year":2011}},{"type":"Feature","geometry":{"type":"Polygon","coordinates":[[[-119.45675,39.95657],[-119.45941,39.95852],[-119.46288,39.95876],[-119.46334,39.96081],[-119.46432,39.9616],[-119.46278,39.96351],[-119.46406,39.96458],[-119.46264,39.967],[-119.45905,39.96899],[-119.459,39.96997],[-119.45588,39.9709],[-119.45809,39.97272],[-119.45558,39.9744],[-119.45999,39.97423],[-119.45638,39.97736],[-119.45634,39.97838],[-119.45786,39.97977],[-119.45734,39.98221],[-119.45939,39.98547],[-119.45784,39.98694],[-119.45661,39.99014],[-119.45836,39.9935],[-119.45763,39.99559],[-119.4521,40.00041],[-119.45113,40.00011],[-119.44964,39.9972],[-119.44799,39.99631],[-119.44676,39.9969],[-119.44467,40.0004],[-119.43906,39.99996],[-119.43682,40.00173],[-119.43348,40.00276],[-119.43023,40.00231],[-119.4285,40.00006],[-119.42897,39.99636],[-119.42552,39.99412],[-119.42619,39.99188],[-119.42405,39.991],[-119.4252,39.98794],[-119.42481,39.98646],[-119.4228,39.98406],[-119.4198,39.98293],[-119.41966,39.98141],[-119.42132,39.98047],[-119.42753,39.98347],[-119.42859,39.98238],[-119.42843,39.9789],[-119.4297,39.97675],[-119.43811,39.97427],[-119.44404,39.97646],[-119.4439,39.97029],[-119.44825,39.96702],[-119.44722,39.96404],[-119.45164,39.96048],[-119.45225,39.95775],[-119.45675,39.95657]]]},"properties":{"IncidentName":"Great Stone","GISAcres":2374.206927172758,"FireCause":"Natural","Year":2011}},{"type":"Feature","geometry":{"type":"Polygon","coordinates":[[[-119.34865,39.39368],[-119.34699,39.39637],[-119.34712,39.40039],[-119.34441,39.40137],[-119.34276,39.40061],[-119.34083,39.39723],[-119.34163,39.39726],[-119.34097,39.395],[-119.34205,39.39277],[-119.34339,39.39387],[-119.34865,39.39368]]]},"properties":{"IncidentName":"Stagecoach","GISAcres":101.49893847146623,"FireCause":"Human","Year":2011}},{"type":"Feature","geometry":{"type":"Polygon","coordinates":[[[-119.66453,39.58071],[-119.66244,39.57741],[-119.66228,39.5758],[-119.66085,39.57538],[-119.65985,39.57279],[-119.65829,39.57176],[-119.6561,39.57207],[-119.65562,39.56672],[-119.65829,39.56843],[-119.65736,39.56693],[-119.66068,39.56965],[-119.66068,39.56901],[-119.66269,39.57011],[-119.66551,39.57274],[-119.66733,39.57609],[-119.6666,39.57638],[-119.66781,39.57702],[-119.66668,39.57768],[-119.66664,39.57923],[-119.66521,39.57935],[-119.66643,39.58034],[-119.66453,39.58071]]]},"properties":{"IncidentName":"Homerun","GISAcres":157.09563737753112,"FireCause":"Human","Year":2011}},{"type":"Feature","geometry":{"type":"Polygon","coordinates":[[[-119.74589,39.23478],[-119.7493,39.23411],[-119.75146,39.23564],[-119.74754,39.23662],[-119.74589,39.23478]]]},"properties":{"IncidentName":"Goni","GISAcres":19.936986813181363,"FireCause":"Human","Year":2011}},{"type":"Feature","geometry":{"type":"Polygon","coordinates":[[[-119.4534,39.84501],[-119.44207,39.84109],[-119.44556,39.84039],[-119.45016,39.84191],[-119.45389,39.84032],[-119.45508,39.84266],[-119.45373,39.84355],[-119.4534,39.84501]]]},"properties":{"IncidentName":"Popcorn","GISAcres":59.143420561293425,"FireCause":"Natural","Year":2011}},{"type":"Feature","geometry":{"type":"Polygon","coordinates":[[[-119.41269,38.83643],[-119.41047,38.83684],[-119.40926,38.83555],[-119.40974,38.83413],[-119.40684,38.83145],[-119.40668,38.82882],[-119.40968,38.82388],[-119.41684,38.82182],[-119.42634,38.82517],[-119.42872,38.82689],[-119.43592,38.82905],[-119.4371,38.83033],[-119.43708,38.83264],[-119.4436,38.83167],[-119.44503,38.8324],[-119.4435,38.83674],[-119.43789,38.84275],[-119.43616,38.84337],[-119.43296,38.84334],[-119.42526,38.83856],[-119.42047,38.8391],[-119.42028,38.83679],[-119.4145,38.83772],[-119.41269,38.83643]]]},"properties":{"IncidentName":"Burbank","GISAcres":1112.9873443596225,"FireCause":"Natural","Year":2011}},{"type":"Feature","geometry":{"type":"Polygon","coordinates":[[[-119.98001,39.72338],[-119.97763,39.72356],[-119.97775,39.72217],[-119.97619,39.72193],[-119.97409,39.71947],[-119.97283,39.71962],[-119.97177,39.71838],[-119.97081,39.7188],[-119.97066,39.71674],[-119.96823,39.7165],[-119.96606,39.71309],[-119.96815,39.71303],[-119.96829,39.71413],[-119.96894,39.71418],[-119.96978,39.71315],[-119.97383,39.71306],[-119.97464,39.71202],[-119.9765,39.71276],[-119.97702,39.71165],[-119.97839,39.71166],[-119.97761,39.71388],[-119.97877,39.71291],[-119.98366,39.71378],[-119.98021,39.71851],[-119.97936,39.72221],[-119.98001,39.72338]]]},"properties":{"IncidentName":"Cold Springs","GISAcres":230.07383071759457,"FireCause":"Human","Year":2011}},{"type":"Feature","geometry":{"type":"Polygon","coordinates":[[[-119.78753,39.15166],[-119.78627,39.15094],[-119.78615,39.14909],[-119.78903,39.1498],[-119.78753,39.15166]]]},"properties":{"IncidentName":"Garden","GISAcres":11.974407392757549,"FireCause":"Human","Year":2011}},{"type":"Feature","geometry":{"type":"Polygon","coordinates":[[[-119.6626,39.56391],[-119.65823,39.56422],[-119.65093,39.5616],[-119.64756,39.56283],[-119.64499,39.55839],[-119.64063,39.55498],[-119.63721,39.55349],[-119.63598,39.55391],[-119.63324,39.5528],[-119.63208,39.55308],[-119.62773,39.54907],[-119.62861,39.54842],[-119.63442,39.54935],[-119.63898,39.5474],[-119.64922,39.54889],[-119.65034,39.5473],[-119.65159,39.547],[-119.65051,39.54515],[-119.64666,39.5449],[-119.64938,39.54322],[-119.64528,39.54321],[-119.64439,39.5372],[-119.64253,39.53611],[-119.6422,39.5351],[-119.64573,39.53564],[-119.64652,39.53349],[-119.64329,39.52738],[-119.64375,39.52489],[-119.64417,39.52595],[-119.64499,39.52584],[-119.64508,39.527],[-119.64678,39.52794],[-119.65271,39.52934],[-119.65204,39.53237],[-119.65424,39.53269],[-119.65483,39.53435],[-119.66121,39.53319],[-119.66379,39.53382],[-119.66521,39.53307],[-119.66702,39.5293],[-119.67002,39.52917],[-119.66735,39.5279],[-119.66892,39.52737],[-119.66833,39.52633],[-119.66746,39.52629],[-119.6661,39.52853],[-119.66475,39.52853],[-119.66362,39.52735],[-119.66551,39.52557],[-119.66399,39.52409],[-119.66616,39.52264],[-119.66522,39.52089],[-119.66586,39.5182],[-119.66512,39.51702],[-119.6723,39.51889],[-119.67286,39.51983],[-119.67498,39.52053],[-119.67395,39.52457],[-119.67306,39.52536],[-119.67575,39.52577],[-119.67536,39.52648],[-119.67626,39.52804],[-119.67272,39.52945],[-119.67013,39.53239],[-119.66901,39.53187],[-119.66783,39.53499],[-119.66544,39.53756],[-119.66731,39.53919],[-119.66711,39.54],[-119.66322,39.54161],[-119.65898,39.54678],[-119.66067,39.55259],[-119.65966,39.5539],[-119.65686,39.55395],[-119.6575,39.55445],[-119.65703,39.55533],[-119.66133,39.56054],[-119.66307,39.56157],[-119.6626,39.56391]]]},"properties":{"IncidentName":"Lockwood","GISAcres":1724.6392428603672,"FireCause":"Human","Year":2011}},{"type":"Feature","geometry":{"type":"MultiPolygon","coordinates":[[[[-119.84479,39.47728],[-119.83696,39.47378],[-119.83094,39.47642],[-119.83057,39.47347],[-119.82692,39.47342],[-119.82699,39.47089],[-119.82578,39.47136],[-119.82514,39.47052],[-119.82477,39.47117],[-119.82438,39.47035],[-119.82337,39.47041],[-119.82285,39.46853],[-119.82352,39.46878],[-119.82473,39.46716],[-119.82627,39.46731],[-119.82421,39.46784],[-119.8237,39.46921],[-119.82616,39.47002],[-119.82667,39.46959],[-119.82456,39.46932],[-119.82618,39.46919],[-119.82791,39.47021],[-119.82989,39.46881],[-119.83072,39.46705],[-119.82873,39.46561],[-119.8194,39.4652],[-119.81215,39.46815],[-119.81294,39.46904],[-119.81252,39.471],[-119.81189,39.47053],[-119.81212,39.46777],[-119.81698,39.46592],[-119.81918,39.46461],[-119.81907,39.46403],[-119.81946,39.46467],[-119.82179,39.46439],[-119.81778,39.46235],[-119.81643,39.46262],[-119.81766,39.46192],[-119.81867,39.46011],[-119.81807,39.45984],[-119.81921,39.45935],[-119.81645,39.45674],[-119.81505,39.45766],[-119.8157,39.45523],[-119.81692,39.45461],[-119.81694,39.45251],[-119.81937,39.4535],[-119.82084,39.45277],[-119.83074,39.45753],[-119.83358,39.45491],[-119.83159,39.45334],[-119.83308,39.4526],[-119.8349,39.45304],[-119.83527,39.4524],[-119.83734,39.45314],[-119.83926,39.45256],[-119.84124,39.45305],[-119.84321,39.4515],[-119.84374,39.45009],[-119.84923,39.44996],[-119.84967,39.45079],[-119.84731,39.45214],[-119.8498,39.45273],[-119.85086,39.45397],[-119.85396,39.45317],[-119.85565,39.45145],[-119.85836,39.45098],[-119.85979,39.45158],[-119.85954,39.45306],[-119.85608,39.45445],[-119.85767,39.45584],[-119.85663,39.45857],[-119.8553,39.4582],[-119.85302,39.45967],[-119.85248,39.46162],[-119.85697,39.46394],[-119.85624,39.47174],[-119.85751,39.47392],[-119.85466,39.47568],[-119.85314,39.47561],[-119.85351,39.47606],[-119.85046,39.47559],[-119.84835,39.47623],[-119.84816,39.47737],[-119.85103,39.48261],[-119.84664,39.47968],[-119.84479,39.47728]]],[[[-119.82742,39.48573],[-119.82798,39.48389],[-119.82942,39.48323],[-119.83118,39.48079],[-119.84052,39.47534],[-119.84234,39.47604],[-119.83828,39.47806],[-119.82817,39.48598],[-119.82742,39.48573]]],[[[-119.80587,39.4683],[-119.8048,39.46706],[-119.8051,39.46569],[-119.80328,39.46608],[-119.80379,39.46438],[-119.80167,39.46396],[-119.80241,39.46293],[-119.80008,39.46375],[-119.80301,39.46196],[-119.80634,39.46318],[-119.80728,39.46619],[-119.80671,39.46815],[-119.80587,39.4683]]],[[[-119.81818,39.49018],[-119.82109,39.48875],[-119.82239,39.48643],[-119.82499,39.4864],[-119.82707,39.48528],[-119.82698,39.48603],[-119.82396,39.48737],[-119.8241,39.4879],[-119.82294,39.48727],[-119.82188,39.4896],[-119.82126,39.48883],[-119.81916,39.49114],[-119.81818,39.49018]]],[[[-119.82274,39.46656],[-119.82342,39.46655],[-119.82277,39.46708],[-119.82274,39.46656]]],[[[-119.80329,39.46925],[-119.8034,39.4691],[-119.80487,39.46933],[-119.80329,39.46925]]],[[[-119.84305,39.47717],[-119.84337,39.47694],[-119.84376,39.47727],[-119.84305,39.47717]]],[[[-119.82451,39.46576],[-119.82478,39.46602],[-119.82436,39.46603],[-119.82451,39.46576]]],[[[-119.80447,39.46688],[-119.80451,39.46671],[-119.8046,39.46727],[-119.80447,39.46688]]],[[[-119.80517,39.46879],[-119.80532,39.46881],[-119.80512,39.46895],[-119.80517,39.46879]]],[[[-119.82252,39.46599],[-119.82267,39.466],[-119.82251,39.4661],[-119.82252,39.46599]]],[[[-119.82171,39.46583],[-119.82199,39.46581],[-119.82201,39.46587],[-119.82171,39.46583]]],[[[-119.80504,39.46881],[-119.805,39.46867],[-119.80513,39.46872],[-119.80504,39.46881]]],[[[-119.80535,39.46824],[-119.80537,39.46815],[-119.80545,39.46824],[-119.80535,39.46824]]],[[[-119.8049,39.4689],[-119.80503,39.46887],[-119.80498,39.46894],[-119.8049,39.4689]]]]},"properties":{"IncidentName":"Caughlin","GISAcres":1940.4692247188518,"FireCause":"Human","Year":2011}},{"type":"Feature","geometry":{"type":"MultiPolygon","coordinates":[[[[-119.93652,39.79889],[-119.943,39.79795],[-119.94304,39.79739],[-119.93923,39.79602],[-119.94064,39.79538],[-119.94332,39.79604],[-119.94373,39.7973],[-119.94519,39.79716],[-119.94459,39.79651],[-119.945,39.79585],[-119.94614,39.79604],[-119.94587,39.79707],[-119.9466,39.79779],[-119.94318,39.79983],[-119.94313,39.80193],[-119.94145,39.8033],[-119.93569,39.80224],[-119.93537,39.80024],[-119.93652,39.79889]]],[[[-119.93652,39.79889],[-119.93652,39.79889],[-119.93651,39.79888],[-119.93652,39.79889]]]]},"properties":{"IncidentName":"Red Rock 2","GISAcres":105.01524396460269,"FireCause":"Human","Year":2011}},{"type":"Feature","geometry":{"type":"MultiPolygon","coordinates":[[[[-119.66726,39.16367],[-119.66633,39.16199],[-119.66792,39.16088],[-119.66739,39.15796],[-119.66947,39.15729],[-119.66714,39.15468],[-119.6689,39.15241],[-119.6703,39.15248],[-119.67004,39.15422],[-119.67126,39.15635],[-119.6768,39.15709],[-119.67765,39.15654],[-119.67705,39.15555],[-119.67844,39.155],[-119.67792,39.15464],[-119.68138,39.1548],[-119.68292,39.15319],[-119.68573,39.15315],[-119.68615,39.15243],[-119.68833,39.15306],[-119.69602,39.15045],[-119.69611,39.15127],[-119.6904,39.15428],[-119.68781,39.15378],[-119.68623,39.15454],[-119.68733,39.15599],[-119.68891,39.15573],[-119.68632,39.15699],[-119.68528,39.15874],[-119.68552,39.16093],[-119.68466,39.16155],[-119.68229,39.15979],[-119.68023,39.16298],[-119.67374,39.16006],[-119.67058,39.16155],[-119.67035,39.16263],[-119.66726,39.16367]]],[[[-119.66457,39.16405],[-119.66477,39.16323],[-119.66548,39.16331],[-119.66457,39.16405]]],[[[-119.66283,39.16463],[-119.66334,39.16408],[-119.66376,39.16422],[-119.66283,39.16463]]]]},"properties":{"IncidentName":"Laurel","GISAcres":318.9001413796927,"FireCause":"Human","Year":2011}},{"type":"Feature","geometry":{"type":"MultiPolygon","coordinates":[[[[-119.76866,39.38671],[-119.76789,39.3829],[-119.76645,39.38189],[-119.76715,39.38081],[-119.76566,39.38045],[-119.76616,39.37986],[-119.76739,39.38067],[-119.76698,39.38009],[-119.76406,39.37784],[-119.76523,39.37938],[-119.76479,39.37996],[-119.76301,39.37787],[-119.76305,39.37842],[-119.76089,39.37748],[-119.76043,39.37564],[-119.75797,39.37701],[-119.75708,39.37341],[-119.759,39.37186],[-119.75911,39.3696],[-119.76005,39.36913],[-119.7604,39.36776],[-119.75738,39.36938],[-119.75617,39.3684],[-119.75279,39.3685],[-119.75182,39.36756],[-119.75213,39.36661],[-119.75574,39.36482],[-119.75429,39.36442],[-119.75541,39.36388],[-119.75424,39.36325],[-119.75396,39.36124],[-119.75332,39.36122],[-119.75654,39.36058],[-119.75592,39.35989],[-119.75672,39.3579],[-119.7593,39.35981],[-119.7585,39.35698],[-119.76023,39.35807],[-119.76166,39.35714],[-119.76018,39.35701],[-119.76025,39.35604],[-119.76097,39.35482],[-119.76267,39.35433],[-119.76128,39.35415],[-119.76315,39.35205],[-119.76026,39.35318],[-119.76393,39.34942],[-119.76254,39.34893],[-119.76387,39.34819],[-119.76343,39.34768],[-119.76516,39.34611],[-119.76531,39.34453],[-119.76656,39.34408],[-119.76699,39.3449],[-119.76933,39.34559],[-119.77117,39.34433],[-119.76938,39.34529],[-119.77028,39.344],[-119.76865,39.34454],[-119.76983,39.34325],[-119.76746,39.34465],[-119.76841,39.34342],[-119.76678,39.34434],[-119.77058,39.34045],[-119.77182,39.34016],[-119.77185,39.33965],[-119.77117,39.34008],[-119.77175,39.33919],[-119.77027,39.3397],[-119.76999,39.33912],[-119.76453,39.34136],[-119.76596,39.33931],[-119.76502,39.33964],[-119.76576,39.33873],[-119.76469,39.33899],[-119.76637,39.3385],[-119.76395,39.33905],[-119.76723,39.33737],[-119.76911,39.33869],[-119.77032,39.33853],[-119.77009,39.33766],[-119.76792,39.337],[-119.7704,39.33582],[-119.77191,39.33715],[-119.77382,39.33726],[-119.77166,39.33555],[-119.77065,39.33569],[-119.7712,39.33487],[-119.77304,39.33558],[-119.77538,39.33506],[-119.77397,39.33492],[-119.77413,39.33434],[-119.7732,39.33522],[-119.77243,39.3337],[-119.77143,39.33476],[-119.77163,39.33409],[-119.77078,39.33458],[-119.7715,39.33374],[-119.77,39.33439],[-119.77092,39.33352],[-119.76947,39.33436],[-119.77018,39.33277],[-119.76778,39.33469],[-119.7704,39.33144],[-119.76913,39.33199],[-119.77088,39.33059],[-119.76978,39.33014],[-119.7685,39.33138],[-119.76837,39.33021],[-119.77134,39.32912],[-119.77178,39.32994],[-119.77454,39.32992],[-119.7714,39.32866],[-119.76802,39.32918],[-119.76814,39.32829],[-119.76975,39.32821],[-119.7686,39.32784],[-119.76844,39.32685],[-119.77036,39.32625],[-119.77036,39.3272],[-119.77224,39.32853],[-119.77352,39.32885],[-119.77421,39.3276],[-119.77521,39.32901],[-119.77824,39.33011],[-119.77842,39.32851],[-119.77916,39.32953],[-119.78273,39.32759],[-119.78517,39.32732],[-119.78593,39.32593],[-119.78554,39.32453],[-119.78678,39.32303],[-119.78873,39.32138],[-119.79352,39.31945],[-119.79765,39.32156],[-119.79395,39.32287],[-119.79203,39.32619],[-119.79182,39.3281],[-119.79061,39.32779],[-119.79034,39.32944],[-119.79169,39.32988],[-119.79292,39.32905],[-119.79538,39.33033],[-119.7993,39.32949],[-119.79978,39.32902],[-119.79794,39.32838],[-119.79894,39.32576],[-119.79766,39.32044],[-119.79875,39.31982],[-119.79808,39.31848],[-119.80489,39.31984],[-119.80771,39.32349],[-119.81035,39.32279],[-119.81147,39.32334],[-119.81145,39.3242],[-119.8102,39.32475],[-119.80869,39.32341],[-119.80919,39.32385],[-119.80857,39.32459],[-119.8096,39.32567],[-119.80795,39.32653],[-119.80697,39.32577],[-119.80809,39.32388],[-119.80645,39.3236],[-119.80481,39.32628],[-119.80626,39.32678],[-119.80624,39.32749],[-119.80304,39.32906],[-119.80443,39.32835],[-119.80373,39.3278],[-119.80495,39.32512],[-119.80338,39.32489],[-119.80325,39.32576],[-119.80313,39.32487],[-119.80124,39.32475],[-119.8007,39.32575],[-119.80317,39.32594],[-119.80321,39.32655],[-119.80018,39.32847],[-119.8016,39.3288],[-119.80216,39.32775],[-119.80286,39.32813],[-119.80199,39.32901],[-119.80237,39.32954],[-119.80595,39.32805],[-119.80584,39.32898],[-119.80906,39.33079],[-119.80859,39.33204],[-119.80956,39.33291],[-119.80966,39.33473],[-119.80603,39.33882],[-119.80479,39.3381],[-119.80548,39.33908],[-119.80061,39.33925],[-119.8041,39.33981],[-119.80335,39.34056],[-119.79984,39.34195],[-119.79861,39.3417],[-119.79336,39.34448],[-119.79009,39.34813],[-119.79018,39.34952],[-119.78872,39.35121],[-119.78904,39.35326],[-119.78681,39.3564],[-119.78568,39.35694],[-119.78335,39.35581],[-119.78543,39.35255],[-119.78617,39.3502],[-119.78542,39.34993],[-119.7866,39.3492],[-119.78379,39.34886],[-119.78481,39.34799],[-119.78697,39.34902],[-119.78899,39.34856],[-119.78864,39.34778],[-119.78737,39.34776],[-119.78681,39.34636],[-119.78589,39.34713],[-119.78573,39.34649],[-119.78481,39.34676],[-119.78235,39.34549],[-119.7818,39.34669],[-119.78059,39.34685],[-119.78119,39.34609],[-119.7805,39.34582],[-119.77994,39.3465],[-119.78027,39.34866],[-119.78125,39.34872],[-119.7814,39.34989],[-119.77929,39.35089],[-119.77913,39.35234],[-119.77857,39.35232],[-119.77907,39.35102],[-119.77789,39.35048],[-119.77839,39.35126],[-119.77702,39.35122],[-119.77629,39.35233],[-119.7783,39.34882],[-119.77833,39.34638],[-119.77762,39.34732],[-119.77699,39.34716],[-119.77726,39.34651],[-119.77466,39.34712],[-119.77376,39.34943],[-119.7739,39.34848],[-119.77275,39.34893],[-119.77287,39.34992],[-119.77149,39.3497],[-119.76971,39.35219],[-119.76851,39.35164],[-119.76901,39.35052],[-119.7679,39.35053],[-119.76957,39.34976],[-119.76924,39.34936],[-119.76779,39.34906],[-119.76762,39.34988],[-119.76589,39.35047],[-119.7664,39.35107],[-119.76512,39.35178],[-119.76509,39.35348],[-119.7696,39.35242],[-119.77016,39.35286],[-119.76904,39.35482],[-119.76958,39.35504],[-119.76838,39.35594],[-119.77081,39.35641],[-119.76766,39.35586],[-119.76524,39.36008],[-119.76383,39.35986],[-119.76096,39.36131],[-119.76312,39.36096],[-119.76122,39.36136],[-119.76113,39.36462],[-119.76385,39.36453],[-119.76612,39.36681],[-119.76152,39.36791],[-119.76163,39.36846],[-119.76393,39.36841],[-119.7662,39.36955],[-119.76703,39.37386],[-119.76763,39.37258],[-119.76962,39.37217],[-119.77194,39.37377],[-119.7726,39.37536],[-119.77182,39.37623],[-119.77011,39.37447],[-119.76964,39.37469],[-119.77073,39.37565],[-119.76886,39.37542],[-119.76966,39.37412],[-119.76869,39.37331],[-119.76793,39.3745],[-119.7696,39.37686],[-119.76789,39.37545],[-119.7644,39.37593],[-119.76693,39.37705],[-119.76717,39.37794],[-119.77127,39.37874],[-119.77199,39.38094],[-119.76958,39.38108],[-119.77298,39.38196],[-119.7754,39.3852],[-119.77144,39.3872],[-119.77045,39.38655],[-119.77015,39.38753],[-119.76866,39.38671]]],[[[-119.75756,39.36099],[-119.75716,39.36054],[-119.75813,39.3606],[-119.75822,39.35964],[-119.75686,39.35998],[-119.75756,39.36099]]],[[[-119.77945,39.33091],[-119.77994,39.3305],[-119.77927,39.32981],[-119.77946,39.33063],[-119.77862,39.33098],[-119.77945,39.33091]]],[[[-119.80913,39.32347],[-119.8095,39.32321],[-119.80907,39.32317],[-119.80913,39.32347]]],[[[-119.79469,39.3477],[-119.79322,39.34811],[-119.79236,39.34749],[-119.79757,39.34386],[-119.79751,39.34579],[-119.79842,39.34731],[-119.79584,39.3482],[-119.79469,39.3477]]],[[[-119.77764,39.3572],[-119.77798,39.35661],[-119.77691,39.35718],[-119.77388,39.35562],[-119.77636,39.35327],[-119.77885,39.35342],[-119.77517,39.35452],[-119.7763,39.35592],[-119.77847,39.35504],[-119.77699,39.35641],[-119.781,39.35522],[-119.78051,39.35569],[-119.78131,39.3557],[-119.77952,39.35714],[-119.77764,39.3572]]],[[[-119.77368,39.35082],[-119.77414,39.34913],[-119.77525,39.3496],[-119.77563,39.34891],[-119.77663,39.34964],[-119.77524,39.34963],[-119.7744,39.35165],[-119.77368,39.35082]]],[[[-119.76699,39.36516],[-119.76513,39.36383],[-119.76749,39.36456],[-119.76699,39.36516]]],[[[-119.784,39.35038],[-119.78364,39.34996],[-119.78496,39.34996],[-119.784,39.35038]]],[[[-119.78452,39.3474],[-119.78473,39.34753],[-119.78451,39.34787],[-119.78452,39.3474]]],[[[-119.76862,39.35125],[-119.7689,39.35067],[-119.76884,39.35115],[-119.76862,39.35125]]],[[[-119.80603,39.32613],[-119.80625,39.32618],[-119.80597,39.32645],[-119.80603,39.32613]]],[[[-119.77526,39.35665],[-119.775,39.35646],[-119.7756,39.35662],[-119.77526,39.35665]]],[[[-119.77488,39.35644],[-119.77467,39.35627],[-119.77501,39.35631],[-119.77488,39.35644]]],[[[-119.80161,39.32566],[-119.80171,39.32536],[-119.80196,39.32543],[-119.80161,39.32566]]],[[[-119.80709,39.3262],[-119.80736,39.32638],[-119.80711,39.32637],[-119.80709,39.3262]]],[[[-119.76232,39.3614],[-119.7623,39.36148],[-119.76196,39.36154],[-119.76232,39.3614]]],[[[-119.8063,39.32573],[-119.80651,39.32578],[-119.80645,39.32611],[-119.8063,39.32573]]],[[[-119.80638,39.32626],[-119.80632,39.32657],[-119.80625,39.32659],[-119.80638,39.32626]]],[[[-119.80269,39.32563],[-119.80261,39.32559],[-119.80285,39.32556],[-119.80269,39.32563]]]]},"properties":{"IncidentName":"Washoe","GISAcres":2674.591324771641,"FireCause":"Human","Year":2012}},{"type":"Feature","geometry":{"type":"Polygon","coordinates":[[[-119.13681,39.42659],[-119.13006,39.42424],[-119.12852,39.42165],[-119.12959,39.42135],[-119.13042,39.42296],[-119.13084,39.42231],[-119.13008,39.42131],[-119.13249,39.42006],[-119.13614,39.4211],[-119.1385,39.42055],[-119.13895,39.4224],[-119.13688,39.42457],[-119.13681,39.42659]]]},"properties":{"IncidentName":"Highway 50","GISAcres":94.30736652139475,"FireCause":"Human","Year":2012}},{"type":"Feature","geometry":{"type":"Polygon","coordinates":[[[-119.36334,39.38995],[-119.36193,39.39041],[-119.35634,39.38741],[-119.35735,39.38681],[-119.35894,39.38725],[-119.36089,39.3896],[-119.36334,39.38995]]]},"properties":{"IncidentName":"Stagecoach","GISAcres":12.992660310072871,"FireCause":"Human","Year":2012}},{"type":"Feature","geometry":{"type":"Polygon","coordinates":[[[-119.97598,39.71248],[-119.97443,39.71203],[-119.97292,39.71303],[-119.96963,39.71342],[-119.96827,39.71277],[-119.96796,39.71113],[-119.96958,39.70954],[-119.97286,39.70953],[-119.97638,39.71061],[-119.97701,39.71183],[-119.97598,39.71248]]]},"properties":{"IncidentName":"Mud Springs","GISAcres":56.38959121040428,"FireCause":"Human","Year":2012}},{"type":"Feature","geometry":{"type":"Polygon","coordinates":[[[-119.43074,38.79282],[-119.42326,38.79313],[-119.42093,38.79201],[-119.4226,38.78592],[-119.42148,38.7846],[-119.42094,38.78119],[-119.41632,38.77443],[-119.41628,38.77272],[-119.4176,38.77115],[-119.41945,38.77082],[-119.42711,38.77242],[-119.43341,38.77124],[-119.44198,38.77527],[-119.44449,38.77534],[-119.44719,38.77388],[-119.45042,38.76989],[-119.45047,38.76634],[-119.44799,38.76191],[-119.44873,38.76031],[-119.4502,38.7594],[-119.45228,38.7592],[-119.45855,38.76105],[-119.47441,38.76269],[-119.4775,38.76402],[-119.47878,38.76629],[-119.48032,38.76692],[-119.48195,38.76592],[-119.48437,38.76066],[-119.48721,38.75901],[-119.49542,38.75772],[-119.50227,38.75465],[-119.5124,38.75505],[-119.5274,38.75064],[-119.53125,38.74834],[-119.53493,38.74776],[-119.53523,38.74835],[-119.53366,38.75388],[-119.5364,38.75687],[-119.53639,38.758],[-119.52824,38.76011],[-119.52243,38.76595],[-119.52105,38.76979],[-119.52305,38.77475],[-119.5212,38.77662],[-119.51468,38.77781],[-119.50902,38.78147],[-119.50109,38.78166],[-119.49082,38.78835],[-119.48776,38.78705],[-119.48544,38.78759],[-119.48073,38.78629],[-119.47718,38.78629],[-119.47627,38.78758],[-119.47913,38.78982],[-119.47896,38.79133],[-119.47302,38.79265],[-119.47104,38.7944],[-119.46709,38.79484],[-119.46021,38.79707],[-119.4508,38.80408],[-119.44777,38.80369],[-119.44516,38.80234],[-119.44415,38.80047],[-119.44516,38.798],[-119.4444,38.79667],[-119.43074,38.79282]]]},"properties":{"IncidentName":"Tre","GISAcres":7071.029535715741,"FireCause":"Human","Year":2012}},{"type":"Feature","geometry":{"type":"Polygon","coordinates":[[[-119.57969,38.88392],[-119.58068,38.87798],[-119.58549,38.87524],[-119.58478,38.87276],[-119.58945,38.87161],[-119.59121,38.87273],[-119.59472,38.87073],[-119.59633,38.87124],[-119.59695,38.87023],[-119.59874,38.87049],[-119.5993,38.87005],[-119.59716,38.86942],[-119.59764,38.86856],[-119.6052,38.86571],[-119.60801,38.86279],[-119.6114,38.86178],[-119.61779,38.86296],[-119.62274,38.86145],[-119.62511,38.86158],[-119.62453,38.86399],[-119.62658,38.86545],[-119.62695,38.86691],[-119.62585,38.86942],[-119.61932,38.87094],[-119.60734,38.87783],[-119.59927,38.87773],[-119.59389,38.88087],[-119.58612,38.88098],[-119.57969,38.88392]]]},"properties":{"IncidentName":"Preacher","GISAcres":1075.2336261858306,"FireCause":"Natural","Year":2012}},{"type":"Feature","geometry":{"type":"Polygon","coordinates":[[[-119.638,38.85272],[-119.63684,38.85286],[-119.63467,38.85109],[-119.63255,38.85141],[-119.63253,38.84965],[-119.63362,38.84908],[-119.63386,38.84699],[-119.63715,38.84842],[-119.63693,38.8509],[-119.63856,38.85248],[-119.638,38.85272]]]},"properties":{"IncidentName":"Ray May 2","GISAcres":41.9259520878422,"FireCause":"Natural","Year":2012}},{"type":"Feature","geometry":{"type":"Polygon","coordinates":[[[-119.37142,39.83755],[-119.37144,39.83996],[-119.37049,39.83853],[-119.36999,39.83898],[-119.36826,39.83742],[-119.37021,39.83848],[-119.36885,39.83717],[-119.36994,39.83743],[-119.37046,39.83678],[-119.37142,39.83755]],[[-119.36901,39.83813],[-119.36898,39.8381],[-119.36898,39.83812],[-119.36901,39.83813]]]},"properties":{"IncidentName":"River Bend","GISAcres":10.863064831203783,"FireCause":"Natural","Year":2012}},{"type":"Feature","geometry":{"type":"Polygon","coordinates":[[[-119.21314,39.20721],[-119.20566,39.21188],[-119.19904,39.21334],[-119.19572,39.21988],[-119.19636,39.2244],[-119.19591,39.22731],[-119.19612,39.23101],[-119.19951,39.22995],[-119.20123,39.23019],[-119.20956,39.23467],[-119.20977,39.23811],[-119.21385,39.23923],[-119.21579,39.2387],[-119.21601,39.24128],[-119.21413,39.24258],[-119.20072,39.24354],[-119.18329,39.24192],[-119.17161,39.23815],[-119.17065,39.23597],[-119.1662,39.23635],[-119.15941,39.23339],[-119.15876,39.23204],[-119.15942,39.23089],[-119.16544,39.22884],[-119.16555,39.22778],[-119.16054,39.22755],[-119.15669,39.22866],[-119.1557,39.22676],[-119.15192,39.22876],[-119.15045,39.22835],[-119.151,39.22626],[-119.15294,39.22523],[-119.15614,39.22116],[-119.1559,39.21916],[-119.16609,39.21304],[-119.1688,39.20694],[-119.16867,39.20346],[-119.16998,39.20247],[-119.17311,39.20317],[-119.17401,39.20081],[-119.17539,39.19955],[-119.17546,39.19678],[-119.17703,39.19634],[-119.17705,39.19782],[-119.17794,39.19803],[-119.17984,39.19688],[-119.17827,39.19594],[-119.17952,39.19492],[-119.18585,39.19411],[-119.18685,39.19461],[-119.18181,39.1967],[-119.17767,39.2013],[-119.17805,39.20302],[-119.18108,39.20201],[-119.18162,39.20277],[-119.18054,39.20515],[-119.17868,39.20654],[-119.17933,39.20763],[-119.18457,39.20714],[-119.1861,39.20528],[-119.18687,39.20596],[-119.18566,39.20846],[-119.1873,39.20944],[-119.19069,39.20985],[-119.19167,39.20877],[-119.19393,39.2086],[-119.19644,39.20702],[-119.20069,39.20748],[-119.20088,39.20503],[-119.1983,39.20199],[-119.19842,39.19964],[-119.2031,39.19754],[-119.21047,39.1971],[-119.21161,39.19732],[-119.21209,39.1983],[-119.21217,39.20167],[-119.21414,39.20615],[-119.21314,39.20721]]]},"properties":{"IncidentName":"Weeks","GISAcres":3864.4217277780444,"FireCause":"Natural","Year":2012}},{"type":"Feature","geometry":{"type":"Polygon","coordinates":[[[-119.6681,38.97775],[-119.66441,38.97725],[-119.66646,38.9762],[-119.66818,38.97693],[-119.6681,38.97775]]]},"properties":{"IncidentName":"Stockyard","GISAcres":9.70869810742044,"FireCause":"Human","Year":2012}},{"type":"Feature","geometry":{"type":"Polygon","coordinates":[[[-119.55099,38.95309],[-119.54836,38.95551],[-119.55207,38.95788],[-119.55246,38.96048],[-119.55021,38.96258],[-119.54557,38.9644],[-119.54434,38.96602],[-119.53438,38.96371],[-119.53388,38.96429],[-119.53021,38.96422],[-119.52388,38.96117],[-119.5206,38.95773],[-119.52024,38.95561],[-119.52168,38.95429],[-119.52079,38.95302],[-119.52096,38.95145],[-119.52188,38.95108],[-119.51918,38.94798],[-119.51981,38.94729],[-119.52166,38.94849],[-119.52404,38.9488],[-119.52625,38.94675],[-119.52828,38.94703],[-119.53187,38.9451],[-119.536,38.94588],[-119.53895,38.94553],[-119.54854,38.94924],[-119.55221,38.95268],[-119.55278,38.9545],[-119.55099,38.95309]]]},"properties":{"IncidentName":"Springs","GISAcres":1190.526843184188,"FireCause":"Natural","Year":2012}},{"type":"Feature","geometry":{"type":"Polygon","coordinates":[[[-119.64899,38.88734],[-119.64813,38.88874],[-119.64679,38.88811],[-119.64641,38.88905],[-119.64409,38.88801],[-119.64436,38.8874],[-119.64333,38.8868],[-119.64178,38.88665],[-119.64151,38.88473],[-119.64235,38.88349],[-119.64338,38.88343],[-119.6484,38.88596],[-119.64899,38.88734]]]},"properties":{"IncidentName":"Divide","GISAcres":57.51591982587993,"FireCause":"Natural","Year":2012}},{"type":"Feature","geometry":{"type":"Polygon","coordinates":[[[-119.96837,39.94799],[-119.96431,39.94759],[-119.96277,39.94637],[-119.9645,39.94582],[-119.96441,39.94468],[-119.966,39.94466],[-119.96628,39.94353],[-119.96708,39.94335],[-119.9667,39.94229],[-119.96422,39.94201],[-119.96438,39.94049],[-119.96522,39.94006],[-119.96445,39.93957],[-119.96509,39.9383],[-119.971,39.94151],[-119.97088,39.94214],[-119.96907,39.94177],[-119.96793,39.94355],[-119.96884,39.94367],[-119.9682,39.94446],[-119.97093,39.94528],[-119.97135,39.94746],[-119.96837,39.94799]]]},"properties":{"IncidentName":"Dry","GISAcres":98.62546400693219,"FireCause":"Human","Year":2012}},{"type":"Feature","geometry":{"type":"Polygon","coordinates":[[[-119.65964,39.78892],[-119.65525,39.78945],[-119.65281,39.78886],[-119.64955,39.78607],[-119.64706,39.78231],[-119.64976,39.78028],[-119.64929,39.77878],[-119.65091,39.77934],[-119.65409,39.78234],[-119.65621,39.78305],[-119.65638,39.78215],[-119.65191,39.77917],[-119.65622,39.77796],[-119.6602,39.77803],[-119.66053,39.77705],[-119.65978,39.77579],[-119.66168,39.77362],[-119.66243,39.77373],[-119.66324,39.7756],[-119.667,39.777],[-119.66751,39.7779],[-119.66663,39.78006],[-119.66702,39.78128],[-119.67111,39.78363],[-119.6726,39.78549],[-119.67932,39.78608],[-119.67871,39.7873],[-119.67546,39.78949],[-119.66633,39.79083],[-119.66358,39.79071],[-119.65964,39.78892]]]},"properties":{"IncidentName":"Ironwood","GISAcres":643.8108591232033,"FireCause":"Human","Year":2012}},{"type":"Feature","geometry":{"type":"Polygon","coordinates":[[[-120.0975,39.97526],[-120.09413,39.97619],[-120.08877,39.98025],[-120.08567,39.97921],[-120.08373,39.97671],[-120.08391,39.9754],[-120.0853,39.97442],[-120.09248,39.97219],[-120.09591,39.97293],[-120.09794,39.97471],[-120.0975,39.97526]]]},"properties":{"IncidentName":"Ccd 2  Constantia","GISAcres":154.73316381680826,"FireCause":"Natural","Year":2012}},{"type":"Feature","geometry":{"type":"Polygon","coordinates":[[[-119.86725,39.76563],[-119.86655,39.7636],[-119.86792,39.76301],[-119.86846,39.76072],[-119.86961,39.76092],[-119.86991,39.76393],[-119.86889,39.76529],[-119.86725,39.76563]]]},"properties":{"IncidentName":"Freds Mtn","GISAcres":24.90700545157763,"FireCause":"Natural","Year":2012}},{"type":"Feature","geometry":{"type":"Polygon","coordinates":[[[-119.69536,39.75757],[-119.69271,39.75755],[-119.69158,39.75607],[-119.69074,39.75609],[-119.69208,39.75573],[-119.69164,39.75522],[-119.69251,39.75492],[-119.69308,39.75303],[-119.69676,39.75417],[-119.69627,39.75459],[-119.69793,39.75476],[-119.69862,39.75561],[-119.69772,39.75685],[-119.69574,39.75674],[-119.69536,39.75757]]]},"properties":{"IncidentName":"Pyramid Hwy","GISAcres":47.582996549680644,"FireCause":"Human","Year":2012}},{"type":"Feature","geometry":{"type":"MultiPolygon","coordinates":[[[[-119.82193,39.28768],[-119.81842,39.2881],[-119.81423,39.28975],[-119.81239,39.28906],[-119.81442,39.28748],[-119.8142,39.28685],[-119.8155,39.28646],[-119.82193,39.28768]]],[[[-119.81602,39.28908],[-119.81602,39.28908],[-119.81602,39.28908],[-119.81602,39.28908]]],[[[-119.82193,39.28768],[-119.82193,39.28768],[-119.82193,39.28768],[-119.82193,39.28768]]]]},"properties":{"IncidentName":"Pony Express","GISAcres":34.373388353599935,"FireCause":"Human","Year":2012}},{"type":"Feature","geometry":{"type":"Polygon","coordinates":[[[-119.46399,39.15903],[-119.46546,39.15879],[-119.4698,39.16122],[-119.47308,39.16152],[-119.47442,39.16323],[-119.47705,39.16358],[-119.47781,39.16461],[-119.48025,39.16536],[-119.47885,39.1686],[-119.47633,39.16897],[-119.47533,39.17034],[-119.47234,39.16871],[-119.47149,39.16897],[-119.47112,39.17099],[-119.4704,39.17102],[-119.46672,39.17093],[-119.46431,39.16991],[-119.46339,39.16843],[-119.45892,39.16791],[-119.45521,39.16883],[-119.45103,39.16531],[-119.45291,39.16464],[-119.45259,39.16359],[-119.44952,39.16305],[-119.44033,39.16485],[-119.43852,39.16439],[-119.43688,39.16498],[-119.43603,39.16679],[-119.43388,39.16547],[-119.43604,39.16141],[-119.43652,39.15867],[-119.43771,39.15802],[-119.44435,39.15954],[-119.44647,39.1609],[-119.45057,39.16013],[-119.45491,39.15805],[-119.46292,39.15829],[-119.46399,39.15903]]]},"properties":{"IncidentName":"Como","GISAcres":768.2983304727,"FireCause":"Natural","Year":2012}},{"type":"Feature","geometry":{"type":"Polygon","coordinates":[[[-119.59036,38.84316],[-119.58841,38.84168],[-119.58856,38.84001],[-119.58691,38.83893],[-119.5868,38.83621],[-119.58358,38.83327],[-119.58293,38.82959],[-119.56986,38.82658],[-119.56495,38.82701],[-119.566,38.82436],[-119.56751,38.82294],[-119.56582,38.81953],[-119.56716,38.81664],[-119.56693,38.81268],[-119.57433,38.80864],[-119.57873,38.8086],[-119.59057,38.8062],[-119.59417,38.80473],[-119.59574,38.80494],[-119.59685,38.80572],[-119.59763,38.8084],[-119.6043,38.80925],[-119.61617,38.81755],[-119.62313,38.82316],[-119.62987,38.83157],[-119.62871,38.8326],[-119.62811,38.83203],[-119.62788,38.83282],[-119.61852,38.83272],[-119.61171,38.83488],[-119.60364,38.83613],[-119.60273,38.83778],[-119.6054,38.83901],[-119.60609,38.84087],[-119.60428,38.84163],[-119.60327,38.84305],[-119.5984,38.84374],[-119.59567,38.84802],[-119.59283,38.84996],[-119.59079,38.84935],[-119.59036,38.84316]]]},"properties":{"IncidentName":"Carter Springs","GISAcres":3460.1507121648974,"FireCause":"Human","Year":2012}},{"type":"Feature","geometry":{"type":"MultiPolygon","coordinates":[[[[-119.90301,39.4851],[-119.90409,39.48479],[-119.90497,39.4862],[-119.90669,39.48645],[-119.90507,39.48924],[-119.90348,39.48931],[-119.90527,39.49057],[-119.90806,39.49012],[-119.90754,39.49056],[-119.90907,39.49261],[-119.91221,39.49216],[-119.91214,39.49433],[-119.91312,39.4947],[-119.91259,39.49616],[-119.90942,39.49963],[-119.90814,39.4977],[-119.90752,39.49861],[-119.90714,39.49807],[-119.90456,39.49878],[-119.90339,39.50008],[-119.90385,39.50073],[-119.9007,39.50112],[-119.8975,39.50047],[-119.89284,39.50195],[-119.8929,39.49804],[-119.8949,39.49438],[-119.89797,39.49473],[-119.89991,39.4935],[-119.89912,39.49272],[-119.90129,39.49107],[-119.90239,39.48885],[-119.9018,39.48635],[-119.90301,39.4851]]],[[[-119.89401,39.49355],[-119.89399,39.49356],[-119.894,39.49355],[-119.89401,39.49355]]],[[[-119.89487,39.49358],[-119.89487,39.4936],[-119.89487,39.49361],[-119.89487,39.49358]]],[[[-119.89479,39.4941],[-119.89479,39.49411],[-119.89479,39.49412],[-119.89479,39.4941]]],[[[-119.90301,39.4851],[-119.90301,39.4851],[-119.90301,39.4851],[-119.90301,39.4851]]],[[[-119.89487,39.49358],[-119.89487,39.49358],[-119.89487,39.49358],[-119.89487,39.49358]]]]},"properties":{"IncidentName":"Steamboat","GISAcres":376.04425106652263,"FireCause":"Human","Year":2012}},{"type":"Feature","geometry":{"type":"Polygon","coordinates":[[[-119.92864,39.83769],[-119.92798,39.83785],[-119.92824,39.83859],[-119.9272,39.838],[-119.92701,39.83933],[-119.92587,39.83759],[-119.92234,39.83804],[-119.92256,39.83707],[-119.92151,39.83663],[-119.92296,39.83537],[-119.92251,39.83486],[-119.92436,39.83165],[-119.92961,39.83213],[-119.93079,39.83325],[-119.93119,39.83472],[-119.93001,39.83341],[-119.92933,39.83359],[-119.93012,39.83471],[-119.92864,39.83769]]]},"properties":{"IncidentName":"Chariot","GISAcres":100.05887535125704,"FireCause":"Natural","Year":2013}},{"type":"Feature","geometry":{"type":"Polygon","coordinates":[[[-119.63968,39.25792],[-119.63877,39.25587],[-119.63956,39.25508],[-119.64112,39.25664],[-119.64394,39.25746],[-119.64417,39.25823],[-119.64494,39.25743],[-119.64458,39.25655],[-119.64752,39.25767],[-119.65144,39.25676],[-119.6511,39.25843],[-119.65283,39.25955],[-119.65107,39.26015],[-119.65182,39.26061],[-119.65023,39.26014],[-119.64918,39.26095],[-119.64944,39.26195],[-119.6482,39.26205],[-119.64463,39.26004],[-119.64236,39.26033],[-119.64376,39.25955],[-119.6399,39.25863],[-119.63968,39.25792]]]},"properties":{"IncidentName":"Pedlar","GISAcres":96.76259470228119,"FireCause":"Human","Year":2013}},{"type":"Feature","geometry":{"type":"Polygon","coordinates":[[[-120.01837,39.9233],[-120.01378,39.9281],[-120.01022,39.92916],[-120.00659,39.92892],[-120.00625,39.92992],[-120.00216,39.93261],[-120.00126,39.93452],[-119.99757,39.93485],[-119.99425,39.93894],[-119.99085,39.93792],[-119.987,39.94024],[-119.98558,39.93848],[-119.98329,39.93839],[-119.98218,39.94023],[-119.98149,39.94413],[-119.97953,39.94546],[-119.97742,39.94467],[-119.97717,39.94262],[-119.97603,39.94211],[-119.96944,39.94106],[-119.96477,39.93942],[-119.96597,39.94348],[-119.96464,39.94529],[-119.96357,39.94589],[-119.9598,39.94561],[-119.95725,39.94887],[-119.95474,39.9491],[-119.9525,39.94681],[-119.94927,39.94588],[-119.94878,39.94379],[-119.94158,39.94196],[-119.93548,39.93823],[-119.93059,39.93998],[-119.92616,39.93727],[-119.92233,39.93053],[-119.92134,39.92722],[-119.91909,39.92467],[-119.9184,39.92175],[-119.9168,39.91926],[-119.91779,39.91735],[-119.9168,39.91541],[-119.91935,39.91344],[-119.92663,39.91423],[-119.92756,39.91375],[-119.92691,39.91089],[-119.92774,39.90908],[-119.93267,39.90811],[-119.9347,39.90933],[-119.93584,39.91378],[-119.93816,39.91395],[-119.93908,39.91214],[-119.94269,39.91104],[-119.94325,39.9128],[-119.94435,39.91266],[-119.94606,39.91109],[-119.94743,39.90611],[-119.95133,39.90345],[-119.95345,39.90483],[-119.95445,39.90658],[-119.95884,39.90802],[-119.96015,39.90993],[-119.95978,39.91184],[-119.95786,39.91314],[-119.95709,39.91613],[-119.9562,39.92069],[-119.95748,39.92246],[-119.96356,39.92363],[-119.96778,39.92262],[-119.97433,39.92303],[-119.98091,39.92236],[-119.98514,39.91831],[-119.98569,39.91739],[-119.98505,39.91538],[-119.98637,39.91282],[-119.98756,39.91244],[-119.99036,39.91309],[-119.99113,39.91596],[-119.99561,39.91768],[-119.99738,39.91913],[-119.99771,39.921],[-119.99904,39.9212],[-120.00332,39.9191],[-120.00703,39.91852],[-120.01225,39.91492],[-120.01585,39.91483],[-120.01809,39.92018],[-120.01837,39.9233]]]},"properties":{"IncidentName":"Red Rock","GISAcres":5365.256762589931,"FireCause":"Human","Year":2013}},{"type":"Feature","geometry":{"type":"Polygon","coordinates":[[[-119.67534,39.09309],[-119.67412,39.09501],[-119.67234,39.0955],[-119.6731,39.09308],[-119.67238,39.09123],[-119.67401,39.09116],[-119.67534,39.09309]]]},"properties":{"IncidentName":"Tarnahan","GISAcres":20.58448797769378,"FireCause":"Natural","Year":2013}},{"type":"Feature","geometry":{"type":"Polygon","coordinates":[[[-119.41281,38.98731],[-119.40898,38.98287],[-119.40852,38.98136],[-119.40931,38.98132],[-119.41388,38.97501],[-119.41847,38.97088],[-119.41456,38.96643],[-119.41486,38.96496],[-119.4184,38.96163],[-119.4206,38.95808],[-119.42065,38.95635],[-119.41935,38.9547],[-119.41638,38.95388],[-119.41608,38.95286],[-119.4223,38.94532],[-119.42109,38.94166],[-119.42212,38.93865],[-119.42093,38.9366],[-119.41762,38.93637],[-119.41839,38.9334],[-119.41751,38.92894],[-119.4199,38.92624],[-119.41454,38.92569],[-119.41269,38.92442],[-119.41245,38.92343],[-119.41418,38.92188],[-119.42115,38.91973],[-119.4178,38.91762],[-119.41993,38.91544],[-119.41797,38.91345],[-119.42181,38.91063],[-119.42147,38.90995],[-119.41664,38.90892],[-119.41454,38.90651],[-119.41783,38.90642],[-119.41913,38.90269],[-119.41813,38.90024],[-119.41943,38.89966],[-119.41939,38.89592],[-119.42674,38.89746],[-119.43175,38.8974],[-119.43674,38.89948],[-119.44108,38.90469],[-119.44586,38.90736],[-119.44968,38.9085],[-119.45207,38.91166],[-119.45236,38.91513],[-119.45465,38.91495],[-119.45796,38.91328],[-119.45851,38.91783],[-119.46145,38.92451],[-119.46096,38.92632],[-119.45861,38.92859],[-119.46164,38.93186],[-119.462,38.93373],[-119.46428,38.93634],[-119.46497,38.93938],[-119.46757,38.943],[-119.46629,38.93595],[-119.46363,38.93193],[-119.46307,38.92783],[-119.46467,38.9269],[-119.46873,38.92683],[-119.4701,38.92279],[-119.47211,38.92193],[-119.47358,38.92012],[-119.47539,38.92295],[-119.47853,38.92043],[-119.48184,38.92037],[-119.48181,38.91963],[-119.47937,38.91957],[-119.47955,38.91866],[-119.482,38.91731],[-119.48457,38.91733],[-119.48568,38.91354],[-119.48718,38.91278],[-119.48983,38.913],[-119.4939,38.90905],[-119.49754,38.91158],[-119.50612,38.91203],[-119.50694,38.90924],[-119.50842,38.9089],[-119.50936,38.90626],[-119.51283,38.91083],[-119.51652,38.91131],[-119.51672,38.91006],[-119.51333,38.90513],[-119.51609,38.90275],[-119.51688,38.8991],[-119.51886,38.89667],[-119.516,38.89417],[-119.51409,38.89363],[-119.50804,38.88691],[-119.50753,38.88002],[-119.50436,38.87134],[-119.50702,38.86897],[-119.507,38.86577],[-119.50588,38.86409],[-119.50384,38.86369],[-119.5037,38.86137],[-119.50233,38.86088],[-119.50363,38.85937],[-119.50573,38.85926],[-119.5101,38.86087],[-119.51236,38.86272],[-119.51976,38.86078],[-119.52383,38.86152],[-119.52551,38.85986],[-119.51443,38.85493],[-119.51336,38.853],[-119.50756,38.85033],[-119.50688,38.8489],[-119.50743,38.84635],[-119.50281,38.84267],[-119.50287,38.84059],[-119.50485,38.8398],[-119.5081,38.84203],[-119.50879,38.84034],[-119.50774,38.83724],[-119.50935,38.83645],[-119.51121,38.83853],[-119.51505,38.83869],[-119.52138,38.84051],[-119.52802,38.8388],[-119.52994,38.83958],[-119.53077,38.84184],[-119.53613,38.84014],[-119.54272,38.84336],[-119.5467,38.84434],[-119.54849,38.84275],[-119.55041,38.84262],[-119.55158,38.84783],[-119.55022,38.84942],[-119.54963,38.85181],[-119.55751,38.85658],[-119.55829,38.85961],[-119.56098,38.86245],[-119.56135,38.86753],[-119.56519,38.87173],[-119.5654,38.87819],[-119.55623,38.87558],[-119.54984,38.87097],[-119.54739,38.87081],[-119.5458,38.87198],[-119.54591,38.87473],[-119.54802,38.87881],[-119.5467,38.88209],[-119.54368,38.88318],[-119.54341,38.88427],[-119.54453,38.88658],[-119.54164,38.88828],[-119.53888,38.89181],[-119.53455,38.89486],[-119.53324,38.89929],[-119.52877,38.90422],[-119.5285,38.90812],[-119.52416,38.91563],[-119.51017,38.92577],[-119.50953,38.92773],[-119.51064,38.93348],[-119.50534,38.93836],[-119.50853,38.94021],[-119.51034,38.94843],[-119.50666,38.95569],[-119.50444,38.95725],[-119.4989,38.95804],[-119.48851,38.96487],[-119.48322,38.96877],[-119.48057,38.97305],[-119.47293,38.97427],[-119.47199,38.97231],[-119.47276,38.97155],[-119.47746,38.97143],[-119.47818,38.97026],[-119.47309,38.9698],[-119.47097,38.96815],[-119.46579,38.96876],[-119.46532,38.96512],[-119.46442,38.9649],[-119.4643,38.96373],[-119.459,38.96295],[-119.45823,38.96546],[-119.45712,38.96639],[-119.45757,38.96999],[-119.45464,38.97305],[-119.45205,38.97058],[-119.45043,38.97242],[-119.44773,38.97255],[-119.44715,38.97328],[-119.44892,38.97621],[-119.45124,38.97678],[-119.45583,38.98146],[-119.45596,38.98397],[-119.45377,38.98524],[-119.45978,38.98443],[-119.46155,38.98569],[-119.46122,38.98842],[-119.46421,38.98875],[-119.46482,38.98952],[-119.46536,38.99243],[-119.46372,38.9932],[-119.46603,38.99667],[-119.45891,38.99839],[-119.46087,38.99913],[-119.46564,38.9981],[-119.46713,38.99895],[-119.46584,39.00083],[-119.46233,39.00205],[-119.46004,39.00383],[-119.46669,39.00674],[-119.46572,39.01224],[-119.4637,39.01392],[-119.47121,39.01996],[-119.47262,39.02131],[-119.47261,39.02237],[-119.47047,39.02336],[-119.46678,39.02328],[-119.46459,39.02447],[-119.45653,39.02528],[-119.45463,39.02439],[-119.45204,39.02576],[-119.44064,39.02491],[-119.43442,39.02599],[-119.43185,39.02779],[-119.42757,39.02927],[-119.42249,39.02865],[-119.42414,39.02722],[-119.42621,39.0228],[-119.42272,39.02091],[-119.41859,39.0225],[-119.41742,39.02158],[-119.42207,39.01837],[-119.43139,39.01657],[-119.43204,39.01515],[-119.42817,39.01333],[-119.42719,39.00979],[-119.4236,39.00694],[-119.42078,39.00275],[-119.42072,39.00057],[-119.42267,38.99825],[-119.4168,38.9973],[-119.41664,38.99669],[-119.41892,38.99496],[-119.41859,38.99415],[-119.41576,38.99167],[-119.4124,38.99081],[-119.4142,38.989],[-119.41281,38.98731]]]},"properties":{"IncidentName":"Bison","GISAcres":24131.76738972242,"FireCause":"Natural","Year":2013}},{"type":"Feature","geometry":{"type":"Polygon","coordinates":[[[-119.58917,39.14311],[-119.58681,39.14319],[-119.58728,39.14167],[-119.58532,39.14178],[-119.58687,39.1402],[-119.58973,39.13993],[-119.59126,39.14081],[-119.5903,39.14265],[-119.58917,39.14311]]]},"properties":{"IncidentName":"Brunswick","GISAcres":29.703882640692957,"FireCause":"Natural","Year":2013}},{"type":"Feature","geometry":{"type":"Polygon","coordinates":[[[-119.91472,39.83611],[-119.9121,39.8357],[-119.91203,39.83487],[-119.90991,39.83331],[-119.91035,39.83194],[-119.90884,39.83156],[-119.90891,39.83091],[-119.90305,39.82706],[-119.90489,39.82672],[-119.90353,39.82507],[-119.90585,39.82175],[-119.90702,39.82145],[-119.90762,39.82207],[-119.90729,39.82109],[-119.90975,39.82436],[-119.91064,39.82463],[-119.91044,39.82393],[-119.91126,39.82529],[-119.91216,39.82562],[-119.91127,39.82449],[-119.91237,39.82531],[-119.91227,39.82357],[-119.91009,39.82049],[-119.90902,39.81717],[-119.91005,39.81537],[-119.91088,39.81566],[-119.91068,39.81402],[-119.91296,39.81498],[-119.91398,39.81726],[-119.9147,39.82301],[-119.91764,39.83046],[-119.91692,39.83088],[-119.91759,39.8326],[-119.91689,39.83434],[-119.91728,39.83608],[-119.91594,39.83713],[-119.91472,39.83611]]]},"properties":{"IncidentName":"Finch","GISAcres":361.93237635062223,"FireCause":"Natural","Year":2013}},{"type":"Feature","geometry":{"type":"Polygon","coordinates":[[[-119.52308,38.79561],[-119.5226,38.79479],[-119.52254,38.79602],[-119.5207,38.79672],[-119.52221,38.79788],[-119.52214,38.80041],[-119.52072,38.79912],[-119.52128,38.79858],[-119.51735,38.79862],[-119.51776,38.7979],[-119.51623,38.79781],[-119.51557,38.79868],[-119.51562,38.7974],[-119.51512,38.79862],[-119.51284,38.79815],[-119.51433,38.79909],[-119.51378,38.79947],[-119.5145,38.79951],[-119.51475,38.80059],[-119.512,38.80195],[-119.51136,38.80173],[-119.51181,38.80066],[-119.51001,38.80174],[-119.51053,38.79858],[-119.50772,38.80019],[-119.5068,38.80179],[-119.5062,38.80076],[-119.50743,38.80014],[-119.50631,38.79962],[-119.50693,38.7987],[-119.50955,38.79905],[-119.509,38.79656],[-119.51368,38.79467],[-119.51531,38.78993],[-119.51385,38.7887],[-119.51686,38.78701],[-119.51564,38.78818],[-119.51911,38.78856],[-119.52002,38.79082],[-119.5225,38.79151],[-119.5223,38.79323],[-119.52354,38.79481],[-119.52308,38.79561]]]},"properties":{"IncidentName":"Minnehaha","GISAcres":250.8592307105128,"FireCause":"Human","Year":2014}},{"type":"Feature","geometry":{"type":"Polygon","coordinates":[[[-119.65056,39.57329],[-119.64938,39.57374],[-119.64671,39.57237],[-119.646,39.5697],[-119.64887,39.56887],[-119.65569,39.57074],[-119.65603,39.5722],[-119.65463,39.57329],[-119.65056,39.57329]]]},"properties":{"IncidentName":"Golden Eagle","GISAcres":80.65905786763928,"FireCause":"Human","Year":2014}},{"type":"Feature","geometry":{"type":"Polygon","coordinates":[[[-119.42791,39.83193],[-119.4262,39.83186],[-119.4165,39.82656],[-119.41049,39.82148],[-119.40845,39.82068],[-119.42396,39.82555],[-119.42636,39.82761],[-119.4286,39.8313],[-119.42791,39.83193]]]},"properties":{"IncidentName":"Nixon","GISAcres":144.37105161177064,"FireCause":"Human","Year":2015}},{"type":"Feature","geometry":{"type":"Polygon","coordinates":[[[-119.76807,39.66368],[-119.7669,39.66324],[-119.76738,39.66209],[-119.76683,39.66119],[-119.7698,39.6612],[-119.76992,39.66269],[-119.76876,39.66391],[-119.76807,39.66368]]]},"properties":{"IncidentName":"Eagle Canyon","GISAcres":17.03250470680005,"FireCause":"Human","Year":2015}},{"type":"Feature","geometry":{"type":"Polygon","coordinates":[[[-119.95973,40.03389],[-119.9605,40.03497],[-119.95845,40.03519],[-119.9587,40.03597],[-119.95734,40.03666],[-119.95642,40.03911],[-119.95737,40.03957],[-119.95694,40.04116],[-119.95788,40.04198],[-119.95787,40.04485],[-119.95893,40.0474],[-119.95842,40.04788],[-119.95826,40.04639],[-119.9579,40.04901],[-119.9545,40.04798],[-119.95398,40.04859],[-119.95342,40.04726],[-119.95202,40.04736],[-119.95377,40.04685],[-119.95254,40.04665],[-119.9525,40.04593],[-119.95169,40.04647],[-119.95269,40.04545],[-119.95223,40.0438],[-119.95152,40.0449],[-119.95135,40.04351],[-119.95079,40.04414],[-119.95313,40.04187],[-119.95284,40.04064],[-119.95373,40.04021],[-119.95318,40.0392],[-119.95191,40.03921],[-119.95146,40.04084],[-119.95145,40.03937],[-119.94871,40.04027],[-119.94899,40.04214],[-119.94723,40.04342],[-119.94645,40.04531],[-119.94576,40.04415],[-119.94656,40.04347],[-119.94489,40.0435],[-119.94789,40.03918],[-119.94944,40.03818],[-119.94914,40.03678],[-119.94742,40.03885],[-119.94857,40.0366],[-119.95215,40.03332],[-119.95444,40.03319],[-119.95379,40.03259],[-119.95495,40.03074],[-119.96009,40.03101],[-119.96063,40.03191],[-119.96009,40.03257],[-119.96088,40.03273],[-119.95973,40.03389]]]},"properties":{"IncidentName":"Fort Sage","GISAcres":296.58182749748966,"FireCause":"Natural","Year":2015}},{"type":"Feature","geometry":{"type":"Polygon","coordinates":[[[-119.16757,39.60179],[-119.17218,39.60263],[-119.17611,39.60174],[-119.17873,39.60232],[-119.17925,39.60335],[-119.17265,39.60338],[-119.16757,39.60179]]]},"properties":{"IncidentName":"Dt","GISAcres":24.16568463224973,"FireCause":"Human","Year":2014}},{"type":"Feature","geometry":{"type":"Polygon","coordinates":[[[-119.8056,39.11045],[-119.80429,39.11109],[-119.80206,39.10936],[-119.79924,39.10882],[-119.79763,39.10678],[-119.79941,39.10489],[-119.80193,39.10514],[-119.80475,39.10354],[-119.80678,39.10464],[-119.80802,39.10672],[-119.80958,39.10677],[-119.8104,39.10839],[-119.81198,39.10807],[-119.81284,39.10919],[-119.81133,39.111],[-119.80907,39.11094],[-119.80733,39.10997],[-119.8056,39.11045]]]},"properties":{"IncidentName":"Clear Creek","GISAcres":150.5297028095783,"FireCause":"Natural","Year":2014}},{"type":"Feature","geometry":{"type":"Polygon","coordinates":[[[-119.98089,39.74927],[-119.97884,39.74522],[-119.97313,39.74355],[-119.97392,39.74301],[-119.97267,39.73991],[-119.97585,39.73974],[-119.97653,39.73949],[-119.97623,39.73873],[-119.97768,39.73838],[-119.97877,39.73937],[-119.97814,39.74006],[-119.98049,39.74114],[-119.98082,39.74488],[-119.98024,39.74564],[-119.98131,39.74682],[-119.98173,39.7491],[-119.98089,39.74927]]]},"properties":{"IncidentName":"Cold Springs View","GISAcres":93.88590544268818,"FireCause":"Human","Year":2015}},{"type":"Feature","geometry":{"type":"Polygon","coordinates":[[[-119.89288,39.50186],[-119.89298,39.49849],[-119.89473,39.49669],[-119.8956,39.49699],[-119.89505,39.49622],[-119.8972,39.4962],[-119.89942,39.49771],[-119.90051,39.49876],[-119.89989,39.49977],[-119.90102,39.4998],[-119.90126,39.50096],[-119.90402,39.50058],[-119.90133,39.49998],[-119.90245,39.49811],[-119.90251,39.49926],[-119.9053,39.50008],[-119.90444,39.50198],[-119.90095,39.50358],[-119.89858,39.50242],[-119.89754,39.5004],[-119.89288,39.50186]]]},"properties":{"IncidentName":"White Fir","GISAcres":106.77861987207442,"FireCause":"Human","Year":2015}},{"type":"Feature","geometry":{"type":"Polygon","coordinates":[[[-119.13058,39.84158],[-119.12808,39.83866],[-119.12359,39.83793],[-119.1221,39.83903],[-119.12085,39.83874],[-119.11753,39.83591],[-119.11694,39.8348],[-119.11787,39.83317],[-119.11729,39.83211],[-119.11824,39.83099],[-119.11784,39.82932],[-119.11888,39.82755],[-119.12091,39.82693],[-119.12079,39.82631],[-119.11882,39.82618],[-119.11894,39.82231],[-119.11585,39.82231],[-119.11514,39.82109],[-119.11723,39.82064],[-119.11704,39.81677],[-119.11594,39.81622],[-119.11159,39.81802],[-119.10924,39.81695],[-119.10818,39.8248],[-119.10401,39.82383],[-119.10232,39.82455],[-119.10233,39.82152],[-119.10008,39.82124],[-119.09923,39.81935],[-119.10028,39.81811],[-119.09931,39.8149],[-119.1022,39.81407],[-119.10264,39.81118],[-119.10072,39.81049],[-119.10285,39.80781],[-119.10302,39.80527],[-119.10395,39.80481],[-119.10521,39.80042],[-119.10939,39.79435],[-119.11027,39.79022],[-119.11666,39.79019],[-119.12115,39.78578],[-119.12398,39.78572],[-119.1243,39.78717],[-119.12373,39.79154],[-119.12483,39.79347],[-119.1227,39.79662],[-119.12605,39.79698],[-119.12763,39.79919],[-119.13048,39.79848],[-119.13088,39.79923],[-119.13903,39.79635],[-119.14071,39.79414],[-119.13968,39.79334],[-119.139,39.79055],[-119.13648,39.78851],[-119.13541,39.7862],[-119.13518,39.78502],[-119.13662,39.78142],[-119.14089,39.77846],[-119.14621,39.77635],[-119.14945,39.77778],[-119.15185,39.77733],[-119.15494,39.775],[-119.15998,39.77463],[-119.16084,39.77418],[-119.16069,39.77164],[-119.15716,39.77049],[-119.15696,39.76848],[-119.15907,39.76575],[-119.16549,39.76629],[-119.1695,39.76933],[-119.17123,39.77461],[-119.17066,39.77688],[-119.16682,39.77761],[-119.16728,39.78114],[-119.16839,39.78192],[-119.16784,39.78495],[-119.16484,39.78592],[-119.16162,39.79254],[-119.16682,39.79334],[-119.16762,39.80048],[-119.16041,39.80459],[-119.15692,39.80758],[-119.15968,39.80753],[-119.1627,39.80614],[-119.16442,39.8074],[-119.16588,39.81021],[-119.1631,39.81208],[-119.15622,39.81136],[-119.15469,39.81281],[-119.14703,39.81484],[-119.1457,39.81737],[-119.147,39.81852],[-119.14077,39.82139],[-119.13766,39.82483],[-119.13538,39.83058],[-119.13327,39.83167],[-119.1367,39.83179],[-119.14318,39.82496],[-119.14552,39.82435],[-119.14726,39.82799],[-119.14404,39.82924],[-119.14267,39.83166],[-119.14554,39.83193],[-119.14664,39.83459],[-119.14241,39.8379],[-119.14241,39.8386],[-119.13935,39.84034],[-119.13586,39.84099],[-119.13543,39.83944],[-119.13423,39.83908],[-119.13058,39.84158]]]},"properties":{"IncidentName":"Tolbert","GISAcres":6025.499561416715,"FireCause":"Natural","Year":1997}},{"type":"Feature","geometry":{"type":"Polygon","coordinates":[[[-119.91878,40.92247],[-119.91436,40.92295],[-119.91205,40.92193],[-119.91023,40.91997],[-119.89884,40.91727],[-119.89205,40.90991],[-119.88819,40.90772],[-119.88954,40.89978],[-119.89415,40.8956],[-119.89497,40.89276],[-119.89622,40.89448],[-119.8967,40.89731],[-119.89973,40.89661],[-119.90091,40.89528],[-119.8995,40.89263],[-119.90072,40.89093],[-119.90321,40.89106],[-119.90369,40.89292],[-119.90271,40.89433],[-119.9036,40.89501],[-119.90749,40.89256],[-119.91364,40.89382],[-119.91224,40.89165],[-119.90611,40.88855],[-119.90084,40.88749],[-119.89633,40.88958],[-119.89289,40.88719],[-119.89016,40.88685],[-119.88984,40.88545],[-119.89099,40.88499],[-119.89006,40.8837],[-119.89098,40.88304],[-119.89463,40.88368],[-119.89583,40.88528],[-119.90097,40.88454],[-119.90428,40.8861],[-119.90746,40.88537],[-119.90825,40.8829],[-119.90632,40.88156],[-119.90297,40.88086],[-119.89829,40.88054],[-119.89354,40.88194],[-119.89038,40.88084],[-119.89095,40.87963],[-119.89543,40.87938],[-119.89631,40.8786],[-119.89615,40.87766],[-119.89044,40.87485],[-119.88924,40.87325],[-119.88602,40.87338],[-119.88986,40.86935],[-119.89301,40.86996],[-119.8941,40.87122],[-119.89718,40.87209],[-119.8972,40.87026],[-119.89425,40.86692],[-119.8959,40.86648],[-119.89949,40.86884],[-119.90008,40.86678],[-119.9015,40.86565],[-119.90113,40.86316],[-119.90285,40.86247],[-119.90454,40.85836],[-119.90629,40.85681],[-119.9076,40.8568],[-119.90792,40.8582],[-119.90581,40.863],[-119.90833,40.87081],[-119.90953,40.87143],[-119.91044,40.87077],[-119.91104,40.86883],[-119.91016,40.86851],[-119.91167,40.86626],[-119.91797,40.86701],[-119.91379,40.86244],[-119.9151,40.85914],[-119.91337,40.85032],[-119.91094,40.84847],[-119.90952,40.84862],[-119.90709,40.84726],[-119.90491,40.84805],[-119.90458,40.84518],[-119.90183,40.84242],[-119.90085,40.83956],[-119.90677,40.83683],[-119.90721,40.8348],[-119.90814,40.83433],[-119.91101,40.83492],[-119.91342,40.83434],[-119.91395,40.82923],[-119.91694,40.82512],[-119.91724,40.8236],[-119.9149,40.81966],[-119.91144,40.81813],[-119.90844,40.81797],[-119.90085,40.82199],[-119.89774,40.82247],[-119.89696,40.82018],[-119.89435,40.81893],[-119.88989,40.81483],[-119.88731,40.81676],[-119.8842,40.81775],[-119.8819,40.81721],[-119.88099,40.81458],[-119.88355,40.81299],[-119.88199,40.81085],[-119.88221,40.80483],[-119.88031,40.80247],[-119.88115,40.80126],[-119.87931,40.79839],[-119.88012,40.79731],[-119.88322,40.79684],[-119.88438,40.79405],[-119.87031,40.79319],[-119.87201,40.79033],[-119.87323,40.79009],[-119.87592,40.79031],[-119.87877,40.79196],[-119.88126,40.7916],[-119.88087,40.79107],[-119.88231,40.78945],[-119.88184,40.78856],[-119.87851,40.78819],[-119.87731,40.78724],[-119.87745,40.78623],[-119.87993,40.78442],[-119.87915,40.7831],[-119.87949,40.78218],[-119.88423,40.78079],[-119.88727,40.78203],[-119.89059,40.7803],[-119.89845,40.77989],[-119.90041,40.78037],[-119.90542,40.78404],[-119.91018,40.78507],[-119.91128,40.7873],[-119.91037,40.79321],[-119.90748,40.79572],[-119.90961,40.79792],[-119.90932,40.80061],[-119.91206,40.80191],[-119.91604,40.79961],[-119.91885,40.80268],[-119.92263,40.80085],[-119.92344,40.80509],[-119.92576,40.80757],[-119.9293,40.80933],[-119.93852,40.81097],[-119.94234,40.81256],[-119.94312,40.81485],[-119.94253,40.8174],[-119.94301,40.81926],[-119.94706,40.82104],[-119.94826,40.81886],[-119.94923,40.81977],[-119.95203,40.81984],[-119.95768,40.81729],[-119.9577,40.81875],[-119.95554,40.82149],[-119.95738,40.82589],[-119.95934,40.82588],[-119.96201,40.82463],[-119.96372,40.82247],[-119.96567,40.82246],[-119.96968,40.82084],[-119.97036,40.81949],[-119.97343,40.81987],[-119.97479,40.81766],[-119.97606,40.81754],[-119.98048,40.82128],[-119.98391,40.82041],[-119.98454,40.81995],[-119.98469,40.81566],[-119.99037,40.81176],[-119.99351,40.80761],[-120.00394,40.80426],[-120.00464,40.80437],[-120.00496,40.80577],[-120.00383,40.80819],[-120.00796,40.80739],[-120.00795,40.80971],[-120.00929,40.80982],[-120.01096,40.81181],[-120.01479,40.81107],[-120.0177,40.80673],[-120.02153,40.80697],[-120.02336,40.80893],[-120.02825,40.8075],[-120.02941,40.80801],[-120.02944,40.81142],[-120.03326,40.813],[-120.03436,40.81572],[-120.03068,40.81643],[-120.0296,40.81944],[-120.02667,40.82062],[-120.02521,40.82554],[-120.03904,40.8264],[-120.04137,40.82559],[-120.04155,40.82421],[-120.04609,40.82224],[-120.04771,40.82314],[-120.05032,40.82313],[-120.053,40.82596],[-120.05473,40.82566],[-120.05523,40.82316],[-120.05506,40.82221],[-120.0488,40.81732],[-120.04883,40.81646],[-120.05013,40.81645],[-120.05031,40.81556],[-120.0452,40.8107],[-120.04518,40.80923],[-120.04704,40.80753],[-120.04594,40.8053],[-120.04424,40.80368],[-120.03932,40.80219],[-120.04147,40.79946],[-120.04084,40.79763],[-120.04006,40.7968],[-120.03623,40.79705],[-120.03323,40.79593],[-120.03214,40.79418],[-120.03277,40.79272],[-120.03461,40.79236],[-120.0434,40.79652],[-120.04832,40.79753],[-120.05015,40.79668],[-120.05306,40.79331],[-120.05274,40.79191],[-120.05371,40.78953],[-120.04962,40.78666],[-120.04551,40.78611],[-120.04457,40.78483],[-120.05102,40.78553],[-120.05319,40.78426],[-120.05477,40.78127],[-120.05315,40.77988],[-120.05504,40.7778],[-120.0525,40.77707],[-120.05512,40.77425],[-120.05284,40.76956],[-120.05311,40.7661],[-120.04737,40.76367],[-120.04612,40.76098],[-120.04286,40.76051],[-120.04175,40.75731],[-120.03774,40.75516],[-120.04652,40.74846],[-120.04583,40.74505],[-120.04388,40.74506],[-120.04018,40.74285],[-120.03704,40.74321],[-120.03511,40.74188],[-120.0307,40.74188],[-120.0322,40.73866],[-120.03173,40.73777],[-120.02558,40.73603],[-120.02366,40.7347],[-120.0197,40.73412],[-120.01599,40.73471],[-120.01529,40.73692],[-120.01319,40.73794],[-120.01352,40.73983],[-120.00858,40.74066],[-120.0069,40.74428],[-120.00374,40.74647],[-120.00577,40.74999],[-120.00465,40.75337],[-120.00528,40.7552],[-120.00825,40.75622],[-120.00696,40.75817],[-120.00869,40.75894],[-120.01578,40.75818],[-120.01704,40.76135],[-120.01615,40.76494],[-120.01126,40.76588],[-120.01024,40.76718],[-120.01117,40.76895],[-120.01054,40.77042],[-120.00696,40.7733],[-119.99954,40.77071],[-119.99394,40.7663],[-119.9933,40.76398],[-119.99599,40.76041],[-119.99488,40.75721],[-119.99286,40.75467],[-119.98964,40.75432],[-119.98578,40.75116],[-119.98455,40.75139],[-119.98565,40.75362],[-119.98347,40.75441],[-119.97837,40.74954],[-119.97454,40.74979],[-119.97234,40.74863],[-119.96967,40.74987],[-119.9658,40.75001],[-119.9644,40.74735],[-119.96482,40.74337],[-119.96748,40.74163],[-119.96403,40.73681],[-119.95687,40.73307],[-119.95917,40.72876],[-119.95506,40.72829],[-119.95078,40.72533],[-119.94652,40.72433],[-119.94653,40.72152],[-119.94154,40.72028],[-119.93631,40.71409],[-119.93462,40.71723],[-119.9354,40.71903],[-119.93472,40.72038],[-119.92952,40.72089],[-119.92443,40.72553],[-119.92216,40.72588],[-119.91917,40.72825],[-119.92072,40.73088],[-119.92445,40.73174],[-119.92461,40.73318],[-119.92296,40.73642],[-119.91789,40.73496],[-119.91177,40.73662],[-119.90881,40.73987],[-119.90375,40.73987],[-119.90254,40.74108],[-119.90221,40.74297],[-119.89981,40.74453],[-119.89617,40.74389],[-119.88989,40.74082],[-119.88942,40.73896],[-119.89125,40.73861],[-119.88709,40.736],[-119.88773,40.73453],[-119.89255,40.73288],[-119.89368,40.73095],[-119.89556,40.73169],[-119.89793,40.73099],[-119.89924,40.73147],[-119.90271,40.73019],[-119.90345,40.72712],[-119.90467,40.72591],[-119.90654,40.72567],[-119.91219,40.72739],[-119.91939,40.72272],[-119.91756,40.72026],[-119.92178,40.72067],[-119.9238,40.71943],[-119.92383,40.71857],[-119.92091,40.71815],[-119.91946,40.71441],[-119.91739,40.71359],[-119.91797,40.71055],[-119.91716,40.70912],[-119.91373,40.70722],[-119.91337,40.7057],[-119.91598,40.70618],[-119.91534,40.7024],[-119.92358,40.7041],[-119.9232,40.7082],[-119.92646,40.71294],[-119.9329,40.71317],[-119.93702,40.71237],[-119.93394,40.70626],[-119.93469,40.70416],[-119.93415,40.69975],[-119.93703,40.69676],[-119.94137,40.69421],[-119.94032,40.6921],[-119.94504,40.69302],[-119.95011,40.68643],[-119.95275,40.68653],[-119.95366,40.68587],[-119.95513,40.68351],[-119.95624,40.67867],[-119.95574,40.67486],[-119.95333,40.67544],[-119.95099,40.67809],[-119.9482,40.67948],[-119.9474,40.67951],[-119.94723,40.67808],[-119.9486,40.67684],[-119.94859,40.67538],[-119.95022,40.67446],[-119.94943,40.67168],[-119.95501,40.67036],[-119.95603,40.66907],[-119.95585,40.66666],[-119.96154,40.66142],[-119.95901,40.6602],[-119.95668,40.66102],[-119.95651,40.6591],[-119.95474,40.65822],[-119.95123,40.65938],[-119.94713,40.65835],[-119.94578,40.65726],[-119.94956,40.65214],[-119.95031,40.64675],[-119.95258,40.64436],[-119.95437,40.64292],[-119.96111,40.64028],[-119.96367,40.64015],[-119.96507,40.64183],[-119.967,40.64036],[-119.9676,40.6383],[-119.96882,40.63806],[-119.97526,40.63975],[-119.97589,40.64109],[-119.97515,40.64416],[-119.97861,40.64569],[-119.9841,40.63938],[-119.98616,40.63496],[-119.98844,40.63403],[-119.98769,40.63137],[-119.99001,40.62958],[-119.9926,40.62908],[-119.99889,40.6303],[-120.00223,40.63197],[-120.00286,40.6338],[-120.0058,40.63714],[-120.00752,40.63644],[-120.00625,40.6323],[-120.00351,40.63002],[-120.00359,40.62598],[-119.99969,40.62271],[-119.99965,40.62111],[-119.99875,40.62045],[-120.00132,40.61703],[-119.9973,40.61292],[-119.9901,40.59675],[-119.98663,40.59376],[-119.98504,40.58821],[-119.98681,40.58531],[-119.98352,40.58095],[-119.98086,40.57463],[-119.98376,40.57407],[-119.98587,40.57549],[-119.98922,40.57387],[-119.98874,40.57201],[-119.99207,40.57173],[-119.99701,40.57285],[-120.00154,40.57088],[-120.00188,40.56715],[-119.99896,40.56576],[-120.00151,40.56466],[-120.00241,40.56253],[-120.01719,40.55821],[-120.01626,40.55693],[-120.01065,40.55716],[-120.0094,40.55496],[-120.00992,40.55364],[-120.02415,40.55149],[-120.03113,40.55332],[-120.03441,40.55341],[-120.03681,40.55234],[-120.03572,40.5506],[-120.03157,40.54847],[-120.03094,40.54664],[-120.02537,40.54748],[-120.01898,40.5464],[-120.00822,40.54775],[-120.00418,40.54926],[-119.99936,40.54849],[-119.99863,40.54777],[-119.99892,40.54625],[-120.002,40.54151],[-120.00117,40.53862],[-119.99994,40.5374],[-119.99423,40.53545],[-119.99171,40.5357],[-119.99042,40.53668],[-119.993,40.53898],[-119.99238,40.54191],[-119.98555,40.54286],[-119.98275,40.5456],[-119.97639,40.54366],[-119.9704,40.54043],[-119.96973,40.53897],[-119.96812,40.53806],[-119.96781,40.53715],[-119.96863,40.53577],[-119.9718,40.53503],[-119.97258,40.53305],[-119.97581,40.53487],[-119.97698,40.53354],[-119.98128,40.53235],[-119.98538,40.52911],[-119.98853,40.53119],[-119.98975,40.53095],[-119.99063,40.52359],[-119.99416,40.51778],[-119.99329,40.51478],[-119.99076,40.51307],[-119.9904,40.51156],[-119.99513,40.51113],[-119.99709,40.51258],[-120.00078,40.5115],[-120.00358,40.51584],[-120.00724,40.51513],[-120.00585,40.51344],[-120.00645,40.51235],[-120.01286,40.51209],[-120.01616,40.51035],[-120.01539,40.50904],[-120.00667,40.50828],[-120.00359,40.50595],[-120.00384,40.50383],[-120.00114,40.50167],[-119.99772,40.50258],[-119.99777,40.50464],[-119.99566,40.50651],[-119.99274,40.50513],[-119.99211,40.5033],[-119.99408,40.50194],[-119.99842,40.50085],[-120.00168,40.49852],[-120.00186,40.49336],[-120.00624,40.4919],[-120.00649,40.49027],[-120.00958,40.49028],[-120.01197,40.4892],[-120.01291,40.49146],[-120.01855,40.49415],[-120.02116,40.49462],[-120.02378,40.49375],[-120.02331,40.49238],[-120.01768,40.49115],[-120.0171,40.48992],[-120.01831,40.48871],[-120.02078,40.48835],[-120.02331,40.4853],[-120.0236,40.48378],[-120.02144,40.48127],[-120.02108,40.47976],[-120.02205,40.47786],[-120.02554,40.47621],[-120.02366,40.47121],[-120.0157,40.46885],[-120.01204,40.46907],[-120.01183,40.46752],[-120.01501,40.46495],[-120.01451,40.46115],[-120.01548,40.45925],[-120.01502,40.45837],[-120.01361,40.45852],[-120.01141,40.46065],[-120.00947,40.46066],[-120.00883,40.45834],[-120.01035,40.45329],[-120.0094,40.45055],[-120.01263,40.44858],[-120.01705,40.44821],[-120.01883,40.44677],[-120.0219,40.4491],[-120.03195,40.44337],[-120.03122,40.44266],[-120.02461,40.44187],[-120.02051,40.43937],[-120.01465,40.43794],[-120.01097,40.43573],[-120.00918,40.42864],[-120.01224,40.41439],[-120.01473,40.41171],[-120.01351,40.40865],[-120.00211,40.40806],[-120.00148,40.40623],[-120.00461,40.40635],[-120.00306,40.4047],[-120.00042,40.40314],[-119.99502,40.40162],[-119.99316,40.39808],[-119.98978,40.39532],[-119.98178,40.39236],[-119.97995,40.39271],[-119.97702,40.39694],[-119.98166,40.39958],[-119.98083,40.40096],[-119.9813,40.40233],[-119.97821,40.40513],[-119.97703,40.40548],[-119.97476,40.40408],[-119.97204,40.40656],[-119.9675,40.40659],[-119.96493,40.40855],[-119.95996,40.40732],[-119.95642,40.40361],[-119.95814,40.40011],[-119.96198,40.399],[-119.96242,40.39696],[-119.96128,40.39413],[-119.95717,40.39066],[-119.95574,40.38838],[-119.95092,40.38711],[-119.94856,40.38733],[-119.94904,40.38967],[-119.94817,40.39045],[-119.95051,40.39158],[-119.95067,40.39301],[-119.94701,40.39226],[-119.94404,40.39308],[-119.9422,40.39148],[-119.94203,40.39005],[-119.94305,40.38876],[-119.9391,40.38196],[-119.94008,40.38153],[-119.94456,40.38322],[-119.94684,40.38229],[-119.94511,40.37726],[-119.94835,40.37676],[-119.951,40.37503],[-119.95133,40.37313],[-119.95443,40.37034],[-119.95379,40.36754],[-119.95462,40.36616],[-119.96562,40.3689],[-119.96716,40.36678],[-119.9704,40.36676],[-119.97137,40.36486],[-119.97758,40.36403],[-119.97713,40.36179],[-119.98112,40.35968],[-119.97945,40.3572],[-119.98134,40.35561],[-119.97885,40.35354],[-119.98356,40.35214],[-119.9852,40.34889],[-119.98891,40.34976],[-119.99004,40.34929],[-119.98849,40.34667],[-119.98609,40.33872],[-119.98671,40.33628],[-119.98858,40.33653],[-119.99189,40.33906],[-119.99521,40.33975],[-120.00005,40.34016],[-120.00419,40.33899],[-120.0067,40.33448],[-120.0071,40.32903],[-120.00647,40.3272],[-120.00725,40.32522],[-120.00674,40.32325],[-120.00394,40.32172],[-119.99677,40.32067],[-119.99603,40.31947],[-119.99822,40.31685],[-119.99808,40.31456],[-120.00057,40.31286],[-120.00719,40.31133],[-120.01014,40.30954],[-120.01016,40.3077],[-120.01407,40.30304],[-120.01581,40.30246],[-120.01736,40.30411],[-120.01914,40.30413],[-120.01897,40.30221],[-120.01567,40.29968],[-120.01474,40.29791],[-120.01473,40.29694],[-120.0165,40.2955],[-120.02286,40.29511],[-120.02422,40.29388],[-120.02552,40.29862],[-120.03381,40.30433],[-120.03567,40.30409],[-120.03752,40.30617],[-120.04196,40.30872],[-120.04475,40.31306],[-120.05107,40.32012],[-120.05572,40.32324],[-120.0598,40.32379],[-120.07507,40.32387],[-120.0786,40.32282],[-120.07958,40.32141],[-120.08087,40.3214],[-120.08497,40.3234],[-120.08893,40.32361],[-120.09227,40.32198],[-120.09244,40.32061],[-120.09014,40.31862],[-120.08904,40.3159],[-120.09088,40.31371],[-120.09207,40.30775],[-120.09127,40.30449],[-120.09269,40.30202],[-120.09313,40.29437],[-120.0924,40.29036],[-120.09324,40.28337],[-120.09563,40.28656],[-120.09736,40.28452],[-120.09854,40.28416],[-120.09942,40.28485],[-120.09959,40.28628],[-120.09606,40.29063],[-120.09685,40.29291],[-120.09996,40.29535],[-120.09832,40.29811],[-120.10272,40.30055],[-120.10664,40.30015],[-120.10917,40.29856],[-120.10961,40.29701],[-120.10835,40.29335],[-120.10888,40.28971],[-120.1101,40.28947],[-120.11129,40.29058],[-120.11702,40.29215],[-120.11845,40.29114],[-120.11798,40.28928],[-120.11876,40.28778],[-120.12635,40.2896],[-120.1273,40.29234],[-120.12702,40.29435],[-120.12775,40.29506],[-120.1335,40.29528],[-120.1353,40.29249],[-120.137,40.29179],[-120.13801,40.29281],[-120.13685,40.29462],[-120.14031,40.29761],[-120.1459,40.29737],[-120.14755,40.29461],[-120.14753,40.29315],[-120.15116,40.29427],[-120.15469,40.29651],[-120.15461,40.29908],[-120.15744,40.30073],[-120.1614,40.30044],[-120.16256,40.29911],[-120.16382,40.29899],[-120.17049,40.3],[-120.17503,40.30375],[-120.17977,40.30478],[-120.18257,40.30631],[-120.19098,40.31796],[-120.19147,40.32079],[-120.18822,40.32594],[-120.18664,40.33028],[-120.18596,40.33627],[-120.18834,40.34129],[-120.19229,40.34565],[-120.19308,40.34842],[-120.191,40.35224],[-120.19257,40.35304],[-120.18977,40.35432],[-120.1895,40.3573],[-120.18838,40.35922],[-120.18996,40.3638],[-120.18438,40.37111],[-120.18547,40.37334],[-120.17638,40.38085],[-120.17223,40.38715],[-120.17108,40.39323],[-120.16839,40.39717],[-120.17105,40.40251],[-120.17107,40.40397],[-120.16809,40.40382],[-120.16522,40.40633],[-120.16746,40.40809],[-120.16762,40.40904],[-120.16497,40.41078],[-120.16189,40.41126],[-120.15437,40.41065],[-120.15039,40.40947],[-120.14891,40.41037],[-120.1494,40.41272],[-120.14851,40.41484],[-120.15133,40.42112],[-120.15153,40.42501],[-120.15221,40.42641],[-120.15525,40.42863],[-120.15856,40.43726],[-120.16355,40.44275],[-120.16389,40.44561],[-120.16225,40.44886],[-120.16621,40.45089],[-120.16822,40.45343],[-120.17103,40.45496],[-120.1752,40.45902],[-120.17599,40.46131],[-120.18159,40.46949],[-120.18322,40.47466],[-120.18007,40.47918],[-120.1787,40.48275],[-120.17888,40.48418],[-120.18136,40.48711],[-120.17898,40.48916],[-120.1798,40.49107],[-120.18405,40.49207],[-120.18484,40.49387],[-120.18343,40.49732],[-120.18421,40.49815],[-120.18525,40.4988],[-120.1876,40.49761],[-120.18921,40.49802],[-120.19278,40.49708],[-120.20006,40.49883],[-120.20352,40.49755],[-120.20335,40.4966],[-120.20642,40.49747],[-120.21057,40.49629],[-120.21039,40.49486],[-120.20598,40.49341],[-120.19635,40.49565],[-120.19515,40.49406],[-120.19857,40.49266],[-120.19825,40.49174],[-120.19438,40.49042],[-120.19486,40.48899],[-120.19331,40.48734],[-120.18995,40.48751],[-120.1906,40.48469],[-120.22144,40.48123],[-120.22801,40.47861],[-120.22985,40.47922],[-120.23048,40.48056],[-120.22967,40.48902],[-120.23388,40.49222],[-120.2367,40.49753],[-120.2375,40.50592],[-120.23647,40.50905],[-120.23678,40.51228],[-120.22463,40.5204],[-120.21843,40.52551],[-120.21217,40.52857],[-120.21091,40.52869],[-120.20845,40.52722],[-120.20438,40.52862],[-120.20273,40.5309],[-120.1994,40.53069],[-120.1875,40.52594],[-120.18641,40.52468],[-120.18052,40.52412],[-120.17836,40.5254],[-120.17768,40.52859],[-120.17464,40.52967],[-120.17539,40.53184],[-120.16825,40.53189],[-120.16315,40.53361],[-120.1583,40.53371],[-120.15743,40.53448],[-120.15823,40.53726],[-120.15638,40.53896],[-120.15788,40.5405],[-120.16244,40.54144],[-120.16392,40.54335],[-120.16304,40.54645],[-120.16104,40.54818],[-120.16197,40.54995],[-120.16944,40.5513],[-120.17283,40.55308],[-120.17285,40.55454],[-120.17389,40.5552],[-120.17949,40.55447],[-120.18039,40.55564],[-120.18504,40.55778],[-120.18978,40.55783],[-120.19495,40.55914],[-120.19991,40.55793],[-120.20102,40.55552],[-120.20067,40.55217],[-120.19655,40.54968],[-120.2,40.55022],[-120.20358,40.54928],[-120.20578,40.54812],[-120.20693,40.54582],[-120.2055,40.54171],[-120.20159,40.54076],[-120.20211,40.53895],[-120.195,40.53582],[-120.19436,40.53351],[-120.20291,40.53611],[-120.20395,40.53676],[-120.20444,40.53911],[-120.20693,40.53972],[-120.20964,40.54236],[-120.20984,40.54342],[-120.20825,40.54446],[-120.2093,40.5456],[-120.20867,40.54707],[-120.21221,40.5493],[-120.2126,40.55277],[-120.21565,40.56108],[-120.21504,40.56352],[-120.20977,40.56382],[-120.20692,40.56266],[-120.20629,40.56132],[-120.20682,40.56097],[-120.21185,40.56231],[-120.2129,40.56113],[-120.21036,40.55662],[-120.20748,40.55536],[-120.2052,40.55629],[-120.2039,40.55959],[-120.20065,40.55913],[-120.19498,40.56158],[-120.19981,40.56564],[-120.20477,40.56723],[-120.2036,40.56905],[-120.21395,40.56837],[-120.2121,40.57007],[-120.20727,40.57773],[-120.2035,40.5814],[-120.19746,40.58465],[-120.19101,40.58578],[-120.1881,40.59099],[-120.1899,40.59149],[-120.20543,40.58932],[-120.21094,40.58971],[-120.21204,40.59193],[-120.21208,40.59485],[-120.21083,40.59595],[-120.20796,40.59517],[-120.20513,40.59829],[-120.20114,40.5976],[-120.19746,40.59966],[-120.19733,40.60444],[-120.1941,40.60922],[-120.19556,40.61199],[-120.19523,40.6134],[-120.19647,40.61462],[-120.19997,40.61345],[-120.20448,40.6133],[-120.20641,40.61463],[-120.20863,40.61774],[-120.21279,40.63109],[-120.21434,40.63274],[-120.21654,40.63768],[-120.23331,40.64088],[-120.23636,40.64028],[-120.23962,40.64074],[-120.24213,40.64233],[-120.24222,40.64634],[-120.2496,40.64648],[-120.25283,40.64732],[-120.25803,40.6496],[-120.26098,40.65293],[-120.26177,40.65473],[-120.26105,40.65828],[-120.25828,40.66249],[-120.26025,40.66955],[-120.26262,40.67214],[-120.26377,40.67729],[-120.26933,40.68108],[-120.26878,40.68558],[-120.27004,40.68778],[-120.26931,40.69036],[-120.27107,40.69637],[-120.26725,40.69943],[-120.26386,40.70095],[-120.26434,40.70232],[-120.262,40.70778],[-120.26148,40.71423],[-120.26426,40.71845],[-120.26658,40.71995],[-120.26974,40.72947],[-120.27297,40.73311],[-120.28283,40.73191],[-120.28625,40.73003],[-120.28808,40.7315],[-120.28745,40.73858],[-120.28482,40.74227],[-120.27789,40.74814],[-120.29405,40.74999],[-120.30113,40.75203],[-120.30802,40.75165],[-120.30872,40.75787],[-120.30801,40.76985],[-120.29551,40.77473],[-120.28901,40.77857],[-120.2871,40.78431],[-120.28041,40.78855],[-120.27283,40.78929],[-120.26412,40.79429],[-120.26147,40.7942],[-120.26003,40.7924],[-120.25656,40.79369],[-120.25467,40.79296],[-120.25314,40.79045],[-120.24801,40.79072],[-120.22728,40.7889],[-120.22612,40.7912],[-120.22448,40.79213],[-120.22714,40.796],[-120.22942,40.7969],[-120.23037,40.79965],[-120.2278,40.80491],[-120.22589,40.80552],[-120.21779,40.80527],[-120.20762,40.80701],[-120.20246,40.81191],[-120.18924,40.81522],[-120.18666,40.81767],[-120.1838,40.81884],[-120.17899,40.8238],[-120.1762,40.82471],[-120.1781,40.82593],[-120.17845,40.82976],[-120.14467,40.83132],[-120.13976,40.8308],[-120.1386,40.8303],[-120.13761,40.82793],[-120.13501,40.82794],[-120.13383,40.82927],[-120.13146,40.82997],[-120.13069,40.83244],[-120.13075,40.8345],[-120.13354,40.83408],[-120.13265,40.83621],[-120.12909,40.83727],[-120.13295,40.83896],[-120.13812,40.83832],[-120.13907,40.84058],[-120.13698,40.84208],[-120.13396,40.84279],[-120.13238,40.84578],[-120.12823,40.84842],[-120.12839,40.85217],[-120.12752,40.85295],[-120.11982,40.85151],[-120.11393,40.8557],[-120.11314,40.85769],[-120.11123,40.85781],[-120.10954,40.85484],[-120.11174,40.85222],[-120.11127,40.85182],[-120.10207,40.85214],[-120.09806,40.85096],[-120.09774,40.84956],[-120.09861,40.84878],[-120.10098,40.84759],[-120.10424,40.84757],[-120.10329,40.84531],[-120.10068,40.84484],[-120.09785,40.84612],[-120.09596,40.84539],[-120.0943,40.84718],[-120.09307,40.84741],[-120.09042,40.84683],[-120.0909,40.84869],[-120.08968,40.8499],[-120.08229,40.85072],[-120.07757,40.85456],[-120.08134,40.85554],[-120.0841,40.8583],[-120.08348,40.86074],[-120.08519,40.86285],[-120.08521,40.8648],[-120.08399,40.86882],[-120.07998,40.87045],[-120.07687,40.87044],[-120.07274,40.87172],[-120.07087,40.86916],[-120.06948,40.86894],[-120.06773,40.87049],[-120.06971,40.87243],[-120.06851,40.87462],[-120.05779,40.88096],[-120.05427,40.88212],[-120.0486,40.88651],[-120.03506,40.88425],[-120.02933,40.88657],[-120.02687,40.88656],[-120.00393,40.87695],[-120.003,40.87945],[-120.00411,40.88314],[-120.00086,40.88462],[-120.00388,40.88721],[-120.0039,40.88867],[-120.00226,40.88959],[-120.00166,40.89166],[-119.99879,40.89282],[-119.99732,40.89469],[-119.9954,40.89482],[-119.99369,40.89319],[-119.99335,40.89363],[-119.99013,40.9023],[-119.99126,40.90745],[-119.99366,40.90967],[-119.99353,40.91116],[-119.99165,40.9114],[-119.9906,40.91075],[-119.98896,40.91167],[-119.98834,40.9146],[-119.98574,40.91607],[-119.98623,40.9194],[-119.98502,40.92109],[-119.9818,40.92123],[-119.97796,40.91818],[-119.98162,40.91504],[-119.9832,40.91205],[-119.98195,40.90936],[-119.98208,40.9069],[-119.98067,40.90424],[-119.97821,40.90422],[-119.97523,40.90126],[-119.97778,40.89967],[-119.97554,40.89791],[-119.97502,40.89642],[-119.97716,40.89455],[-119.97778,40.89113],[-119.97355,40.88743],[-119.97155,40.88684],[-119.97123,40.88544],[-119.96811,40.88445],[-119.9678,40.88354],[-119.97099,40.88378],[-119.97152,40.88343],[-119.97105,40.88255],[-119.96904,40.88098],[-119.96638,40.88039],[-119.96295,40.88276],[-119.95977,40.88301],[-119.95869,40.887],[-119.95663,40.88812],[-119.95471,40.88825],[-119.95223,40.8858],[-119.95038,40.88518],[-119.94724,40.88554],[-119.94457,40.88776],[-119.93971,40.88881],[-119.94019,40.89116],[-119.93827,40.89129],[-119.93649,40.88992],[-119.93547,40.89121],[-119.93377,40.89483],[-119.93716,40.89992],[-119.93344,40.90002],[-119.93501,40.90362],[-119.93287,40.90928],[-119.92923,40.91437],[-119.92972,40.91769],[-119.92531,40.91817],[-119.91965,40.91694],[-119.917,40.91732],[-119.91905,40.91852],[-119.92943,40.92018],[-119.93021,40.92101],[-119.92376,40.92079],[-119.92132,40.92321],[-119.91878,40.92247]]]},"properties":{"IncidentName":"Rush","GISAcres":306811.3722364612,"FireCause":"Natural","Year":2012}},{"type":"Feature","geometry":{"type":"Polygon","coordinates":[[[-120.03425,39.7002],[-120.03366,39.69887],[-120.03138,39.6982],[-120.03101,39.69731],[-120.02771,39.69554],[-120.02692,39.69382],[-120.02422,39.69396],[-120.02137,39.6913],[-120.01702,39.6902],[-120.01598,39.68532],[-120.01706,39.68276],[-120.01883,39.6828],[-120.01964,39.68397],[-120.02383,39.68292],[-120.02626,39.68127],[-120.02712,39.67081],[-120.02851,39.66931],[-120.02805,39.66796],[-120.02924,39.6655],[-120.03083,39.66472],[-120.04019,39.66101],[-120.0469,39.6593],[-120.05187,39.65684],[-120.05278,39.6583],[-120.05159,39.65902],[-120.03532,39.66548],[-120.03496,39.66595],[-120.0368,39.6677],[-120.04243,39.66743],[-120.04467,39.66668],[-120.04689,39.66431],[-120.04976,39.66367],[-120.05233,39.67109],[-120.05634,39.67357],[-120.07005,39.67174],[-120.08142,39.66917],[-120.0835,39.67031],[-120.08424,39.67288],[-120.08709,39.67238],[-120.09146,39.6734],[-120.09182,39.67474],[-120.09361,39.67486],[-120.09211,39.67922],[-120.09176,39.6848],[-120.08871,39.68514],[-120.08767,39.68294],[-120.08604,39.6848],[-120.08166,39.6855],[-120.07471,39.68804],[-120.07303,39.69013],[-120.07309,39.69194],[-120.07097,39.6946],[-120.0672,39.69542],[-120.06652,39.69456],[-120.06534,39.69479],[-120.06342,39.69763],[-120.06189,39.6983],[-120.06011,39.70218],[-120.05834,39.70245],[-120.05631,39.70073],[-120.05271,39.70136],[-120.05231,39.7005],[-120.05,39.69978],[-120.0498,39.70494],[-120.05123,39.70855],[-120.05055,39.70985],[-120.04852,39.71087],[-120.04753,39.7131],[-120.04235,39.71153],[-120.03889,39.70806],[-120.0378,39.70546],[-120.03556,39.70403],[-120.03425,39.7002]]]},"properties":{"IncidentName":"Balls Canyon","GISAcres":4551.397897131168,"FireCause":"Natural","Year":2007}},{"type":"Feature","geometry":{"type":"Polygon","coordinates":[[[-119.64816,40.29336],[-119.64775,40.29052],[-119.64179,40.28101],[-119.63937,40.27316],[-119.63761,40.27303],[-119.63479,40.27134],[-119.63678,40.27009],[-119.63642,40.26788],[-119.63709,40.26687],[-119.64156,40.26561],[-119.64447,40.26388],[-119.64182,40.26269],[-119.63994,40.26404],[-119.63373,40.26383],[-119.63381,40.26314],[-119.6352,40.26287],[-119.63606,40.25944],[-119.63757,40.25979],[-119.63993,40.2587],[-119.63946,40.25615],[-119.6423,40.25608],[-119.63859,40.25427],[-119.63751,40.25132],[-119.63895,40.25075],[-119.64212,40.25161],[-119.64118,40.24974],[-119.6456,40.2472],[-119.64414,40.24631],[-119.64585,40.24517],[-119.64317,40.24322],[-119.64277,40.23926],[-119.64149,40.23986],[-119.63849,40.23602],[-119.63874,40.23492],[-119.63682,40.23453],[-119.63458,40.23203],[-119.64313,40.22999],[-119.64155,40.22643],[-119.64083,40.22639],[-119.64002,40.22813],[-119.63719,40.22896],[-119.63508,40.22615],[-119.63515,40.22473],[-119.63647,40.22335],[-119.63274,40.21505],[-119.63451,40.21109],[-119.63546,40.21138],[-119.63577,40.21254],[-119.63795,40.21277],[-119.64278,40.21144],[-119.64138,40.21305],[-119.64396,40.21378],[-119.64598,40.21772],[-119.64724,40.21754],[-119.64663,40.21549],[-119.64763,40.21361],[-119.64941,40.21338],[-119.65236,40.21773],[-119.6522,40.22028],[-119.65575,40.2203],[-119.65821,40.22275],[-119.66054,40.22365],[-119.66146,40.22271],[-119.66115,40.22178],[-119.66411,40.21928],[-119.66406,40.21707],[-119.66529,40.2138],[-119.66608,40.21499],[-119.66779,40.21454],[-119.66922,40.21257],[-119.67103,40.21287],[-119.67117,40.21489],[-119.67366,40.21605],[-119.67456,40.21757],[-119.67545,40.21606],[-119.67876,40.21507],[-119.68122,40.21934],[-119.68392,40.22918],[-119.68552,40.22887],[-119.68654,40.23072],[-119.69093,40.23315],[-119.69301,40.23264],[-119.69189,40.22841],[-119.69433,40.22367],[-119.69217,40.21613],[-119.69295,40.21499],[-119.69228,40.21254],[-119.69509,40.21007],[-119.69436,40.20928],[-119.69473,40.20809],[-119.69059,40.20456],[-119.69188,40.20379],[-119.69311,40.20466],[-119.69614,40.20262],[-119.69809,40.20382],[-119.70223,40.20367],[-119.70573,40.20253],[-119.7061,40.20708],[-119.71088,40.21202],[-119.71739,40.21106],[-119.71787,40.21225],[-119.72056,40.21285],[-119.7213,40.21575],[-119.72397,40.21559],[-119.72505,40.21649],[-119.7258,40.21869],[-119.72247,40.22055],[-119.7227,40.22261],[-119.72365,40.2229],[-119.72466,40.2213],[-119.72597,40.22105],[-119.72859,40.22189],[-119.72909,40.22267],[-119.72829,40.2233],[-119.73149,40.22426],[-119.72843,40.2276],[-119.72624,40.22802],[-119.72528,40.22633],[-119.7219,40.22873],[-119.72022,40.22906],[-119.71664,40.22857],[-119.71365,40.22938],[-119.71271,40.22845],[-119.71141,40.22852],[-119.7108,40.22923],[-119.7121,40.22985],[-119.71228,40.23201],[-119.7094,40.23268],[-119.70657,40.23235],[-119.70351,40.23019],[-119.70131,40.23219],[-119.70227,40.23294],[-119.70247,40.23583],[-119.70505,40.23796],[-119.70245,40.23875],[-119.70274,40.2394],[-119.70481,40.24046],[-119.70588,40.23973],[-119.71384,40.24166],[-119.71513,40.2434],[-119.71744,40.24266],[-119.71702,40.24163],[-119.72183,40.24299],[-119.72273,40.24358],[-119.72227,40.24659],[-119.72567,40.25136],[-119.7261,40.25286],[-119.7255,40.25362],[-119.73148,40.25405],[-119.72923,40.25313],[-119.72946,40.25175],[-119.73075,40.25167],[-119.73539,40.25435],[-119.73483,40.25223],[-119.7385,40.25276],[-119.74036,40.25135],[-119.74329,40.25242],[-119.74513,40.25441],[-119.74786,40.254],[-119.75151,40.25558],[-119.75072,40.25737],[-119.75168,40.26298],[-119.74737,40.26469],[-119.74724,40.26155],[-119.74542,40.26032],[-119.74569,40.25904],[-119.74502,40.25823],[-119.74264,40.25922],[-119.74125,40.26247],[-119.74025,40.26272],[-119.7373,40.26135],[-119.73947,40.2586],[-119.73444,40.25933],[-119.73116,40.25861],[-119.72925,40.26032],[-119.72966,40.26153],[-119.72822,40.26187],[-119.72567,40.25914],[-119.71821,40.25618],[-119.71414,40.25562],[-119.71115,40.25321],[-119.70485,40.25363],[-119.70235,40.25288],[-119.70084,40.25463],[-119.69931,40.25446],[-119.70048,40.25289],[-119.69894,40.25084],[-119.69415,40.25621],[-119.69477,40.25942],[-119.69184,40.26203],[-119.68719,40.25976],[-119.68648,40.25721],[-119.68507,40.25648],[-119.68598,40.25502],[-119.6802,40.25496],[-119.6796,40.25548],[-119.68113,40.25724],[-119.68159,40.26043],[-119.6798,40.26089],[-119.6793,40.2601],[-119.67874,40.26121],[-119.67514,40.2616],[-119.67531,40.26438],[-119.67157,40.26991],[-119.67136,40.27159],[-119.67202,40.2731],[-119.6728,40.27149],[-119.67439,40.2716],[-119.67476,40.27269],[-119.67332,40.27695],[-119.66954,40.28346],[-119.66736,40.2839],[-119.66726,40.28708],[-119.66493,40.29144],[-119.65644,40.29254],[-119.65481,40.29209],[-119.6555,40.29529],[-119.65405,40.29627],[-119.65085,40.29671],[-119.64895,40.29684],[-119.64816,40.29336]]]},"properties":{"IncidentName":"Bia7","GISAcres":10810.054866045071,"FireCause":"Human","Year":1998}},{"type":"Feature","geometry":{"type":"Polygon","coordinates":[[[-119.45684,39.8467],[-119.45504,39.845],[-119.45282,39.84507],[-119.44121,39.8408],[-119.44048,39.83953],[-119.44169,39.83924],[-119.44037,39.8385],[-119.4402,39.83707],[-119.42906,39.83353],[-119.42664,39.82925],[-119.425,39.82992],[-119.41642,39.82758],[-119.41661,39.82631],[-119.41543,39.82484],[-119.41263,39.82456],[-119.41149,39.82296],[-119.41399,39.82307],[-119.41232,39.82129],[-119.41633,39.82222],[-119.42238,39.82183],[-119.42092,39.8193],[-119.42355,39.81979],[-119.42337,39.81877],[-119.42769,39.81854],[-119.43223,39.82153],[-119.43564,39.82526],[-119.43947,39.82541],[-119.44012,39.82645],[-119.44185,39.8263],[-119.44255,39.82494],[-119.44559,39.8257],[-119.44959,39.82798],[-119.44866,39.82868],[-119.45108,39.83015],[-119.45209,39.82808],[-119.45296,39.82792],[-119.4523,39.82384],[-119.45514,39.82359],[-119.4549,39.82194],[-119.45998,39.8205],[-119.4609,39.81957],[-119.46243,39.82044],[-119.46263,39.82198],[-119.46611,39.82547],[-119.46519,39.82898],[-119.46647,39.83072],[-119.46759,39.83039],[-119.46753,39.82648],[-119.46911,39.82659],[-119.46805,39.82457],[-119.46877,39.82327],[-119.46733,39.8222],[-119.46882,39.82063],[-119.46907,39.81906],[-119.47077,39.81745],[-119.4719,39.81899],[-119.47302,39.81772],[-119.47438,39.81764],[-119.47526,39.8184],[-119.47475,39.81944],[-119.47623,39.82435],[-119.47337,39.82525],[-119.47418,39.82837],[-119.47192,39.83225],[-119.47109,39.83697],[-119.47232,39.84088],[-119.47145,39.84222],[-119.46947,39.84277],[-119.46818,39.84529],[-119.46566,39.84607],[-119.46252,39.8445],[-119.45989,39.84612],[-119.45684,39.8467]]]},"properties":{"IncidentName":"Nixon Comp","GISAcres":2162.6093924447755,"FireCause":"Natural","Year":1996}},{"type":"Feature","geometry":{"type":"Polygon","coordinates":[[[-119.96611,39.86867],[-119.96611,39.86504],[-119.96159,39.86698],[-119.95943,39.86699],[-119.95956,39.86146],[-119.96151,39.86038],[-119.96084,39.85887],[-119.95827,39.85949],[-119.95692,39.86531],[-119.95479,39.86473],[-119.95525,39.85972],[-119.95381,39.85889],[-119.95369,39.85763],[-119.9539,39.85689],[-119.95582,39.85774],[-119.95526,39.85633],[-119.95829,39.8541],[-119.9578,39.85267],[-119.9581,39.85127],[-119.95891,39.85094],[-119.95866,39.84976],[-119.96011,39.84947],[-119.96028,39.84792],[-119.96234,39.84716],[-119.96253,39.84543],[-119.96422,39.84358],[-119.96309,39.84345],[-119.96362,39.84229],[-119.96606,39.84126],[-119.96676,39.83902],[-119.9629,39.83813],[-119.96181,39.83606],[-119.95807,39.83369],[-119.95731,39.83191],[-119.95921,39.8316],[-119.95963,39.82988],[-119.95796,39.8295],[-119.95293,39.82381],[-119.95023,39.8227],[-119.94828,39.82401],[-119.94102,39.82449],[-119.94015,39.82248],[-119.9374,39.82278],[-119.93688,39.81966],[-119.93184,39.81005],[-119.93058,39.80431],[-119.92822,39.8019],[-119.9292,39.80001],[-119.9268,39.79796],[-119.92169,39.79703],[-119.91908,39.79126],[-119.91764,39.79043],[-119.9177,39.78854],[-119.91589,39.78503],[-119.9159,39.78369],[-119.91743,39.78162],[-119.91504,39.78138],[-119.91667,39.77551],[-119.91529,39.77349],[-119.91817,39.77045],[-119.91796,39.76868],[-119.9233,39.76805],[-119.92526,39.76948],[-119.9279,39.76522],[-119.93044,39.76473],[-119.93208,39.76616],[-119.93208,39.76411],[-119.93018,39.76285],[-119.93042,39.75923],[-119.93623,39.76565],[-119.93632,39.76727],[-119.93516,39.76954],[-119.93876,39.76907],[-119.93983,39.77109],[-119.94183,39.77017],[-119.94259,39.77149],[-119.94483,39.77035],[-119.94797,39.77483],[-119.94924,39.7747],[-119.94934,39.77157],[-119.95057,39.7711],[-119.95127,39.76909],[-119.95882,39.76346],[-119.96404,39.76133],[-119.96673,39.75812],[-119.97021,39.75656],[-119.97443,39.75737],[-119.97512,39.75964],[-119.97657,39.75777],[-119.9781,39.75999],[-119.97767,39.76078],[-119.97988,39.76544],[-119.97903,39.7659],[-119.98101,39.77013],[-119.98371,39.7699],[-119.98519,39.7706],[-119.98544,39.77225],[-119.98473,39.77403],[-119.98098,39.77663],[-119.97939,39.77876],[-119.97767,39.77892],[-119.97937,39.78028],[-119.98023,39.78237],[-119.97945,39.78346],[-119.98105,39.78409],[-119.98216,39.79054],[-119.98102,39.79217],[-119.9824,39.79418],[-119.98037,39.79774],[-119.97748,39.79743],[-119.97474,39.80369],[-119.97657,39.80476],[-119.97641,39.80609],[-119.97926,39.80606],[-119.98088,39.80287],[-119.9843,39.80361],[-119.98932,39.80339],[-119.98985,39.80404],[-119.99592,39.80233],[-119.99813,39.8036],[-120.00297,39.80376],[-120.00392,39.80539],[-120.0037,39.80772],[-120.00658,39.80821],[-120.00704,39.80958],[-120.01546,39.81069],[-120.01793,39.81249],[-120.02013,39.81077],[-120.02438,39.81152],[-120.02958,39.81407],[-120.03378,39.81752],[-120.03549,39.82028],[-120.03588,39.82231],[-120.03315,39.82314],[-120.03336,39.82445],[-120.02583,39.82639],[-120.02506,39.82595],[-120.02529,39.82503],[-120.02079,39.82363],[-120.01775,39.82492],[-120.01474,39.82434],[-120.01326,39.82545],[-120.01211,39.8248],[-120.01019,39.82506],[-120.00872,39.8271],[-120.0065,39.82537],[-120.00456,39.82557],[-120.00386,39.82465],[-120.00473,39.82378],[-120.00113,39.8232],[-120.00062,39.82488],[-119.99346,39.82587],[-119.99239,39.82976],[-119.99374,39.8326],[-119.99391,39.83672],[-119.99299,39.83766],[-119.99312,39.83963],[-119.99171,39.84049],[-119.99219,39.84197],[-119.98962,39.84534],[-119.9898,39.84677],[-119.9876,39.84849],[-119.98917,39.85263],[-119.99105,39.85408],[-119.99037,39.85708],[-119.98418,39.86222],[-119.98276,39.86419],[-119.98327,39.86614],[-119.97565,39.86921],[-119.97103,39.86993],[-119.96611,39.86867]]]},"properties":{"IncidentName":"Hallelujah","GISAcres":13039.896185556629,"FireCause":"Human","Year":1994}},{"type":"Feature","geometry":{"type":"Polygon","coordinates":[[[-119.62625,39.89306],[-119.62737,39.8931],[-119.62727,39.88927],[-119.62976,39.88739],[-119.63009,39.88572],[-119.63196,39.88621],[-119.63192,39.88737],[-119.6329,39.88721],[-119.63632,39.88349],[-119.63823,39.88271],[-119.6387,39.88409],[-119.63662,39.88464],[-119.63712,39.88569],[-119.63789,39.88511],[-119.63845,39.88561],[-119.63849,39.88637],[-119.63616,39.88778],[-119.63725,39.88918],[-119.63896,39.88963],[-119.63943,39.89086],[-119.63851,39.89242],[-119.64289,39.89188],[-119.63902,39.89421],[-119.6353,39.89385],[-119.63378,39.89494],[-119.63269,39.89404],[-119.6304,39.8941],[-119.62713,39.89756],[-119.62423,39.89901],[-119.62214,39.89854],[-119.62231,39.89692],[-119.62391,39.89463],[-119.62503,39.89436],[-119.62443,39.89367],[-119.62501,39.8922],[-119.62625,39.89306]]]},"properties":{"IncidentName":"Pyramid","GISAcres":287.46473102275047,"FireCause":"Human","Year":2016}},{"type":"Feature","geometry":{"type":"Polygon","coordinates":[[[-119.76053,39.2385],[-119.76228,39.23802],[-119.7632,39.23887],[-119.76107,39.23963],[-119.76053,39.2385]]]},"properties":{"IncidentName":"East Lake","GISAcres":6.132707586889351,"FireCause":"Human","Year":2016}},{"type":"Feature","geometry":{"type":"MultiPolygon","coordinates":[[[[-119.75131,39.33284],[-119.75211,39.33174],[-119.753,39.33178],[-119.75443,39.33392],[-119.75295,39.33494],[-119.75247,39.33646],[-119.75098,39.33512],[-119.75165,39.33475],[-119.7508,39.3341],[-119.75192,39.33308],[-119.75131,39.33284]]],[[[-119.7513,39.33283],[-119.75127,39.33287],[-119.75129,39.33283],[-119.7513,39.33283]]]]},"properties":{"IncidentName":"Mason","GISAcres":21.013641471302,"FireCause":"Human","Year":2016}},{"type":"Feature","geometry":{"type":"Polygon","coordinates":[[[-119.76702,39.58413],[-119.76792,39.58452],[-119.76736,39.5848],[-119.76392,39.58427],[-119.75971,39.58337],[-119.75838,39.58237],[-119.76032,39.5815],[-119.76568,39.5842],[-119.76702,39.58413]]]},"properties":{"IncidentName":"Hill","GISAcres":23.959162776871384,"FireCause":"Human","Year":2016}},{"type":"Feature","geometry":{"type":"Polygon","coordinates":[[[-119.80004,39.64611],[-119.8031,39.64357],[-119.80289,39.6458],[-119.80004,39.64611]]]},"properties":{"IncidentName":"Lemmon","GISAcres":11.229706111632622,"FireCause":"Human","Year":2016}},{"type":"Feature","geometry":{"type":"Polygon","coordinates":[[[-119.69367,39.531],[-119.6957,39.53225],[-119.69568,39.53318],[-119.69249,39.53347],[-119.6915,39.5353],[-119.69213,39.53581],[-119.69141,39.53882],[-119.68535,39.54273],[-119.68185,39.54276],[-119.67989,39.54141],[-119.67921,39.54408],[-119.67569,39.54385],[-119.66631,39.54647],[-119.6645,39.54773],[-119.65884,39.54886],[-119.6477,39.54996],[-119.63808,39.54825],[-119.63321,39.54982],[-119.62756,39.54904],[-119.62668,39.54711],[-119.6286,39.54577],[-119.63179,39.54568],[-119.63435,39.54418],[-119.64185,39.54529],[-119.64333,39.54477],[-119.64485,39.54102],[-119.64227,39.53557],[-119.64119,39.5349],[-119.63664,39.53502],[-119.63433,39.53378],[-119.63423,39.53256],[-119.63623,39.5323],[-119.63889,39.53411],[-119.64276,39.53353],[-119.64423,39.53495],[-119.64633,39.53525],[-119.64667,39.53253],[-119.64602,39.53072],[-119.64454,39.52977],[-119.64363,39.52628],[-119.64501,39.52584],[-119.64794,39.52719],[-119.65114,39.52622],[-119.65147,39.52471],[-119.65259,39.52449],[-119.65446,39.52665],[-119.65399,39.52334],[-119.6552,39.52215],[-119.65805,39.52214],[-119.66203,39.5235],[-119.66276,39.52126],[-119.66514,39.52072],[-119.6666,39.52275],[-119.66812,39.52213],[-119.66977,39.52348],[-119.6728,39.52405],[-119.67339,39.52518],[-119.67932,39.5261],[-119.67939,39.52854],[-119.68008,39.5291],[-119.68636,39.52593],[-119.68943,39.52607],[-119.69104,39.52713],[-119.69119,39.52864],[-119.68889,39.53078],[-119.69367,39.531]]]},"properties":{"IncidentName":"S","GISAcres":2539.681125284881,"FireCause":"Human","Year":2016}},{"type":"Feature","geometry":{"type":"Polygon","coordinates":[[[-119.75316,39.58046],[-119.75376,39.58144],[-119.75254,39.58156],[-119.74964,39.58002],[-119.75108,39.57942],[-119.75316,39.58046]]]},"properties":{"IncidentName":"Walmart","GISAcres":9.426105461931657,"FireCause":"Human","Year":2016}},{"type":"Feature","geometry":{"type":"Polygon","coordinates":[[[-119.57781,38.84638],[-119.57778,38.84566],[-119.57933,38.84632],[-119.57986,38.84509],[-119.58133,38.84642],[-119.57998,38.84717],[-119.57781,38.84638]]]},"properties":{"IncidentName":"Ruby","GISAcres":9.869517554634267,"FireCause":"Human","Year":2016}},{"type":"Feature","geometry":{"type":"Polygon","coordinates":[[[-119.37078,39.51026],[-119.37454,39.51274],[-119.37615,39.51085],[-119.37583,39.50753],[-119.37762,39.50679],[-119.3831,39.50658],[-119.38455,39.50763],[-119.38313,39.51026],[-119.38727,39.51213],[-119.38741,39.50879],[-119.38832,39.50797],[-119.39143,39.50761],[-119.39081,39.51039],[-119.3919,39.51132],[-119.39369,39.50995],[-119.39962,39.50908],[-119.39834,39.507],[-119.4012,39.50643],[-119.40666,39.50734],[-119.41221,39.50989],[-119.42025,39.50901],[-119.42452,39.51232],[-119.43031,39.51332],[-119.42279,39.51483],[-119.42005,39.51735],[-119.41166,39.51833],[-119.40967,39.51953],[-119.40382,39.51884],[-119.38996,39.52002],[-119.38731,39.52103],[-119.38565,39.52047],[-119.38303,39.51766],[-119.37903,39.51609],[-119.37393,39.51922],[-119.36807,39.51788],[-119.36718,39.51633],[-119.37,39.51702],[-119.37107,39.51606],[-119.36926,39.51408],[-119.36557,39.51274],[-119.36606,39.51221],[-119.36816,39.51266],[-119.36906,39.51112],[-119.3645,39.51006],[-119.37078,39.51026]]]},"properties":{"IncidentName":"Shooting","GISAcres":1271.3353844358012,"FireCause":"Human","Year":2016}},{"type":"Feature","geometry":{"type":"Polygon","coordinates":[[[-119.9227,39.86589],[-119.9179,39.86959],[-119.91746,39.87362],[-119.91607,39.87666],[-119.91405,39.87669],[-119.91308,39.87474],[-119.91125,39.87483],[-119.91494,39.87915],[-119.91661,39.87998],[-119.91596,39.88157],[-119.91351,39.88291],[-119.90989,39.88284],[-119.90782,39.88575],[-119.90442,39.88742],[-119.8965,39.88864],[-119.89501,39.8913],[-119.8932,39.89078],[-119.89075,39.88826],[-119.8868,39.88901],[-119.88339,39.88631],[-119.87954,39.8854],[-119.87877,39.88332],[-119.88184,39.88265],[-119.8828,39.88077],[-119.87974,39.88117],[-119.87741,39.87946],[-119.87342,39.8792],[-119.86962,39.87695],[-119.87221,39.87489],[-119.87641,39.87456],[-119.88022,39.87154],[-119.88445,39.87064],[-119.88685,39.87149],[-119.88814,39.86954],[-119.88842,39.86841],[-119.88593,39.86833],[-119.88492,39.86643],[-119.87671,39.86483],[-119.87788,39.86221],[-119.88247,39.86273],[-119.88323,39.86394],[-119.8842,39.8635],[-119.88399,39.86272],[-119.88016,39.86123],[-119.88016,39.85937],[-119.88282,39.85896],[-119.88407,39.8571],[-119.88356,39.8559],[-119.87952,39.85378],[-119.8794,39.85297],[-119.88217,39.85141],[-119.88411,39.85137],[-119.88698,39.85403],[-119.88718,39.85617],[-119.8861,39.8575],[-119.88732,39.85836],[-119.88827,39.86206],[-119.89099,39.86297],[-119.89166,39.86519],[-119.89433,39.86655],[-119.89491,39.86876],[-119.89688,39.86668],[-119.90161,39.86399],[-119.90225,39.86234],[-119.90496,39.86175],[-119.90543,39.86086],[-119.90305,39.85926],[-119.90379,39.85768],[-119.90629,39.86024],[-119.91378,39.85984],[-119.9167,39.86043],[-119.91759,39.86172],[-119.9173,39.86569],[-119.9181,39.86692],[-119.92184,39.8653],[-119.9227,39.86589]]]},"properties":{"IncidentName":"Rock","GISAcres":2290.8855210615084,"FireCause":"Natural","Year":2016}},{"type":"Feature","geometry":{"type":"Polygon","coordinates":[[[-119.95719,39.92832],[-119.95865,39.92869],[-119.95863,39.9297],[-119.9554,39.93396],[-119.9511,39.942],[-119.9492,39.94247],[-119.93978,39.94049],[-119.93336,39.94058],[-119.92581,39.94575],[-119.9161,39.9472],[-119.91388,39.95024],[-119.90617,39.955],[-119.9033,39.95445],[-119.90356,39.95297],[-119.90716,39.95193],[-119.91443,39.94708],[-119.9143,39.9414],[-119.9156,39.93866],[-119.91779,39.93833],[-119.92103,39.93977],[-119.92792,39.9389],[-119.92495,39.93547],[-119.92153,39.92718],[-119.91932,39.92473],[-119.91829,39.92103],[-119.91301,39.91519],[-119.91334,39.91337],[-119.91576,39.9121],[-119.915,39.91025],[-119.91575,39.90907],[-119.92019,39.90905],[-119.91964,39.91092],[-119.9205,39.91152],[-119.92228,39.90923],[-119.92449,39.90864],[-119.92499,39.90714],[-119.93414,39.90973],[-119.93612,39.91288],[-119.93814,39.91393],[-119.94142,39.91196],[-119.94342,39.91312],[-119.94838,39.91377],[-119.94927,39.91283],[-119.94529,39.9102],[-119.94534,39.90785],[-119.94752,39.90726],[-119.95074,39.90447],[-119.95193,39.90495],[-119.95274,39.90678],[-119.95586,39.90647],[-119.95682,39.9087],[-119.9613,39.91227],[-119.96005,39.91425],[-119.9608,39.91524],[-119.96052,39.91685],[-119.95496,39.92377],[-119.95564,39.92891],[-119.95673,39.92924],[-119.95719,39.92832]]]},"properties":{"IncidentName":"Seven Lakes","GISAcres":3060.3456799541054,"FireCause":"Natural","Year":2016}},{"type":"Feature","geometry":{"type":"Polygon","coordinates":[[[-119.86652,39.99603],[-119.87151,39.99263],[-119.87543,39.98803],[-119.87914,39.98657],[-119.87998,39.98155],[-119.88244,39.98056],[-119.88536,39.98111],[-119.8875,39.98244],[-119.88936,39.98491],[-119.88996,39.98808],[-119.89104,39.98885],[-119.89695,39.98687],[-119.90214,39.98702],[-119.9069,39.9883],[-119.91302,39.99238],[-119.92075,39.99255],[-119.92452,39.99714],[-119.9273,40.00284],[-119.93107,40.00492],[-119.937,40.01127],[-119.93681,40.02804],[-119.92724,40.0326],[-119.91983,40.03398],[-119.90845,40.0277],[-119.90164,40.0263],[-119.90086,40.02535],[-119.90172,40.02234],[-119.89506,40.0164],[-119.89308,40.01351],[-119.89335,40.01021],[-119.89623,40.00677],[-119.8943,40.00397],[-119.89595,40.00169],[-119.89542,39.99985],[-119.8934,39.99935],[-119.88455,40.00127],[-119.88052,40.00077],[-119.87679,39.99922],[-119.87385,40.00061],[-119.87178,39.99903],[-119.86389,39.99726],[-119.86652,39.99603]]]},"properties":{"IncidentName":"Sage","GISAcres":4235.416304802857,"FireCause":"Natural","Year":2016}},{"type":"Feature","geometry":{"type":"MultiPolygon","coordinates":[[[[-119.82917,40.10009],[-119.82948,40.09787],[-119.8273,40.09751],[-119.82561,40.09836],[-119.82296,40.09699],[-119.82057,40.09853],[-119.79724,40.10024],[-119.79014,40.09913],[-119.7814,40.09653],[-119.7801,40.09681],[-119.77847,40.09327],[-119.78033,40.0913],[-119.7796,40.08888],[-119.77763,40.0874],[-119.77658,40.08314],[-119.77894,40.07776],[-119.78073,40.07745],[-119.78216,40.0784],[-119.78498,40.07548],[-119.78945,40.07501],[-119.79094,40.07588],[-119.79236,40.07965],[-119.79821,40.08299],[-119.79903,40.08089],[-119.79878,40.07878],[-119.80114,40.07704],[-119.80229,40.07311],[-119.80396,40.07145],[-119.80829,40.06978],[-119.81149,40.06617],[-119.81968,40.06459],[-119.82255,40.06194],[-119.83012,40.06049],[-119.82889,40.06019],[-119.82909,40.05811],[-119.82755,40.05703],[-119.82795,40.05469],[-119.82947,40.05296],[-119.8289,40.05184],[-119.82404,40.05062],[-119.82376,40.04734],[-119.82422,40.04546],[-119.82557,40.04451],[-119.82553,40.04319],[-119.82732,40.04219],[-119.82921,40.04239],[-119.83034,40.04083],[-119.83317,40.03937],[-119.83187,40.03387],[-119.82828,40.03069],[-119.82647,40.02714],[-119.8161,40.03074],[-119.81404,40.03059],[-119.81297,40.02959],[-119.81083,40.02175],[-119.81062,40.01732],[-119.80958,40.01545],[-119.81016,40.01335],[-119.80917,40.01189],[-119.81109,40.00425],[-119.81049,39.99914],[-119.80823,39.99494],[-119.80927,39.99237],[-119.80606,39.98926],[-119.80529,39.98615],[-119.80575,39.9854],[-119.80947,39.98597],[-119.81492,39.98507],[-119.81703,39.98602],[-119.81882,39.98453],[-119.82062,39.98592],[-119.81947,39.98876],[-119.82138,39.98982],[-119.82384,39.98924],[-119.82508,39.9859],[-119.83,39.98755],[-119.83881,39.9878],[-119.83959,39.98958],[-119.83837,39.99233],[-119.84455,39.99283],[-119.84541,39.9944],[-119.85184,39.99424],[-119.85256,39.99545],[-119.85419,39.99596],[-119.85488,39.99831],[-119.85922,39.99957],[-119.86116,40.00289],[-119.85959,40.00864],[-119.86049,40.01229],[-119.8618,40.01219],[-119.86225,40.01406],[-119.86134,40.0156],[-119.85939,40.01636],[-119.86128,40.01807],[-119.86863,40.01662],[-119.88093,40.01717],[-119.88776,40.02074],[-119.89072,40.02621],[-119.89088,40.03696],[-119.89024,40.03801],[-119.88575,40.04032],[-119.89434,40.04829],[-119.89567,40.05172],[-119.89465,40.05511],[-119.88536,40.06235],[-119.88111,40.06271],[-119.8775,40.06093],[-119.87256,40.06279],[-119.87204,40.06503],[-119.87415,40.06699],[-119.87417,40.06868],[-119.87103,40.07179],[-119.86777,40.07118],[-119.86445,40.07363],[-119.86352,40.07691],[-119.8613,40.07832],[-119.86255,40.08061],[-119.86421,40.08056],[-119.86525,40.0796],[-119.86606,40.07999],[-119.86593,40.08123],[-119.864,40.08331],[-119.86409,40.08474],[-119.86182,40.08486],[-119.85963,40.08618],[-119.85461,40.09208],[-119.84756,40.09263],[-119.8464,40.09473],[-119.84255,40.09528],[-119.83947,40.09671],[-119.83868,40.09948],[-119.83715,40.10044],[-119.833,40.09997],[-119.82911,40.10126],[-119.82917,40.10009]]],[[[-119.69332,40.05182],[-119.69405,40.05216],[-119.69329,40.05237],[-119.69332,40.05182]]]]},"properties":{"IncidentName":"Anderson","GISAcres":16273.843122846096,"FireCause":"Natural","Year":2016}},{"type":"Feature","geometry":{"type":"Polygon","coordinates":[[[-119.72655,40.0271],[-119.73028,40.02796],[-119.73356,40.03159],[-119.73417,40.04055],[-119.73589,40.04372],[-119.73691,40.04418],[-119.73784,40.05089],[-119.74038,40.04999],[-119.74184,40.05249],[-119.74396,40.05162],[-119.74724,40.05203],[-119.74805,40.05315],[-119.75152,40.05469],[-119.75129,40.0572],[-119.7522,40.05868],[-119.7529,40.06367],[-119.75053,40.06719],[-119.74864,40.06825],[-119.749,40.07084],[-119.74611,40.07272],[-119.7438,40.07937],[-119.73996,40.08132],[-119.73882,40.08414],[-119.73492,40.08513],[-119.7323,40.08442],[-119.72592,40.08574],[-119.72557,40.08699],[-119.72646,40.08811],[-119.72574,40.08846],[-119.72069,40.08828],[-119.7194,40.08918],[-119.71996,40.08672],[-119.71753,40.08779],[-119.71275,40.08767],[-119.7107,40.08871],[-119.70863,40.08767],[-119.70416,40.08772],[-119.70106,40.08639],[-119.6981,40.0869],[-119.6934,40.0852],[-119.69315,40.0842],[-119.69467,40.08096],[-119.69194,40.08033],[-119.69477,40.07442],[-119.70099,40.07695],[-119.70183,40.07578],[-119.7064,40.0744],[-119.70627,40.07288],[-119.70397,40.07206],[-119.70044,40.073],[-119.69812,40.06936],[-119.69007,40.06569],[-119.68859,40.06284],[-119.68541,40.05975],[-119.68293,40.05233],[-119.67907,40.04977],[-119.67265,40.04182],[-119.66759,40.041],[-119.66611,40.04171],[-119.65938,40.04009],[-119.65613,40.03551],[-119.65156,40.03582],[-119.64864,40.0309],[-119.64062,40.02639],[-119.63752,40.02217],[-119.63256,40.01036],[-119.63501,40.01007],[-119.63779,40.01125],[-119.63897,40.01093],[-119.63875,40.00987],[-119.63517,40.00656],[-119.62606,40.00262],[-119.62605,40.00152],[-119.62827,39.99924],[-119.62805,39.99782],[-119.62689,39.9967],[-119.62142,39.99461],[-119.6216,39.99219],[-119.62547,39.98666],[-119.61724,39.97964],[-119.61642,39.97878],[-119.61657,39.97748],[-119.6183,39.97551],[-119.62009,39.97479],[-119.62917,39.97477],[-119.63196,39.97387],[-119.63325,39.97194],[-119.63341,39.96627],[-119.62777,39.96444],[-119.62725,39.96166],[-119.62184,39.95609],[-119.61893,39.95657],[-119.61155,39.96156],[-119.60925,39.96095],[-119.60589,39.95854],[-119.61389,39.95447],[-119.61569,39.95227],[-119.61556,39.95089],[-119.61333,39.95063],[-119.6106,39.9528],[-119.60786,39.95355],[-119.60407,39.95241],[-119.60389,39.95028],[-119.60606,39.94408],[-119.60263,39.93838],[-119.60077,39.93683],[-119.59857,39.93643],[-119.59879,39.93471],[-119.59784,39.9336],[-119.58853,39.93522],[-119.58395,39.93328],[-119.58317,39.93241],[-119.58317,39.92942],[-119.58236,39.92769],[-119.57819,39.92499],[-119.57611,39.92247],[-119.57563,39.91866],[-119.58826,39.91497],[-119.5907,39.91682],[-119.59343,39.91764],[-119.59776,39.9174],[-119.60842,39.91237],[-119.6274,39.91341],[-119.6356,39.91256],[-119.64286,39.91012],[-119.65161,39.91079],[-119.65577,39.91301],[-119.65953,39.91251],[-119.66353,39.91438],[-119.66537,39.91419],[-119.66867,39.9204],[-119.67175,39.9221],[-119.67385,39.92097],[-119.68,39.92332],[-119.68166,39.92551],[-119.68319,39.9242],[-119.68716,39.92438],[-119.68816,39.92623],[-119.68726,39.92717],[-119.68743,39.92891],[-119.69139,39.93091],[-119.69568,39.93508],[-119.69737,39.93587],[-119.69903,39.93528],[-119.70036,39.93579],[-119.70292,39.93837],[-119.70327,39.94144],[-119.70598,39.94178],[-119.70766,39.94461],[-119.70881,39.94431],[-119.71085,39.9414],[-119.71484,39.94196],[-119.72022,39.93934],[-119.72439,39.93958],[-119.72571,39.93808],[-119.72489,39.93553],[-119.72663,39.93465],[-119.72895,39.93544],[-119.73321,39.93926],[-119.73184,39.94176],[-119.73373,39.94357],[-119.73103,39.94501],[-119.73287,39.94897],[-119.73697,39.94944],[-119.73998,39.9512],[-119.74115,39.94907],[-119.74263,39.94971],[-119.74556,39.94728],[-119.74737,39.94745],[-119.74727,39.94932],[-119.74472,39.9526],[-119.74004,39.96188],[-119.74066,39.9644],[-119.74454,39.96948],[-119.74476,39.97182],[-119.74252,39.97238],[-119.7386,39.97027],[-119.73316,39.96895],[-119.72987,39.96497],[-119.72772,39.96449],[-119.72622,39.96587],[-119.72456,39.97385],[-119.72296,39.97542],[-119.72075,39.97552],[-119.71907,39.97881],[-119.72098,39.98275],[-119.72114,39.98619],[-119.72247,39.98776],[-119.72116,39.98956],[-119.72208,39.99106],[-119.72164,39.99308],[-119.7232,39.99627],[-119.72225,39.99819],[-119.72056,39.9981],[-119.72114,40.00114],[-119.72053,40.00287],[-119.72161,40.00722],[-119.72419,40.00783],[-119.72619,40.01063],[-119.72432,40.01317],[-119.72472,40.01549],[-119.72377,40.01712],[-119.72491,40.02087],[-119.72456,40.02327],[-119.72655,40.0271]]]},"properties":{"IncidentName":"Tule","GISAcres":36124.57484904677,"FireCause":"Natural","Year":2016}},{"type":"Feature","geometry":{"type":"Polygon","coordinates":[[[-119.91213,39.7613],[-119.90841,39.76146],[-119.90753,39.75735],[-119.90925,39.75699],[-119.91082,39.75824],[-119.91188,39.75808],[-119.91269,39.75652],[-119.91245,39.7515],[-119.91456,39.74931],[-119.91403,39.74788],[-119.91667,39.74869],[-119.91836,39.74573],[-119.91367,39.74283],[-119.91325,39.7421],[-119.91419,39.74119],[-119.9167,39.74073],[-119.91706,39.74252],[-119.92486,39.74337],[-119.92563,39.74252],[-119.92386,39.74118],[-119.92506,39.74031],[-119.92955,39.74189],[-119.92941,39.74308],[-119.93729,39.74266],[-119.93823,39.74358],[-119.94117,39.74291],[-119.9391,39.74037],[-119.93889,39.7381],[-119.93998,39.7378],[-119.94722,39.74628],[-119.9474,39.74511],[-119.94901,39.74399],[-119.94513,39.74],[-119.94447,39.73811],[-119.94502,39.73772],[-119.94882,39.74139],[-119.9522,39.74128],[-119.95419,39.74282],[-119.95107,39.7476],[-119.95133,39.75192],[-119.94941,39.75236],[-119.94607,39.75553],[-119.94345,39.75642],[-119.94215,39.75855],[-119.9426,39.76044],[-119.93839,39.76536],[-119.93651,39.76554],[-119.93316,39.76291],[-119.92999,39.76375],[-119.93,39.76003],[-119.92423,39.75569],[-119.92243,39.75618],[-119.92317,39.75808],[-119.91984,39.76035],[-119.91504,39.75948],[-119.91463,39.76054],[-119.91213,39.7613]]]},"properties":{"IncidentName":"Jackpot","GISAcres":1598.2366855296916,"FireCause":"Human","Year":2016}},{"type":"Feature","geometry":{"type":"Polygon","coordinates":[[[-119.77552,39.1383],[-119.78066,39.13986],[-119.78403,39.1393],[-119.78732,39.14537],[-119.78989,39.14494],[-119.79281,39.14702],[-119.79653,39.14506],[-119.797,39.14743],[-119.79499,39.14932],[-119.79242,39.14963],[-119.78771,39.14831],[-119.78346,39.1482],[-119.7826,39.14638],[-119.78475,39.1455],[-119.78339,39.14427],[-119.77739,39.14549],[-119.77282,39.14509],[-119.77279,39.14418],[-119.77518,39.14409],[-119.77484,39.14124],[-119.77556,39.14098],[-119.77556,39.1396],[-119.77485,39.1396],[-119.77479,39.13861],[-119.77552,39.1383]]]},"properties":{"IncidentName":"Shooting","GISAcres":251.57950852977552,"FireCause":"Human","Year":2016}},{"type":"Feature","geometry":{"type":"Polygon","coordinates":[[[-119.77794,39.67768],[-119.7795,39.67652],[-119.78081,39.67683],[-119.78054,39.67871],[-119.77888,39.67821],[-119.77628,39.67944],[-119.77588,39.67847],[-119.77794,39.67768]]]},"properties":{"IncidentName":"Chickadee","GISAcres":14.859690295389427,"FireCause":"Human","Year":2016}},{"type":"Feature","geometry":{"type":"Polygon","coordinates":[[[-119.87964,39.24407],[-119.87316,39.24602],[-119.8695,39.25031],[-119.87044,39.25351],[-119.86713,39.26085],[-119.85747,39.26359],[-119.85358,39.26616],[-119.85288,39.26872],[-119.84233,39.27099],[-119.84102,39.27046],[-119.84001,39.26789],[-119.83796,39.26733],[-119.83113,39.27161],[-119.82994,39.27159],[-119.82886,39.26997],[-119.8235,39.27448],[-119.81949,39.27508],[-119.81851,39.27732],[-119.81621,39.27883],[-119.81531,39.28365],[-119.81306,39.28642],[-119.81116,39.28744],[-119.80846,39.28415],[-119.80364,39.28294],[-119.80003,39.28319],[-119.80127,39.27924],[-119.79804,39.27751],[-119.79807,39.27647],[-119.80091,39.27579],[-119.8038,39.27653],[-119.80361,39.27379],[-119.80513,39.27279],[-119.80866,39.27356],[-119.81164,39.27318],[-119.81153,39.27248],[-119.80933,39.272],[-119.81101,39.27063],[-119.82753,39.26766],[-119.82582,39.26681],[-119.81939,39.26676],[-119.81982,39.26577],[-119.82287,39.26545],[-119.82538,39.26413],[-119.82514,39.26318],[-119.8226,39.26178],[-119.82275,39.261],[-119.82791,39.25924],[-119.82963,39.25969],[-119.82979,39.26046],[-119.82661,39.26158],[-119.82576,39.26289],[-119.82635,39.26415],[-119.82907,39.26461],[-119.83355,39.26302],[-119.83368,39.26145],[-119.83523,39.26103],[-119.83757,39.26256],[-119.83822,39.26414],[-119.8434,39.26279],[-119.84151,39.25773],[-119.84309,39.25364],[-119.84433,39.25274],[-119.84387,39.25185],[-119.84907,39.24722],[-119.84456,39.24768],[-119.84117,39.24707],[-119.84866,39.24653],[-119.85454,39.24435],[-119.85609,39.243],[-119.87007,39.24213],[-119.87184,39.2407],[-119.87453,39.24372],[-119.87695,39.24323],[-119.87964,39.24407]]]},"properties":{"IncidentName":"Little Valley","GISAcres":2290.9076559000655,"FireCause":"Human","Year":2016}},{"type":"Feature","geometry":{"type":"Polygon","coordinates":[[[-119.76613,39.1159],[-119.76523,39.11505],[-119.76576,39.11475],[-119.77043,39.11502],[-119.76892,39.11727],[-119.76798,39.11751],[-119.76422,39.11639],[-119.76489,39.11524],[-119.7654,39.1165],[-119.76613,39.1159]]]},"properties":{"IncidentName":"Clear Creek","GISAcres":26.054707763073257,"FireCause":"Human","Year":2016}},{"type":"Feature","geometry":{"type":"MultiPolygon","coordinates":[[[[-119.70049,38.88287],[-119.70112,38.88425],[-119.69936,38.88596],[-119.69809,38.88595],[-119.69757,38.88805],[-119.69713,38.8861],[-119.69604,38.88673],[-119.69697,38.88554],[-119.69486,38.8837],[-119.69394,38.88376],[-119.69162,38.87973],[-119.69838,38.87978],[-119.70049,38.88287]]],[[[-119.6907,38.8825],[-119.69045,38.88194],[-119.69139,38.88137],[-119.69229,38.882],[-119.6907,38.8825]]],[[[-119.70049,38.88287],[-119.70053,38.88287],[-119.70051,38.88287],[-119.70049,38.88287]]]]},"properties":{"IncidentName":"Frontage","GISAcres":99.28889579347144,"FireCause":"Human","Year":2016}},{"type":"Feature","geometry":{"type":"Polygon","coordinates":[[[-119.77143,39.67542],[-119.77262,39.67471],[-119.77159,39.67689],[-119.77161,39.67555],[-119.77088,39.67547],[-119.77143,39.67542]]]},"properties":{"IncidentName":"Hungry Valley","GISAcres":2.90744413255943,"FireCause":"Human","Year":2016}},{"type":"Feature","geometry":{"type":"Polygon","coordinates":[[[-119.25553,40.2459],[-119.25419,40.24386],[-119.25421,40.24025],[-119.25685,40.23846],[-119.25816,40.23564],[-119.26027,40.23401],[-119.2628,40.23016],[-119.26809,40.22579],[-119.26901,40.22326],[-119.2703,40.22278],[-119.27273,40.22484],[-119.27467,40.22517],[-119.27442,40.22578],[-119.27054,40.22637],[-119.27013,40.228],[-119.27508,40.22747],[-119.27654,40.23136],[-119.27834,40.23241],[-119.27791,40.23306],[-119.27443,40.2331],[-119.27356,40.23498],[-119.2704,40.23429],[-119.26971,40.23876],[-119.26712,40.23606],[-119.26618,40.23641],[-119.26684,40.23745],[-119.26634,40.23807],[-119.26317,40.23805],[-119.26339,40.23912],[-119.26133,40.23932],[-119.26051,40.24053],[-119.26247,40.24213],[-119.25999,40.243],[-119.25849,40.24503],[-119.2545,40.24426],[-119.25553,40.2459]]]},"properties":{"IncidentName":"Nightingale","GISAcres":449.9607319311816,"FireCause":"Human","Year":2017}},{"type":"Feature","geometry":{"type":"Polygon","coordinates":[[[-119.26715,39.58903],[-119.2692,39.59123],[-119.26601,39.59161],[-119.26519,39.59019],[-119.26715,39.58903]]]},"properties":{"IncidentName":"Sage","GISAcres":14.911074019832583,"FireCause":"Human","Year":2017}},{"type":"Feature","geometry":{"type":"Polygon","coordinates":[[[-119.67542,39.17567],[-119.67677,39.17576],[-119.67649,39.17679],[-119.67241,39.17862],[-119.67213,39.17663],[-119.67349,39.17723],[-119.67369,39.17633],[-119.67542,39.17567]]]},"properties":{"IncidentName":"Mill","GISAcres":14.00880576004019,"FireCause":"Human","Year":2017}},{"type":"Feature","geometry":{"type":"Polygon","coordinates":[[[-119.60613,39.8786],[-119.60502,39.87848],[-119.60481,39.8777],[-119.60469,39.87849],[-119.60155,39.87862],[-119.60353,39.87712],[-119.6044,39.8774],[-119.60399,39.87661],[-119.60602,39.87639],[-119.60832,39.87771],[-119.60613,39.8786]]]},"properties":{"IncidentName":"Quail Canyon","GISAcres":23.432514033601834,"FireCause":"Human","Year":2017}},{"type":"Feature","geometry":{"type":"MultiPolygon","coordinates":[[[[-120.11191,40.04336],[-120.11038,40.04784],[-120.10789,40.05],[-120.10548,40.04485],[-120.10784,40.04354],[-120.11191,40.04336]]],[[[-120.11218,40.04236],[-120.11025,40.04041],[-120.11216,40.04068],[-120.11126,40.0395],[-120.11313,40.03925],[-120.11323,40.04222],[-120.11218,40.04236]]]]},"properties":{"IncidentName":"River","GISAcres":71.22991609483444,"FireCause":"Human","Year":2017}},{"type":"Feature","geometry":{"type":"Polygon","coordinates":[[[-119.75994,38.80734],[-119.76028,38.80576],[-119.76321,38.80491],[-119.76394,38.80319],[-119.76669,38.80543],[-119.76677,38.80678],[-119.76419,38.80933],[-119.75971,38.80958],[-119.76044,38.8084],[-119.75994,38.80734]]]},"properties":{"IncidentName":"Payne","GISAcres":66.61311696440973,"FireCause":"Natural","Year":2017}},{"type":"Feature","geometry":{"type":"Polygon","coordinates":[[[-119.29053,39.84703],[-119.2861,39.84464],[-119.2836,39.8448],[-119.27999,39.84213],[-119.28348,39.83789],[-119.28278,39.83694],[-119.27809,39.83702],[-119.27274,39.83953],[-119.27138,39.83903],[-119.26576,39.83161],[-119.26504,39.82932],[-119.26092,39.82626],[-119.26245,39.80593],[-119.27266,39.80368],[-119.27683,39.80198],[-119.28108,39.80206],[-119.28726,39.8006],[-119.29475,39.79458],[-119.297,39.79592],[-119.30037,39.79641],[-119.30303,39.79529],[-119.30547,39.79576],[-119.3065,39.79636],[-119.3072,39.79957],[-119.30511,39.80193],[-119.313,39.80093],[-119.31418,39.802],[-119.31421,39.8053],[-119.31876,39.80111],[-119.32164,39.80092],[-119.3221,39.80258],[-119.32019,39.80384],[-119.32235,39.80662],[-119.32259,39.81019],[-119.32574,39.81467],[-119.32043,39.81714],[-119.31931,39.81658],[-119.31741,39.81758],[-119.31796,39.82579],[-119.3159,39.82841],[-119.31633,39.83076],[-119.31776,39.83277],[-119.3169,39.83362],[-119.31375,39.83209],[-119.31315,39.83265],[-119.31392,39.83543],[-119.31661,39.83689],[-119.31705,39.83816],[-119.31589,39.83902],[-119.30596,39.8383],[-119.30445,39.83879],[-119.30206,39.8422],[-119.29632,39.8432],[-119.2928,39.84572],[-119.29299,39.84778],[-119.29053,39.84703]]]},"properties":{"IncidentName":"Hollywood","GISAcres":5297.93971588882,"FireCause":"Natural","Year":2017}},{"type":"Feature","geometry":{"type":"MultiPolygon","coordinates":[[[[-119.06201,39.41797],[-119.05875,39.41791],[-119.05687,39.4167],[-119.05582,39.41719],[-119.05575,39.4157],[-119.05421,39.41421],[-119.05468,39.41234],[-119.05858,39.41192],[-119.05778,39.41121],[-119.05504,39.41124],[-119.0545,39.4103],[-119.05485,39.40922],[-119.05655,39.40956],[-119.05656,39.40886],[-119.05759,39.40891],[-119.05724,39.40981],[-119.05888,39.40983],[-119.05821,39.40496],[-119.06245,39.40533],[-119.06613,39.40663],[-119.06638,39.40836],[-119.06576,39.40917],[-119.06635,39.40935],[-119.06652,39.41257],[-119.06758,39.41369],[-119.06217,39.41645],[-119.06201,39.41797]]],[[[-119.05547,39.40919],[-119.05547,39.40919],[-119.05547,39.40918],[-119.05547,39.40919]]]]},"properties":{"IncidentName":"Lahontan ","GISAcres":263.5014578526089,"FireCause":"Human","Year":2017}},{"type":"Feature","geometry":{"type":"Polygon","coordinates":[[[-119.40265,39.36105],[-119.40193,39.36058],[-119.40222,39.35947],[-119.40424,39.35748],[-119.40673,39.35964],[-119.40654,39.36048],[-119.40265,39.36105]]]},"properties":{"IncidentName":"Coleman","GISAcres":21.508060594406473,"FireCause":"Human","Year":2017}},{"type":"Feature","geometry":{"type":"Polygon","coordinates":[[[-119.47546,39.30067],[-119.47563,39.29981],[-119.47781,39.29935],[-119.4779,39.29667],[-119.4788,39.29555],[-119.48046,39.29526],[-119.48127,39.29648],[-119.48607,39.29936],[-119.48615,39.30152],[-119.48497,39.30206],[-119.4859,39.30412],[-119.48444,39.30429],[-119.48454,39.30547],[-119.48325,39.30617],[-119.47782,39.30579],[-119.47745,39.30505],[-119.47611,39.30515],[-119.47595,39.30351],[-119.47445,39.30177],[-119.47439,39.30102],[-119.47546,39.30067]]]},"properties":{"IncidentName":"Fort Churchill","GISAcres":199.4912235984077,"FireCause":"Natural","Year":2017}},{"type":"Feature","geometry":{"type":"Polygon","coordinates":[[[-119.53186,39.7157],[-119.53001,39.71467],[-119.53048,39.71208],[-119.5252,39.70925],[-119.52685,39.70743],[-119.53122,39.70553],[-119.5345,39.70532],[-119.53898,39.70665],[-119.54371,39.70985],[-119.54386,39.71257],[-119.54227,39.71489],[-119.53785,39.71457],[-119.53186,39.7157]]]},"properties":{"IncidentName":"Aspen","GISAcres":315.1622884864214,"FireCause":"Natural","Year":2017}},{"type":"Feature","geometry":{"type":"Polygon","coordinates":[[[-119.5769,39.59501],[-119.57482,39.59661],[-119.57015,39.60329],[-119.56115,39.6112],[-119.55821,39.6199],[-119.55297,39.62696],[-119.55041,39.62866],[-119.5408,39.63223],[-119.53148,39.63813],[-119.52365,39.64083],[-119.50661,39.64273],[-119.48371,39.63838],[-119.48224,39.63746],[-119.48025,39.63436],[-119.47391,39.63378],[-119.4707,39.63497],[-119.46816,39.637],[-119.46658,39.63946],[-119.46451,39.64609],[-119.45809,39.652],[-119.45549,39.65303],[-119.44758,39.6534],[-119.4401,39.65745],[-119.42715,39.65623],[-119.42327,39.65434],[-119.4171,39.64959],[-119.40288,39.64677],[-119.39745,39.64177],[-119.39359,39.63978],[-119.38144,39.63707],[-119.3714,39.63309],[-119.34674,39.62715],[-119.34827,39.6217],[-119.34701,39.61192],[-119.35629,39.60121],[-119.36613,39.59937],[-119.37245,39.59485],[-119.39464,39.59123],[-119.40129,39.59262],[-119.4152,39.59397],[-119.42294,39.59258],[-119.44207,39.59198],[-119.45281,39.59328],[-119.46214,39.59195],[-119.4714,39.58905],[-119.47864,39.5889],[-119.48302,39.59044],[-119.48505,39.59319],[-119.48524,39.59718],[-119.4819,39.60085],[-119.48088,39.60567],[-119.48206,39.6079],[-119.48605,39.60782],[-119.48779,39.6064],[-119.48806,39.60433],[-119.49326,39.60375],[-119.49308,39.59923],[-119.49742,39.59664],[-119.49737,39.5905],[-119.50174,39.58763],[-119.50407,39.58472],[-119.50268,39.58422],[-119.49178,39.58528],[-119.4892,39.58438],[-119.48855,39.58305],[-119.49751,39.58158],[-119.50186,39.57938],[-119.5055,39.57903],[-119.513,39.57586],[-119.53103,39.57453],[-119.53969,39.5726],[-119.542,39.5712],[-119.54282,39.56838],[-119.54898,39.56612],[-119.55016,39.56283],[-119.55145,39.56151],[-119.56356,39.55749],[-119.56456,39.55606],[-119.56493,39.55244],[-119.56589,39.55136],[-119.57226,39.54966],[-119.57637,39.54697],[-119.58335,39.54654],[-119.59166,39.54337],[-119.60242,39.5406],[-119.60839,39.53687],[-119.61271,39.53109],[-119.61838,39.5285],[-119.62173,39.52918],[-119.6281,39.53405],[-119.6301,39.53666],[-119.63054,39.53989],[-119.63616,39.5407],[-119.63862,39.54588],[-119.64195,39.54814],[-119.64213,39.55046],[-119.6454,39.55177],[-119.64686,39.55548],[-119.65035,39.55789],[-119.65093,39.561],[-119.65892,39.56156],[-119.66177,39.56328],[-119.66709,39.56408],[-119.67106,39.567],[-119.67438,39.57217],[-119.67508,39.5776],[-119.67598,39.57909],[-119.68069,39.58272],[-119.68595,39.5834],[-119.68559,39.58633],[-119.68177,39.58986],[-119.6818,39.59594],[-119.67648,39.59726],[-119.67587,39.60228],[-119.67139,39.60293],[-119.67068,39.60227],[-119.67093,39.60051],[-119.6692,39.59917],[-119.66961,39.59475],[-119.66875,39.5935],[-119.66102,39.59278],[-119.64953,39.59433],[-119.64308,39.59368],[-119.64049,39.59234],[-119.63832,39.58747],[-119.63528,39.58583],[-119.6304,39.58755],[-119.62888,39.59232],[-119.62316,39.59808],[-119.60914,39.60299],[-119.60021,39.60351],[-119.59702,39.60272],[-119.59323,39.60062],[-119.58577,39.5943],[-119.58055,39.59422],[-119.5769,39.59501]]]},"properties":{"IncidentName":"Earthstone","GISAcres":40246.82888070669,"FireCause":"Human","Year":2017}},{"type":"Feature","geometry":{"type":"Polygon","coordinates":[[[-120.01051,39.44977],[-120.00974,39.4488],[-120.01014,39.44748],[-120.01189,39.44599],[-120.01173,39.4449],[-120.01304,39.44289],[-120.0188,39.44072],[-120.02289,39.43786],[-120.02645,39.4378],[-120.02786,39.43858],[-120.02872,39.44175],[-120.02826,39.44711],[-120.02897,39.45176],[-120.02814,39.45551],[-120.02615,39.45717],[-120.0239,39.45846],[-120.02,39.45919],[-120.0167,39.45955],[-120.01348,39.45887],[-120.01099,39.4556],[-120.0109,39.4534],[-120.01193,39.45148],[-120.01051,39.44977]]]},"properties":{"IncidentName":"Farad","GISAcres":750.1977279785889,"FireCause":"Human","Year":2017}},{"type":"Feature","geometry":{"type":"Polygon","coordinates":[[[-119.17516,39.43376],[-119.1761,39.43502],[-119.17804,39.43555],[-119.1774,39.43608],[-119.17899,39.43792],[-119.17824,39.44006],[-119.17538,39.43991],[-119.1734,39.43844],[-119.17245,39.43893],[-119.17238,39.43803],[-119.17042,39.43633],[-119.17104,39.43447],[-119.17418,39.43309],[-119.17516,39.43376]]]},"properties":{"IncidentName":"Lizzie","GISAcres":86.29304573669727,"FireCause":"Human","Year":2017}},{"type":"Feature","geometry":{"type":"Polygon","coordinates":[[[-119.92281,39.628],[-119.92643,39.63092],[-119.92923,39.63484],[-119.93476,39.63824],[-119.9362,39.64127],[-119.93951,39.64148],[-119.9444,39.64463],[-119.94824,39.64367],[-119.9507,39.64156],[-119.95424,39.64337],[-119.95352,39.64495],[-119.9539,39.64812],[-119.95278,39.64877],[-119.95356,39.65171],[-119.95219,39.65706],[-119.94981,39.65889],[-119.94852,39.66226],[-119.94405,39.66222],[-119.94132,39.66506],[-119.93741,39.66585],[-119.93143,39.66477],[-119.93084,39.66435],[-119.9321,39.66183],[-119.93186,39.65782],[-119.92718,39.65713],[-119.92689,39.6547],[-119.92309,39.65404],[-119.92345,39.65305],[-119.92544,39.65218],[-119.92753,39.64878],[-119.92509,39.64034],[-119.91883,39.63408],[-119.91904,39.63177],[-119.921,39.6273],[-119.92159,39.62685],[-119.92281,39.628]]]},"properties":{"IncidentName":"Cold Springs","GISAcres":1524.272050381178,"FireCause":"Human","Year":2017}},{"type":"Feature","geometry":{"type":"Polygon","coordinates":[[[-119.77899,39.32327],[-119.77655,39.32522],[-119.77287,39.3259],[-119.77186,39.32741],[-119.76634,39.32945],[-119.76353,39.32904],[-119.76325,39.33053],[-119.7623,39.33115],[-119.75649,39.33083],[-119.75283,39.32497],[-119.75368,39.32261],[-119.75724,39.32058],[-119.76283,39.31974],[-119.76713,39.31755],[-119.77321,39.31575],[-119.77642,39.31693],[-119.78079,39.31714],[-119.78275,39.31861],[-119.77899,39.32327]]]},"properties":{"IncidentName":"Brenda","GISAcres":632.5827818148325,"FireCause":"Natural","Year":2017}},{"type":"Feature","geometry":{"type":"Polygon","coordinates":[[[-119.76231,39.86307],[-119.76441,39.86395],[-119.76572,39.86585],[-119.76786,39.87294],[-119.77476,39.88227],[-119.77399,39.884],[-119.77016,39.88641],[-119.77046,39.88835],[-119.768,39.88825],[-119.76626,39.89043],[-119.76682,39.89254],[-119.77018,39.8932],[-119.77609,39.89185],[-119.78049,39.89271],[-119.78385,39.89187],[-119.78534,39.89495],[-119.78829,39.89692],[-119.78941,39.9039],[-119.79292,39.90427],[-119.79777,39.90769],[-119.79759,39.91169],[-119.80237,39.91268],[-119.80324,39.91399],[-119.80393,39.91902],[-119.80596,39.91936],[-119.81009,39.91833],[-119.82121,39.92388],[-119.83026,39.92211],[-119.83302,39.92262],[-119.8429,39.92956],[-119.84964,39.93263],[-119.86615,39.93388],[-119.87154,39.94079],[-119.87318,39.94404],[-119.87308,39.94713],[-119.87133,39.95032],[-119.87184,39.95352],[-119.87761,39.95899],[-119.87896,39.96345],[-119.8905,39.9627],[-119.89989,39.95746],[-119.90779,39.95681],[-119.91142,39.9533],[-119.91702,39.95326],[-119.9216,39.95906],[-119.92099,39.9617],[-119.92363,39.9634],[-119.92456,39.96709],[-119.92864,39.97071],[-119.935,39.97309],[-119.94378,39.97907],[-119.9516,39.98307],[-119.95657,39.98467],[-119.96055,39.99083],[-119.96414,39.99219],[-119.96991,39.98936],[-119.97655,39.99018],[-119.97681,39.99206],[-119.98245,39.99335],[-119.9831,39.99493],[-119.98236,39.99694],[-119.98338,39.99694],[-119.98608,40.00002],[-119.98534,40.00203],[-119.98851,40.00339],[-119.99,40.00605],[-119.9886,40.00927],[-119.98953,40.01221],[-119.98888,40.01343],[-119.98935,40.01494],[-119.98729,40.01881],[-119.98701,40.02304],[-119.98384,40.02247],[-119.97862,40.02412],[-119.97232,40.02323],[-119.97111,40.02697],[-119.97156,40.02946],[-119.97897,40.03601],[-119.98466,40.0362],[-119.9886,40.03756],[-119.99236,40.0364],[-119.99846,40.03167],[-120.00648,40.02995],[-120.0076,40.02896],[-120.01003,40.02538],[-120.01111,40.02211],[-120.01134,40.01815],[-120.00956,40.0145],[-120.01589,40.00268],[-120.02353,40.00221],[-120.03467,40.00583],[-120.04045,40.00511],[-120.04194,40.00568],[-120.04269,40.00891],[-120.04204,40.01249],[-120.04465,40.01529],[-120.04313,40.0162],[-120.04332,40.01813],[-120.03942,40.02234],[-120.04321,40.02663],[-120.04637,40.02868],[-120.04873,40.0331],[-120.04957,40.03793],[-120.04948,40.03971],[-120.04442,40.05231],[-120.04407,40.0577],[-120.04743,40.06621],[-120.04745,40.06817],[-120.04499,40.07211],[-120.05261,40.07227],[-120.05277,40.07894],[-120.05378,40.08186],[-120.05712,40.08524],[-120.0609,40.08684],[-120.06747,40.0849],[-120.07576,40.08774],[-120.07781,40.08597],[-120.07842,40.08247],[-120.08237,40.08096],[-120.08626,40.08052],[-120.08982,40.08132],[-120.09306,40.08453],[-120.09589,40.08591],[-120.10215,40.08483],[-120.10961,40.08197],[-120.11135,40.07951],[-120.11031,40.07027],[-120.11593,40.0671],[-120.12339,40.06663],[-120.14247,40.07045],[-120.14915,40.07553],[-120.1529,40.07949],[-120.15307,40.08141],[-120.14267,40.09408],[-120.13653,40.09456],[-120.1341,40.0987],[-120.11925,40.10293],[-120.11388,40.10973],[-120.11273,40.11365],[-120.11031,40.1149],[-120.10503,40.11474],[-120.10331,40.11383],[-120.10266,40.1063],[-120.10121,40.10386],[-120.09829,40.10361],[-120.09716,40.10478],[-120.09618,40.10805],[-120.09544,40.11662],[-120.091,40.12329],[-120.0812,40.13146],[-120.0771,40.13379],[-120.07431,40.13356],[-120.06938,40.13134],[-120.05968,40.12892],[-120.05813,40.12796],[-120.05776,40.12353],[-120.04743,40.12728],[-120.03427,40.12549],[-120.02883,40.1237],[-120.025,40.121],[-120.01598,40.11094],[-120.01417,40.1073],[-120.01397,40.09245],[-120.01234,40.09184],[-119.99799,40.092],[-119.99692,40.08978],[-119.99705,40.07456],[-119.99522,40.07463],[-119.98929,40.08217],[-119.98082,40.09086],[-119.9798,40.09034],[-119.97906,40.08686],[-119.97709,40.08586],[-119.96552,40.08562],[-119.9621,40.08643],[-119.96038,40.09575],[-119.95784,40.09719],[-119.94609,40.09857],[-119.9407,40.0979],[-119.93507,40.0932],[-119.93247,40.09246],[-119.93108,40.08835],[-119.9292,40.08754],[-119.9126,40.08818],[-119.90909,40.08612],[-119.90141,40.08449],[-119.90016,40.08183],[-119.89783,40.08083],[-119.89296,40.0814],[-119.88809,40.07894],[-119.88556,40.0788],[-119.88414,40.08469],[-119.87962,40.087],[-119.86781,40.09071],[-119.86339,40.08938],[-119.85955,40.08527],[-119.85801,40.08236],[-119.85829,40.07993],[-119.85322,40.07843],[-119.83987,40.08034],[-119.83735,40.08302],[-119.83492,40.0835],[-119.83344,40.08058],[-119.83617,40.07403],[-119.83877,40.07393],[-119.842,40.07585],[-119.84506,40.07573],[-119.84754,40.0735],[-119.85384,40.07062],[-119.86346,40.06811],[-119.87038,40.06841],[-119.8755,40.06022],[-119.87672,40.05513],[-119.89186,40.05382],[-119.89329,40.05179],[-119.88942,40.045],[-119.88328,40.03928],[-119.87917,40.03723],[-119.86965,40.03715],[-119.86537,40.0362],[-119.86339,40.03347],[-119.86408,40.03083],[-119.86761,40.02617],[-119.87211,40.0237],[-119.87588,40.02278],[-119.88403,40.02293],[-119.88855,40.02193],[-119.877,40.01459],[-119.87239,40.01292],[-119.86807,40.00474],[-119.86369,40.0026],[-119.86074,40.00363],[-119.85811,40.00328],[-119.84846,39.99823],[-119.84435,39.9993],[-119.84183,40.00289],[-119.83948,40.00371],[-119.83801,40.00547],[-119.83528,40.00476],[-119.83374,40.00186],[-119.83575,39.99655],[-119.83586,39.99434],[-119.83527,39.99074],[-119.8337,39.9888],[-119.83137,39.98784],[-119.83026,39.98897],[-119.82616,39.99051],[-119.82282,39.99047],[-119.8194,39.98907],[-119.81972,39.98853],[-119.81826,39.98726],[-119.81604,39.98682],[-119.81308,39.98012],[-119.80944,39.97953],[-119.80433,39.98525],[-119.80594,39.98583],[-119.8063,39.98928],[-119.80978,39.99423],[-119.80859,39.9958],[-119.80975,39.99824],[-119.80677,39.99981],[-119.80329,40.0034],[-119.8002,40.00423],[-119.79835,40.00761],[-119.79434,40.01059],[-119.79198,40.00998],[-119.79231,40.00837],[-119.79086,40.00492],[-119.78945,40.00643],[-119.79025,40.00857],[-119.78884,40.0077],[-119.78857,40.00607],[-119.78963,40.0042],[-119.78921,40.00249],[-119.78746,40.00209],[-119.78679,40.00321],[-119.78473,40.00289],[-119.78095,40.0006],[-119.78327,39.99872],[-119.78571,39.99907],[-119.78824,39.99743],[-119.78785,39.99633],[-119.78429,39.99451],[-119.78079,39.99602],[-119.77838,39.99355],[-119.77822,39.99234],[-119.77918,39.99231],[-119.77919,39.98911],[-119.78201,39.98598],[-119.78033,39.98537],[-119.77857,39.98498],[-119.77461,39.98996],[-119.76979,39.99313],[-119.76395,39.99306],[-119.75814,39.99122],[-119.75562,39.99146],[-119.75099,39.99497],[-119.7476,39.99607],[-119.74542,39.995],[-119.74476,39.99359],[-119.74279,39.98215],[-119.73961,39.97851],[-119.73794,39.97311],[-119.73859,39.97222],[-119.74381,39.97151],[-119.73963,39.97085],[-119.73731,39.96878],[-119.73631,39.96646],[-119.7389,39.96282],[-119.73958,39.96012],[-119.74249,39.95763],[-119.74127,39.95588],[-119.74639,39.94988],[-119.74476,39.94897],[-119.73671,39.95418],[-119.73471,39.95326],[-119.73707,39.95047],[-119.73099,39.94944],[-119.72962,39.94683],[-119.73116,39.94187],[-119.73163,39.93602],[-119.7296,39.93568],[-119.72747,39.93747],[-119.72806,39.94064],[-119.72542,39.94142],[-119.72285,39.94092],[-119.71676,39.94389],[-119.71341,39.94408],[-119.70997,39.94213],[-119.70992,39.93941],[-119.70831,39.93793],[-119.70686,39.93732],[-119.70221,39.93747],[-119.69432,39.93539],[-119.69347,39.93365],[-119.6878,39.93191],[-119.68724,39.92804],[-119.68906,39.92509],[-119.70172,39.9243],[-119.70003,39.92097],[-119.70273,39.91876],[-119.70961,39.91867],[-119.71351,39.91477],[-119.7196,39.91552],[-119.72151,39.91843],[-119.7237,39.91921],[-119.72412,39.92208],[-119.72549,39.92441],[-119.72408,39.92665],[-119.7212,39.92872],[-119.7211,39.93072],[-119.72957,39.92838],[-119.7334,39.92992],[-119.73769,39.92947],[-119.74064,39.93012],[-119.74147,39.92939],[-119.74109,39.9227],[-119.73915,39.92236],[-119.73593,39.91628],[-119.73301,39.91421],[-119.72329,39.8988],[-119.72307,39.89522],[-119.72404,39.8918],[-119.73006,39.88198],[-119.73067,39.87877],[-119.72881,39.87385],[-119.72895,39.87081],[-119.73161,39.86949],[-119.74076,39.86983],[-119.74752,39.875],[-119.74978,39.87553],[-119.7515,39.8748],[-119.75347,39.87224],[-119.75742,39.86508],[-119.75916,39.86367],[-119.76231,39.86307]],[[-119.7872,39.97486],[-119.7868,39.97505],[-119.78781,39.97496],[-119.7872,39.97486]]]},"properties":{"IncidentName":"Long Valley","GISAcres":83593.15128383407,"FireCause":"Human","Year":2017}},{"type":"Feature","geometry":{"type":"Polygon","coordinates":[[[-119.78777,39.69689],[-119.79032,39.69741],[-119.79076,39.69663],[-119.79185,39.69861],[-119.7904,39.69952],[-119.78777,39.69689]]]},"properties":{"IncidentName":"Hungry","GISAcres":14.099632737079217,"FireCause":"Natural","Year":2017}},{"type":"Feature","geometry":{"type":"Polygon","coordinates":[[[-119.63672,38.98285],[-119.63865,38.98334],[-119.63975,38.98278],[-119.64203,38.98414],[-119.6374,38.98449],[-119.63603,38.98383],[-119.63738,38.98368],[-119.6348,38.98251],[-119.63672,38.98285]]]},"properties":{"IncidentName":"Flats","GISAcres":18.221624423945617,"FireCause":"Natural","Year":2017}},{"type":"Feature","geometry":{"type":"Polygon","coordinates":[[[-119.79332,39.66815],[-119.79492,39.66891],[-119.79387,39.67006],[-119.79215,39.67011],[-119.79135,39.66933],[-119.79249,39.66895],[-119.79104,39.66894],[-119.79332,39.66815]]]},"properties":{"IncidentName":"Chickadee","GISAcres":11.415912458754361,"FireCause":"Human","Year":2017}},{"type":"Feature","geometry":{"type":"Polygon","coordinates":[[[-119.18005,39.52019],[-119.18185,39.51966],[-119.18459,39.52086],[-119.18165,39.52176],[-119.18205,39.52224],[-119.18052,39.52369],[-119.17854,39.52362],[-119.17844,39.52446],[-119.17738,39.52266],[-119.18005,39.52019]]]},"properties":{"IncidentName":"Speedway","GISAcres":38.35617744378594,"FireCause":"Natural","Year":2017}},{"type":"Feature","geometry":{"type":"Polygon","coordinates":[[[-119.5721,39.62578],[-119.5719,39.62397],[-119.57301,39.62352],[-119.57523,39.62387],[-119.57588,39.62468],[-119.57578,39.62565],[-119.57396,39.62702],[-119.5721,39.62578]]]},"properties":{"IncidentName":"Tracy","GISAcres":25.467051858197227,"FireCause":"Natural","Year":2017}},{"type":"Feature","geometry":{"type":"Polygon","coordinates":[[[-119.34951,39.76959],[-119.34526,39.77049],[-119.34379,39.7694],[-119.34105,39.76373],[-119.33932,39.75544],[-119.33937,39.7513],[-119.33956,39.75002],[-119.34354,39.74638],[-119.34855,39.74812],[-119.35432,39.74644],[-119.35762,39.74713],[-119.35904,39.74801],[-119.36128,39.75239],[-119.36123,39.75884],[-119.3603,39.7609],[-119.35734,39.76278],[-119.35783,39.76468],[-119.3548,39.76664],[-119.35299,39.76649],[-119.35183,39.76837],[-119.34951,39.76959]]]},"properties":{"IncidentName":"Black Mountain","GISAcres":965.550923666191,"FireCause":"Natural","Year":2017}},{"type":"Feature","geometry":{"type":"Polygon","coordinates":[[[-119.19206,39.64198],[-119.19347,39.64279],[-119.1953,39.65061],[-119.19624,39.65151],[-119.20286,39.64988],[-119.21371,39.64934],[-119.21701,39.64987],[-119.22011,39.65318],[-119.22504,39.65177],[-119.22918,39.65501],[-119.23882,39.66515],[-119.24488,39.66921],[-119.24756,39.67268],[-119.25141,39.67523],[-119.25279,39.67679],[-119.25299,39.6787],[-119.24906,39.68659],[-119.25117,39.68863],[-119.25281,39.68868],[-119.25593,39.68684],[-119.26099,39.68624],[-119.26153,39.68775],[-119.26014,39.69299],[-119.26122,39.69443],[-119.26754,39.69573],[-119.26843,39.70708],[-119.27418,39.71592],[-119.28366,39.72105],[-119.28533,39.72118],[-119.28952,39.71898],[-119.30283,39.72944],[-119.30924,39.73578],[-119.31171,39.7394],[-119.31373,39.74533],[-119.3259,39.75712],[-119.33707,39.76496],[-119.34031,39.77411],[-119.33888,39.79369],[-119.32762,39.79554],[-119.32245,39.79128],[-119.32398,39.78672],[-119.31998,39.78001],[-119.3116,39.78002],[-119.30607,39.78999],[-119.30454,39.79454],[-119.26369,39.80747],[-119.26126,39.80762],[-119.25378,39.79246],[-119.25136,39.79086],[-119.24838,39.79014],[-119.24419,39.79161],[-119.24283,39.79553],[-119.24196,39.80388],[-119.23867,39.81262],[-119.2393,39.81883],[-119.23806,39.8202],[-119.23257,39.82297],[-119.22996,39.82636],[-119.22757,39.83203],[-119.22569,39.84312],[-119.22015,39.85107],[-119.21464,39.86207],[-119.21563,39.86393],[-119.21891,39.86391],[-119.22145,39.86554],[-119.22502,39.87291],[-119.22505,39.87618],[-119.22297,39.87837],[-119.21871,39.88046],[-119.21455,39.88111],[-119.20996,39.88043],[-119.20886,39.88104],[-119.21064,39.88223],[-119.22103,39.88453],[-119.22379,39.88648],[-119.22421,39.88833],[-119.22073,39.89024],[-119.2124,39.88974],[-119.20365,39.89322],[-119.20005,39.89575],[-119.19765,39.90068],[-119.1951,39.90294],[-119.19128,39.90333],[-119.18566,39.90191],[-119.1754,39.89744],[-119.1676,39.89245],[-119.16319,39.89128],[-119.16179,39.88931],[-119.13553,39.89739],[-119.13108,39.89795],[-119.12085,39.896],[-119.11029,39.89269],[-119.10722,39.89302],[-119.1012,39.8909],[-119.09275,39.88975],[-119.09063,39.88848],[-119.09012,39.88714],[-119.09029,39.8866],[-119.09071,39.88729],[-119.09043,39.88617],[-119.09328,39.8826],[-119.09596,39.8818],[-119.10234,39.88318],[-119.10471,39.88293],[-119.11231,39.87833],[-119.11332,39.87571],[-119.11234,39.87484],[-119.11033,39.87469],[-119.10697,39.87695],[-119.10369,39.87727],[-119.10163,39.87593],[-119.09994,39.87233],[-119.09794,39.87024],[-119.09106,39.87076],[-119.08517,39.86792],[-119.08257,39.86569],[-119.08172,39.86374],[-119.08218,39.85987],[-119.08461,39.85607],[-119.08302,39.85439],[-119.0814,39.85441],[-119.07987,39.85548],[-119.07596,39.86379],[-119.0725,39.86634],[-119.06945,39.86627],[-119.06679,39.86497],[-119.06106,39.85906],[-119.0606,39.85571],[-119.06415,39.8511],[-119.06457,39.84904],[-119.0592,39.84112],[-119.05815,39.8351],[-119.05983,39.83171],[-119.06769,39.82491],[-119.06908,39.81786],[-119.06742,39.81495],[-119.05846,39.8087],[-119.05565,39.80386],[-119.05526,39.80048],[-119.05672,39.79205],[-119.05665,39.78734],[-119.05513,39.78015],[-119.05262,39.77458],[-119.05272,39.77232],[-119.05491,39.7706],[-119.06448,39.76825],[-119.07569,39.76099],[-119.08807,39.7568],[-119.09033,39.75436],[-119.09624,39.74253],[-119.09806,39.74176],[-119.10431,39.74191],[-119.10742,39.74036],[-119.10835,39.73542],[-119.10781,39.73236],[-119.10645,39.73042],[-119.10232,39.72822],[-119.09371,39.72747],[-119.08999,39.72543],[-119.08589,39.7248],[-119.0846,39.72266],[-119.08717,39.71863],[-119.09096,39.71743],[-119.09992,39.71826],[-119.10245,39.71712],[-119.10596,39.70973],[-119.10798,39.70887],[-119.11314,39.7086],[-119.12005,39.70311],[-119.12055,39.7016],[-119.11981,39.69813],[-119.12044,39.69632],[-119.12728,39.69085],[-119.12813,39.68934],[-119.12764,39.68591],[-119.12896,39.6843],[-119.13867,39.6786],[-119.1424,39.67828],[-119.14649,39.67963],[-119.14594,39.67628],[-119.15095,39.67502],[-119.15179,39.67119],[-119.15964,39.66736],[-119.16203,39.66385],[-119.16653,39.6644],[-119.16954,39.66109],[-119.1731,39.65937],[-119.18087,39.65349],[-119.18751,39.65071],[-119.18822,39.64911],[-119.18697,39.64457],[-119.18992,39.64243],[-119.19206,39.64198]],[[-119.15589,39.66917],[-119.15588,39.66918],[-119.15586,39.66922],[-119.15589,39.66917]]]},"properties":{"IncidentName":"Truckee","GISAcres":98954.26567184886,"FireCause":"Human","Year":2017}},{"type":"Feature","geometry":{"type":"Polygon","coordinates":[[[-119.67898,39.78211],[-119.67593,39.78663],[-119.67161,39.78784],[-119.66464,39.78695],[-119.6565,39.78413],[-119.65438,39.78237],[-119.65113,39.77679],[-119.64605,39.77294],[-119.64591,39.77139],[-119.64803,39.76749],[-119.64641,39.76396],[-119.64241,39.76082],[-119.63451,39.75877],[-119.63152,39.75723],[-119.62979,39.75539],[-119.62537,39.747],[-119.62158,39.74647],[-119.61522,39.75071],[-119.6065,39.75178],[-119.60413,39.75097],[-119.60263,39.74925],[-119.60261,39.74541],[-119.60789,39.74022],[-119.6146,39.73716],[-119.61769,39.73065],[-119.61965,39.72898],[-119.62959,39.72586],[-119.63425,39.72538],[-119.63662,39.72596],[-119.64115,39.72883],[-119.64217,39.73027],[-119.64137,39.73359],[-119.64257,39.73694],[-119.64242,39.7416],[-119.64429,39.74011],[-119.65096,39.74228],[-119.65251,39.74578],[-119.65724,39.74832],[-119.6559,39.75165],[-119.65835,39.75495],[-119.66014,39.75546],[-119.66336,39.75382],[-119.66878,39.75452],[-119.67322,39.75335],[-119.67697,39.75532],[-119.67866,39.76037],[-119.68373,39.76476],[-119.6855,39.76806],[-119.68357,39.77245],[-119.67888,39.77593],[-119.67898,39.78211]]]},"properties":{"IncidentName":"Winnemucca Ranch","GISAcres":4796.577407412621,"FireCause":"Natural","Year":2017}},{"type":"Feature","geometry":{"type":"MultiPolygon","coordinates":[[[[-119.92158,39.82333],[-119.92019,39.8196],[-119.92023,39.81839],[-119.9212,39.81793],[-119.92458,39.81961],[-119.92502,39.82099],[-119.92396,39.82178],[-119.92383,39.82483],[-119.9224,39.82476],[-119.92158,39.82333]]],[[[-119.92156,39.82331],[-119.92152,39.82335],[-119.92154,39.82327],[-119.92156,39.82331]]]]},"properties":{"IncidentName":"Dixie","GISAcres":50.688509709325835,"FireCause":"Natural","Year":2017}},{"type":"Feature","geometry":{"type":"Polygon","coordinates":[[[-119.62713,38.85223],[-119.62916,38.85549],[-119.62842,38.85983],[-119.63045,38.86273],[-119.62922,38.86365],[-119.62697,38.86289],[-119.62555,38.86477],[-119.6274,38.86711],[-119.62772,38.87392],[-119.62684,38.8741],[-119.62451,38.87242],[-119.62382,38.8728],[-119.62474,38.87518],[-119.61943,38.87516],[-119.61773,38.87744],[-119.61477,38.87682],[-119.61437,38.87612],[-119.61106,38.87601],[-119.60985,38.87691],[-119.60879,38.8767],[-119.60863,38.87773],[-119.60711,38.87829],[-119.60426,38.87786],[-119.60053,38.8796],[-119.59774,38.87878],[-119.59721,38.88222],[-119.59515,38.87986],[-119.5927,38.88107],[-119.58562,38.8808],[-119.58313,38.8824],[-119.58152,38.88072],[-119.58105,38.87819],[-119.58212,38.87757],[-119.58249,38.87585],[-119.58388,38.87509],[-119.58198,38.87153],[-119.57573,38.87144],[-119.57418,38.87552],[-119.57003,38.87736],[-119.56543,38.8774],[-119.56147,38.87602],[-119.55895,38.87281],[-119.55711,38.86856],[-119.5567,38.86728],[-119.55794,38.86348],[-119.55656,38.86096],[-119.55108,38.85716],[-119.54721,38.8532],[-119.5486,38.85158],[-119.55148,38.8517],[-119.56525,38.85928],[-119.568,38.85837],[-119.57007,38.85644],[-119.57565,38.85525],[-119.57807,38.8536],[-119.58102,38.8538],[-119.58392,38.85267],[-119.58397,38.85145],[-119.58232,38.84988],[-119.58221,38.84664],[-119.58009,38.84508],[-119.58317,38.84247],[-119.58178,38.83833],[-119.58508,38.83627],[-119.58392,38.83471],[-119.58566,38.83384],[-119.58435,38.83376],[-119.5849,38.83305],[-119.58417,38.82804],[-119.58602,38.82697],[-119.59209,38.82931],[-119.59708,38.8338],[-119.59971,38.83797],[-119.60107,38.84321],[-119.60328,38.84523],[-119.60382,38.84838],[-119.60504,38.84867],[-119.61003,38.84366],[-119.61374,38.84114],[-119.61535,38.84098],[-119.62089,38.84501],[-119.62061,38.84792],[-119.62713,38.85223]]]},"properties":{"IncidentName":"Preacher","GISAcres":5383.129966764345,"FireCause":"Natural","Year":2017}},{"type":"Feature","geometry":{"type":"MultiPolygon","coordinates":[[[[-119.86397,39.38429],[-119.86403,39.38511],[-119.86584,39.38587],[-119.86565,39.38722],[-119.86149,39.38685],[-119.86121,39.38291],[-119.86397,39.38429]]],[[[-119.86153,39.38448],[-119.8615,39.38447],[-119.86152,39.38445],[-119.86153,39.38448]]],[[[-119.86223,39.38336],[-119.8622,39.38335],[-119.8622,39.38333],[-119.86223,39.38336]]],[[[-119.86225,39.38338],[-119.86223,39.38336],[-119.86228,39.38338],[-119.86225,39.38338]]],[[[-119.86398,39.38428],[-119.86397,39.38429],[-119.86397,39.38426],[-119.86398,39.38428]]]]},"properties":{"IncidentName":"Whites","GISAcres":29.115756650939893,"FireCause":"Human","Year":2017}},{"type":"Feature","geometry":{"type":"Polygon","coordinates":[[[-119.68077,39.48143],[-119.68331,39.48118],[-119.68061,39.47906],[-119.68299,39.47825],[-119.68551,39.48097],[-119.68378,39.48254],[-119.68102,39.48245],[-119.68077,39.48143]]]},"properties":{"IncidentName":"Powerline","GISAcres":32.38335986958554,"FireCause":"Natural","Year":2017}},{"type":"Feature","geometry":{"type":"Polygon","coordinates":[[[-119.65988,39.50297],[-119.66139,39.50216],[-119.6596,39.50152],[-119.65753,39.5016],[-119.65412,39.50312],[-119.65279,39.50282],[-119.65243,39.50169],[-119.64923,39.50066],[-119.6485,39.4976],[-119.64944,39.49693],[-119.65235,39.50113],[-119.6565,39.4994],[-119.65701,39.49776],[-119.65981,39.49578],[-119.66465,39.49488],[-119.66321,39.49393],[-119.66541,39.49326],[-119.66704,39.49631],[-119.66583,39.49801],[-119.66799,39.49881],[-119.66561,39.50141],[-119.65988,39.50297]]]},"properties":{"IncidentName":"Canyon","GISAcres":191.5376544135888,"FireCause":"Natural","Year":2017}},{"type":"Feature","geometry":{"type":"MultiPolygon","coordinates":[[[[-119.64088,39.54538],[-119.64374,39.54439],[-119.64524,39.54113],[-119.64324,39.53505],[-119.64181,39.5334],[-119.63674,39.5319],[-119.63564,39.53065],[-119.63938,39.52953],[-119.64394,39.53154],[-119.64587,39.53378],[-119.64649,39.53355],[-119.64339,39.52699],[-119.64444,39.52577],[-119.64611,39.52914],[-119.64941,39.52675],[-119.64842,39.52836],[-119.65179,39.52924],[-119.65392,39.53182],[-119.65081,39.5341],[-119.65261,39.53567],[-119.65741,39.53443],[-119.65904,39.53264],[-119.65899,39.53158],[-119.66263,39.53374],[-119.66506,39.53315],[-119.66472,39.53616],[-119.66651,39.53859],[-119.67359,39.53837],[-119.67571,39.53712],[-119.67571,39.53612],[-119.67495,39.53411],[-119.67325,39.53288],[-119.67249,39.53026],[-119.68025,39.53308],[-119.68309,39.53519],[-119.6836,39.53746],[-119.68652,39.5391],[-119.6943,39.5405],[-119.69582,39.53927],[-119.69692,39.53997],[-119.69499,39.54216],[-119.69215,39.54274],[-119.69009,39.54512],[-119.68724,39.55284],[-119.6857,39.55482],[-119.68262,39.55697],[-119.67687,39.55608],[-119.67014,39.55923],[-119.67137,39.56208],[-119.67144,39.56302],[-119.67057,39.56344],[-119.66206,39.56334],[-119.65855,39.56146],[-119.65099,39.56105],[-119.6504,39.55798],[-119.64685,39.55548],[-119.64555,39.55194],[-119.64214,39.55049],[-119.64303,39.54898],[-119.64758,39.54987],[-119.6498,39.54966],[-119.64967,39.54915],[-119.64595,39.54855],[-119.64088,39.54538]]],[[[-119.64088,39.54538],[-119.63924,39.54539],[-119.63766,39.54443],[-119.64088,39.54538]]],[[[-119.63564,39.53065],[-119.63503,39.53225],[-119.63392,39.53263],[-119.63564,39.53065]]]]},"properties":{"IncidentName":"Prater","GISAcres":2698.3441408823255,"FireCause":"Natural","Year":2017}},{"type":"Feature","geometry":{"type":"Polygon","coordinates":[[[-119.69357,39.88923],[-119.69417,39.88853],[-119.69471,39.88903],[-119.69408,39.89109],[-119.69211,39.89203],[-119.69153,39.89097],[-119.69357,39.88923]]]},"properties":{"IncidentName":"Incandescent","GISAcres":14.750950200491364,"FireCause":"Natural","Year":2017}},{"type":"Feature","geometry":{"type":"Polygon","coordinates":[[[-119.77441,39.69889],[-119.77672,39.69403],[-119.78117,39.69486],[-119.77708,39.69845],[-119.77441,39.69889]]]},"properties":{"IncidentName":"Hungry Valley","GISAcres":42.040305508155285,"FireCause":"Human","Year":2017}},{"type":"Feature","geometry":{"type":"Polygon","coordinates":[[[-119.15546,39.2566],[-119.15411,39.25481],[-119.1542,39.254],[-119.15548,39.25357],[-119.15638,39.25475],[-119.15546,39.2566]]]},"properties":{"IncidentName":"Cleaver","GISAcres":10.361444210408866,"FireCause":"Natural","Year":2017}},{"type":"Feature","geometry":{"type":"Polygon","coordinates":[[[-119.76984,39.70513],[-119.77242,39.70287],[-119.77295,39.70337],[-119.77261,39.70454],[-119.77081,39.70581],[-119.7692,39.70608],[-119.76984,39.70513]]]},"properties":{"IncidentName":"RC","GISAcres":10.512123209449912,"FireCause":"Human","Year":2017}},{"type":"Feature","geometry":{"type":"Polygon","coordinates":[[[-119.61041,39.31155],[-119.60026,39.3106],[-119.60521,39.30764],[-119.609,39.30873],[-119.6113,39.30697],[-119.61775,39.30848],[-119.61886,39.308],[-119.62055,39.30941],[-119.61948,39.31112],[-119.62063,39.3126],[-119.62043,39.31351],[-119.61883,39.31555],[-119.61295,39.31187],[-119.61041,39.31155]]]},"properties":{"IncidentName":"Six Mile","GISAcres":184.71333842499234,"FireCause":"Human","Year":2017}},{"type":"Feature","geometry":{"type":"Polygon","coordinates":[[[-119.92249,39.77258],[-119.92358,39.77024],[-119.92554,39.76988],[-119.92729,39.76808],[-119.92898,39.76757],[-119.92867,39.77077],[-119.92134,39.77787],[-119.92092,39.7761],[-119.91981,39.77687],[-119.91978,39.77529],[-119.92249,39.77258]]]},"properties":{"IncidentName":"Argosy","GISAcres":76.36977658923254,"FireCause":"Natural","Year":2017}},{"type":"Feature","geometry":{"type":"Polygon","coordinates":[[[-119.7854,39.13232],[-119.78057,39.13264],[-119.77898,39.13431],[-119.77681,39.13479],[-119.77263,39.13294],[-119.77553,39.12978],[-119.77912,39.12795],[-119.78739,39.12994],[-119.78747,39.13145],[-119.7854,39.13232]]]},"properties":{"IncidentName":"Voltaire Canyon","GISAcres":133.9587176626903,"FireCause":"Natural","Year":2017}},{"type":"Feature","geometry":{"type":"Polygon","coordinates":[[[-119.29343,39.33913],[-119.29266,39.33744],[-119.29406,39.33569],[-119.29123,39.33636],[-119.28957,39.33461],[-119.29092,39.33423],[-119.29105,39.33275],[-119.28965,39.33142],[-119.29286,39.33368],[-119.29006,39.32625],[-119.29289,39.32744],[-119.29339,39.32511],[-119.29584,39.32642],[-119.29539,39.32331],[-119.29693,39.32312],[-119.29698,39.32159],[-119.2981,39.32046],[-119.29663,39.31952],[-119.29468,39.31999],[-119.29522,39.31902],[-119.29314,39.31959],[-119.29141,39.31725],[-119.29296,39.3166],[-119.29165,39.31621],[-119.29358,39.31412],[-119.29117,39.31158],[-119.2876,39.3126],[-119.28639,39.31007],[-119.28704,39.30883],[-119.2882,39.30974],[-119.29052,39.30797],[-119.29125,39.30805],[-119.292,39.3103],[-119.29325,39.30977],[-119.29498,39.31029],[-119.29764,39.30847],[-119.30019,39.30432],[-119.2955,39.30201],[-119.29775,39.29946],[-119.29679,39.29764],[-119.30045,39.29954],[-119.29962,39.30168],[-119.30047,39.30275],[-119.30179,39.30036],[-119.30608,39.29929],[-119.30804,39.30157],[-119.3089,39.3069],[-119.31169,39.3071],[-119.31236,39.30821],[-119.31123,39.31275],[-119.31198,39.31405],[-119.31154,39.31528],[-119.31297,39.31617],[-119.31364,39.32306],[-119.3122,39.3257],[-119.31321,39.32639],[-119.31566,39.32547],[-119.3164,39.32844],[-119.31417,39.33349],[-119.31135,39.3325],[-119.30113,39.33638],[-119.29624,39.33492],[-119.29664,39.33634],[-119.29462,39.33718],[-119.29343,39.33913]]]},"properties":{"IncidentName":"Micro","GISAcres":1549.2108758273885,"FireCause":"Natural","Year":2017}},{"type":"Feature","geometry":{"type":"Polygon","coordinates":[[[-119.43171,39.12182],[-119.42912,39.11935],[-119.42752,39.11543],[-119.428,39.1147],[-119.43103,39.11576],[-119.43148,39.1149],[-119.42819,39.11143],[-119.42886,39.10726],[-119.42793,39.10312],[-119.42645,39.10335],[-119.42772,39.09982],[-119.42674,39.09685],[-119.42536,39.09626],[-119.42647,39.09519],[-119.42583,39.09366],[-119.4285,39.09421],[-119.4303,39.09265],[-119.43138,39.09039],[-119.43041,39.08756],[-119.43373,39.0855],[-119.43039,39.08425],[-119.43049,39.08347],[-119.43382,39.08318],[-119.4355,39.08461],[-119.43529,39.08559],[-119.43951,39.08888],[-119.44163,39.08768],[-119.44112,39.08424],[-119.44175,39.08345],[-119.44449,39.08964],[-119.44306,39.09319],[-119.44311,39.09594],[-119.44465,39.09558],[-119.44451,39.09442],[-119.44812,39.09455],[-119.44738,39.09368],[-119.44858,39.09175],[-119.44625,39.09097],[-119.44617,39.09003],[-119.45331,39.09054],[-119.45597,39.09212],[-119.4568,39.09402],[-119.45948,39.09532],[-119.46033,39.09841],[-119.4572,39.101],[-119.45333,39.10065],[-119.45383,39.10361],[-119.45507,39.10521],[-119.451,39.10629],[-119.45143,39.10876],[-119.44988,39.11244],[-119.44719,39.11171],[-119.44589,39.10768],[-119.44409,39.10572],[-119.44326,39.10634],[-119.44515,39.10936],[-119.4448,39.11075],[-119.44157,39.10828],[-119.4387,39.10772],[-119.44147,39.11129],[-119.43756,39.11164],[-119.43687,39.1143],[-119.44025,39.11725],[-119.44245,39.11601],[-119.44332,39.11628],[-119.44331,39.11706],[-119.44105,39.11987],[-119.43798,39.12137],[-119.43427,39.12073],[-119.43297,39.11852],[-119.43168,39.11817],[-119.43086,39.1186],[-119.43171,39.12182]]]},"properties":{"IncidentName":"Lyons","GISAcres":1625.8911682301166,"FireCause":"Natural","Year":2017}},{"type":"Feature","geometry":{"type":"MultiPolygon","coordinates":[[[[-119.67342,39.51736],[-119.67578,39.51927],[-119.67852,39.51922],[-119.67982,39.51998],[-119.68443,39.51938],[-119.6875,39.52202],[-119.69716,39.52707],[-119.68982,39.5294],[-119.68555,39.53228],[-119.67934,39.53137],[-119.67864,39.53061],[-119.68044,39.52991],[-119.67858,39.52809],[-119.67905,39.52727],[-119.67601,39.52673],[-119.67577,39.5257],[-119.67421,39.52466],[-119.67401,39.52266],[-119.67237,39.52331],[-119.66647,39.52229],[-119.66749,39.52044],[-119.6657,39.51963],[-119.66531,39.51769],[-119.67147,39.51789],[-119.67181,39.51663],[-119.67342,39.51736]]],[[[-119.67341,39.51734],[-119.67319,39.51713],[-119.67315,39.51654],[-119.67341,39.51734]]]]},"properties":{"IncidentName":"I-80","GISAcres":521.3552810770765,"FireCause":"Natural","Year":2017}},{"type":"Feature","geometry":{"type":"Polygon","coordinates":[[[-119.58401,39.89962],[-119.59126,39.90037],[-119.59984,39.9042],[-119.60313,39.90455],[-119.61005,39.90041],[-119.61249,39.90134],[-119.6149,39.90062],[-119.61847,39.90272],[-119.61946,39.90688],[-119.62268,39.91183],[-119.62444,39.91282],[-119.62383,39.9134],[-119.61789,39.91115],[-119.61704,39.91234],[-119.61732,39.91385],[-119.61535,39.91464],[-119.61521,39.91746],[-119.6129,39.91833],[-119.6142,39.91598],[-119.6114,39.91824],[-119.60846,39.91833],[-119.60718,39.9177],[-119.60599,39.91333],[-119.60279,39.91534],[-119.60097,39.91532],[-119.59785,39.91341],[-119.59692,39.91173],[-119.59052,39.90894],[-119.58683,39.90865],[-119.58375,39.90291],[-119.58401,39.89962]]]},"properties":{"IncidentName":"Needle 2","GISAcres":969.883950758581,"FireCause":"Natural","Year":2017}},{"type":"Feature","geometry":{"type":"Polygon","coordinates":[[[-119.8582,39.8538],[-119.85984,39.85291],[-119.85814,39.85555],[-119.85855,39.856],[-119.85965,39.85488],[-119.86066,39.85587],[-119.86018,39.85794],[-119.85861,39.8592],[-119.8593,39.85978],[-119.85885,39.86084],[-119.85793,39.85994],[-119.85613,39.8608],[-119.85352,39.85975],[-119.85288,39.85867],[-119.8541,39.85531],[-119.85771,39.85307],[-119.8582,39.8538]]]},"properties":{"IncidentName":"Bird springs","GISAcres":91.16012146711198,"FireCause":"Natural","Year":2017}},{"type":"Feature","geometry":{"type":"Polygon","coordinates":[[[-119.25255,40.23863],[-119.24911,40.24043],[-119.24557,40.23986],[-119.24647,40.23892],[-119.25075,40.23788],[-119.25108,40.23848],[-119.25298,40.23718],[-119.25255,40.23863]]]},"properties":{"IncidentName":"Coyote","GISAcres":27.536681950066335,"FireCause":"Human","Year":2017}},{"type":"Feature","geometry":{"type":"Polygon","coordinates":[[[-119.43377,40.11411],[-119.43237,40.11309],[-119.43051,40.10954],[-119.43051,40.10683],[-119.4322,40.1048],[-119.43694,40.10176],[-119.44266,40.10088],[-119.44658,40.10345],[-119.45329,40.10521],[-119.45419,40.1048],[-119.45672,40.10599],[-119.45774,40.10734],[-119.45554,40.11123],[-119.45266,40.11258],[-119.4525,40.11393],[-119.45368,40.11613],[-119.45452,40.12171],[-119.453,40.12307],[-119.45385,40.12476],[-119.45655,40.12628],[-119.45486,40.13662],[-119.45637,40.13751],[-119.45402,40.1415],[-119.45871,40.14077],[-119.45721,40.14238],[-119.45764,40.1502],[-119.45677,40.15281],[-119.45735,40.15382],[-119.45837,40.15382],[-119.45938,40.15701],[-119.45837,40.15788],[-119.45909,40.16339],[-119.45838,40.16634],[-119.46011,40.16793],[-119.4634,40.16795],[-119.46362,40.16873],[-119.45733,40.16844],[-119.45895,40.1715],[-119.45779,40.17382],[-119.4575,40.17729],[-119.45895,40.17686],[-119.47373,40.17976],[-119.47367,40.18303],[-119.47515,40.18596],[-119.47406,40.19181],[-119.47076,40.19725],[-119.4705,40.20308],[-119.46849,40.20824],[-119.46924,40.21004],[-119.47241,40.21305],[-119.47677,40.21322],[-119.47778,40.21308],[-119.47836,40.21047],[-119.47981,40.20989],[-119.48024,40.21308],[-119.48256,40.21337],[-119.48662,40.2125],[-119.48908,40.21076],[-119.49024,40.21076],[-119.49039,40.21192],[-119.48879,40.21279],[-119.49328,40.21322],[-119.50473,40.20902],[-119.5127,40.21062],[-119.5127,40.21192],[-119.51053,40.21395],[-119.51081,40.21583],[-119.51386,40.21496],[-119.51444,40.21598],[-119.51328,40.21873],[-119.51444,40.21873],[-119.5156,40.22293],[-119.51382,40.22471],[-119.51226,40.22916],[-119.51878,40.22626],[-119.52154,40.22699],[-119.52139,40.22902],[-119.51733,40.23105],[-119.514,40.23409],[-119.51647,40.24061],[-119.52516,40.24017],[-119.52748,40.2409],[-119.52864,40.24191],[-119.52921,40.24394],[-119.52777,40.2451],[-119.52733,40.24727],[-119.52806,40.24973],[-119.53081,40.25002],[-119.53602,40.24829],[-119.53834,40.24858],[-119.54081,40.25046],[-119.54399,40.25481],[-119.54544,40.25567],[-119.55022,40.2635],[-119.55471,40.2664],[-119.555,40.27219],[-119.55427,40.2734],[-119.55777,40.27265],[-119.55873,40.27384],[-119.55792,40.27553],[-119.55901,40.28017],[-119.56294,40.28335],[-119.56156,40.28484],[-119.55954,40.29026],[-119.55954,40.29376],[-119.5622,40.29759],[-119.5622,40.3029],[-119.56623,40.30789],[-119.5657,40.30853],[-119.56358,40.30821],[-119.56294,40.31129],[-119.56336,40.31363],[-119.55837,40.31511],[-119.55646,40.31469],[-119.55508,40.31384],[-119.55625,40.31108],[-119.54817,40.31012],[-119.54424,40.3115],[-119.54297,40.31458],[-119.53978,40.31564],[-119.53946,40.31437],[-119.54127,40.31278],[-119.53872,40.31054],[-119.5384,40.30959],[-119.53989,40.30863],[-119.53802,40.30727],[-119.53171,40.31278],[-119.52672,40.31299],[-119.5178,40.30608],[-119.51704,40.30696],[-119.51574,40.30682],[-119.51573,40.30409],[-119.51122,40.30246],[-119.50784,40.30418],[-119.50755,40.30538],[-119.50614,40.30633],[-119.50446,40.30661],[-119.50218,40.30959],[-119.49889,40.30882],[-119.49634,40.31161],[-119.49517,40.31182],[-119.49368,40.31076],[-119.49502,40.30639],[-119.49282,40.30446],[-119.48975,40.3063],[-119.48561,40.30672],[-119.4854,40.30205],[-119.48398,40.29628],[-119.47988,40.29617],[-119.47881,40.29334],[-119.47648,40.29247],[-119.47373,40.2961],[-119.47257,40.30001],[-119.46981,40.30291],[-119.46156,40.3045],[-119.45665,40.3042],[-119.45202,40.30577],[-119.45096,40.30714],[-119.45156,40.30867],[-119.45755,40.31187],[-119.45989,40.3147],[-119.45986,40.31619],[-119.45789,40.31857],[-119.45892,40.32223],[-119.44635,40.32787],[-119.44578,40.33069],[-119.44348,40.33217],[-119.44362,40.33309],[-119.4451,40.33343],[-119.44997,40.33248],[-119.45036,40.33322],[-119.44713,40.33689],[-119.44607,40.34158],[-119.44669,40.34228],[-119.44935,40.34205],[-119.44949,40.34443],[-119.44582,40.34977],[-119.44329,40.34873],[-119.44141,40.34655],[-119.44001,40.34751],[-119.43952,40.35516],[-119.43843,40.35595],[-119.43703,40.35569],[-119.43676,40.35288],[-119.43512,40.35248],[-119.43439,40.35138],[-119.43424,40.34994],[-119.43603,40.34767],[-119.43559,40.34697],[-119.42106,40.34851],[-119.4158,40.3498],[-119.4093,40.35335],[-119.40098,40.36111],[-119.3954,40.36806],[-119.39018,40.37052],[-119.38619,40.38062],[-119.38379,40.38381],[-119.37736,40.38499],[-119.3786,40.38295],[-119.38154,40.38075],[-119.3809,40.37984],[-119.37754,40.37967],[-119.37412,40.38137],[-119.37333,40.38106],[-119.37362,40.38006],[-119.38004,40.37749],[-119.38005,40.37627],[-119.37883,40.37553],[-119.37324,40.37654],[-119.36722,40.38147],[-119.36085,40.38269],[-119.36028,40.38405],[-119.36113,40.38999],[-119.36014,40.39134],[-119.36208,40.39295],[-119.36235,40.39411],[-119.3602,40.39806],[-119.36007,40.40093],[-119.36094,40.40353],[-119.35581,40.40941],[-119.35259,40.41051],[-119.3558,40.41213],[-119.35543,40.41299],[-119.35283,40.41457],[-119.35063,40.41406],[-119.35031,40.416],[-119.34841,40.41674],[-119.34737,40.41853],[-119.34578,40.41904],[-119.34238,40.41842],[-119.34088,40.42049],[-119.33924,40.42074],[-119.33407,40.42028],[-119.33391,40.40464],[-119.33297,40.40124],[-119.31648,40.40196],[-119.29682,40.40524],[-119.29129,40.40823],[-119.29148,40.41412],[-119.29284,40.41588],[-119.29388,40.41973],[-119.29854,40.42311],[-119.29968,40.42597],[-119.29345,40.42619],[-119.28924,40.42866],[-119.28283,40.4274],[-119.27978,40.42567],[-119.27516,40.42671],[-119.26516,40.4342],[-119.26271,40.43812],[-119.26384,40.44004],[-119.26072,40.44017],[-119.26022,40.44199],[-119.2581,40.44203],[-119.25732,40.44295],[-119.25768,40.4438],[-119.25511,40.4453],[-119.25271,40.44943],[-119.25022,40.4508],[-119.24296,40.44407],[-119.24056,40.43691],[-119.22854,40.43568],[-119.22248,40.43235],[-119.21974,40.42981],[-119.21798,40.42257],[-119.21642,40.41954],[-119.21779,40.41582],[-119.22022,40.41514],[-119.22027,40.41435],[-119.22393,40.41462],[-119.22464,40.41581],[-119.22402,40.41662],[-119.23229,40.4161],[-119.23229,40.4151],[-119.22769,40.4111],[-119.22709,40.4097],[-119.22989,40.4097],[-119.23209,40.4113],[-119.23409,40.4105],[-119.23409,40.4017],[-119.23503,40.40143],[-119.23625,40.39891],[-119.24126,40.3952],[-119.23792,40.39295],[-119.23704,40.39147],[-119.23718,40.38541],[-119.23545,40.38103],[-119.23169,40.37783],[-119.22128,40.37731],[-119.21868,40.37869],[-119.21488,40.37829],[-119.21208,40.37889],[-119.20708,40.37789],[-119.19768,40.37429],[-119.19248,40.37349],[-119.18968,40.36889],[-119.18988,40.36428],[-119.18888,40.36148],[-119.18547,40.36148],[-119.18307,40.35708],[-119.18988,40.35268],[-119.19128,40.34948],[-119.19528,40.34568],[-119.19668,40.34048],[-119.19588,40.33868],[-119.19628,40.33568],[-119.20208,40.33407],[-119.20648,40.33087],[-119.20288,40.33047],[-119.20228,40.32887],[-119.20268,40.32427],[-119.20408,40.32167],[-119.20788,40.32167],[-119.21248,40.31987],[-119.21668,40.31487],[-119.22029,40.30827],[-119.23589,40.29766],[-119.23809,40.29766],[-119.24109,40.29966],[-119.24249,40.30466],[-119.24409,40.30615],[-119.24713,40.30551],[-119.24785,40.30363],[-119.25539,40.29798],[-119.26017,40.29885],[-119.26307,40.29494],[-119.26669,40.29639],[-119.26872,40.29479],[-119.27133,40.29581],[-119.27017,40.2987],[-119.2677,40.30175],[-119.26611,40.30667],[-119.26741,40.32058],[-119.26857,40.32218],[-119.27075,40.32073],[-119.27002,40.32565],[-119.27104,40.32725],[-119.27393,40.32638],[-119.2764,40.32667],[-119.27698,40.33],[-119.28103,40.33072],[-119.28205,40.33217],[-119.28205,40.33652],[-119.28055,40.3425],[-119.28243,40.34182],[-119.28368,40.34233],[-119.28566,40.34766],[-119.28496,40.34893],[-119.28167,40.35041],[-119.28107,40.35145],[-119.28151,40.35484],[-119.28021,40.36735],[-119.29618,40.36873],[-119.32358,40.35744],[-119.31439,40.34672],[-119.31441,40.34454],[-119.31642,40.34088],[-119.31828,40.34036],[-119.32172,40.34117],[-119.32531,40.34027],[-119.33106,40.34277],[-119.33679,40.32853],[-119.34204,40.32767],[-119.34367,40.32651],[-119.34656,40.32111],[-119.34942,40.31798],[-119.35129,40.31699],[-119.35733,40.3168],[-119.36106,40.31502],[-119.36185,40.30946],[-119.36624,40.30615],[-119.36765,40.30064],[-119.3666,40.29878],[-119.35929,40.29218],[-119.35959,40.29049],[-119.36504,40.28912],[-119.37015,40.28349],[-119.38109,40.2816],[-119.38138,40.28022],[-119.38039,40.27877],[-119.37384,40.276],[-119.37356,40.27424],[-119.37748,40.26705],[-119.37952,40.26132],[-119.37789,40.25348],[-119.38325,40.24486],[-119.38296,40.24319],[-119.38156,40.24185],[-119.38157,40.24032],[-119.38458,40.23616],[-119.3861,40.23556],[-119.39087,40.2358],[-119.39151,40.23457],[-119.39134,40.23316],[-119.3899,40.23213],[-119.38573,40.23132],[-119.38462,40.23039],[-119.38424,40.22728],[-119.38727,40.21786],[-119.38846,40.21704],[-119.38824,40.21482],[-119.39056,40.21351],[-119.39636,40.20656],[-119.39447,40.19584],[-119.3923,40.19251],[-119.39056,40.19135],[-119.39027,40.1883],[-119.39505,40.1883],[-119.39549,40.18555],[-119.39375,40.18381],[-119.39433,40.18207],[-119.39665,40.18092],[-119.39911,40.18135],[-119.40157,40.18063],[-119.40331,40.17744],[-119.40273,40.17541],[-119.3994,40.17556],[-119.39781,40.17353],[-119.39801,40.17055],[-119.39412,40.17264],[-119.3942,40.17424],[-119.39606,40.17459],[-119.39668,40.17561],[-119.39414,40.17494],[-119.39316,40.17271],[-119.39639,40.17021],[-119.39808,40.16988],[-119.3994,40.16657],[-119.40418,40.16133],[-119.40069,40.162],[-119.39724,40.16114],[-119.39659,40.16235],[-119.39775,40.16421],[-119.39711,40.16644],[-119.39627,40.16648],[-119.39544,40.16571],[-119.39608,40.1636],[-119.39482,40.1628],[-119.39463,40.16048],[-119.38736,40.15584],[-119.38851,40.15513],[-119.39506,40.15942],[-119.39939,40.16048],[-119.39963,40.15859],[-119.4014,40.15762],[-119.40128,40.15605],[-119.40342,40.154],[-119.40559,40.14923],[-119.40922,40.1454],[-119.41327,40.14319],[-119.41344,40.14031],[-119.41462,40.13879],[-119.41902,40.13541],[-119.42274,40.13439],[-119.4251,40.12915],[-119.43119,40.12391],[-119.43542,40.11732],[-119.43542,40.11532],[-119.43377,40.11411]]]},"properties":{"IncidentName":"Tohakum 2","GISAcres":94200.90328624586,"FireCause":"Natural","Year":2017}},{"type":"Feature","geometry":{"type":"Polygon","coordinates":[[[-119.88441,39.95203],[-119.88532,39.95368],[-119.8832,39.95278],[-119.8837,39.95049],[-119.8831,39.94923],[-119.88533,39.95076],[-119.88412,39.95095],[-119.88441,39.95203]]]},"properties":{"IncidentName":"Wildcat","GISAcres":10.467003063347098,"FireCause":"Natural","Year":2017}},{"type":"Feature","geometry":{"type":"MultiPolygon","coordinates":[[[[-119.99909,39.97715],[-120.00011,39.97783],[-119.99991,39.98032],[-120.00179,39.97975],[-120.00194,39.98077],[-120.0001,39.98213],[-119.99951,39.98365],[-119.99659,39.98395],[-119.99867,39.98102],[-119.99579,39.98118],[-119.99637,39.97903],[-119.99909,39.97715]]],[[[-119.99637,39.97912],[-119.99638,39.97917],[-119.99632,39.97921],[-119.99637,39.97912]]]]},"properties":{"IncidentName":"Dry valley","GISAcres":51.23803065487667,"FireCause":"Natural","Year":2017}},{"type":"Feature","geometry":{"type":"Polygon","coordinates":[[[-119.59908,38.83509],[-119.59842,38.83567],[-119.59209,38.82931],[-119.58646,38.82704],[-119.58422,38.82775],[-119.58403,38.83015],[-119.58184,38.82919],[-119.57528,38.83067],[-119.5698,38.82679],[-119.56841,38.82218],[-119.57421,38.81925],[-119.5739,38.8142],[-119.57919,38.81023],[-119.58114,38.80961],[-119.58417,38.80997],[-119.58497,38.80764],[-119.59343,38.80505],[-119.59479,38.80533],[-119.59632,38.80644],[-119.59709,38.80839],[-119.5975,38.81468],[-119.60614,38.81672],[-119.61008,38.82326],[-119.6085,38.82457],[-119.60596,38.82333],[-119.60304,38.82414],[-119.60322,38.82482],[-119.60557,38.82453],[-119.60673,38.82629],[-119.60812,38.82688],[-119.60764,38.82999],[-119.60693,38.83035],[-119.60389,38.82911],[-119.60011,38.8296],[-119.60007,38.83038],[-119.60272,38.83221],[-119.60335,38.83442],[-119.59908,38.83509]]]},"properties":{"IncidentName":"Cutter","GISAcres":1662.1457022504776,"FireCause":"Human","Year":2017}},{"type":"Feature","geometry":{"type":"Polygon","coordinates":[[[-119.69974,39.06312],[-119.69802,39.0631],[-119.69604,39.06038],[-119.69974,39.06312]]]},"properties":{"IncidentName":"Stephanie","GISAcres":10.378818664907223,"FireCause":"Human","Year":2017}},{"type":"Feature","geometry":{"type":"Polygon","coordinates":[[[-119.7532,39.80112],[-119.75537,39.8026],[-119.75755,39.80153],[-119.76158,39.80322],[-119.76341,39.80581],[-119.76873,39.80404],[-119.76924,39.8052],[-119.76872,39.80787],[-119.76706,39.80971],[-119.76556,39.80925],[-119.76353,39.81109],[-119.76081,39.81048],[-119.75196,39.81304],[-119.74513,39.81161],[-119.74245,39.81025],[-119.73685,39.81025],[-119.73227,39.8116],[-119.7312,39.81111],[-119.7339,39.80689],[-119.73649,39.80471],[-119.7351,39.80371],[-119.73028,39.80301],[-119.73058,39.80149],[-119.73268,39.7997],[-119.7516,39.79735],[-119.75252,39.80087],[-119.7532,39.80112]]]},"properties":{"IncidentName":"Warm Springs","GISAcres":885.0397820287137,"FireCause":"Human","Year":2017}},{"type":"Feature","geometry":{"type":"Polygon","coordinates":[[[-119.60637,38.84933],[-119.60459,38.84918],[-119.60331,38.84451],[-119.59981,38.84343],[-119.59997,38.84243],[-119.60113,38.84197],[-119.599,38.83792],[-119.60125,38.83759],[-119.60478,38.83856],[-119.60623,38.84026],[-119.60815,38.84074],[-119.60909,38.84369],[-119.60675,38.84639],[-119.60637,38.84933]]]},"properties":{"IncidentName":"Holiday","GISAcres":143.77267605165787,"FireCause":"Human","Year":2017}},{"type":"Feature","geometry":{"type":"MultiPolygon","coordinates":[[[[-119.36754,39.91659],[-119.36801,39.91797],[-119.3674,39.91851],[-119.36614,39.91782],[-119.36711,39.91674],[-119.36454,39.91572],[-119.36315,39.91596],[-119.3643,39.91662],[-119.35912,39.91597],[-119.35919,39.91712],[-119.36059,39.91754],[-119.35913,39.91736],[-119.3596,39.91774],[-119.35873,39.91852],[-119.35665,39.91853],[-119.35444,39.92012],[-119.35369,39.9191],[-119.35444,39.91741],[-119.35646,39.91647],[-119.35729,39.91763],[-119.35765,39.91678],[-119.35645,39.91514],[-119.35577,39.91492],[-119.35575,39.91591],[-119.35547,39.91447],[-119.35337,39.91339],[-119.3592,39.91401],[-119.36201,39.91381],[-119.36119,39.91295],[-119.36236,39.91286],[-119.36254,39.91365],[-119.36822,39.91264],[-119.36869,39.91288],[-119.36756,39.91349],[-119.3639,39.9141],[-119.36508,39.91566],[-119.36577,39.91486],[-119.36618,39.91563],[-119.36857,39.91586],[-119.36754,39.91659]]],[[[-119.36754,39.91659],[-119.36754,39.91659],[-119.36755,39.91659],[-119.36754,39.91659]]]]},"properties":{"IncidentName":"Transfer","GISAcres":93.81225375562963,"FireCause":"Natural","Year":2017}},{"type":"Feature","geometry":{"type":"Polygon","coordinates":[[[-119.27565,39.5716],[-119.27538,39.57228],[-119.2742,39.57278],[-119.27565,39.5716]]]},"properties":{"IncidentName":"Gas Line","GISAcres":1.1329512943642244,"FireCause":"Human","Year":2018}},{"type":"Feature","geometry":{"type":"Polygon","coordinates":[[[-119.43971,39.29145],[-119.44197,39.29635],[-119.44045,39.29975],[-119.43664,39.30125],[-119.43488,39.30688],[-119.43287,39.30881],[-119.43095,39.31849],[-119.42926,39.31964],[-119.42446,39.31831],[-119.42047,39.31976],[-119.41868,39.31784],[-119.41402,39.31723],[-119.41124,39.3194],[-119.40562,39.31837],[-119.402,39.31972],[-119.39914,39.31959],[-119.39735,39.31815],[-119.39675,39.31623],[-119.39818,39.31306],[-119.40043,39.31068],[-119.40065,39.30868],[-119.3965,39.30596],[-119.39511,39.30397],[-119.39984,39.2998],[-119.40083,39.29789],[-119.39533,39.29834],[-119.39257,39.30008],[-119.39026,39.30019],[-119.38767,39.29922],[-119.38872,39.29583],[-119.3868,39.29405],[-119.38463,39.29369],[-119.38243,39.29638],[-119.38052,39.29485],[-119.38256,39.29144],[-119.38738,39.28754],[-119.39091,39.28212],[-119.39496,39.27982],[-119.40201,39.28108],[-119.41029,39.28798],[-119.41266,39.28785],[-119.41527,39.28623],[-119.42358,39.28683],[-119.4304,39.28898],[-119.43615,39.28955],[-119.43971,39.29145]]]},"properties":{"IncidentName":"Chaves","GISAcres":3437.2760125839704,"FireCause":"Human","Year":2018}},{"type":"Feature","geometry":{"type":"Polygon","coordinates":[[[-119.5406,39.91263],[-119.53828,39.91028],[-119.53898,39.90824],[-119.54089,39.90856],[-119.54247,39.9116],[-119.54205,39.91285],[-119.5406,39.91263]]]},"properties":{"IncidentName":"Tamarack","GISAcres":26.62365163004064,"FireCause":"Human","Year":2018}},{"type":"Feature","geometry":{"type":"Polygon","coordinates":[[[-119.23489,39.46298],[-119.23183,39.46194],[-119.2297,39.4633],[-119.22698,39.46222],[-119.22592,39.45865],[-119.22804,39.45646],[-119.23248,39.45622],[-119.23433,39.45436],[-119.23586,39.45406],[-119.23989,39.45604],[-119.24231,39.45604],[-119.24524,39.45943],[-119.24515,39.46045],[-119.24404,39.4611],[-119.24492,39.46187],[-119.24407,39.46299],[-119.23946,39.46396],[-119.23489,39.46298]]]},"properties":{"IncidentName":"Piper","GISAcres":313.59214385871013,"FireCause":"Human","Year":2018}},{"type":"Feature","geometry":{"type":"Polygon","coordinates":[[[-119.80403,39.13343],[-119.80042,39.13371],[-119.79779,39.13548],[-119.79509,39.13581],[-119.79406,39.13675],[-119.79394,39.14003],[-119.79055,39.14164],[-119.78493,39.14084],[-119.78368,39.13956],[-119.77877,39.13975],[-119.77676,39.13608],[-119.77698,39.13473],[-119.78068,39.13261],[-119.78665,39.13172],[-119.78897,39.12762],[-119.79451,39.1293],[-119.79543,39.12817],[-119.79521,39.12515],[-119.79583,39.12507],[-119.79929,39.12976],[-119.80447,39.1317],[-119.80484,39.13237],[-119.80403,39.13343]]]},"properties":{"IncidentName":"Voltaire","GISAcres":517.0906997659047,"FireCause":"Human","Year":2018}},{"type":"Feature","geometry":{"type":"Polygon","coordinates":[[[-119.3594,39.8238],[-119.35819,39.82382],[-119.35814,39.82273],[-119.3594,39.8238]]]},"properties":{"IncidentName":"Nixon","GISAcres":2.085346334032472,"FireCause":"Human","Year":2018}},{"type":"Feature","geometry":{"type":"Polygon","coordinates":[[[-119.04734,39.38978],[-119.04545,39.39011],[-119.04415,39.38947],[-119.04583,39.38875],[-119.04567,39.38685],[-119.04784,39.38741],[-119.04734,39.38978]]]},"properties":{"IncidentName":"Lahontan Dam","GISAcres":13.23590462693305,"FireCause":"Human","Year":2018}},{"type":"Feature","geometry":{"type":"Polygon","coordinates":[[[-119.41574,38.82484],[-119.41465,38.82829],[-119.41247,38.82954],[-119.40815,38.82921],[-119.40468,38.82666],[-119.40368,38.82362],[-119.40373,38.81669],[-119.40265,38.81336],[-119.39844,38.80485],[-119.39539,38.80083],[-119.39535,38.7986],[-119.39699,38.79692],[-119.40053,38.79689],[-119.40275,38.79936],[-119.40666,38.80133],[-119.41065,38.80497],[-119.41981,38.80533],[-119.42514,38.80834],[-119.42662,38.81173],[-119.42445,38.81328],[-119.42312,38.81626],[-119.41797,38.82088],[-119.41568,38.82385],[-119.41574,38.82484]]]},"properties":{"IncidentName":"Upper Colony","GISAcres":1201.0955342704083,"FireCause":"Human","Year":2018}},{"type":"Feature","geometry":{"type":"Polygon","coordinates":[[[-120.00517,39.67852],[-120.00437,39.67724],[-120.00512,39.67767],[-120.00517,39.67852]]]},"properties":{"IncidentName":"Stateline ","GISAcres":1.0500642859395721,"FireCause":"Human","Year":2018}},{"type":"Feature","geometry":{"type":"MultiPolygon","coordinates":[[[[-119.34483,39.5473],[-119.3457,39.54748],[-119.34469,39.54835],[-119.34509,39.54922],[-119.34225,39.55119],[-119.34086,39.5507],[-119.34003,39.55174],[-119.3386,39.551],[-119.33748,39.55156],[-119.33631,39.54969],[-119.33697,39.54889],[-119.34013,39.5494],[-119.343,39.54792],[-119.34236,39.54879],[-119.34307,39.549],[-119.34367,39.5476],[-119.34483,39.5473]]],[[[-119.34486,39.54731],[-119.34483,39.5473],[-119.34486,39.54733],[-119.34486,39.54731]]]]},"properties":{"IncidentName":"Eagle","GISAcres":43.695192044144626,"FireCause":"Human","Year":2018}},{"type":"Feature","geometry":{"type":"MultiPolygon","coordinates":[[[[-119.59072,39.24627],[-119.59002,39.24709],[-119.5889,39.24691],[-119.58884,39.2447],[-119.59097,39.24521],[-119.5902,39.24595],[-119.59072,39.24627]]],[[[-119.59073,39.24623],[-119.59076,39.24624],[-119.59072,39.24627],[-119.59073,39.24623]]],[[[-119.59049,39.24508],[-119.59048,39.2451],[-119.59046,39.24509],[-119.59049,39.24508]]]]},"properties":{"IncidentName":"Gold Ranch","GISAcres":8.216044529923645,"FireCause":"Human","Year":2018}},{"type":"Feature","geometry":{"type":"Polygon","coordinates":[[[-119.67398,39.51494],[-119.67359,39.51639],[-119.67204,39.51727],[-119.67214,39.51958],[-119.67004,39.52004],[-119.66747,39.5185],[-119.66599,39.51905],[-119.66451,39.51726],[-119.66534,39.51713],[-119.6657,39.51574],[-119.66492,39.51253],[-119.66422,39.51306],[-119.66387,39.51228],[-119.66498,39.51105],[-119.66627,39.5112],[-119.67281,39.51344],[-119.67398,39.51494]]]},"properties":{"IncidentName":"I-80","GISAcres":134.3170245030781,"FireCause":"Human","Year":2018}},{"type":"Feature","geometry":{"type":"Polygon","coordinates":[[[-119.88684,39.44925],[-119.88525,39.44789],[-119.88208,39.44695],[-119.88187,39.4454],[-119.88827,39.44548],[-119.89036,39.44477],[-119.89205,39.4456],[-119.89184,39.44693],[-119.88797,39.44814],[-119.88684,39.44925]]]},"properties":{"IncidentName":"Evans","GISAcres":62.86553490330307,"FireCause":"Human","Year":2018}},{"type":"Feature","geometry":{"type":"Polygon","coordinates":[[[-119.75251,39.82658],[-119.75145,39.82552],[-119.75244,39.82658],[-119.75226,39.82554],[-119.75303,39.82564],[-119.75389,39.82685],[-119.75358,39.82776],[-119.75251,39.82658]]]},"properties":{"IncidentName":"Big Wash ","GISAcres":4.781184600385925,"FireCause":"Human","Year":2018}},{"type":"Feature","geometry":{"type":"Polygon","coordinates":[[[-119.81921,39.05633],[-119.82284,39.05377],[-119.82632,39.05469],[-119.8297,39.05366],[-119.83033,39.05271],[-119.82943,39.05233],[-119.82964,39.05153],[-119.83234,39.05397],[-119.8324,39.05581],[-119.83357,39.05764],[-119.83215,39.06091],[-119.8284,39.06179],[-119.82729,39.06312],[-119.82311,39.06312],[-119.81921,39.06132],[-119.8197,39.05954],[-119.81757,39.05814],[-119.81921,39.05633]]]},"properties":{"IncidentName":"James Loop","GISAcres":269.9431513488921,"FireCause":"Human","Year":2018}},{"type":"Feature","geometry":{"type":"MultiPolygon","coordinates":[[[[-119.73844,39.57113],[-119.73555,39.57073],[-119.73471,39.56945],[-119.73532,39.56766],[-119.73949,39.56925],[-119.73972,39.57109],[-119.73844,39.57113]]],[[[-119.73808,39.57112],[-119.73808,39.57112],[-119.73806,39.57112],[-119.73808,39.57112]]]]},"properties":{"IncidentName":"Wedekind Park","GISAcres":29.80587893138238,"FireCause":"Human","Year":2018}},{"type":"Feature","geometry":{"type":"MultiPolygon","coordinates":[[[[-120.07682,39.96469],[-120.07724,39.96603],[-120.07504,39.96588],[-120.07545,39.96202],[-120.07682,39.96469]]],[[[-120.07513,39.96511],[-120.07513,39.96511],[-120.07513,39.9651],[-120.07513,39.96511]]]]},"properties":{"IncidentName":"Constantia","GISAcres":11.728820081562247,"FireCause":"Human","Year":2018}},{"type":"Feature","geometry":{"type":"Polygon","coordinates":[[[-119.86291,39.71892],[-119.86092,39.71673],[-119.86398,39.71762],[-119.86291,39.71892]]]},"properties":{"IncidentName":"American Flats","GISAcres":7.583992105577336,"FireCause":"Natural","Year":2018}},{"type":"Feature","geometry":{"type":"Polygon","coordinates":[[[-119.86599,39.58082],[-119.87329,39.57549],[-119.87846,39.57563],[-119.8782,39.57723],[-119.87647,39.57768],[-119.88134,39.57985],[-119.87995,39.58218],[-119.87542,39.58135],[-119.87559,39.57975],[-119.8747,39.57941],[-119.87278,39.58029],[-119.87143,39.5798],[-119.86938,39.58121],[-119.86816,39.58044],[-119.86599,39.58082]]]},"properties":{"IncidentName":"Kiowa","GISAcres":120.41398928991349,"FireCause":"Natural","Year":2018}},{"type":"Feature","geometry":{"type":"Polygon","coordinates":[[[-119.85539,39.57378],[-119.85893,39.57097],[-119.8614,39.56755],[-119.86063,39.56551],[-119.86126,39.56496],[-119.86406,39.56535],[-119.86605,39.56394],[-119.86556,39.55993],[-119.86651,39.55876],[-119.86686,39.55625],[-119.86799,39.55613],[-119.86797,39.55737],[-119.86965,39.55842],[-119.87068,39.5609],[-119.86633,39.56805],[-119.86617,39.56868],[-119.86791,39.56997],[-119.86596,39.57074],[-119.86276,39.57023],[-119.86463,39.57159],[-119.86153,39.57232],[-119.85964,39.57441],[-119.85539,39.57378]]]},"properties":{"IncidentName":"Hogue","GISAcres":191.68040165458606,"FireCause":"Natural","Year":2018}},{"type":"Feature","geometry":{"type":"MultiPolygon","coordinates":[[[[-119.65547,38.83717],[-119.65345,38.83486],[-119.65339,38.83354],[-119.65491,38.83502],[-119.65547,38.83717]]],[[[-119.65545,38.83717],[-119.65545,38.83717],[-119.65542,38.83716],[-119.65545,38.83717]]]]},"properties":{"IncidentName":"China Springs","GISAcres":6.275421897163349,"FireCause":"Natural","Year":2018}},{"type":"Feature","geometry":{"type":"MultiPolygon","coordinates":[[[[-119.67938,39.18211],[-119.67968,39.18332],[-119.67739,39.18223],[-119.67938,39.18211]]],[[[-119.67938,39.1821],[-119.67932,39.18203],[-119.67935,39.18205],[-119.67938,39.1821]]],[[[-119.67938,39.18211],[-119.67938,39.1821],[-119.67939,39.18212],[-119.67938,39.18211]]]]},"properties":{"IncidentName":"Target","GISAcres":3.5481999101936252,"FireCause":"Human","Year":2018}},{"type":"Feature","geometry":{"type":"MultiPolygon","coordinates":[[[[-119.2034,39.21744],[-119.20212,39.21858],[-119.20298,39.21832],[-119.203,39.21912],[-119.2019,39.21956],[-119.20071,39.219],[-119.19958,39.21594],[-119.20168,39.21511],[-119.20183,39.21683],[-119.2034,39.21744]]],[[[-119.20337,39.21771],[-119.20377,39.21795],[-119.20298,39.21832],[-119.20337,39.21771]]],[[[-119.20345,39.2174],[-119.20329,39.21772],[-119.20326,39.21772],[-119.20345,39.2174]]],[[[-119.20349,39.21739],[-119.20345,39.2174],[-119.20348,39.21735],[-119.20349,39.21739]]]]},"properties":{"IncidentName":"Desert Mountain","GISAcres":23.21421875246042,"FireCause":"Natural","Year":2018}},{"type":"Feature","geometry":{"type":"Polygon","coordinates":[[[-119.5285,39.57582],[-119.52858,39.57677],[-119.52245,39.57888],[-119.5153,39.57484],[-119.51372,39.57296],[-119.50988,39.57247],[-119.50829,39.57005],[-119.5025,39.56878],[-119.50345,39.56773],[-119.52375,39.56821],[-119.52592,39.56961],[-119.5285,39.57582]]]},"properties":{"IncidentName":"Apple","GISAcres":343.83607958644035,"FireCause":"Human","Year":2018}},{"type":"Feature","geometry":{"type":"Polygon","coordinates":[[[-119.62109,39.98105],[-119.61936,39.9801],[-119.62127,39.97937],[-119.62214,39.98051],[-119.62187,39.98146],[-119.62109,39.98105]]]},"properties":{"IncidentName":"Pelican","GISAcres":7.163840109246888,"FireCause":"Human","Year":2018}},{"type":"Feature","geometry":{"type":"Polygon","coordinates":[[[-119.78598,39.64161],[-119.78685,39.64234],[-119.78571,39.6431],[-119.78285,39.64313],[-119.78227,39.64217],[-119.78326,39.64103],[-119.78598,39.64161]]]},"properties":{"IncidentName":"Chimney","GISAcres":17.739089035382555,"FireCause":"Human","Year":2018}},{"type":"Feature","geometry":{"type":"MultiPolygon","coordinates":[[[[-119.55473,39.78672],[-119.55166,39.7888],[-119.54691,39.78997],[-119.54681,39.79066],[-119.54831,39.79048],[-119.54836,39.79253],[-119.54931,39.7928],[-119.55407,39.79224],[-119.55718,39.78962],[-119.55996,39.78955],[-119.56125,39.78812],[-119.56466,39.78902],[-119.56615,39.78817],[-119.57019,39.79009],[-119.57028,39.79123],[-119.57199,39.79214],[-119.57164,39.79453],[-119.573,39.79558],[-119.57766,39.79568],[-119.57927,39.79695],[-119.58824,39.79962],[-119.59619,39.80048],[-119.60231,39.80013],[-119.60509,39.80402],[-119.61144,39.80368],[-119.61166,39.80562],[-119.61926,39.80566],[-119.61975,39.80159],[-119.62497,39.80365],[-119.62595,39.80859],[-119.62285,39.81148],[-119.62803,39.81648],[-119.62827,39.81762],[-119.63075,39.81797],[-119.63205,39.81916],[-119.6361,39.82051],[-119.64166,39.82686],[-119.64183,39.83125],[-119.64366,39.8322],[-119.64498,39.83437],[-119.64484,39.83523],[-119.6433,39.83589],[-119.64519,39.83904],[-119.64286,39.84471],[-119.64484,39.84873],[-119.64229,39.8518],[-119.62789,39.86224],[-119.62761,39.86513],[-119.62621,39.86685],[-119.62019,39.86522],[-119.61613,39.86148],[-119.61243,39.86339],[-119.61011,39.8613],[-119.60862,39.86661],[-119.59913,39.87543],[-119.60117,39.87833],[-119.60036,39.87912],[-119.58936,39.88141],[-119.58299,39.88151],[-119.57996,39.88253],[-119.56424,39.88037],[-119.55881,39.87785],[-119.55763,39.8782],[-119.55756,39.883],[-119.54958,39.88659],[-119.5432,39.88576],[-119.53978,39.8827],[-119.53074,39.8864],[-119.52793,39.88388],[-119.52191,39.88189],[-119.51868,39.87995],[-119.51506,39.87935],[-119.51244,39.87775],[-119.51261,39.87532],[-119.50832,39.87447],[-119.50387,39.8718],[-119.50085,39.87119],[-119.49968,39.86959],[-119.49961,39.86647],[-119.49763,39.86457],[-119.49276,39.86209],[-119.48841,39.85568],[-119.48062,39.85571],[-119.4768,39.85787],[-119.47652,39.85716],[-119.4789,39.85426],[-119.47783,39.85076],[-119.47295,39.85067],[-119.46986,39.85176],[-119.46419,39.84858],[-119.46321,39.84703],[-119.46154,39.84639],[-119.45734,39.84015],[-119.45101,39.83665],[-119.44891,39.83185],[-119.4441,39.8335],[-119.4396,39.83343],[-119.42891,39.82986],[-119.42505,39.82608],[-119.42353,39.82301],[-119.41849,39.81952],[-119.41877,39.81764],[-119.41641,39.81261],[-119.41674,39.81139],[-119.39402,39.79257],[-119.39022,39.79118],[-119.38579,39.78791],[-119.3818,39.78868],[-119.37836,39.78704],[-119.37457,39.78253],[-119.37514,39.78054],[-119.37119,39.77614],[-119.36371,39.76986],[-119.35804,39.76289],[-119.35935,39.76222],[-119.36022,39.75815],[-119.35746,39.7513],[-119.35909,39.74918],[-119.35321,39.7471],[-119.34929,39.74704],[-119.34711,39.73597],[-119.34712,39.73163],[-119.3486,39.72489],[-119.35038,39.72469],[-119.35053,39.7274],[-119.35524,39.72714],[-119.35551,39.72402],[-119.36274,39.72288],[-119.3591,39.72103],[-119.35962,39.72048],[-119.36781,39.72008],[-119.37369,39.72077],[-119.38121,39.71906],[-119.382,39.71728],[-119.39144,39.71938],[-119.39114,39.72088],[-119.39183,39.72188],[-119.39096,39.7234],[-119.39391,39.72352],[-119.39518,39.72192],[-119.39601,39.7223],[-119.39154,39.72532],[-119.39105,39.72984],[-119.39193,39.73131],[-119.39175,39.73268],[-119.38909,39.73443],[-119.38751,39.73737],[-119.39061,39.73566],[-119.39054,39.74058],[-119.39741,39.74591],[-119.39724,39.74829],[-119.39958,39.75089],[-119.4025,39.74929],[-119.40526,39.7495],[-119.40539,39.75042],[-119.4072,39.75102],[-119.40731,39.75293],[-119.40566,39.75326],[-119.40566,39.75587],[-119.40718,39.75643],[-119.40847,39.76039],[-119.41319,39.76082],[-119.41502,39.75811],[-119.41689,39.7593],[-119.41624,39.76122],[-119.41704,39.76473],[-119.4156,39.76631],[-119.42093,39.76838],[-119.41939,39.77201],[-119.42013,39.77351],[-119.42585,39.77567],[-119.4283,39.77505],[-119.43021,39.77584],[-119.43362,39.77435],[-119.43607,39.77958],[-119.438,39.78099],[-119.44158,39.78149],[-119.44141,39.77972],[-119.43839,39.77486],[-119.43876,39.77281],[-119.43576,39.77136],[-119.43653,39.77029],[-119.43433,39.76958],[-119.43403,39.76861],[-119.43667,39.76873],[-119.43751,39.76783],[-119.4407,39.76834],[-119.44355,39.76741],[-119.44358,39.77215],[-119.44042,39.77495],[-119.44218,39.77539],[-119.44569,39.77163],[-119.44635,39.76894],[-119.4502,39.76904],[-119.45125,39.77135],[-119.45059,39.77614],[-119.45208,39.77634],[-119.45254,39.77787],[-119.45861,39.78132],[-119.45886,39.78367],[-119.46007,39.78569],[-119.46347,39.78585],[-119.46561,39.78406],[-119.4651,39.78224],[-119.46283,39.78043],[-119.46294,39.77958],[-119.46505,39.77808],[-119.46633,39.77556],[-119.46826,39.77666],[-119.46947,39.77786],[-119.46965,39.78087],[-119.46824,39.78472],[-119.46631,39.78439],[-119.46448,39.78724],[-119.45816,39.78912],[-119.45673,39.79065],[-119.45775,39.7923],[-119.46155,39.79162],[-119.46277,39.79339],[-119.4615,39.79378],[-119.46101,39.79567],[-119.46433,39.79535],[-119.46423,39.79747],[-119.46922,39.79959],[-119.46946,39.80239],[-119.4667,39.80535],[-119.4643,39.80639],[-119.45536,39.8049],[-119.4532,39.80554],[-119.45382,39.80859],[-119.4568,39.81179],[-119.46002,39.80981],[-119.46236,39.81059],[-119.46337,39.81254],[-119.46436,39.81279],[-119.46966,39.81155],[-119.47272,39.81208],[-119.47239,39.80899],[-119.47361,39.80708],[-119.47338,39.80544],[-119.47543,39.80312],[-119.47453,39.80188],[-119.47159,39.80079],[-119.47184,39.79712],[-119.47361,39.79643],[-119.47471,39.79736],[-119.4741,39.79929],[-119.47472,39.80096],[-119.47848,39.80219],[-119.48285,39.80474],[-119.48313,39.8058],[-119.48567,39.8058],[-119.48916,39.81018],[-119.49388,39.80942],[-119.49713,39.81179],[-119.50057,39.81109],[-119.50057,39.80993],[-119.4984,39.80902],[-119.49668,39.80517],[-119.49759,39.80324],[-119.50044,39.80284],[-119.50173,39.80532],[-119.50439,39.80556],[-119.50423,39.80712],[-119.50883,39.81121],[-119.51042,39.80909],[-119.5093,39.8078],[-119.50986,39.80541],[-119.50811,39.80439],[-119.50844,39.80181],[-119.5067,39.7974],[-119.50387,39.79716],[-119.49763,39.80079],[-119.49657,39.79752],[-119.49334,39.79574],[-119.49609,39.79357],[-119.49585,39.79295],[-119.49195,39.79145],[-119.49089,39.7893],[-119.49282,39.78711],[-119.49552,39.78725],[-119.49521,39.79062],[-119.49627,39.79162],[-119.50485,39.79592],[-119.5061,39.79613],[-119.50959,39.7945],[-119.51428,39.79423],[-119.51434,39.79364],[-119.51193,39.7931],[-119.51121,39.78968],[-119.50682,39.78783],[-119.50859,39.78585],[-119.50756,39.78442],[-119.50457,39.78452],[-119.50041,39.78662],[-119.49714,39.78568],[-119.49791,39.78133],[-119.49716,39.78065],[-119.49401,39.78227],[-119.49197,39.78132],[-119.48735,39.78245],[-119.48213,39.78249],[-119.48259,39.78093],[-119.48757,39.78043],[-119.4891,39.77875],[-119.49178,39.77981],[-119.49481,39.77755],[-119.49769,39.77767],[-119.50222,39.77639],[-119.5027,39.77576],[-119.4991,39.77033],[-119.49921,39.7686],[-119.49714,39.76706],[-119.50241,39.76448],[-119.50239,39.7638],[-119.50068,39.76348],[-119.50156,39.76158],[-119.49942,39.7617],[-119.49806,39.76053],[-119.49319,39.7591],[-119.49196,39.75769],[-119.48763,39.75769],[-119.48821,39.76059],[-119.48648,39.76092],[-119.48653,39.76148],[-119.48742,39.76172],[-119.48823,39.76352],[-119.48642,39.76603],[-119.48804,39.76728],[-119.48696,39.76823],[-119.48687,39.76956],[-119.48418,39.76962],[-119.48385,39.77077],[-119.48182,39.7721],[-119.47588,39.77187],[-119.47394,39.77069],[-119.47369,39.77159],[-119.4724,39.7718],[-119.47053,39.77141],[-119.47045,39.77041],[-119.47149,39.76953],[-119.46977,39.76831],[-119.47185,39.76555],[-119.46993,39.76495],[-119.47157,39.76288],[-119.46898,39.76304],[-119.4674,39.76139],[-119.46711,39.75996],[-119.46474,39.75992],[-119.46229,39.75763],[-119.46179,39.75615],[-119.46287,39.75522],[-119.46231,39.753],[-119.46385,39.75156],[-119.46672,39.75129],[-119.46931,39.75282],[-119.47593,39.75345],[-119.47704,39.7544],[-119.47867,39.75348],[-119.48284,39.75387],[-119.48515,39.75324],[-119.47769,39.7445],[-119.47267,39.74083],[-119.46925,39.73947],[-119.46516,39.73473],[-119.46571,39.73349],[-119.46706,39.73287],[-119.46821,39.72958],[-119.47049,39.7288],[-119.47261,39.72912],[-119.47407,39.72676],[-119.4766,39.72794],[-119.48753,39.72846],[-119.48806,39.72881],[-119.48746,39.73232],[-119.48983,39.73195],[-119.49016,39.73338],[-119.49229,39.73303],[-119.49381,39.7348],[-119.4959,39.73603],[-119.49776,39.73597],[-119.49959,39.73759],[-119.50125,39.73724],[-119.50677,39.73837],[-119.51111,39.74165],[-119.51465,39.74212],[-119.52148,39.74572],[-119.52547,39.74688],[-119.52583,39.74845],[-119.52987,39.75053],[-119.53125,39.75273],[-119.53268,39.75308],[-119.53434,39.75182],[-119.5378,39.75203],[-119.5376,39.75481],[-119.53548,39.7556],[-119.53641,39.75681],[-119.53681,39.76037],[-119.53907,39.76306],[-119.53973,39.76788],[-119.53665,39.77186],[-119.53623,39.77436],[-119.53951,39.77695],[-119.54311,39.7778],[-119.54907,39.77774],[-119.54836,39.77962],[-119.55073,39.78065],[-119.55203,39.77985],[-119.55612,39.7858],[-119.55473,39.78672]]],[[[-119.4723,39.78782],[-119.47272,39.7881],[-119.47203,39.7884],[-119.4723,39.78782]]],[[[-119.47009,39.79155],[-119.47056,39.79154],[-119.47032,39.79182],[-119.47009,39.79155]]],[[[-119.46752,39.72854],[-119.46779,39.72882],[-119.46726,39.72866],[-119.46752,39.72854]]]]},"properties":{"IncidentName":"Perry","GISAcres":51369.23421766911,"FireCause":"Human","Year":2018}},{"type":"Feature","geometry":{"type":"Polygon","coordinates":[[[-119.82101,39.06427],[-119.81997,39.06339],[-119.82099,39.0635],[-119.82101,39.06427]]]},"properties":{"IncidentName":"Hobo","GISAcres":1.6988064645070238,"FireCause":"Human","Year":2018}},{"type":"Feature","geometry":{"type":"Polygon","coordinates":[[[-119.68016,39.17861],[-119.68045,39.17936],[-119.67962,39.18012],[-119.6765,39.18168],[-119.67624,39.18481],[-119.67462,39.18652],[-119.67095,39.18662],[-119.66701,39.18826],[-119.66464,39.18794],[-119.66197,39.18641],[-119.66227,39.18501],[-119.66446,39.1849],[-119.66746,39.18154],[-119.67227,39.18166],[-119.6732,39.18033],[-119.67284,39.17863],[-119.67454,39.17724],[-119.67663,39.17831],[-119.67817,39.17791],[-119.68016,39.17861]]]},"properties":{"IncidentName":"Rifle Range","GISAcres":217.7397992635635,"FireCause":"Human","Year":2018}},{"type":"Feature","geometry":{"type":"Polygon","coordinates":[[[-119.86909,39.3056],[-119.87014,39.30779],[-119.86571,39.30672],[-119.86433,39.3073],[-119.86095,39.30458],[-119.86186,39.30348],[-119.86566,39.30315],[-119.86855,39.30415],[-119.86909,39.3056]]]},"properties":{"IncidentName":"Slide","GISAcres":61.74454712157219,"FireCause":"Human","Year":2018}},{"type":"Feature","geometry":{"type":"Polygon","coordinates":[[[-119.50629,39.54686],[-119.50712,39.54499],[-119.51102,39.54142],[-119.51233,39.5374],[-119.51961,39.53688],[-119.52142,39.53845],[-119.52032,39.54678],[-119.5229,39.55128],[-119.52174,39.55319],[-119.51953,39.55404],[-119.51687,39.55381],[-119.51114,39.55191],[-119.51156,39.5495],[-119.50629,39.54686]]]},"properties":{"IncidentName":"Arc","GISAcres":434.60012841031596,"FireCause":"Human","Year":2018}},{"type":"Feature","geometry":{"type":"Polygon","coordinates":[[[-119.73374,39.56797],[-119.73282,39.56439],[-119.73364,39.56423],[-119.73288,39.56374],[-119.73638,39.56356],[-119.73724,39.5645],[-119.73662,39.56546],[-119.73452,39.56569],[-119.73527,39.56809],[-119.73374,39.56797]]]},"properties":{"IncidentName":"Rio Alayne","GISAcres":24.854130511443447,"FireCause":"Human","Year":2018}},{"type":"Feature","geometry":{"type":"MultiPolygon","coordinates":[[[[-119.61213,39.52864],[-119.61217,39.52946],[-119.61012,39.52962],[-119.61053,39.52893],[-119.60944,39.52935],[-119.60945,39.52762],[-119.61118,39.52677],[-119.61213,39.52864]]],[[[-119.61103,39.52669],[-119.61105,39.52673],[-119.61096,39.52677],[-119.61103,39.52669]]],[[[-119.61096,39.52677],[-119.61096,39.52677],[-119.61096,39.52677],[-119.61096,39.52677]]]]},"properties":{"IncidentName":"Mustang","GISAcres":14.149535641473358,"FireCause":"Human","Year":2018}},{"type":"Feature","geometry":{"type":"Polygon","coordinates":[[[-119.43686,39.5899],[-119.44353,39.58968],[-119.44124,39.592],[-119.43614,39.59092],[-119.43686,39.5899]]]},"properties":{"IncidentName":"Derby Dam","GISAcres":29.695641430248667,"FireCause":"Human","Year":2018}},{"type":"Feature","geometry":{"type":"Polygon","coordinates":[[[-119.59408,39.70784],[-119.59451,39.70981],[-119.59226,39.71282],[-119.59248,39.71624],[-119.59085,39.71696],[-119.58784,39.71199],[-119.5894,39.7101],[-119.59295,39.70778],[-119.59408,39.70784]]]},"properties":{"IncidentName":"Pioche","GISAcres":79.75541800249866,"FireCause":"Human","Year":2018}},{"type":"Feature","geometry":{"type":"Polygon","coordinates":[[[-119.75315,39.23235],[-119.75565,39.23311],[-119.75402,39.23391],[-119.753,39.23551],[-119.75234,39.23428],[-119.75315,39.23235]]]},"properties":{"IncidentName":"Duck Hill","GISAcres":12.354632111611744,"FireCause":"Human","Year":2018}},{"type":"Feature","geometry":{"type":"Polygon","coordinates":[[[-119.80127,39.64218],[-119.80013,39.64261],[-119.7993,39.64527],[-119.79786,39.64552],[-119.79857,39.64765],[-119.79687,39.64758],[-119.79694,39.6488],[-119.79538,39.64784],[-119.79347,39.64853],[-119.79083,39.6454],[-119.79119,39.6436],[-119.78911,39.64312],[-119.78459,39.63853],[-119.78862,39.63887],[-119.79536,39.64178],[-119.80093,39.6401],[-119.8019,39.64082],[-119.80127,39.64218]]]},"properties":{"IncidentName":"Chimney 2","GISAcres":184.11675105534172,"FireCause":"Human","Year":2018}},{"type":"Feature","geometry":{"type":"Polygon","coordinates":[[[-119.73878,39.56633],[-119.73957,39.56584],[-119.73977,39.56686],[-119.73935,39.56722],[-119.73878,39.56633]]]},"properties":{"IncidentName":"Rocky Ridge","GISAcres":2.5910383626834124,"FireCause":"Human","Year":2018}},{"type":"Feature","geometry":{"type":"Polygon","coordinates":[[[-119.8318,39.4399],[-119.83511,39.44012],[-119.83561,39.44254],[-119.8349,39.44308],[-119.82494,39.44248],[-119.82836,39.43986],[-119.8318,39.4399]]]},"properties":{"IncidentName":"Schellbourne","GISAcres":69.0098338372532,"FireCause":"Human","Year":2018}},{"type":"Feature","geometry":{"type":"MultiPolygon","coordinates":[[[[-119.44901,39.3053],[-119.44899,39.30533],[-119.44899,39.30533],[-119.44901,39.3053]]],[[[-119.44291,39.31258],[-119.44256,39.31088],[-119.4436,39.31088],[-119.44468,39.30932],[-119.44437,39.30848],[-119.44591,39.30752],[-119.44633,39.30573],[-119.44928,39.30282],[-119.4492,39.30435],[-119.44999,39.30441],[-119.4481,39.30621],[-119.44831,39.30682],[-119.45005,39.30658],[-119.44954,39.30858],[-119.44671,39.30965],[-119.44707,39.31039],[-119.44562,39.31172],[-119.4455,39.31345],[-119.44474,39.31329],[-119.44467,39.31235],[-119.44607,39.31128],[-119.44477,39.31114],[-119.44675,39.30919],[-119.44609,39.30846],[-119.44291,39.31258]]]]},"properties":{"IncidentName":"Fort Churchill","GISAcres":51.355099694200526,"FireCause":"Human","Year":2019}},{"type":"Feature","geometry":{"type":"Polygon","coordinates":[[[-119.49655,39.21619],[-119.49562,39.2171],[-119.49393,39.21672],[-119.49655,39.21619]]]},"properties":{"IncidentName":"Stone Cabin ","GISAcres":3.387974398111688,"FireCause":"Natural","Year":2019}},{"type":"Feature","geometry":{"type":"Polygon","coordinates":[[[-119.81866,39.94787],[-119.81929,39.94725],[-119.8206,39.94769],[-119.81866,39.94787]]]},"properties":{"IncidentName":"McKinney","GISAcres":2.456298850318058,"FireCause":"Natural","Year":2019}},{"type":"Feature","geometry":{"type":"Polygon","coordinates":[[[-119.77607,39.66464],[-119.77644,39.6655],[-119.77532,39.66583],[-119.77607,39.66464]]]},"properties":{"IncidentName":"Chickadee","GISAcres":2.372487857336456,"FireCause":"Natural","Year":2019}},{"type":"Feature","geometry":{"type":"Polygon","coordinates":[[[-119.9337,39.80539],[-119.93523,39.80235],[-119.93784,39.80283],[-119.93717,39.80522],[-119.9345,39.80606],[-119.9337,39.80539]]]},"properties":{"IncidentName":"Desert","GISAcres":25.20185846272965,"FireCause":"Natural","Year":2019}},{"type":"Feature","geometry":{"type":"Polygon","coordinates":[[[-119.70406,39.13768],[-119.7036,39.13949],[-119.70315,39.13853],[-119.70406,39.13768]]]},"properties":{"IncidentName":"Sierra Vista 2","GISAcres":1.7812184889702936,"FireCause":"Human","Year":2019}},{"type":"Feature","geometry":{"type":"Polygon","coordinates":[[[-119.83555,39.68621],[-119.83499,39.68689],[-119.83448,39.68655],[-119.83555,39.68621]]]},"properties":{"IncidentName":"Heartpine","GISAcres":1.081499085093177,"FireCause":"Human","Year":2019}},{"type":"Feature","geometry":{"type":"Polygon","coordinates":[[[-119.60006,39.31031],[-119.60126,39.31171],[-119.5977,39.31335],[-119.59808,39.31167],[-119.60006,39.31031]]]},"properties":{"IncidentName":"6 mile","GISAcres":11.807082320064655,"FireCause":"Human","Year":2019}},{"type":"Feature","geometry":{"type":"Polygon","coordinates":[[[-119.90062,39.53377],[-119.90116,39.53447],[-119.90051,39.53546],[-119.89986,39.53453],[-119.89996,39.53337],[-119.90119,39.53351],[-119.90062,39.53377]]]},"properties":{"IncidentName":"Northgate","GISAcres":4.298093877463649,"FireCause":"Human","Year":2019}},{"type":"Feature","geometry":{"type":"Polygon","coordinates":[[[-119.77922,39.62341],[-119.7789,39.62283],[-119.77956,39.62282],[-119.7797,39.62407],[-119.77922,39.62341]]]},"properties":{"IncidentName":"Chimney 2","GISAcres":1.260172331783066,"FireCause":"Human","Year":2019}},{"type":"Feature","geometry":{"type":"Polygon","coordinates":[[[-119.59229,39.23356],[-119.59329,39.23165],[-119.5945,39.23135],[-119.59449,39.23396],[-119.59292,39.23373],[-119.59204,39.23534],[-119.59229,39.23356]]]},"properties":{"IncidentName":"Park","GISAcres":12.544394884440432,"FireCause":"Human","Year":2019}},{"type":"Feature","geometry":{"type":"Polygon","coordinates":[[[-119.45227,39.84668],[-119.45291,39.84626],[-119.45358,39.84661],[-119.45227,39.84668]]]},"properties":{"IncidentName":"Tom Anderson","GISAcres":1.4355413986952288,"FireCause":"Human","Year":2019}},{"type":"Feature","geometry":{"type":"Polygon","coordinates":[[[-119.72672,39.67263],[-119.72826,39.67238],[-119.72909,39.67303],[-119.72804,39.67577],[-119.72607,39.67369],[-119.72672,39.67263]]]},"properties":{"IncidentName":"Airport","GISAcres":15.089900995282045,"FireCause":"Human","Year":2019}},{"type":"Feature","geometry":{"type":"Polygon","coordinates":[[[-119.83027,39.86279],[-119.83091,39.86242],[-119.8296,39.86275],[-119.82992,39.86204],[-119.82925,39.86184],[-119.82635,39.86261],[-119.82395,39.86189],[-119.83012,39.86131],[-119.82954,39.86082],[-119.83044,39.86059],[-119.82702,39.8584],[-119.82676,39.85664],[-119.83419,39.86263],[-119.8334,39.86335],[-119.83027,39.86279]]]},"properties":{"IncidentName":"Bird","GISAcres":38.61281093439095,"FireCause":"Human","Year":2019}},{"type":"Feature","geometry":{"type":"Polygon","coordinates":[[[-119.29038,39.65673],[-119.28899,39.65796],[-119.28995,39.65708],[-119.28971,39.65585],[-119.29038,39.65673]]]},"properties":{"IncidentName":"Brady","GISAcres":2.3192791926322927,"FireCause":"Human","Year":2019}},{"type":"Feature","geometry":{"type":"Polygon","coordinates":[[[-119.82443,39.62882],[-119.82689,39.62785],[-119.82582,39.62899],[-119.82443,39.62882]]]},"properties":{"IncidentName":"Estates","GISAcres":3.4471104339782217,"FireCause":"Human","Year":2019}},{"type":"Feature","geometry":{"type":"Polygon","coordinates":[[[-119.76589,39.36705],[-119.76471,39.36732],[-119.76387,39.36585],[-119.76497,39.36571],[-119.76544,39.36398],[-119.76656,39.36416],[-119.7667,39.36623],[-119.76589,39.36705]]]},"properties":{"IncidentName":"Temelec","GISAcres":12.589300990904533,"FireCause":"Undetermined","Year":2019}},{"type":"Feature","geometry":{"type":"MultiPolygon","coordinates":[[[[-120.01048,39.52377],[-120.0104,39.52372],[-120.01045,39.52359],[-120.01048,39.52377]]],[[[-120.01064,39.52374],[-120.0109,39.52378],[-120.01062,39.52392],[-120.01064,39.52374]]],[[[-120.01206,39.5241],[-120.01061,39.52413],[-120.01206,39.52303],[-120.01376,39.52312],[-120.01289,39.5243],[-120.01206,39.5241]]]]},"properties":{"IncidentName":"Sunrise 2","GISAcres":5.259313814966537,"FireCause":"Human","Year":2019}},{"type":"Feature","geometry":{"type":"Polygon","coordinates":[[[-119.36307,39.72069],[-119.36562,39.71951],[-119.37227,39.72021],[-119.36942,39.72139],[-119.36802,39.72029],[-119.36307,39.72069]]]},"properties":{"IncidentName":"Deadwash","GISAcres":16.42538391194935,"FireCause":"Natural","Year":2019}},{"type":"Feature","geometry":{"type":"Polygon","coordinates":[[[-119.35911,39.76462],[-119.36791,39.77436],[-119.3691,39.77781],[-119.36371,39.78803],[-119.36409,39.78731],[-119.36254,39.78802],[-119.35832,39.78609],[-119.35642,39.78381],[-119.35883,39.78447],[-119.3597,39.78406],[-119.35947,39.7833],[-119.35614,39.78177],[-119.3554,39.77926],[-119.35392,39.77967],[-119.35143,39.77892],[-119.34445,39.77062],[-119.34583,39.77043],[-119.34546,39.76837],[-119.34772,39.76991],[-119.34885,39.76958],[-119.34825,39.76883],[-119.35025,39.76749],[-119.35351,39.76716],[-119.35911,39.76462]]]},"properties":{"IncidentName":"Black Mountain 2","GISAcres":728.8876054680443,"FireCause":"Natural","Year":2019}},{"type":"Feature","geometry":{"type":"Polygon","coordinates":[[[-120.02355,39.9359],[-120.02421,39.93866],[-120.02161,39.94098],[-120.01993,39.93947],[-120.01958,39.93798],[-120.0211,39.93659],[-120.02355,39.9359]],[[-120.02064,39.93741],[-120.0206,39.93741],[-120.02062,39.93746],[-120.02064,39.93741]]]},"properties":{"IncidentName":"Scott","GISAcres":33.611519360884266,"FireCause":"Human","Year":2019}},{"type":"Feature","geometry":{"type":"Polygon","coordinates":[[[-119.75666,39.65071],[-119.75486,39.65037],[-119.7524,39.64802],[-119.75283,39.63262],[-119.75566,39.63121],[-119.75827,39.6318],[-119.75913,39.63094],[-119.76454,39.63021],[-119.77162,39.63162],[-119.77276,39.63024],[-119.77617,39.63061],[-119.77671,39.62827],[-119.77763,39.6278],[-119.78366,39.63024],[-119.78394,39.63138],[-119.7826,39.63157],[-119.78046,39.63403],[-119.77937,39.63841],[-119.77626,39.64115],[-119.77689,39.64269],[-119.77527,39.64614],[-119.77265,39.64758],[-119.77175,39.64907],[-119.76794,39.64885],[-119.76903,39.65046],[-119.76784,39.65073],[-119.76512,39.64887],[-119.76161,39.65144],[-119.75666,39.65071]]]},"properties":{"IncidentName":"Jasper","GISAcres":1164.6536509913399,"FireCause":"Human","Year":2019}},{"type":"Feature","geometry":{"type":"Polygon","coordinates":[[[-119.85493,40.11001],[-119.85142,40.10789],[-119.85124,40.10646],[-119.84719,40.10517],[-119.84543,40.10547],[-119.8398,40.1028],[-119.83681,40.10221],[-119.83547,40.10009],[-119.83598,40.09838],[-119.83697,40.0977],[-119.8436,40.0988],[-119.84614,40.09963],[-119.84673,40.10142],[-119.85195,40.10004],[-119.85532,40.10092],[-119.85717,40.1026],[-119.85798,40.10525],[-119.85743,40.10616],[-119.8596,40.10687],[-119.86065,40.10828],[-119.85969,40.10999],[-119.85776,40.11096],[-119.85493,40.11001]]]},"properties":{"IncidentName":"Cottonwood","GISAcres":333.04545222743116,"FireCause":"Natural","Year":2019}},{"type":"Feature","geometry":{"type":"Polygon","coordinates":[[[-119.75857,39.61494],[-119.7583,39.61549],[-119.7572,39.61486],[-119.75785,39.61431],[-119.75857,39.61494]]]},"properties":{"IncidentName":"Highland","GISAcres":2.304099936237846,"FireCause":"Human","Year":2019}},{"type":"Feature","geometry":{"type":"MultiPolygon","coordinates":[[[[-119.21524,39.20646],[-119.21446,39.20441],[-119.21512,39.20523],[-119.21595,39.20502],[-119.21524,39.20646]]],[[[-119.21642,39.20842],[-119.21639,39.20842],[-119.21643,39.2084],[-119.21642,39.20842]]],[[[-119.21642,39.20842],[-119.21683,39.20866],[-119.21755,39.21029],[-119.21642,39.20842]]],[[[-119.21804,39.21124],[-119.21777,39.21051],[-119.21841,39.21139],[-119.21804,39.21124]]]]},"properties":{"IncidentName":"95","GISAcres":3.376092960844153,"FireCause":"Human","Year":2019}},{"type":"Feature","geometry":{"type":"Polygon","coordinates":[[[-119.76817,39.76472],[-119.76559,39.76449],[-119.76543,39.76389],[-119.76765,39.76387],[-119.76817,39.76472]]]},"properties":{"IncidentName":"Big Dog","GISAcres":3.9844208666154266,"FireCause":"Natural","Year":2019}},{"type":"Feature","geometry":{"type":"Polygon","coordinates":[[[-119.88904,39.9414],[-119.88634,39.93988],[-119.88159,39.93943],[-119.87461,39.93653],[-119.87675,39.93429],[-119.8798,39.93443],[-119.8865,39.93751],[-119.88891,39.93966],[-119.88904,39.9414]]]},"properties":{"IncidentName":"Dixie ","GISAcres":105.6089327836587,"FireCause":"Natural","Year":2019}},{"type":"Feature","geometry":{"type":"Polygon","coordinates":[[[-119.98413,39.53761],[-119.98518,39.53792],[-119.98499,39.53847],[-119.98413,39.53761]]]},"properties":{"IncidentName":"Waterville","GISAcres":1.3313230877230884,"FireCause":"Natural","Year":2019}},{"type":"Feature","geometry":{"type":"MultiPolygon","coordinates":[[[[-119.74993,39.33061],[-119.75088,39.33057],[-119.75204,39.33228],[-119.75065,39.3335],[-119.74939,39.33312],[-119.75065,39.33236],[-119.74805,39.33162],[-119.74891,39.33001],[-119.74993,39.33061]]],[[[-119.75034,39.33088],[-119.75035,39.33089],[-119.75035,39.33091],[-119.75034,39.33088]]]]},"properties":{"IncidentName":"Ophir","GISAcres":16.411588074879173,"FireCause":"Human","Year":2019}},{"type":"Feature","geometry":{"type":"Polygon","coordinates":[[[-119.97228,39.7377],[-119.96909,39.737],[-119.97074,39.73233],[-119.97408,39.73173],[-119.9804,39.73388],[-119.97878,39.73563],[-119.97937,39.73673],[-119.9782,39.73776],[-119.97228,39.7377]]]},"properties":{"IncidentName":"Petersen","GISAcres":119.61294829360608,"FireCause":"Human","Year":2019}},{"type":"Feature","geometry":{"type":"Polygon","coordinates":[[[-119.41974,39.19123],[-119.42298,39.18508],[-119.42514,39.18425],[-119.42732,39.18521],[-119.42645,39.18878],[-119.42159,39.19161],[-119.41974,39.19123]]]},"properties":{"IncidentName":"Clifton","GISAcres":65.87803496546044,"FireCause":"Undetermined","Year":2019}},{"type":"Feature","geometry":{"type":"Polygon","coordinates":[[[-119.99311,39.48671],[-119.9938,39.48732],[-119.99328,39.48752],[-119.99311,39.48671]]]},"properties":{"IncidentName":"Mile Marker 2","GISAcres":1.0390163326183877,"FireCause":"Undetermined","Year":2019}},{"type":"Feature","geometry":{"type":"Polygon","coordinates":[[[-119.97731,39.67741],[-119.97833,39.67731],[-119.97853,39.67778],[-119.97731,39.67741]]]},"properties":{"IncidentName":"Cold Springs","GISAcres":1.3850061136822187,"FireCause":"Undetermined","Year":2019}},{"type":"Feature","geometry":{"type":"Polygon","coordinates":[[[-120.0274,39.87922],[-120.02543,39.88162],[-120.02235,39.88359],[-120.01791,39.886],[-120.01386,39.88709],[-120.01518,39.88737],[-120.01514,39.88818],[-120.01163,39.89226],[-120.01017,39.89272],[-120.00726,39.89158],[-120.00565,39.89194],[-120.00506,39.8932],[-119.99743,39.89702],[-119.99606,39.89842],[-119.99233,39.89979],[-119.99013,39.90296],[-119.98713,39.90145],[-119.98789,39.89899],[-119.98557,39.89943],[-119.98348,39.89761],[-119.98588,39.898],[-119.98776,39.89727],[-119.98775,39.89591],[-119.98688,39.89571],[-119.98855,39.89436],[-119.98801,39.89366],[-119.98641,39.89413],[-119.98527,39.89355],[-119.98283,39.89689],[-119.9818,39.89577],[-119.98223,39.89381],[-119.98018,39.89448],[-119.97733,39.89189],[-119.98226,39.89205],[-119.98415,39.89077],[-119.98714,39.89163],[-119.98492,39.88806],[-119.98242,39.88812],[-119.9803,39.88529],[-119.98112,39.88418],[-119.98087,39.8827],[-119.97933,39.88191],[-119.976,39.88387],[-119.97384,39.88396],[-119.97576,39.88291],[-119.9771,39.88101],[-119.97063,39.8806],[-119.96943,39.87942],[-119.96745,39.8799],[-119.96866,39.87835],[-119.96694,39.87647],[-119.96917,39.87656],[-119.96709,39.87381],[-119.96325,39.87297],[-119.96465,39.87183],[-119.96778,39.87174],[-119.96552,39.87033],[-119.96602,39.86887],[-119.96964,39.86822],[-119.96987,39.86514],[-119.97419,39.86281],[-119.97761,39.86274],[-119.98869,39.86034],[-119.99299,39.86324],[-119.99338,39.87386],[-119.9952,39.87557],[-119.99566,39.87818],[-119.99738,39.87973],[-119.99743,39.88105],[-119.99848,39.88113],[-119.99985,39.88269],[-120.0008,39.88136],[-120.00229,39.88172],[-120.00263,39.88295],[-120.01575,39.87941],[-120.02406,39.87863],[-120.0274,39.87922]]]},"properties":{"IncidentName":"Long Valley","GISAcres":2438.6900561164884,"FireCause":"Undetermined","Year":2019}},{"type":"Feature","geometry":{"type":"Polygon","coordinates":[[[-119.8996,39.60897],[-119.8987,39.60892],[-119.89999,39.60568],[-119.90095,39.6065],[-119.8996,39.60897]]]},"properties":{"IncidentName":"Peavine","GISAcres":7.314029027745688,"FireCause":"Undetermined","Year":2019}},{"type":"Feature","geometry":{"type":"Polygon","coordinates":[[[-119.38805,39.95812],[-119.38972,39.95828],[-119.38927,39.9593],[-119.39036,39.96122],[-119.38495,39.96085],[-119.38562,39.96127],[-119.38463,39.96192],[-119.38534,39.96332],[-119.38382,39.96288],[-119.38421,39.9597],[-119.38805,39.95812]]]},"properties":{"IncidentName":"Caliber","GISAcres":36.92858784220934,"FireCause":"Human","Year":2019}},{"type":"Feature","geometry":{"type":"Polygon","coordinates":[[[-119.58244,39.89473],[-119.58349,39.89368],[-119.58458,39.89369],[-119.58244,39.89473]]]},"properties":{"IncidentName":"MM 28","GISAcres":3.1108871163821696,"FireCause":"Undetermined","Year":2019}},{"type":"Feature","geometry":{"type":"Polygon","coordinates":[[[-119.70112,39.67353],[-119.69811,39.67354],[-119.70119,39.67301],[-119.70112,39.67353]]]},"properties":{"IncidentName":"Campo Rico","GISAcres":4.182630075233875,"FireCause":"Undetermined","Year":2019}},{"type":"Feature","geometry":{"type":"Polygon","coordinates":[[[-119.68275,39.75005],[-119.68164,39.74943],[-119.6831,39.74965],[-119.68324,39.7504],[-119.68275,39.75005]]]},"properties":{"IncidentName":"Pyramid 2","GISAcres":1.402648348653437,"FireCause":"Undetermined","Year":2019}},{"type":"Feature","geometry":{"type":"Polygon","coordinates":[[[-119.65304,38.84316],[-119.65349,38.84298],[-119.65358,38.84399],[-119.65304,38.84316]]]},"properties":{"IncidentName":"China","GISAcres":1.5475853820189005,"FireCause":"Undetermined","Year":2019}},{"type":"Feature","geometry":{"type":"Polygon","coordinates":[[[-119.80825,39.10214],[-119.80907,39.10318],[-119.80778,39.10509],[-119.80825,39.10214]]]},"properties":{"IncidentName":"Jacks ","GISAcres":5.413698001521632,"FireCause":"Undetermined","Year":2019}},{"type":"Feature","geometry":{"type":"Polygon","coordinates":[[[-119.45669,39.06772],[-119.4565,39.06653],[-119.45871,39.06736],[-119.45669,39.06772]]]},"properties":{"IncidentName":"Como","GISAcres":4.265854760038023,"FireCause":"Undetermined","Year":2019}},{"type":"Feature","geometry":{"type":"Polygon","coordinates":[[[-119.73405,39.71129],[-119.73375,39.71322],[-119.73217,39.71532],[-119.72763,39.71691],[-119.72332,39.71497],[-119.7199,39.71496],[-119.71423,39.71307],[-119.71446,39.71194],[-119.71793,39.70822],[-119.72651,39.7072],[-119.72835,39.70725],[-119.73405,39.71129]]]},"properties":{"IncidentName":"Hungry ","GISAcres":305.7478781967289,"FireCause":"Undetermined","Year":2019}},{"type":"Feature","geometry":{"type":"Polygon","coordinates":[[[-119.85728,39.45641],[-119.85431,39.45639],[-119.85121,39.45805],[-119.85175,39.45634],[-119.85464,39.4545],[-119.85752,39.45491],[-119.85829,39.45555],[-119.85728,39.45641]]]},"properties":{"IncidentName":"Evans Creek ","GISAcres":24.3946817520349,"FireCause":"Undetermined","Year":2019}},{"type":"Feature","geometry":{"type":"Polygon","coordinates":[[[-119.73257,39.56518],[-119.73387,39.56623],[-119.73128,39.56583],[-119.73096,39.5653],[-119.73257,39.56518]],[[-119.73295,39.56536],[-119.73295,39.56535],[-119.73295,39.56535],[-119.73295,39.56536]]]},"properties":{"IncidentName":"Martini","GISAcres":5.167504715536216,"FireCause":"Undetermined","Year":2019}},{"type":"Feature","geometry":{"type":"Polygon","coordinates":[[[-119.11477,39.41741],[-119.11576,39.41797],[-119.1147,39.418],[-119.11477,39.41741]]]},"properties":{"IncidentName":"Reservoir","GISAcres":1.2752871168579993,"FireCause":"Undetermined","Year":2019}},{"type":"Feature","geometry":{"type":"Polygon","coordinates":[[[-119.76458,39.58025],[-119.76602,39.58071],[-119.76499,39.58221],[-119.76403,39.58234],[-119.76345,39.58064],[-119.76458,39.58025]]]},"properties":{"IncidentName":"Walls Canyon","GISAcres":7.59429010739314,"FireCause":"Undetermined","Year":2019}},{"type":"Feature","geometry":{"type":"Polygon","coordinates":[[[-120.03695,39.69622],[-120.03728,39.69699],[-120.03641,39.69733],[-120.03484,39.69625],[-120.03445,39.69471],[-120.03557,39.6942],[-120.03695,39.69622]]]},"properties":{"IncidentName":"Border","GISAcres":11.51428176751207,"FireCause":"Undetermined","Year":2019}},{"type":"Feature","geometry":{"type":"Polygon","coordinates":[[[-120.01661,39.96341],[-120.01504,39.96376],[-120.01209,39.96254],[-120.01499,39.96176],[-120.01632,39.96225],[-120.01661,39.96341]]]},"properties":{"IncidentName":"Ash Pit","GISAcres":13.28457179890569,"FireCause":"Human","Year":2020}},{"type":"Feature","geometry":{"type":"MultiPolygon","coordinates":[[[[-119.7875,39.81274],[-119.78747,39.81278],[-119.78745,39.81278],[-119.7875,39.81274]]],[[[-119.7875,39.81274],[-119.78758,39.81269],[-119.78799,39.81276],[-119.7875,39.81274]]],[[[-119.78745,39.81278],[-119.7869,39.81238],[-119.7877,39.8123],[-119.78745,39.81278]]]]},"properties":{"IncidentName":"Ruby Hill","GISAcres":0.4980011425044725,"FireCause":"Human","Year":2020}},{"type":"Feature","geometry":{"type":"Polygon","coordinates":[[[-119.91561,39.70307],[-119.91613,39.70317],[-119.91568,39.70338],[-119.91561,39.70307]]]},"properties":{"IncidentName":"Redrock","GISAcres":0.22931892132573395,"FireCause":"Human","Year":2020}},{"type":"Feature","geometry":{"type":"Polygon","coordinates":[[[-119.37254,39.83816],[-119.37338,39.83866],[-119.37248,39.84121],[-119.37254,39.83816]]]},"properties":{"IncidentName":"Pyramid  Lake","GISAcres":4.694129557475283,"FireCause":"Human","Year":2020}},{"type":"Feature","geometry":{"type":"Polygon","coordinates":[[[-119.57998,39.54731],[-119.57976,39.5474],[-119.57954,39.54717],[-119.57998,39.54731]]]},"properties":{"IncidentName":"Patrick ","GISAcres":0.15168008793639123,"FireCause":"Undetermined","Year":2020}},{"type":"Feature","geometry":{"type":"Polygon","coordinates":[[[-119.95061,39.71718],[-119.94987,39.71875],[-119.94822,39.71861],[-119.94905,39.71635],[-119.95061,39.71718]]]},"properties":{"IncidentName":"New Forest","GISAcres":9.066787942884055,"FireCause":"Undetermined","Year":2020}},{"type":"Feature","geometry":{"type":"Polygon","coordinates":[[[-119.80242,39.59129],[-119.80244,39.59221],[-119.80187,39.59163],[-119.80242,39.59129]]]},"properties":{"IncidentName":"Sun","GISAcres":1.4670349341961968,"FireCause":"Undetermined","Year":2020}},{"type":"Feature","geometry":{"type":"Polygon","coordinates":[[[-119.3686,39.84673],[-119.36851,39.84682],[-119.36791,39.84615],[-119.3686,39.84673]]]},"properties":{"IncidentName":"Marble Bluff","GISAcres":0.31885080010961026,"FireCause":"Human","Year":2020}},{"type":"Feature","geometry":{"type":"Polygon","coordinates":[[[-119.5233,39.30864],[-119.52451,39.30829],[-119.5235,39.30937],[-119.5233,39.30864]]]},"properties":{"IncidentName":"Pony Express","GISAcres":1.626423105042144,"FireCause":"Undetermined","Year":2020}},{"type":"Feature","geometry":{"type":"Polygon","coordinates":[[[-119.65459,38.9889],[-119.65449,38.98876],[-119.65462,38.98876],[-119.65459,38.9889]]]},"properties":{"IncidentName":"Powerline","GISAcres":0.046734989179308094,"FireCause":"Human","Year":2020}},{"type":"Feature","geometry":{"type":"Polygon","coordinates":[[[-120.00222,39.49449],[-120.00233,39.49435],[-120.00234,39.49456],[-120.00222,39.49449]]]},"properties":{"IncidentName":"Mahogany","GISAcres":0.04845990492102134,"FireCause":"Undetermined","Year":2020}},{"type":"Feature","geometry":{"type":"Polygon","coordinates":[[[-119.6669,39.64361],[-119.66763,39.64422],[-119.66765,39.64595],[-119.66645,39.64775],[-119.66409,39.64924],[-119.65946,39.6471],[-119.66009,39.64561],[-119.66173,39.6449],[-119.66025,39.64404],[-119.66394,39.64465],[-119.66486,39.64412],[-119.66473,39.64329],[-119.6663,39.64295],[-119.6669,39.64361]]]},"properties":{"IncidentName":"Cielo","GISAcres":73.23057315554826,"FireCause":"Undetermined","Year":2020}},{"type":"Feature","geometry":{"type":"Polygon","coordinates":[[[-119.89924,39.5863],[-119.90075,39.5882],[-119.90099,39.59017],[-119.89908,39.59061],[-119.89795,39.59187],[-119.89689,39.59478],[-119.89728,39.60005],[-119.89587,39.60195],[-119.89125,39.60502],[-119.89122,39.6111],[-119.8899,39.61293],[-119.8887,39.61331],[-119.88646,39.6126],[-119.88362,39.61331],[-119.88293,39.61137],[-119.88357,39.60906],[-119.87952,39.60758],[-119.88053,39.60612],[-119.88002,39.60451],[-119.88529,39.59977],[-119.88105,39.60206],[-119.87708,39.60268],[-119.87922,39.60111],[-119.87615,39.60213],[-119.87234,39.60097],[-119.87166,39.60059],[-119.87196,39.59964],[-119.86746,39.59854],[-119.86736,39.59713],[-119.8645,39.59933],[-119.86356,39.60125],[-119.85828,39.60524],[-119.85624,39.60368],[-119.85415,39.60373],[-119.85394,39.60205],[-119.85267,39.6007],[-119.85366,39.59898],[-119.85046,39.59994],[-119.84984,39.59914],[-119.85391,39.59777],[-119.85403,39.59691],[-119.84947,39.59604],[-119.84696,39.59472],[-119.84743,39.59248],[-119.85117,39.58892],[-119.87103,39.58048],[-119.87346,39.57968],[-119.87807,39.58004],[-119.87844,39.57869],[-119.87722,39.57805],[-119.87709,39.57682],[-119.87837,39.57599],[-119.88919,39.5747],[-119.89538,39.57224],[-119.8966,39.5723],[-119.89667,39.57425],[-119.8984,39.57498],[-119.90001,39.57426],[-119.89982,39.57331],[-119.89687,39.57199],[-119.89748,39.57113],[-119.89946,39.57223],[-119.90025,39.57177],[-119.89887,39.56979],[-119.89939,39.56903],[-119.90423,39.5702],[-119.90936,39.57343],[-119.9128,39.57445],[-119.90995,39.57524],[-119.90839,39.57667],[-119.90697,39.5801],[-119.90274,39.5824],[-119.90219,39.58386],[-119.90002,39.5832],[-119.89591,39.58416],[-119.89391,39.58357],[-119.88909,39.58578],[-119.89045,39.58652],[-119.89924,39.5863]]]},"properties":{"IncidentName":"Poeville Road","GISAcres":2972.758950107709,"FireCause":"Undetermined","Year":2020}},{"type":"Feature","geometry":{"type":"Polygon","coordinates":[[[-120.08251,39.77024],[-120.08117,39.76962],[-120.08067,39.7705],[-120.08027,39.76988],[-120.0784,39.77045],[-120.07964,39.77161],[-120.07843,39.77173],[-120.07829,39.77326],[-120.07613,39.77324],[-120.07143,39.77062],[-120.07033,39.76903],[-120.07383,39.76622],[-120.07925,39.76651],[-120.08293,39.76739],[-120.0832,39.77032],[-120.08251,39.77024]]]},"properties":{"IncidentName":"Railroad","GISAcres":131.87735768071866,"FireCause":"Natural","Year":2020}},{"type":"Feature","geometry":{"type":"Polygon","coordinates":[[[-119.30707,39.63586],[-119.30691,39.63587],[-119.30713,39.63576],[-119.30707,39.63586]]]},"properties":{"IncidentName":"Brady 2","GISAcres":0.04903813750633515,"FireCause":"Human","Year":2020}},{"type":"Feature","geometry":{"type":"MultiPolygon","coordinates":[[[[-120.09627,39.78592],[-120.09628,39.78592],[-120.09626,39.78594],[-120.09627,39.78592]]],[[[-120.09627,39.78592],[-120.09689,39.78543],[-120.09702,39.78644],[-120.09568,39.7876],[-120.09311,39.78758],[-120.09116,39.7873],[-120.08997,39.78525],[-120.09059,39.78433],[-120.09248,39.78413],[-120.0956,39.78209],[-120.09758,39.78196],[-120.09657,39.78295],[-120.09713,39.78336],[-120.09647,39.78432],[-120.09699,39.78467],[-120.09604,39.785],[-120.09627,39.78592]]]]},"properties":{"IncidentName":"Hill","GISAcres":63.2272543275012,"FireCause":"Natural","Year":2020}},{"type":"Feature","geometry":{"type":"Polygon","coordinates":[[[-120.02642,39.94577],[-120.02649,39.94579],[-120.02644,39.94592],[-120.02642,39.94577]]]},"properties":{"IncidentName":"Constantia","GISAcres":0.016389475461626155,"FireCause":"Undetermined","Year":2020}},{"type":"Feature","geometry":{"type":"Polygon","coordinates":[[[-119.53691,38.88679],[-119.53505,38.88632],[-119.53402,38.88503],[-119.53477,38.88475],[-119.53445,38.88409],[-119.5323,38.88262],[-119.53041,38.88237],[-119.52255,38.88418],[-119.52008,38.88371],[-119.52161,38.88247],[-119.5229,38.88284],[-119.52537,38.88156],[-119.52285,38.88167],[-119.52094,38.87996],[-119.52097,38.87848],[-119.52298,38.87804],[-119.52465,38.87865],[-119.52479,38.87807],[-119.52155,38.87441],[-119.52258,38.87133],[-119.51942,38.8705],[-119.52011,38.86955],[-119.51942,38.86799],[-119.52085,38.86746],[-119.51907,38.86606],[-119.52012,38.86527],[-119.52162,38.8654],[-119.52024,38.86425],[-119.51924,38.86447],[-119.51935,38.86353],[-119.51859,38.86311],[-119.52027,38.86286],[-119.5185,38.86242],[-119.52201,38.86253],[-119.52334,38.86362],[-119.52281,38.86217],[-119.52444,38.86199],[-119.52343,38.86069],[-119.52601,38.86106],[-119.52726,38.8621],[-119.52906,38.86146],[-119.5278,38.86072],[-119.52822,38.85875],[-119.52254,38.85833],[-119.52247,38.85779],[-119.52394,38.85789],[-119.52404,38.85709],[-119.5213,38.85578],[-119.51976,38.856],[-119.5202,38.85474],[-119.51947,38.85446],[-119.52469,38.85219],[-119.52739,38.8519],[-119.5279,38.85122],[-119.52678,38.85024],[-119.52961,38.85108],[-119.53192,38.84991],[-119.53589,38.85028],[-119.53746,38.85117],[-119.53659,38.85209],[-119.53935,38.85213],[-119.53933,38.85302],[-119.54429,38.85093],[-119.54882,38.8509],[-119.54906,38.85184],[-119.55099,38.85293],[-119.55036,38.85468],[-119.54892,38.85545],[-119.55004,38.85752],[-119.54687,38.85998],[-119.54522,38.85983],[-119.54446,38.85849],[-119.54395,38.85906],[-119.54201,38.85836],[-119.54155,38.86018],[-119.5499,38.86405],[-119.54943,38.8658],[-119.55025,38.86689],[-119.55323,38.8694],[-119.55681,38.87111],[-119.55906,38.87127],[-119.55881,38.87227],[-119.56025,38.8727],[-119.55953,38.87345],[-119.56016,38.87449],[-119.56357,38.87744],[-119.56146,38.87865],[-119.55304,38.87862],[-119.54918,38.88035],[-119.54769,38.87892],[-119.5459,38.88197],[-119.54312,38.8827],[-119.5416,38.88622],[-119.53691,38.88679]]]},"properties":{"IncidentName":"Monarch","GISAcres":2323.5079638117595,"FireCause":"Natural","Year":2020}},{"type":"Feature","geometry":{"type":"Polygon","coordinates":[[[-119.27579,39.57158],[-119.27612,39.57232],[-119.27498,39.57248],[-119.27579,39.57158]]]},"properties":{"IncidentName":"Sage","GISAcres":1.1210161738348305,"FireCause":"Undetermined","Year":2020}},{"type":"Feature","geometry":{"type":"MultiPolygon","coordinates":[[[[-119.65043,39.60986],[-119.65037,39.60986],[-119.6504,39.60984],[-119.65043,39.60986]]],[[[-119.65043,39.60986],[-119.65045,39.60986],[-119.65044,39.60986],[-119.65043,39.60986]]],[[[-119.65045,39.60986],[-119.65155,39.61022],[-119.65099,39.61025],[-119.65045,39.60986]]]]},"properties":{"IncidentName":"Voyage","GISAcres":0.5322403586172199,"FireCause":"Natural","Year":2020}},{"type":"Feature","geometry":{"type":"Polygon","coordinates":[[[-119.79567,38.8362],[-119.79545,38.83594],[-119.79608,38.83588],[-119.79567,38.8362]]]},"properties":{"IncidentName":"2120 Foot","GISAcres":0.46298136503876713,"FireCause":"Human","Year":2020}},{"type":"Feature","geometry":{"type":"Polygon","coordinates":[[[-119.78503,39.63407],[-119.78515,39.63334],[-119.7867,39.63295],[-119.78793,39.63455],[-119.78661,39.63508],[-119.78656,39.6359],[-119.78595,39.63487],[-119.78582,39.63558],[-119.785,39.63554],[-119.78503,39.63407]]]},"properties":{"IncidentName":"Rowdy","GISAcres":11.888042607821195,"FireCause":"Human","Year":2020}},{"type":"Feature","geometry":{"type":"Polygon","coordinates":[[[-120.03609,39.80006],[-120.03537,39.80014],[-120.03645,39.79688],[-120.0369,39.79758],[-120.03609,39.80006]]]},"properties":{"IncidentName":"South","GISAcres":4.886691400773071,"FireCause":"Human","Year":2020}},{"type":"Feature","geometry":{"type":"Polygon","coordinates":[[[-119.56135,38.82764],[-119.56069,38.82951],[-119.56272,38.83072],[-119.56776,38.82939],[-119.57012,38.82718],[-119.57379,38.82971],[-119.574,38.83114],[-119.58074,38.83286],[-119.58349,38.8314],[-119.58445,38.83265],[-119.58389,38.83369],[-119.58998,38.83389],[-119.5925,38.83527],[-119.59144,38.83647],[-119.59417,38.8361],[-119.59755,38.83679],[-119.60022,38.83477],[-119.60225,38.83622],[-119.60251,38.83775],[-119.6051,38.83908],[-119.6133,38.83686],[-119.61932,38.8382],[-119.61905,38.83745],[-119.62438,38.83759],[-119.62846,38.84181],[-119.62844,38.8436],[-119.62691,38.84468],[-119.62831,38.84517],[-119.63604,38.84532],[-119.63849,38.84378],[-119.63869,38.84248],[-119.64335,38.84291],[-119.64676,38.84083],[-119.64654,38.84173],[-119.64813,38.84157],[-119.64956,38.84244],[-119.65106,38.84105],[-119.65699,38.8436],[-119.65852,38.84645],[-119.65763,38.84965],[-119.6561,38.85059],[-119.65594,38.85286],[-119.65044,38.85098],[-119.64709,38.84742],[-119.64425,38.84591],[-119.64306,38.84601],[-119.64145,38.84769],[-119.64155,38.8521],[-119.64488,38.85666],[-119.64534,38.86016],[-119.6477,38.85928],[-119.64781,38.85485],[-119.6492,38.85305],[-119.65026,38.85274],[-119.65062,38.85438],[-119.64902,38.85921],[-119.64549,38.86372],[-119.6454,38.8664],[-119.64646,38.86706],[-119.6449,38.87311],[-119.64339,38.87443],[-119.63986,38.87435],[-119.63828,38.87789],[-119.64111,38.88048],[-119.64206,38.8822],[-119.64185,38.88378],[-119.64347,38.88579],[-119.6426,38.88758],[-119.64301,38.89021],[-119.64235,38.89166],[-119.64106,38.89278],[-119.6377,38.89346],[-119.63327,38.89785],[-119.63172,38.9015],[-119.6314,38.89187],[-119.62987,38.88787],[-119.6268,38.88753],[-119.62548,38.89124],[-119.62466,38.89022],[-119.62497,38.88645],[-119.62401,38.88712],[-119.62299,38.89223],[-119.62211,38.89228],[-119.62077,38.89053],[-119.61942,38.89074],[-119.61726,38.89261],[-119.61696,38.89439],[-119.61487,38.89717],[-119.61459,38.89627],[-119.61124,38.89606],[-119.60005,38.89836],[-119.59579,38.89826],[-119.59219,38.90058],[-119.5896,38.89977],[-119.58726,38.90008],[-119.58601,38.90319],[-119.58535,38.90317],[-119.58558,38.90648],[-119.58279,38.91132],[-119.58159,38.91027],[-119.57982,38.91069],[-119.57929,38.90908],[-119.58002,38.90535],[-119.58178,38.9036],[-119.58275,38.90121],[-119.58247,38.89965],[-119.58526,38.89939],[-119.58542,38.89771],[-119.5877,38.89731],[-119.5853,38.89302],[-119.58252,38.89397],[-119.5821,38.89583],[-119.57805,38.8958],[-119.57866,38.89755],[-119.5736,38.89829],[-119.5729,38.89871],[-119.5731,38.89988],[-119.56666,38.90036],[-119.56607,38.90166],[-119.56304,38.90064],[-119.55657,38.90229],[-119.54651,38.90183],[-119.54256,38.90075],[-119.53323,38.90028],[-119.53121,38.8992],[-119.52448,38.90193],[-119.52497,38.90091],[-119.52228,38.90022],[-119.51837,38.90077],[-119.517,38.90025],[-119.51686,38.89883],[-119.51952,38.89827],[-119.5181,38.89732],[-119.51879,38.8967],[-119.51778,38.89546],[-119.51926,38.89562],[-119.52071,38.89758],[-119.52072,38.89573],[-119.51928,38.89489],[-119.5205,38.89408],[-119.5155,38.89278],[-119.51606,38.89186],[-119.51827,38.8917],[-119.51916,38.89076],[-119.51536,38.89118],[-119.51295,38.89052],[-119.51416,38.88814],[-119.51202,38.88735],[-119.5131,38.88649],[-119.51251,38.88466],[-119.51042,38.88482],[-119.51263,38.88265],[-119.51211,38.88126],[-119.51341,38.88017],[-119.51376,38.87763],[-119.5128,38.8771],[-119.51218,38.87847],[-119.51136,38.87849],[-119.51106,38.87477],[-119.513,38.8739],[-119.51151,38.87111],[-119.50857,38.86951],[-119.50906,38.86739],[-119.51228,38.86713],[-119.51498,38.8684],[-119.51648,38.86812],[-119.51793,38.87092],[-119.51934,38.86881],[-119.52011,38.86955],[-119.51942,38.8705],[-119.52258,38.87133],[-119.52155,38.87441],[-119.52479,38.87807],[-119.52465,38.87865],[-119.52298,38.87804],[-119.52097,38.87848],[-119.52094,38.87996],[-119.52285,38.88167],[-119.52537,38.88156],[-119.5229,38.88284],[-119.52161,38.88247],[-119.52008,38.88371],[-119.52255,38.88418],[-119.53041,38.88237],[-119.5323,38.88262],[-119.53445,38.88409],[-119.53477,38.88474],[-119.53402,38.88503],[-119.53505,38.88632],[-119.53721,38.8872],[-119.5416,38.88622],[-119.54312,38.8827],[-119.5459,38.88197],[-119.54769,38.87892],[-119.54918,38.88035],[-119.55304,38.87862],[-119.56146,38.87865],[-119.56357,38.87744],[-119.56016,38.87449],[-119.55953,38.87345],[-119.56025,38.8727],[-119.55881,38.87227],[-119.55906,38.87127],[-119.55681,38.87111],[-119.55323,38.8694],[-119.55025,38.86689],[-119.54943,38.8658],[-119.5499,38.86405],[-119.54155,38.86018],[-119.54201,38.85836],[-119.54395,38.85906],[-119.54446,38.85849],[-119.54522,38.85983],[-119.54687,38.85998],[-119.55004,38.85752],[-119.54892,38.85545],[-119.55036,38.85468],[-119.55099,38.85293],[-119.54906,38.85184],[-119.54882,38.8509],[-119.54429,38.85093],[-119.53933,38.85302],[-119.53935,38.85213],[-119.53659,38.85209],[-119.53751,38.85148],[-119.53714,38.85083],[-119.53383,38.84996],[-119.53174,38.84994],[-119.52961,38.85108],[-119.52722,38.85023],[-119.52226,38.85075],[-119.52233,38.84922],[-119.52017,38.84885],[-119.52078,38.84753],[-119.52021,38.84663],[-119.52967,38.84713],[-119.53305,38.84857],[-119.53409,38.84829],[-119.52879,38.84539],[-119.52972,38.84477],[-119.52835,38.84285],[-119.53012,38.84279],[-119.53031,38.84193],[-119.53118,38.84183],[-119.53022,38.84062],[-119.53147,38.84002],[-119.53121,38.83947],[-119.52508,38.83821],[-119.52167,38.84024],[-119.51553,38.83746],[-119.51257,38.83714],[-119.50722,38.83497],[-119.5065,38.83421],[-119.50724,38.83385],[-119.5089,38.83468],[-119.50783,38.83329],[-119.509,38.83279],[-119.50694,38.83173],[-119.50189,38.83369],[-119.50142,38.83292],[-119.5056,38.83154],[-119.50701,38.82908],[-119.51109,38.82914],[-119.51135,38.82733],[-119.51379,38.82611],[-119.51326,38.8242],[-119.51983,38.82459],[-119.52007,38.82415],[-119.51506,38.82275],[-119.51539,38.82198],[-119.52078,38.82189],[-119.52118,38.82278],[-119.5247,38.82326],[-119.5253,38.82202],[-119.52587,38.82279],[-119.52692,38.82207],[-119.52651,38.82112],[-119.53037,38.82255],[-119.52983,38.82105],[-119.53453,38.82232],[-119.53466,38.82097],[-119.53648,38.82187],[-119.53844,38.8212],[-119.53816,38.82013],[-119.53996,38.81964],[-119.53999,38.81752],[-119.5374,38.81681],[-119.53572,38.81538],[-119.53655,38.81359],[-119.53914,38.81274],[-119.53771,38.81235],[-119.53865,38.81239],[-119.53873,38.81172],[-119.53731,38.81161],[-119.54003,38.81029],[-119.54433,38.81149],[-119.54751,38.81115],[-119.54783,38.8137],[-119.55265,38.81906],[-119.55966,38.82133],[-119.56166,38.82641],[-119.56135,38.82764]]]},"properties":{"IncidentName":"Numbers","GISAcres":18372.34001845528,"FireCause":"Human","Year":2020}},{"type":"Feature","geometry":{"type":"Polygon","coordinates":[[[-119.73363,39.711],[-119.732,39.70918],[-119.73537,39.7103],[-119.73471,39.71113],[-119.73363,39.711]]]},"properties":{"IncidentName":"Cemetery ","GISAcres":6.234436685157092,"FireCause":"Natural","Year":2020}},{"type":"Feature","geometry":{"type":"Polygon","coordinates":[[[-120.00453,39.88246],[-119.99962,39.88165],[-119.99533,39.87745],[-119.99227,39.87068],[-119.99227,39.86355],[-119.98903,39.86073],[-119.96974,39.86507],[-119.96933,39.86277],[-119.96807,39.86293],[-119.96823,39.86364],[-119.96646,39.86338],[-119.96647,39.86273],[-119.96566,39.86339],[-119.9632,39.8631],[-119.96242,39.86132],[-119.96007,39.86377],[-119.9597,39.86253],[-119.95839,39.86204],[-119.96128,39.86032],[-119.96173,39.85891],[-119.96053,39.85819],[-119.95927,39.85917],[-119.95879,39.85839],[-119.96029,39.85774],[-119.96061,39.85533],[-119.95848,39.85231],[-119.95836,39.84478],[-119.95985,39.84252],[-119.96243,39.8447],[-119.96635,39.84344],[-119.96794,39.84163],[-119.96773,39.84037],[-119.96611,39.83956],[-119.96831,39.83609],[-119.96735,39.83526],[-119.96373,39.83809],[-119.9565,39.84034],[-119.95523,39.84213],[-119.95061,39.84206],[-119.95028,39.84291],[-119.94873,39.84323],[-119.94771,39.84567],[-119.94538,39.84647],[-119.94394,39.84796],[-119.93828,39.8474],[-119.9351,39.84533],[-119.93521,39.83917],[-119.93579,39.83814],[-119.93596,39.8393],[-119.9388,39.83772],[-119.93711,39.83794],[-119.93622,39.83732],[-119.93655,39.83673],[-119.93761,39.83591],[-119.93874,39.8368],[-119.93997,39.83641],[-119.93956,39.83546],[-119.94057,39.8353],[-119.93984,39.83501],[-119.94005,39.83396],[-119.94185,39.83103],[-119.94343,39.83365],[-119.94503,39.83461],[-119.94815,39.83247],[-119.95005,39.83263],[-119.95235,39.83452],[-119.96273,39.83162],[-119.96312,39.83053],[-119.96212,39.82858],[-119.96338,39.82377],[-119.96759,39.82174],[-119.96812,39.82361],[-119.96938,39.8225],[-119.97133,39.82243],[-119.97379,39.82586],[-119.97778,39.82467],[-119.97928,39.82509],[-119.98131,39.82754],[-119.9852,39.8285],[-119.98742,39.83244],[-119.98882,39.8322],[-119.98988,39.83046],[-119.99197,39.82941],[-119.99144,39.82739],[-119.99246,39.82631],[-119.99629,39.82817],[-119.99857,39.82835],[-119.99968,39.8272],[-120.0005,39.82749],[-120.0003,39.82943],[-120.00392,39.8301],[-120.0035,39.83163],[-120.00539,39.83171],[-120.00468,39.83253],[-120.00702,39.83421],[-120.01204,39.83378],[-120.01423,39.83462],[-120.01461,39.83361],[-120.01582,39.83354],[-120.01874,39.83512],[-120.01976,39.83488],[-120.01935,39.83522],[-120.02033,39.83641],[-120.0237,39.83614],[-120.0264,39.83494],[-120.02716,39.83536],[-120.03159,39.83328],[-120.03426,39.83359],[-120.03786,39.83263],[-120.03862,39.83608],[-120.03694,39.83822],[-120.03464,39.83929],[-120.03148,39.84238],[-120.02763,39.8434],[-120.02745,39.84487],[-120.02108,39.84842],[-120.02092,39.85098],[-120.0164,39.854],[-120.01482,39.85476],[-120.01013,39.85499],[-120.011,39.85686],[-120.01485,39.85875],[-120.01649,39.86077],[-120.01886,39.86131],[-120.01949,39.86315],[-120.02308,39.86365],[-120.02692,39.87277],[-120.02493,39.87815],[-120.02364,39.87885],[-120.01764,39.87912],[-120.01497,39.87631],[-120.01266,39.87705],[-120.01081,39.87874],[-120.01077,39.88003],[-120.01227,39.88242],[-120.01171,39.88368],[-120.00985,39.88398],[-120.00453,39.88246]]]},"properties":{"IncidentName":"North","GISAcres":6882.293460758074,"FireCause":"Human","Year":2020}},{"type":"Feature","geometry":{"type":"Polygon","coordinates":[[[-119.88126,39.78815],[-119.88033,39.78923],[-119.881,39.7881],[-119.88126,39.78815]]]},"properties":{"IncidentName":"Deerlodge","GISAcres":0.6694094183334534,"FireCause":"Natural","Year":2020}},{"type":"Feature","geometry":{"type":"Polygon","coordinates":[[[-119.86795,39.32908],[-119.86914,39.32843],[-119.86867,39.32921],[-119.86795,39.32908]]]},"properties":{"IncidentName":"Rose","GISAcres":1.2248268467991585,"FireCause":"Human","Year":2020}},{"type":"Feature","geometry":{"type":"Polygon","coordinates":[[[-119.77372,39.61899],[-119.77309,39.61881],[-119.77364,39.61855],[-119.77372,39.61899]],[[-119.77312,39.61894],[-119.77312,39.61891],[-119.77312,39.61894],[-119.77312,39.61894]]]},"properties":{"IncidentName":"Rams Horn","GISAcres":0.629884551906208,"FireCause":"Undetermined","Year":2020}},{"type":"Feature","geometry":{"type":"Polygon","coordinates":[[[-119.90606,39.60432],[-119.90606,39.60518],[-119.90748,39.60513],[-119.90734,39.60459],[-119.90874,39.60526],[-119.90861,39.60681],[-119.90539,39.60763],[-119.90516,39.60636],[-119.90409,39.60574],[-119.90606,39.60432]]]},"properties":{"IncidentName":"Peavine","GISAcres":22.034812829947306,"FireCause":"Natural","Year":2020}},{"type":"Feature","geometry":{"type":"MultiPolygon","coordinates":[[[[-120.03401,39.80391],[-120.03403,39.80383],[-120.03402,39.80386],[-120.03401,39.80391]]],[[[-120.03402,39.80385],[-120.03392,39.80404],[-120.03393,39.80391],[-120.03402,39.80385]]],[[[-120.03401,39.80391],[-120.03379,39.80504],[-120.03398,39.80402],[-120.03401,39.80391]]],[[[-120.03379,39.80504],[-120.03377,39.80519],[-120.03376,39.80515],[-120.03379,39.80504]]],[[[-120.0348,39.80247],[-120.03466,39.80455],[-120.03381,39.80524],[-120.0348,39.80247]]]]},"properties":{"IncidentName":"Shoe tree","GISAcres":3.6614478894012725,"FireCause":"Human","Year":2020}},{"type":"Feature","geometry":{"type":"Polygon","coordinates":[[[-119.75312,39.58041],[-119.75235,39.5793],[-119.75468,39.5794],[-119.75656,39.58013],[-119.75663,39.58101],[-119.75525,39.58203],[-119.75366,39.58205],[-119.75312,39.58041]]]},"properties":{"IncidentName":"Cole","GISAcres":17.932606804090195,"FireCause":"Human","Year":2020}},{"type":"Feature","geometry":{"type":"Polygon","coordinates":[[[-119.81964,39.39567],[-119.82163,39.39395],[-119.82359,39.39536],[-119.82286,39.39529],[-119.82254,39.39634],[-119.82358,39.39665],[-119.82332,39.3972],[-119.82286,39.39659],[-119.82037,39.39905],[-119.82029,39.39815],[-119.81974,39.39856],[-119.82005,39.4021],[-119.81836,39.40248],[-119.81513,39.40113],[-119.81513,39.40336],[-119.8119,39.40201],[-119.81304,39.40086],[-119.8113,39.40144],[-119.81203,39.4],[-119.81147,39.39984],[-119.81473,39.39707],[-119.81763,39.39556],[-119.81964,39.39567]]]},"properties":{"IncidentName":"Rock Farm","GISAcres":124.25761411504898,"FireCause":"Human","Year":2020}},{"type":"Feature","geometry":{"type":"Polygon","coordinates":[[[-119.64294,39.94416],[-119.6391,39.94531],[-119.63722,39.94337],[-119.63733,39.9418],[-119.6359,39.94152],[-119.63571,39.94061],[-119.64155,39.94063],[-119.64391,39.94322],[-119.64294,39.94416]]]},"properties":{"IncidentName":"Hardscrabble 1","GISAcres":63.04911002020771,"FireCause":"Human","Year":2020}},{"type":"Feature","geometry":{"type":"MultiPolygon","coordinates":[[[[-119.28866,39.62104],[-119.28893,39.61906],[-119.2867,39.61857],[-119.29318,39.61813],[-119.2918,39.62013],[-119.28866,39.62104]]],[[[-119.29432,39.6246],[-119.29893,39.62462],[-119.30235,39.62178],[-119.30226,39.62033],[-119.30339,39.61874],[-119.30273,39.61897],[-119.30176,39.61768],[-119.2975,39.61865],[-119.29735,39.61801],[-119.29595,39.61804],[-119.29315,39.61948],[-119.29379,39.61798],[-119.30804,39.617],[-119.30725,39.61849],[-119.30413,39.61868],[-119.30367,39.61911],[-119.30488,39.62027],[-119.29302,39.62907],[-119.29205,39.62822],[-119.29281,39.62795],[-119.29213,39.62595],[-119.29432,39.6246]]]]},"properties":{"IncidentName":"Smoke Shop","GISAcres":96.38302189217303,"FireCause":"Human","Year":2020}},{"type":"Feature","geometry":{"type":"Polygon","coordinates":[[[-119.63657,39.06669],[-119.63747,39.06687],[-119.63745,39.06817],[-119.63657,39.06669]]]},"properties":{"IncidentName":"Johnson","GISAcres":1.8390626246131987,"FireCause":"Natural","Year":2020}},{"type":"Feature","geometry":{"type":"Polygon","coordinates":[[[-119.89011,39.58645],[-119.88909,39.58578],[-119.89391,39.58357],[-119.89591,39.58416],[-119.90002,39.5832],[-119.90162,39.58346],[-119.9025,39.58451],[-119.90116,39.58607],[-119.89955,39.58655],[-119.89908,39.58586],[-119.89817,39.5868],[-119.89406,39.58601],[-119.89011,39.58645]]]},"properties":{"IncidentName":"Poeville ","GISAcres":68.78446662307803,"FireCause":"Human","Year":2020}},{"type":"Feature","geometry":{"type":"MultiPolygon","coordinates":[[[[-119.28656,39.35961],[-119.28663,39.3596],[-119.2866,39.35962],[-119.28656,39.35961]]],[[[-119.28656,39.35961],[-119.28529,39.36068],[-119.2859,39.36262],[-119.28306,39.36528],[-119.28099,39.36535],[-119.27983,39.3662],[-119.27909,39.36571],[-119.27991,39.36482],[-119.27931,39.36462],[-119.27776,39.36583],[-119.27921,39.36431],[-119.28079,39.36407],[-119.27958,39.36322],[-119.27763,39.36394],[-119.27841,39.36304],[-119.28152,39.36201],[-119.28189,39.36101],[-119.28336,39.36128],[-119.28328,39.36055],[-119.28183,39.35998],[-119.28656,39.35961]]]]},"properties":{"IncidentName":"Churchill Buttes","GISAcres":61.903058922974736,"FireCause":"Natural","Year":2020}},{"type":"Feature","geometry":{"type":"Polygon","coordinates":[[[-119.59281,38.92916],[-119.59336,38.92874],[-119.59291,38.92944],[-119.59281,38.92916]]]},"properties":{"IncidentName":"North Lena","GISAcres":0.34948426109667247,"FireCause":"Natural","Year":2020}},{"type":"Feature","geometry":{"type":"Polygon","coordinates":[[[-119.96437,39.61615],[-119.96432,39.61615],[-119.96434,39.61612],[-119.96437,39.61615]]]},"properties":{"IncidentName":"Red","GISAcres":0.0020775600878947978,"FireCause":"Natural","Year":2020}},{"type":"Feature","geometry":{"type":"Polygon","coordinates":[[[-119.66465,39.56382],[-119.66679,39.56382],[-119.66544,39.56489],[-119.66465,39.56382]]]},"properties":{"IncidentName":"Line","GISAcres":4.325501922104366,"FireCause":"Human","Year":2020}},{"type":"Feature","geometry":{"type":"Polygon","coordinates":[[[-119.96002,39.73113],[-119.95824,39.73094],[-119.95758,39.72998],[-119.95854,39.7291],[-119.96173,39.72941],[-119.96479,39.72824],[-119.96348,39.73045],[-119.96002,39.73113]]]},"properties":{"IncidentName":"Antelope ","GISAcres":29.27097280146089,"FireCause":"Human","Year":2020}},{"type":"Feature","geometry":{"type":"Polygon","coordinates":[[[-119.72839,39.736],[-119.72752,39.73577],[-119.72863,39.73575],[-119.72839,39.736]]]},"properties":{"IncidentName":"Branding Iron ","GISAcres":0.8700581574732158,"FireCause":"Natural","Year":2020}},{"type":"Feature","geometry":{"type":"Polygon","coordinates":[[[-119.76275,39.70268],[-119.76629,39.7031],[-119.7651,39.70427],[-119.76219,39.70496],[-119.75865,39.70441],[-119.76055,39.70291],[-119.76275,39.70268]]]},"properties":{"IncidentName":"Eagle 2","GISAcres":29.23352211184974,"FireCause":"Natural","Year":2020}},{"type":"Feature","geometry":{"type":"Polygon","coordinates":[[[-119.48581,39.34275],[-119.47769,39.34929],[-119.477,39.34891],[-119.47104,39.35062],[-119.4692,39.34904],[-119.46715,39.34946],[-119.46715,39.34858],[-119.47351,39.3479],[-119.47147,39.3471],[-119.47186,39.34569],[-119.4701,39.34573],[-119.47016,39.34699],[-119.46926,39.34723],[-119.46793,39.34689],[-119.46918,39.34671],[-119.4691,39.34617],[-119.4671,39.34654],[-119.4668,39.34516],[-119.46488,39.34666],[-119.46101,39.34592],[-119.46239,39.344],[-119.46707,39.34435],[-119.46726,39.34113],[-119.47618,39.3423],[-119.47836,39.34089],[-119.48032,39.3408],[-119.48226,39.34198],[-119.48493,39.34035],[-119.48405,39.33984],[-119.48584,39.33966],[-119.48648,39.34125],[-119.48581,39.34275]]]},"properties":{"IncidentName":"10 Mile 2","GISAcres":305.8397271850557,"FireCause":"Human","Year":2020}},{"type":"Feature","geometry":{"type":"Polygon","coordinates":[[[-119.67165,39.58603],[-119.67103,39.584],[-119.67269,39.58048],[-119.67511,39.5805],[-119.67558,39.58196],[-119.67493,39.58326],[-119.67612,39.58337],[-119.67574,39.58502],[-119.67667,39.58614],[-119.67383,39.58713],[-119.67165,39.58603]]]},"properties":{"IncidentName":"Golden Eagle 1","GISAcres":59.39583556073308,"FireCause":"Human","Year":2020}},{"type":"Feature","geometry":{"type":"Polygon","coordinates":[[[-120.07814,39.59536],[-120.07812,39.59539],[-120.07812,39.59528],[-120.07814,39.59536]]]},"properties":{"IncidentName":"Crystal Peak","GISAcres":0.0046162499473212815,"FireCause":"Human","Year":2020}},{"type":"Feature","geometry":{"type":"Polygon","coordinates":[[[-119.67906,38.97732],[-119.67871,38.97768],[-119.67826,38.97769],[-119.67906,38.97732]]]},"properties":{"IncidentName":"Stockyard","GISAcres":0.4940228423154994,"FireCause":"Human","Year":2020}},{"type":"Feature","geometry":{"type":"Polygon","coordinates":[[[-120.00723,39.89622],[-120.00723,39.89626],[-120.00716,39.89624],[-120.00723,39.89622]]]},"properties":{"IncidentName":"Point","GISAcres":0.006472636134637596,"FireCause":"Natural","Year":2020}},{"type":"Feature","geometry":{"type":"Polygon","coordinates":[[[-119.67905,38.86787],[-119.67697,38.86564],[-119.6788,38.86641],[-119.67859,38.86717],[-119.67977,38.86781],[-119.67905,38.86787]]]},"properties":{"IncidentName":"Jakes","GISAcres":4.62146819241551,"FireCause":"Human","Year":2020}},{"type":"Feature","geometry":{"type":"Polygon","coordinates":[[[-120.00222,39.49449],[-120.00233,39.49435],[-120.00234,39.49456],[-120.00222,39.49449]]]},"properties":{"IncidentName":"Mahogany","GISAcres":0.04845990492102134,"FireCause":"Undetermined","Year":2020}},{"type":"Feature","geometry":{"type":"Polygon","coordinates":[[[-119.76638,39.57176],[-119.76784,39.57117],[-119.76841,39.57225],[-119.76638,39.57176]]]},"properties":{"IncidentName":"Summer Hill","GISAcres":3.1259529345417234,"FireCause":"Human","Year":2020}},{"type":"Feature","geometry":{"type":"MultiPolygon","coordinates":[[[[-119.82556,38.8693],[-119.82553,38.86929],[-119.82557,38.8693],[-119.82556,38.8693]]],[[[-119.82556,38.8693],[-119.82582,38.86934],[-119.82583,38.86956],[-119.82556,38.8693]]]]},"properties":{"IncidentName":"Jobs","GISAcres":0.13213458747910634,"FireCause":"Natural","Year":2020}},{"type":"Feature","geometry":{"type":"Polygon","coordinates":[[[-119.98716,39.62008],[-119.98717,39.62016],[-119.98705,39.62015],[-119.98716,39.62008]]]},"properties":{"IncidentName":"Trust","GISAcres":0.02662957685183884,"FireCause":"Undetermined","Year":2020}},{"type":"Feature","geometry":{"type":"Polygon","coordinates":[[[-119.81414,39.89429],[-119.81499,39.8935],[-119.81444,39.8946],[-119.81414,39.89429]]]},"properties":{"IncidentName":"Dogskin MT","GISAcres":1.2981426909477587,"FireCause":"Natural","Year":2020}},{"type":"Feature","geometry":{"type":"Polygon","coordinates":[[[-119.92223,39.55461],[-119.92261,39.55523],[-119.92199,39.55549],[-119.92223,39.55461]]]},"properties":{"IncidentName":"Somersett","GISAcres":1.4193083446195092,"FireCause":"Undetermined","Year":2020}},{"type":"Feature","geometry":{"type":"Polygon","coordinates":[[[-119.96914,39.45311],[-119.96909,39.45282],[-119.96956,39.45272],[-119.96914,39.45311]]]},"properties":{"IncidentName":"Bronco","GISAcres":0.34030169364876933,"FireCause":"Natural","Year":2020}},{"type":"Feature","geometry":{"type":"Polygon","coordinates":[[[-119.64205,39.91879],[-119.64676,39.91984],[-119.65022,39.92214],[-119.65016,39.92574],[-119.65162,39.92809],[-119.64996,39.92995],[-119.65063,39.93244],[-119.64928,39.93414],[-119.64708,39.93444],[-119.64357,39.9328],[-119.64386,39.92926],[-119.64315,39.9284],[-119.64011,39.9289],[-119.63933,39.93096],[-119.64017,39.93288],[-119.63915,39.93425],[-119.63417,39.92782],[-119.62916,39.92894],[-119.62957,39.92949],[-119.63151,39.92889],[-119.63471,39.9305],[-119.63438,39.93252],[-119.6326,39.93365],[-119.63089,39.93279],[-119.63266,39.93115],[-119.63228,39.93053],[-119.62434,39.93165],[-119.62006,39.92937],[-119.62412,39.92376],[-119.62168,39.92246],[-119.62106,39.91988],[-119.62226,39.91849],[-119.62671,39.91979],[-119.63035,39.91871],[-119.635,39.92018],[-119.63722,39.92246],[-119.64007,39.92197],[-119.64349,39.91931],[-119.64205,39.91879]]]},"properties":{"IncidentName":"Scrabble","GISAcres":764.162369474941,"FireCause":"Natural","Year":2020}},{"type":"Feature","geometry":{"type":"Polygon","coordinates":[[[-119.68952,38.80132],[-119.69018,38.80118],[-119.68978,38.80171],[-119.68952,38.80132]]]},"properties":{"IncidentName":"Young ","GISAcres":0.5305070345793338,"FireCause":"Natural","Year":2020}},{"type":"Feature","geometry":{"type":"Polygon","coordinates":[[[-119.86078,39.60347],[-119.86356,39.6024],[-119.8631,39.60438],[-119.86078,39.60347]]]},"properties":{"IncidentName":"Blackfoot","GISAcres":8.47600982398009,"FireCause":"Undetermined","Year":2020}},{"type":"Feature","geometry":{"type":"Polygon","coordinates":[[[-119.85749,39.28191],[-119.85721,39.28196],[-119.85722,39.28182],[-119.85749,39.28191]]]},"properties":{"IncidentName":"Bowers","GISAcres":0.05452591993213286,"FireCause":"Natural","Year":2020}},{"type":"Feature","geometry":{"type":"MultiPolygon","coordinates":[[[[-119.91031,39.35711],[-119.91031,39.35716],[-119.9103,39.35715],[-119.91031,39.35711]]],[[[-119.91024,39.35706],[-119.91028,39.35722],[-119.91017,39.35716],[-119.91024,39.35706]]]]},"properties":{"IncidentName":"Snow Flower","GISAcres":0.034023876179855285,"FireCause":"Natural","Year":2020}},{"type":"Feature","geometry":{"type":"Polygon","coordinates":[[[-119.85367,39.55713],[-119.85422,39.55815],[-119.85301,39.55842],[-119.85367,39.55713]]]},"properties":{"IncidentName":"Big Sky","GISAcres":2.355687536212758,"FireCause":"Human","Year":2020}},{"type":"Feature","geometry":{"type":"Polygon","coordinates":[[[-119.63303,39.86276],[-119.63257,39.86307],[-119.63258,39.86228],[-119.63356,39.86207],[-119.63303,39.86276]]]},"properties":{"IncidentName":"Flatland","GISAcres":1.4089699503496043,"FireCause":"Natural","Year":2020}},{"type":"Feature","geometry":{"type":"Polygon","coordinates":[[[-119.9162,39.62978],[-119.91584,39.62933],[-119.91802,39.62881],[-119.91799,39.62812],[-119.92006,39.62816],[-119.91861,39.62969],[-119.9162,39.62978]]]},"properties":{"IncidentName":"Shell","GISAcres":8.240873857572765,"FireCause":"Undetermined","Year":2020}},{"type":"Feature","geometry":{"type":"Polygon","coordinates":[[[-119.78459,39.22795],[-119.78381,39.22711],[-119.78476,39.22749],[-119.78459,39.22795]]]},"properties":{"IncidentName":"East Lake","GISAcres":1.2132420812690188,"FireCause":"Human","Year":2020}},{"type":"Feature","geometry":{"type":"Polygon","coordinates":[[[-119.75343,39.57153],[-119.75377,39.57203],[-119.75266,39.57195],[-119.75343,39.57153]]]},"properties":{"IncidentName":"Disc","GISAcres":1.7776022468960957,"FireCause":"Human","Year":2020}},{"type":"Feature","geometry":{"type":"Polygon","coordinates":[[[-119.62786,39.86416],[-119.62827,39.8644],[-119.62804,39.86484],[-119.62786,39.86416]]]},"properties":{"IncidentName":"Perry","GISAcres":0.5624970070164009,"FireCause":"Undetermined","Year":2020}},{"type":"Feature","geometry":{"type":"Polygon","coordinates":[[[-119.63113,39.86032],[-119.62979,39.85994],[-119.63153,39.85941],[-119.63113,39.86032]]]},"properties":{"IncidentName":"Shovel","GISAcres":2.7018365465937326,"FireCause":"Undetermined","Year":2020}},{"type":"Feature","geometry":{"type":"MultiPolygon","coordinates":[[[[-119.95864,39.73043],[-119.95871,39.73035],[-119.95866,39.73041],[-119.95864,39.73043]]],[[[-119.95864,39.73043],[-119.95834,39.73086],[-119.95842,39.73057],[-119.95864,39.73043]]],[[[-119.96677,39.72828],[-119.96871,39.72939],[-119.97214,39.73653],[-119.97774,39.738],[-119.98092,39.74036],[-119.98355,39.74716],[-119.98866,39.74898],[-119.99033,39.75163],[-119.9895,39.75726],[-119.98598,39.7587],[-119.97743,39.75798],[-119.97586,39.75341],[-119.97241,39.75291],[-119.97149,39.75409],[-119.97159,39.75733],[-119.97055,39.75937],[-119.9702,39.75901],[-119.97041,39.7598],[-119.97253,39.76141],[-119.974,39.76436],[-119.97773,39.76345],[-119.97971,39.76639],[-119.98081,39.76653],[-119.98324,39.76469],[-119.9874,39.76684],[-119.98655,39.76838],[-119.98997,39.77121],[-119.99188,39.77591],[-119.99129,39.77961],[-119.99262,39.78064],[-120.00017,39.78235],[-120.00106,39.78336],[-120.00215,39.78863],[-120.00038,39.79029],[-119.99487,39.79016],[-119.99215,39.79246],[-119.98843,39.79398],[-119.98802,39.79602],[-119.98998,39.79826],[-119.98875,39.80578],[-119.98391,39.80701],[-119.98254,39.80666],[-119.98159,39.8055],[-119.98136,39.80282],[-119.97883,39.8001],[-119.97551,39.80214],[-119.97069,39.80195],[-119.96937,39.80268],[-119.96962,39.80383],[-119.97019,39.80451],[-119.97497,39.80533],[-119.9755,39.8063],[-119.97493,39.80741],[-119.96731,39.8113],[-119.96433,39.81186],[-119.96078,39.81531],[-119.95101,39.81702],[-119.94591,39.81515],[-119.9446,39.80876],[-119.93957,39.80653],[-119.93538,39.80257],[-119.93346,39.80228],[-119.93058,39.80452],[-119.9218,39.80006],[-119.92068,39.79685],[-119.91138,39.79599],[-119.9099,39.79239],[-119.91108,39.78774],[-119.9099,39.78641],[-119.91405,39.77988],[-119.91704,39.77671],[-119.92209,39.77665],[-119.92485,39.76978],[-119.92878,39.76766],[-119.93052,39.76458],[-119.9313,39.76033],[-119.93503,39.7562],[-119.94004,39.75269],[-119.94552,39.75037],[-119.9444,39.74534],[-119.9478,39.74332],[-119.94285,39.73945],[-119.94473,39.73666],[-119.9531,39.73669],[-119.9558,39.736],[-119.96064,39.73411],[-119.95853,39.73125],[-119.95866,39.73041],[-119.96438,39.731],[-119.96561,39.72877],[-119.96677,39.72828]]]]},"properties":{"IncidentName":"Baccarat","GISAcres":10456.401884103265,"FireCause":"Undetermined","Year":2020}},{"type":"Feature","geometry":{"type":"Polygon","coordinates":[[[-119.92274,39.63902],[-119.92378,39.63786],[-119.92108,39.63696],[-119.91872,39.63493],[-119.91878,39.6317],[-119.92068,39.62767],[-119.92181,39.62809],[-119.92214,39.62966],[-119.92473,39.63299],[-119.92784,39.63267],[-119.93245,39.63357],[-119.93611,39.63284],[-119.93859,39.63376],[-119.93544,39.63431],[-119.93165,39.63617],[-119.93168,39.64093],[-119.92536,39.63822],[-119.92274,39.63902]]]},"properties":{"IncidentName":"White Lake","GISAcres":234.6662292637496,"FireCause":"Undetermined","Year":2020}},{"type":"Feature","geometry":{"type":"MultiPolygon","coordinates":[[[[-120.07669,39.63491],[-120.0772,39.63534],[-120.07671,39.63535],[-120.07669,39.63491]]],[[[-120.13787,39.75277],[-120.12571,39.75537],[-120.12156,39.7588],[-120.11794,39.7605],[-120.11535,39.76586],[-120.11183,39.76724],[-120.11115,39.76948],[-120.11502,39.7707],[-120.11723,39.77405],[-120.12132,39.776],[-120.12458,39.77931],[-120.12364,39.78044],[-120.12412,39.7807],[-120.12271,39.78155],[-120.12221,39.78361],[-120.11856,39.78253],[-120.11923,39.78428],[-120.11408,39.78434],[-120.11347,39.78512],[-120.11466,39.78517],[-120.11477,39.78431],[-120.11685,39.78492],[-120.11769,39.78621],[-120.1158,39.78692],[-120.11389,39.78662],[-120.11288,39.79077],[-120.11182,39.79062],[-120.11235,39.78976],[-120.11144,39.78919],[-120.10798,39.79069],[-120.09707,39.78983],[-120.08061,39.78658],[-120.0779,39.78874],[-120.07683,39.78774],[-120.07671,39.78554],[-120.07251,39.78458],[-120.0694,39.79028],[-120.06666,39.79114],[-120.0599,39.78914],[-120.05587,39.78988],[-120.0566,39.78875],[-120.05424,39.78765],[-120.05498,39.78661],[-120.05427,39.78605],[-120.05217,39.78693],[-120.05214,39.78784],[-120.05045,39.78821],[-120.04981,39.7895],[-120.04878,39.78771],[-120.04928,39.7859],[-120.04709,39.78651],[-120.04673,39.78524],[-120.05144,39.78215],[-120.04348,39.78183],[-120.04634,39.77971],[-120.0483,39.77922],[-120.04301,39.77755],[-120.03883,39.78066],[-120.03918,39.7661],[-120.05058,39.76386],[-120.05596,39.76126],[-120.05486,39.75938],[-120.05219,39.75858],[-120.05276,39.75838],[-120.05195,39.75767],[-120.05239,39.75737],[-120.04887,39.7573],[-120.04696,39.75592],[-120.04749,39.75572],[-120.04682,39.75497],[-120.04279,39.75426],[-120.03935,39.75618],[-120.0379,39.75872],[-120.03775,39.75627],[-120.03695,39.75573],[-120.03756,39.7544],[-120.03473,39.75401],[-120.03776,39.75328],[-120.03762,39.75027],[-120.0325,39.75174],[-120.02831,39.75123],[-120.03012,39.74906],[-120.03334,39.74982],[-120.03255,39.74911],[-120.03235,39.74593],[-120.03399,39.7415],[-120.02847,39.73607],[-120.02809,39.73379],[-120.0334,39.72503],[-120.03845,39.72261],[-120.03807,39.71808],[-120.04151,39.71446],[-120.04198,39.71081],[-120.03929,39.70753],[-120.04191,39.7057],[-120.04363,39.70558],[-120.04535,39.70123],[-120.04973,39.70293],[-120.05065,39.70226],[-120.05071,39.70314],[-120.05202,39.70219],[-120.05207,39.70128],[-120.05032,39.69957],[-120.05103,39.69825],[-120.05435,39.69652],[-120.05499,39.6973],[-120.05482,39.69596],[-120.05798,39.69304],[-120.05735,39.68767],[-120.06102,39.68212],[-120.06626,39.68283],[-120.06574,39.68192],[-120.05987,39.67993],[-120.04884,39.67775],[-120.04475,39.67514],[-120.04241,39.67261],[-120.03606,39.66999],[-120.03416,39.6669],[-120.03193,39.6653],[-120.02761,39.66364],[-120.02702,39.65914],[-120.0254,39.65954],[-120.01967,39.65691],[-120.01937,39.6563],[-120.02062,39.65505],[-120.01868,39.65412],[-120.02093,39.6532],[-120.02307,39.65003],[-120.02237,39.64817],[-120.01736,39.64316],[-120.0205,39.64209],[-120.02583,39.64277],[-120.02742,39.64176],[-120.02659,39.6401],[-120.0247,39.6397],[-120.02364,39.63858],[-120.02361,39.63654],[-120.02289,39.63636],[-120.022,39.63749],[-120.02047,39.63674],[-120.02053,39.63605],[-120.01481,39.63345],[-120.014,39.63195],[-120.01346,39.63026],[-120.01463,39.62543],[-120.01359,39.62299],[-120.01371,39.61882],[-120.01637,39.61502],[-120.01588,39.61458],[-120.02006,39.61367],[-120.02451,39.61742],[-120.02456,39.61825],[-120.02262,39.61937],[-120.02212,39.62106],[-120.02022,39.62154],[-120.02047,39.6225],[-120.02589,39.62226],[-120.02713,39.62262],[-120.02685,39.62308],[-120.03134,39.62325],[-120.03302,39.62567],[-120.03528,39.62632],[-120.03666,39.62456],[-120.03913,39.62497],[-120.0412,39.62318],[-120.04048,39.62229],[-120.04142,39.6224],[-120.04206,39.61609],[-120.04326,39.61564],[-120.04522,39.6163],[-120.04586,39.61762],[-120.04503,39.61954],[-120.0465,39.62056],[-120.04594,39.62244],[-120.04699,39.6233],[-120.04636,39.62384],[-120.04763,39.62668],[-120.04681,39.62924],[-120.04495,39.63163],[-120.04729,39.63171],[-120.0499,39.63055],[-120.05085,39.63107],[-120.04885,39.63183],[-120.04813,39.63239],[-120.04859,39.63309],[-120.0477,39.63336],[-120.05007,39.63927],[-120.05142,39.63982],[-120.05393,39.63995],[-120.05538,39.63817],[-120.05462,39.63603],[-120.0561,39.63576],[-120.05816,39.63644],[-120.05868,39.63775],[-120.06112,39.63773],[-120.06246,39.63911],[-120.06977,39.63869],[-120.07166,39.64095],[-120.07729,39.63745],[-120.08537,39.63762],[-120.08666,39.63827],[-120.08983,39.63695],[-120.08955,39.63593],[-120.09272,39.63334],[-120.09415,39.63393],[-120.09409,39.63497],[-120.09528,39.63596],[-120.09745,39.63566],[-120.10097,39.63877],[-120.10189,39.63735],[-120.10256,39.64068],[-120.10485,39.64223],[-120.10604,39.64559],[-120.10819,39.64615],[-120.10875,39.64782],[-120.10986,39.64846],[-120.11018,39.64736],[-120.11264,39.64771],[-120.11432,39.65222],[-120.11696,39.65196],[-120.11759,39.65357],[-120.12113,39.65277],[-120.12374,39.65533],[-120.1272,39.65175],[-120.13035,39.65046],[-120.13956,39.65016],[-120.14001,39.65087],[-120.13711,39.65503],[-120.13739,39.65886],[-120.13646,39.65945],[-120.13974,39.65908],[-120.14299,39.66147],[-120.15069,39.66415],[-120.15175,39.66612],[-120.15093,39.66785],[-120.15125,39.66933],[-120.15667,39.67294],[-120.15649,39.67406],[-120.17173,39.67506],[-120.17227,39.67641],[-120.17428,39.67466],[-120.18345,39.67324],[-120.18398,39.67222],[-120.18499,39.67231],[-120.18466,39.67316],[-120.18623,39.67332],[-120.19785,39.67187],[-120.19837,39.6702],[-120.20137,39.66717],[-120.20319,39.66849],[-120.20258,39.67161],[-120.20901,39.67249],[-120.21079,39.6711],[-120.21127,39.67327],[-120.21531,39.67443],[-120.22164,39.67481],[-120.22251,39.67581],[-120.22159,39.67728],[-120.22158,39.68156],[-120.22075,39.68203],[-120.22151,39.68479],[-120.21827,39.68658],[-120.21725,39.6883],[-120.21578,39.6882],[-120.21623,39.6888],[-120.21422,39.68939],[-120.21279,39.69447],[-120.21452,39.70238],[-120.2139,39.70601],[-120.21922,39.71335],[-120.21818,39.71843],[-120.20907,39.72232],[-120.20756,39.72242],[-120.20551,39.72123],[-120.1996,39.722],[-120.19821,39.72473],[-120.19675,39.72534],[-120.19611,39.72919],[-120.1943,39.73345],[-120.18855,39.73638],[-120.17341,39.7501],[-120.16898,39.75037],[-120.16338,39.74921],[-120.16218,39.74983],[-120.16166,39.74912],[-120.15694,39.74962],[-120.15545,39.75191],[-120.15327,39.75267],[-120.15402,39.7536],[-120.14641,39.75608],[-120.14338,39.75593],[-120.13787,39.75277]]]]},"properties":{"IncidentName":"Loyalton","GISAcres":46720.91741035073,"FireCause":"Undetermined","Year":2020}},{"type":"Feature","geometry":{"type":"Polygon","coordinates":[[[-120.02789,39.92356],[-120.02773,39.92245],[-120.03022,39.91922],[-120.03465,39.9182],[-120.0347,39.91586],[-120.03748,39.91412],[-120.0428,39.91792],[-120.04481,39.92174],[-120.04261,39.92484],[-120.0388,39.92452],[-120.03798,39.92578],[-120.03412,39.93566],[-120.03817,39.94138],[-120.03847,39.94403],[-120.03685,39.9477],[-120.03397,39.94739],[-120.03372,39.94873],[-120.03178,39.94959],[-120.03354,39.95023],[-120.03264,39.95068],[-120.03266,39.95179],[-120.02688,39.94711],[-120.02267,39.94041],[-120.02491,39.93746],[-120.0275,39.93635],[-120.02519,39.93203],[-120.02801,39.92789],[-120.02639,39.92598],[-120.02789,39.92356]]]},"properties":{"IncidentName":"Adams","GISAcres":901.6729876170294,"FireCause":"Natural","Year":2020}},{"type":"Feature","geometry":{"type":"MultiPolygon","coordinates":[[[[-119.45073,39.58942],[-119.45118,39.58957],[-119.45079,39.58956],[-119.45073,39.58942]]],[[[-119.45016,39.58966],[-119.44714,39.58927],[-119.45017,39.58954],[-119.45016,39.58966]]],[[[-119.45372,39.59],[-119.4514,39.58971],[-119.45228,39.58918],[-119.45372,39.59]]],[[[-119.45644,39.592],[-119.45434,39.59072],[-119.45418,39.59159],[-119.44941,39.59011],[-119.45266,39.59074],[-119.45867,39.59027],[-119.45846,39.59154],[-119.45644,39.592]]]]},"properties":{"IncidentName":"Derby Dam","GISAcres":20.705653110979856,"FireCause":"Human","Year":2020}},{"type":"Feature","geometry":{"type":"Polygon","coordinates":[[[-119.84667,39.46935],[-119.85058,39.46849],[-119.85273,39.46912],[-119.85271,39.46773],[-119.85683,39.46807],[-119.85746,39.46872],[-119.8558,39.46974],[-119.85475,39.47239],[-119.85499,39.47302],[-119.85674,39.47289],[-119.85701,39.47371],[-119.8545,39.47536],[-119.84593,39.47504],[-119.85061,39.48092],[-119.85151,39.48342],[-119.85081,39.48273],[-119.84683,39.48457],[-119.84775,39.48533],[-119.84756,39.48612],[-119.84203,39.48731],[-119.83711,39.48661],[-119.83799,39.48561],[-119.83983,39.48639],[-119.84418,39.48551],[-119.84531,39.48434],[-119.84804,39.48364],[-119.8483,39.48244],[-119.84933,39.48208],[-119.84901,39.48155],[-119.84658,39.48228],[-119.84753,39.48034],[-119.84296,39.47611],[-119.83944,39.47756],[-119.83154,39.48285],[-119.83664,39.47871],[-119.8358,39.47842],[-119.83318,39.47984],[-119.84045,39.47504],[-119.83771,39.474],[-119.83531,39.4741],[-119.83139,39.47692],[-119.8305,39.47334],[-119.82736,39.47261],[-119.82725,39.47044],[-119.82909,39.46975],[-119.83053,39.46771],[-119.82978,39.47207],[-119.83388,39.47039],[-119.84066,39.4694],[-119.84382,39.46702],[-119.84559,39.46928],[-119.84667,39.46935]]]},"properties":{"IncidentName":"Pinehaven","GISAcres":512.1446448858069,"FireCause":"Human","Year":2020}},{"type":"Feature","geometry":{"type":"MultiPolygon","coordinates":[[[[-120.0679,40.08908],[-120.07245,40.08739],[-120.06987,40.08947],[-120.06933,40.09148],[-120.06692,40.09315],[-120.06664,40.09018],[-120.06801,40.08967],[-120.0679,40.08908]]],[[[-120.0531,40.09262],[-120.0528,40.08936],[-120.05183,40.0896],[-120.05044,40.08845],[-120.05148,40.08651],[-120.05065,40.08645],[-120.04791,40.083],[-120.04977,40.08368],[-120.04965,40.08313],[-120.05203,40.08217],[-120.05535,40.08624],[-120.05957,40.08459],[-120.0598,40.08268],[-120.06242,40.08031],[-120.06102,40.08104],[-120.06125,40.08043],[-120.06289,40.07961],[-120.06534,40.07548],[-120.06827,40.07342],[-120.06809,40.07255],[-120.07772,40.06559],[-120.07727,40.06502],[-120.07297,40.06719],[-120.0753,40.0659],[-120.07711,40.06361],[-120.07127,40.06386],[-120.07529,40.06264],[-120.07558,40.0618],[-120.07443,40.06118],[-120.07608,40.06089],[-120.0754,40.06035],[-120.07653,40.05866],[-120.07829,40.05889],[-120.08048,40.0576],[-120.08155,40.05459],[-120.08557,40.0537],[-120.08931,40.04934],[-120.09612,40.04795],[-120.10031,40.04581],[-120.09893,40.03813],[-120.10475,40.02856],[-120.10926,40.03387],[-120.11185,40.03371],[-120.11149,40.0398],[-120.11382,40.04629],[-120.11382,40.04866],[-120.10885,40.05104],[-120.10721,40.05657],[-120.1058,40.05642],[-120.10671,40.06367],[-120.09928,40.07118],[-120.09928,40.07473],[-120.09543,40.07618],[-120.08794,40.08377],[-120.07269,40.08599],[-120.0709,40.08775],[-120.07215,40.08598],[-120.07142,40.08599],[-120.0716,40.08511],[-120.07444,40.08355],[-120.07519,40.08199],[-120.07726,40.08166],[-120.08096,40.0776],[-120.08452,40.07674],[-120.08654,40.07291],[-120.08616,40.07247],[-120.08853,40.06985],[-120.08231,40.06878],[-120.08179,40.06778],[-120.08039,40.06752],[-120.07432,40.06908],[-120.06958,40.07853],[-120.0663,40.08285],[-120.06588,40.0849],[-120.06391,40.08692],[-120.05895,40.08947],[-120.06486,40.09641],[-120.06013,40.09469],[-120.05763,40.09595],[-120.05743,40.09676],[-120.0515,40.09676],[-120.05017,40.09388],[-120.05111,40.09403],[-120.0531,40.09262]]]]},"properties":{"IncidentName":"Laura 2","GISAcres":2765.76808895946,"FireCause":"Human","Year":2020}},{"type":"Feature","geometry":{"type":"Polygon","coordinates":[[[-119.39895,39.82755],[-119.39943,39.82768],[-119.39958,39.82854],[-119.39895,39.82755]]]},"properties":{"IncidentName":"North Nixon","GISAcres":0.38739939407499707,"FireCause":"Human","Year":2020}},{"type":"Feature","geometry":{"type":"Polygon","coordinates":[[[-119.70686,39.5663],[-119.70817,39.56725],[-119.70659,39.56835],[-119.70316,39.56725],[-119.70686,39.5663]]]},"properties":{"IncidentName":"Vista ","GISAcres":15.279393212312698,"FireCause":"Undetermined","Year":2021}},{"type":"Feature","geometry":{"type":"Polygon","coordinates":[[[-119.6905,39.52524],[-119.69131,39.52535],[-119.69098,39.52486],[-119.68982,39.52503],[-119.68924,39.52423],[-119.6913,39.52383],[-119.69388,39.52498],[-119.69409,39.52777],[-119.69184,39.52732],[-119.6905,39.52524]]]},"properties":{"IncidentName":"Woodsprings","GISAcres":26.303388160550107,"FireCause":"Undetermined","Year":2021}},{"type":"Feature","geometry":{"type":"MultiPolygon","coordinates":[[[[-119.54208,39.56337],[-119.54252,39.56325],[-119.54326,39.56311],[-119.54208,39.56337]]],[[[-119.54208,39.56337],[-119.54206,39.56338],[-119.54207,39.56337],[-119.54208,39.56337]]],[[[-119.54206,39.56338],[-119.54103,39.56372],[-119.54141,39.56355],[-119.54206,39.56338]]],[[[-119.54103,39.56372],[-119.541,39.56374],[-119.54097,39.56375],[-119.54103,39.56372]]],[[[-119.54057,39.56392],[-119.54063,39.56385],[-119.54097,39.56375],[-119.54057,39.56392]]]]},"properties":{"IncidentName":"Parkway","GISAcres":0.15778743471197962,"FireCause":"Undetermined","Year":2021}},{"type":"Feature","geometry":{"type":"Polygon","coordinates":[[[-119.87389,39.40215],[-119.87444,39.40264],[-119.87371,39.40249],[-119.87389,39.40215]]]},"properties":{"IncidentName":"Logan","GISAcres":0.40328041117514096,"FireCause":"Undetermined","Year":2021}},{"type":"Feature","geometry":{"type":"Polygon","coordinates":[[[-119.73096,39.65268],[-119.73086,39.65254],[-119.7318,39.65281],[-119.73096,39.65268]]]},"properties":{"IncidentName":"Eagle Canyon","GISAcres":0.14646974293127452,"FireCause":"Undetermined","Year":2021}},{"type":"Feature","geometry":{"type":"Polygon","coordinates":[[[-119.62337,39.99504],[-119.62334,39.99507],[-119.62304,39.995],[-119.62337,39.99504]]]},"properties":{"IncidentName":"Windless","GISAcres":0.012637789051656453,"FireCause":"Human","Year":2021}},{"type":"Feature","geometry":{"type":"Polygon","coordinates":[[[-119.60174,38.9274],[-119.60178,38.92734],[-119.6017,38.92738],[-119.60174,38.9274]]]},"properties":{"IncidentName":"Mine","GISAcres":0.004416141331727289,"FireCause":"Natural","Year":2021}},{"type":"Feature","geometry":{"type":"Polygon","coordinates":[[[-119.78559,39.62653],[-119.78557,39.62655],[-119.7856,39.62651],[-119.78559,39.62653]]]},"properties":{"IncidentName":"Lundy","GISAcres":0.0004522815476799592,"FireCause":"Human","Year":2021}},{"type":"Feature","geometry":{"type":"Polygon","coordinates":[[[-119.85752,39.3381],[-119.85748,39.3382],[-119.85741,39.33818],[-119.85752,39.3381]]]},"properties":{"IncidentName":"Browns","GISAcres":0.022640822255232864,"FireCause":"Undetermined","Year":2021}},{"type":"Feature","geometry":{"type":"Polygon","coordinates":[[[-119.73374,39.14648],[-119.73457,39.14882],[-119.73408,39.15001],[-119.72913,39.15087],[-119.72628,39.14818],[-119.72532,39.14611],[-119.72253,39.14501],[-119.72389,39.14374],[-119.72636,39.1431],[-119.72826,39.13981],[-119.73134,39.14138],[-119.73374,39.14648]]]},"properties":{"IncidentName":"Prison","GISAcres":170.93035422420095,"FireCause":"Natural","Year":2021}},{"type":"Feature","geometry":{"type":"Polygon","coordinates":[[[-119.4909,39.87288],[-119.49087,39.87308],[-119.49083,39.87299],[-119.4909,39.87288]]]},"properties":{"IncidentName":"Block","GISAcres":0.012922599132249152,"FireCause":"Human","Year":2021}},{"type":"Feature","geometry":{"type":"Polygon","coordinates":[[[-119.52575,39.89886],[-119.52574,39.89887],[-119.52574,39.89884],[-119.52575,39.89886]]]},"properties":{"IncidentName":"Wino","GISAcres":0.0002048232723008449,"FireCause":"Human","Year":2021}},{"type":"Feature","geometry":{"type":"Polygon","coordinates":[[[-119.68936,39.19678],[-119.68859,39.19865],[-119.68791,39.19917],[-119.6873,39.19867],[-119.68708,39.19794],[-119.68936,39.19678]]]},"properties":{"IncidentName":"Flint","GISAcres":6.052832835208191,"FireCause":"Undetermined","Year":2021}},{"type":"Feature","geometry":{"type":"MultiPolygon","coordinates":[[[[-119.81082,39.09022],[-119.81182,39.08983],[-119.81103,39.09027],[-119.81082,39.09022]]],[[[-119.80905,39.0912],[-119.81041,39.09038],[-119.81017,39.09111],[-119.80905,39.0912]]]]},"properties":{"IncidentName":"Jacks Valley 2","GISAcres":2.7313956357985623,"FireCause":"Human","Year":2021}},{"type":"Feature","geometry":{"type":"MultiPolygon","coordinates":[[[[-119.80046,39.21149],[-119.80047,39.21149],[-119.80045,39.2115],[-119.80046,39.21149]]],[[[-119.80035,39.21148],[-119.79994,39.21219],[-119.79886,39.2121],[-119.80035,39.21148]]]]},"properties":{"IncidentName":"DUCK HILL","GISAcres":1.9384928897706786,"FireCause":"Undetermined","Year":2021}},{"type":"Feature","geometry":{"type":"Polygon","coordinates":[[[-119.90402,39.62445],[-119.90351,39.62401],[-119.90427,39.62409],[-119.90402,39.62445]]]},"properties":{"IncidentName":"Mariner","GISAcres":0.650633070222474,"FireCause":"Undetermined","Year":2021}},{"type":"Feature","geometry":{"type":"Polygon","coordinates":[[[-119.86105,39.35744],[-119.86124,39.35699],[-119.86191,39.35684],[-119.86105,39.35744]]]},"properties":{"IncidentName":"whites creek","GISAcres":0.591935852458263,"FireCause":"Undetermined","Year":2021}},{"type":"Feature","geometry":{"type":"Polygon","coordinates":[[[-119.96904,39.72431],[-119.96949,39.72473],[-119.96619,39.72576],[-119.96462,39.72525],[-119.96391,39.72395],[-119.96463,39.72338],[-119.96735,39.7247],[-119.96904,39.72431]]]},"properties":{"IncidentName":"Brady","GISAcres":14.991479577255275,"FireCause":"Undetermined","Year":2021}},{"type":"Feature","geometry":{"type":"Polygon","coordinates":[[[-119.65252,39.61576],[-119.65249,39.6158],[-119.65247,39.61579],[-119.65252,39.61576]]]},"properties":{"IncidentName":"Golden Regional","GISAcres":0.0006947413759077785,"FireCause":"Undetermined","Year":2021}},{"type":"Feature","geometry":{"type":"Polygon","coordinates":[[[-119.7559,39.36936],[-119.75517,39.37168],[-119.75776,39.3758],[-119.75705,39.3833],[-119.7588,39.38599],[-119.7589,39.38773],[-119.75762,39.38874],[-119.75401,39.38897],[-119.75141,39.39134],[-119.74993,39.38851],[-119.74894,39.38823],[-119.74499,39.39109],[-119.74495,39.38716],[-119.74309,39.38413],[-119.75136,39.37032],[-119.75189,39.3674],[-119.75342,39.36613],[-119.7547,39.36625],[-119.7559,39.36936]]]},"properties":{"IncidentName":"Petrilla","GISAcres":528.1,"FireCause":"Undetermined","Year":2021}},{"type":"Feature","geometry":{"type":"MultiPolygon","coordinates":[[[[-119.41792,38.97874],[-119.41792,38.97872],[-119.41793,38.97874],[-119.41792,38.97874]]],[[[-119.41811,38.97893],[-119.41811,38.97889],[-119.41814,38.97892],[-119.41811,38.97893]]],[[[-119.41792,38.97874],[-119.41479,38.97966],[-119.41177,38.97916],[-119.41501,38.97841],[-119.41321,38.97812],[-119.41494,38.97766],[-119.41233,38.97749],[-119.41544,38.97756],[-119.41706,38.97893],[-119.41711,38.97829],[-119.41792,38.97874]]]]},"properties":{"IncidentName":"Artesia","GISAcres":15.579810567695514,"FireCause":"Natural","Year":2021}},{"type":"Feature","geometry":{"type":"Polygon","coordinates":[[[-119.64442,39.12906],[-119.64612,39.12861],[-119.64765,39.12993],[-119.64926,39.12935],[-119.65184,39.1307],[-119.65235,39.13206],[-119.64991,39.13275],[-119.64574,39.13059],[-119.6453,39.12897],[-119.64442,39.12906]]]},"properties":{"IncidentName":"Brunswick","GISAcres":36.74340708017485,"FireCause":"Natural","Year":2021}},{"type":"Feature","geometry":{"type":"Polygon","coordinates":[[[-119.80277,39.08686],[-119.80622,39.08642],[-119.808,39.08785],[-119.81314,39.08856],[-119.81534,39.08791],[-119.81538,39.08844],[-119.79985,39.09349],[-119.80015,39.09219],[-119.7965,39.09243],[-119.7961,39.09421],[-119.79365,39.09562],[-119.79289,39.09515],[-119.79259,39.09218],[-119.78887,39.09194],[-119.78878,39.09033],[-119.78594,39.09015],[-119.78598,39.08808],[-119.78663,39.08771],[-119.7917,39.08752],[-119.79375,39.08848],[-119.80277,39.08686]]]},"properties":{"IncidentName":"Jacks Valley","GISAcres":280.3065293446825,"FireCause":"Human","Year":2021}},{"type":"Feature","geometry":{"type":"Polygon","coordinates":[[[-119.74595,38.827],[-119.74666,38.82792],[-119.74614,38.82822],[-119.74298,38.82655],[-119.74374,38.82604],[-119.74595,38.827]]]},"properties":{"IncidentName":"Mud 2","GISAcres":9.918027585927481,"FireCause":"Natural","Year":2021}},{"type":"Feature","geometry":{"type":"MultiPolygon","coordinates":[[[[-119.955,39.48857],[-119.95498,39.48858],[-119.95499,39.48857],[-119.955,39.48857]]],[[[-119.955,39.48857],[-119.95501,39.48857],[-119.95502,39.4886],[-119.955,39.48857]]],[[[-119.95502,39.4886],[-119.95438,39.48822],[-119.95515,39.48801],[-119.95482,39.48703],[-119.95597,39.48659],[-119.9567,39.48716],[-119.95735,39.48629],[-119.95973,39.48657],[-119.96095,39.48595],[-119.96304,39.48767],[-119.96397,39.48702],[-119.96297,39.48601],[-119.96399,39.48579],[-119.96611,39.48708],[-119.96501,39.48886],[-119.96236,39.4901],[-119.96048,39.48978],[-119.96136,39.48919],[-119.96044,39.48922],[-119.96091,39.4888],[-119.96013,39.48861],[-119.9601,39.48763],[-119.95891,39.48738],[-119.95972,39.4873],[-119.95956,39.48672],[-119.9587,39.48706],[-119.9597,39.48815],[-119.95857,39.48988],[-119.95502,39.4886]]],[[[-119.95502,39.48859],[-119.95501,39.48858],[-119.95501,39.48857],[-119.95502,39.48859]]]]},"properties":{"IncidentName":"Garsons","GISAcres":67.11091955813285,"FireCause":"Undetermined","Year":2021}},{"type":"Feature","geometry":{"type":"Polygon","coordinates":[[[-119.57225,39.0061],[-119.57119,39.00602],[-119.57188,39.00443],[-119.5734,39.0059],[-119.57225,39.0061]]]},"properties":{"IncidentName":"Mineral","GISAcres":4.67714337635443,"FireCause":"Natural","Year":2021}},{"type":"Feature","geometry":{"type":"Polygon","coordinates":[[[-119.96557,39.61466],[-119.96554,39.61385],[-119.96752,39.61477],[-119.96557,39.61466]]]},"properties":{"IncidentName":"Jones ","GISAcres":3.36821080645241,"FireCause":"Natural","Year":2021}},{"type":"Feature","geometry":{"type":"MultiPolygon","coordinates":[[[[-119.712,38.81853],[-119.712,38.81853],[-119.712,38.81853],[-119.712,38.81853]]],[[[-119.712,38.81853],[-119.71201,38.81854],[-119.712,38.81854],[-119.712,38.81853]]],[[[-119.712,38.81853],[-119.71102,38.81765],[-119.71116,38.81645],[-119.7122,38.81748],[-119.712,38.81853]]]]},"properties":{"IncidentName":"Horse shoe","GISAcres":3.5272114557917935,"FireCause":"Natural","Year":2021}},{"type":"Feature","geometry":{"type":"MultiPolygon","coordinates":[[[[-119.81601,40.07708],[-119.81597,40.07707],[-119.81597,40.07707],[-119.81601,40.07708]]],[[[-119.816,40.07594],[-119.81674,40.07659],[-119.81496,40.07709],[-119.816,40.07594]]]]},"properties":{"IncidentName":"Canyon ","GISAcres":3.297663110621194,"FireCause":"Natural","Year":2021}},{"type":"Feature","geometry":{"type":"Polygon","coordinates":[[[-119.51213,38.97832],[-119.51058,38.97935],[-119.51136,38.97809],[-119.51213,38.97832]]]},"properties":{"IncidentName":"Stockyard ","GISAcres":2.2936948582871812,"FireCause":"Natural","Year":2021}},{"type":"Feature","geometry":{"type":"MultiPolygon","coordinates":[[[[-119.83055,38.83964],[-119.83053,38.83975],[-119.83051,38.83962],[-119.83055,38.83964]]],[[[-119.83055,38.83964],[-119.83178,38.83963],[-119.83182,38.83999],[-119.83055,38.83964]]]]},"properties":{"IncidentName":"Fay","GISAcres":0.5995587349263254,"FireCause":"Natural","Year":2021}},{"type":"Feature","geometry":{"type":"Polygon","coordinates":[[[-119.64238,38.84915],[-119.64248,38.84906],[-119.64258,38.84912],[-119.64238,38.84915]]]},"properties":{"IncidentName":"Conner","GISAcres":0.04867685896593297,"FireCause":"Human","Year":2021}},{"type":"Feature","geometry":{"type":"Polygon","coordinates":[[[-119.43587,39.2354],[-119.43566,39.2362],[-119.43468,39.23574],[-119.43503,39.23499],[-119.43587,39.2354]]]},"properties":{"IncidentName":"Pinyon","GISAcres":1.8980092416182055,"FireCause":"Human","Year":2021}},{"type":"Feature","geometry":{"type":"Polygon","coordinates":[[[-119.86464,39.36525],[-119.86532,39.36563],[-119.86474,39.36606],[-119.86464,39.36525]]]},"properties":{"IncidentName":"Jones Creek","GISAcres":1.1219077009302805,"FireCause":"Natural","Year":2021}},{"type":"Feature","geometry":{"type":"Polygon","coordinates":[[[-119.74752,39.58161],[-119.74742,39.58168],[-119.74729,39.58164],[-119.74752,39.58161]]]},"properties":{"IncidentName":"Largo","GISAcres":0.04145289173003742,"FireCause":"Human","Year":2021}},{"type":"Feature","geometry":{"type":"Polygon","coordinates":[[[-119.78521,39.63286],[-119.78524,39.63333],[-119.78445,39.63299],[-119.78521,39.63286]]]},"properties":{"IncidentName":"Chilli ","GISAcres":0.6948394552044443,"FireCause":"Human","Year":2021}},{"type":"Feature","geometry":{"type":"Polygon","coordinates":[[[-119.28373,39.65584],[-119.28361,39.65503],[-119.28439,39.65499],[-119.28373,39.65584]]]},"properties":{"IncidentName":"Wadsworth","GISAcres":0.9694430409397533,"FireCause":"Human","Year":2021}},{"type":"Feature","geometry":{"type":"Polygon","coordinates":[[[-119.49188,39.87529],[-119.4922,39.87513],[-119.49257,39.87541],[-119.49188,39.87529]]]},"properties":{"IncidentName":"Blockhouse","GISAcres":0.2614450379056548,"FireCause":"Human","Year":2021}},{"type":"Feature","geometry":{"type":"Polygon","coordinates":[[[-119.54186,39.91439],[-119.54303,39.91508],[-119.54313,39.9157],[-119.54186,39.91439]]]},"properties":{"IncidentName":"Tamarack Beach","GISAcres":1.1760953309871591,"FireCause":"Human","Year":2021}},{"type":"Feature","geometry":{"type":"Polygon","coordinates":[[[-120.03761,39.58346],[-120.03694,39.58401],[-120.03654,39.58314],[-120.03761,39.58346]]]},"properties":{"IncidentName":"Valley","GISAcres":1.7666337493928614,"FireCause":"Undetermined","Year":2021}},{"type":"Feature","geometry":{"type":"Polygon","coordinates":[[[-119.85797,39.36451],[-119.8576,39.36461],[-119.85772,39.3644],[-119.85797,39.36451]]]},"properties":{"IncidentName":"Galena","GISAcres":0.2169436592059378,"FireCause":"Undetermined","Year":2022}},{"type":"Feature","geometry":{"type":"Polygon","coordinates":[[[-119.2728,39.68587],[-119.27212,39.6857],[-119.27222,39.68483],[-119.27426,39.68551],[-119.27465,39.68619],[-119.27364,39.68623],[-119.27392,39.68679],[-119.27601,39.68769],[-119.27598,39.691],[-119.27515,39.68948],[-119.27485,39.69035],[-119.27297,39.68939],[-119.27288,39.68697],[-119.27374,39.68764],[-119.27491,39.6873],[-119.2728,39.68587]]]},"properties":{"IncidentName":"Wadsworth","GISAcres":27.068282440652688,"FireCause":"Undetermined","Year":2022}},{"type":"Feature","geometry":{"type":"Polygon","coordinates":[[[-119.35163,39.84324],[-119.35202,39.84274],[-119.35204,39.84307],[-119.35163,39.84324]]]},"properties":{"IncidentName":"Wishbone","GISAcres":0.21788742556409213,"FireCause":"Undetermined","Year":2022}},{"type":"Feature","geometry":{"type":"MultiPolygon","coordinates":[[[[-119.77583,39.83574],[-119.77569,39.83557],[-119.77635,39.83575],[-119.77583,39.83574]]],[[[-119.77583,39.83574],[-119.77582,39.83574],[-119.7758,39.83572],[-119.77583,39.83574]]],[[[-119.7758,39.83572],[-119.77579,39.83571],[-119.7758,39.83572],[-119.7758,39.83572]]]]},"properties":{"IncidentName":"Moon Rocks ","GISAcres":0.23737296788159876,"FireCause":"Undetermined","Year":2022}},{"type":"Feature","geometry":{"type":"Polygon","coordinates":[[[-119.95436,39.72769],[-119.95528,39.72821],[-119.95454,39.72824],[-119.95436,39.72769]]]},"properties":{"IncidentName":"Mud Springs ","GISAcres":1.0358636053305346,"FireCause":"Undetermined","Year":2022}},{"type":"Feature","geometry":{"type":"Polygon","coordinates":[[[-119.28337,39.63462],[-119.283,39.63493],[-119.28318,39.63435],[-119.28337,39.63462]]]},"properties":{"IncidentName":"Wadsworth","GISAcres":0.2248055119367016,"FireCause":"Undetermined","Year":2022}},{"type":"Feature","geometry":{"type":"Polygon","coordinates":[[[-119.9233,39.62537],[-119.9232,39.62514],[-119.92353,39.62506],[-119.9233,39.62537]]]},"properties":{"IncidentName":"Rock","GISAcres":0.10525349071107502,"FireCause":"Undetermined","Year":2022}},{"type":"Feature","geometry":{"type":"Polygon","coordinates":[[[-119.88431,39.89052],[-119.88435,39.89048],[-119.88439,39.89052],[-119.88431,39.89052]]]},"properties":{"IncidentName":"Bedell","GISAcres":0.005869983003561419,"FireCause":"Undetermined","Year":2022}},{"type":"Feature","geometry":{"type":"MultiPolygon","coordinates":[[[[-119.9388,39.68244],[-119.93984,39.68393],[-119.93816,39.68293],[-119.9364,39.68307],[-119.9388,39.68244]]],[[[-119.93857,39.68328],[-119.93836,39.68334],[-119.93821,39.6833],[-119.93857,39.68328]]],[[[-119.93865,39.68319],[-119.93867,39.68321],[-119.9386,39.68323],[-119.93865,39.68319]]],[[[-119.9386,39.68323],[-119.93858,39.68326],[-119.93858,39.68323],[-119.9386,39.68323]]],[[[-119.93858,39.68328],[-119.93857,39.68327],[-119.93858,39.68326],[-119.93858,39.68328]]],[[[-119.93858,39.68328],[-119.93859,39.68328],[-119.93857,39.68328],[-119.93858,39.68328]]],[[[-119.93821,39.68329],[-119.93821,39.68329],[-119.9382,39.68329],[-119.93821,39.68329]]]]},"properties":{"IncidentName":"Volunteer","GISAcres":3.8664474129267608,"FireCause":"Undetermined","Year":2022}},{"type":"Feature","geometry":{"type":"MultiPolygon","coordinates":[[[[-119.81838,39.45257],[-119.81834,39.4526],[-119.81837,39.45257],[-119.81838,39.45257]]],[[[-119.81834,39.4526],[-119.81821,39.45278],[-119.81816,39.4528],[-119.81834,39.4526]]],[[[-119.81897,39.45209],[-119.81902,39.4522],[-119.81838,39.45257],[-119.81897,39.45209]]],[[[-119.81753,39.45191],[-119.81816,39.4528],[-119.81717,39.45455],[-119.81661,39.45306],[-119.81753,39.45191]]],[[[-119.81717,39.45239],[-119.81714,39.45239],[-119.81713,39.45242],[-119.81717,39.45239]]],[[[-119.8186,39.45549],[-119.81727,39.45696],[-119.81655,39.45643],[-119.81807,39.45306],[-119.81938,39.45215],[-119.81993,39.45265],[-119.81852,39.45307],[-119.81981,39.45367],[-119.81912,39.45384],[-119.81922,39.45491],[-119.81828,39.45458],[-119.8186,39.45549]]]]},"properties":{"IncidentName":"Kinney","GISAcres":17.16417372503111,"FireCause":"Undetermined","Year":2022}},{"type":"Feature","geometry":{"type":"MultiPolygon","coordinates":[[[[-119.57077,39.0552],[-119.57074,39.0552],[-119.57075,39.05517],[-119.57077,39.0552]]],[[[-119.56821,39.05109],[-119.56991,39.0517],[-119.57148,39.05372],[-119.57075,39.05517],[-119.56599,39.05297],[-119.56821,39.05109]]]]},"properties":{"IncidentName":"Lebo Springs","GISAcres":27.53494545806253,"FireCause":"Undetermined","Year":2022}},{"type":"Feature","geometry":{"type":"Polygon","coordinates":[[[-120.00168,39.57527],[-120.00131,39.57575],[-120.00078,39.57499],[-120.00176,39.57452],[-120.00221,39.57521],[-120.00168,39.57527]]]},"properties":{"IncidentName":"Crystal","GISAcres":2.3559247305588458,"FireCause":"Undetermined","Year":2022}},{"type":"Feature","geometry":{"type":"Polygon","coordinates":[[[-119.40036,38.785],[-119.41201,38.78321],[-119.41621,38.78415],[-119.41616,38.78287],[-119.41722,38.78182],[-119.41996,38.78193],[-119.42333,38.78426],[-119.42987,38.78678],[-119.43183,38.78966],[-119.43192,38.79231],[-119.43088,38.79396],[-119.4317,38.7954],[-119.436,38.79643],[-119.4418,38.79948],[-119.44536,38.80412],[-119.4478,38.80509],[-119.45383,38.80522],[-119.4543,38.80633],[-119.45281,38.80756],[-119.45153,38.8117],[-119.44963,38.81388],[-119.44105,38.81903],[-119.43455,38.82131],[-119.42481,38.82168],[-119.42703,38.81924],[-119.42792,38.81639],[-119.43113,38.81727],[-119.43262,38.81612],[-119.43227,38.81227],[-119.43005,38.81146],[-119.42723,38.81221],[-119.42331,38.81614],[-119.41699,38.82039],[-119.41747,38.81832],[-119.41261,38.81705],[-119.41224,38.81595],[-119.41506,38.81503],[-119.40795,38.81201],[-119.40791,38.81081],[-119.40906,38.80941],[-119.40746,38.80739],[-119.40321,38.80456],[-119.40463,38.80128],[-119.40191,38.79516],[-119.40176,38.79079],[-119.39986,38.78655],[-119.40036,38.785]]]},"properties":{"IncidentName":"Unknown","GISAcres":2936.5955728135614,"FireCause":"Undetermined","Year":1980}},{"type":"Feature","geometry":{"type":"Polygon","coordinates":[[[-119.44413,38.82257],[-119.44965,38.82725],[-119.44859,38.82813],[-119.44404,38.82643],[-119.44528,38.82743],[-119.44475,38.82812],[-119.4432,38.82764],[-119.44206,38.82938],[-119.43681,38.82966],[-119.43469,38.82851],[-119.43199,38.82968],[-119.43497,38.82713],[-119.44413,38.82257]]]},"properties":{"IncidentName":"Unknown","GISAcres":142.60609806905677,"FireCause":"Undetermined","Year":1980}},{"type":"Feature","geometry":{"type":"Polygon","coordinates":[[[-119.59829,38.82031],[-119.5946,38.82016],[-119.59521,38.81845],[-119.59581,38.81906],[-119.59741,38.817],[-119.59871,38.81653],[-119.59688,38.81915],[-119.59829,38.82031]]]},"properties":{"IncidentName":"Unknown","GISAcres":14.671506487158034,"FireCause":"Undetermined","Year":1980}},{"type":"Feature","geometry":{"type":"Polygon","coordinates":[[[-119.61964,39.14547],[-119.62133,39.14287],[-119.62235,39.14346],[-119.62381,39.14242],[-119.62509,39.14612],[-119.62323,39.148],[-119.61108,39.15184],[-119.60202,39.15644],[-119.60221,39.15566],[-119.5991,39.15678],[-119.59524,39.15876],[-119.59489,39.16089],[-119.59137,39.16219],[-119.5905,39.16187],[-119.59388,39.15863],[-119.59082,39.15908],[-119.59079,39.15814],[-119.59213,39.15761],[-119.59134,39.15751],[-119.59041,39.15575],[-119.58769,39.15559],[-119.59074,39.15296],[-119.58973,39.15265],[-119.59172,39.15227],[-119.59176,39.15144],[-119.59665,39.15027],[-119.59916,39.14854],[-119.60418,39.14704],[-119.60862,39.14343],[-119.61569,39.14517],[-119.61618,39.14477],[-119.61565,39.14394],[-119.61964,39.14547]]]},"properties":{"IncidentName":"Unknown","GISAcres":599.8758599220987,"FireCause":"Undetermined","Year":1980}},{"type":"Feature","geometry":{"type":"Polygon","coordinates":[[[-119.62998,39.11601],[-119.62726,39.11796],[-119.62238,39.11723],[-119.61297,39.12001],[-119.61243,39.11868],[-119.61373,39.11715],[-119.61067,39.11577],[-119.60936,39.11302],[-119.61019,39.11227],[-119.61899,39.11453],[-119.62907,39.11463],[-119.62998,39.11601]]]},"properties":{"IncidentName":"Unknown","GISAcres":175.23222104076788,"FireCause":"Undetermined","Year":1980}},{"type":"Feature","geometry":{"type":"Polygon","coordinates":[[[-119.60895,39.11169],[-119.60837,39.11538],[-119.60211,39.11808],[-119.60124,39.11955],[-119.60217,39.11975],[-119.59905,39.12021],[-119.59211,39.12398],[-119.59081,39.12362],[-119.59035,39.12279],[-119.59249,39.12258],[-119.59346,39.12195],[-119.59194,39.12137],[-119.5933,39.12145],[-119.59371,39.12077],[-119.59304,39.12012],[-119.58938,39.11987],[-119.59036,39.11912],[-119.59358,39.11916],[-119.59298,39.11839],[-119.59357,39.11716],[-119.59437,39.11742],[-119.5943,39.11937],[-119.59491,39.11857],[-119.59614,39.11894],[-119.5961,39.11777],[-119.59886,39.1172],[-119.59872,39.11526],[-119.59977,39.11457],[-119.60142,39.11481],[-119.60203,39.11396],[-119.60102,39.11164],[-119.59927,39.11074],[-119.60002,39.10972],[-119.60638,39.10974],[-119.60895,39.11169]]]},"properties":{"IncidentName":"Unknown","GISAcres":219.95642034073313,"FireCause":"Undetermined","Year":1980}},{"type":"Feature","geometry":{"type":"Polygon","coordinates":[[[-119.64375,39.11748],[-119.64159,39.12081],[-119.64063,39.12573],[-119.63918,39.12136],[-119.64164,39.1183],[-119.64375,39.11748]]]},"properties":{"IncidentName":"Unknown","GISAcres":27.955051361214846,"FireCause":"Undetermined","Year":1980}},{"type":"Feature","geometry":{"type":"Polygon","coordinates":[[[-119.64314,39.12974],[-119.64206,39.12765],[-119.64403,39.12487],[-119.64419,39.12331],[-119.64492,39.12574],[-119.64314,39.12974]]]},"properties":{"IncidentName":"Unknown","GISAcres":17.95284595164778,"FireCause":"Undetermined","Year":1980}},{"type":"Feature","geometry":{"type":"Polygon","coordinates":[[[-119.60383,39.08898],[-119.60422,39.08986],[-119.60351,39.09015],[-119.60075,39.09072],[-119.59866,39.09026],[-119.60383,39.08898]]]},"properties":{"IncidentName":"Unknown","GISAcres":10.360917499518703,"FireCause":"Undetermined","Year":1980}},{"type":"Feature","geometry":{"type":"Polygon","coordinates":[[[-119.875,39.59427],[-119.88291,39.59674],[-119.88591,39.59938],[-119.89038,39.60087],[-119.89176,39.60495],[-119.8891,39.61001],[-119.88613,39.61089],[-119.88197,39.60712],[-119.87523,39.60533],[-119.875,39.59427]]]},"properties":{"IncidentName":"Unknown","GISAcres":398.85364571888863,"FireCause":"Undetermined","Year":1991}},{"type":"Feature","geometry":{"type":"Polygon","coordinates":[[[-119.58952,38.88142],[-119.58718,38.87197],[-119.58821,38.8698],[-119.59031,38.86943],[-119.59478,38.87086],[-119.60037,38.87448],[-119.60096,38.87745],[-119.5986,38.87907],[-119.60525,38.88381],[-119.60316,38.88534],[-119.59963,38.88633],[-119.59863,38.88828],[-119.59848,38.89184],[-119.5962,38.89246],[-119.59183,38.88681],[-119.58952,38.88142]]]},"properties":{"IncidentName":"Mt Siegel","GISAcres":520.9680406209427,"FireCause":"Natural","Year":1990}},{"type":"Feature","geometry":{"type":"Polygon","coordinates":[[[-120.08815,39.7195],[-120.0876,39.71797],[-120.09046,39.71623],[-120.09082,39.71473],[-120.09189,39.71419],[-120.09669,39.71629],[-120.09882,39.71893],[-120.09774,39.72112],[-120.09395,39.72234],[-120.08956,39.7221],[-120.08838,39.72108],[-120.08815,39.7195]]]},"properties":{"IncidentName":"Unknown","GISAcres":148.1345839653004,"FireCause":"Undetermined","Year":1990}},{"type":"Feature","geometry":{"type":"Polygon","coordinates":[[[-119.78516,39.0923],[-119.78682,39.08978],[-119.78638,39.08907],[-119.78961,39.09065],[-119.7879,39.09233],[-119.78516,39.0923]]]},"properties":{"IncidentName":"Unknown","GISAcres":18.22032704142914,"FireCause":"Undetermined","Year":1989}},{"type":"Feature","geometry":{"type":"Polygon","coordinates":[[[-119.79161,39.89527],[-119.79378,39.89873],[-119.79721,39.90077],[-119.79528,39.9027],[-119.7953,39.90465],[-119.80314,39.91134],[-119.80652,39.91726],[-119.80086,39.92037],[-119.79612,39.92438],[-119.79159,39.92487],[-119.78963,39.92588],[-119.78001,39.91635],[-119.77696,39.91413],[-119.77342,39.91293],[-119.7625,39.9038],[-119.75197,39.89849],[-119.74041,39.89405],[-119.73863,39.89215],[-119.73781,39.88858],[-119.74143,39.88555],[-119.74722,39.88415],[-119.75306,39.88503],[-119.76213,39.88291],[-119.76878,39.87891],[-119.78057,39.8912],[-119.79,39.89321],[-119.79161,39.89527]]]},"properties":{"IncidentName":"Olds Rnch","GISAcres":3211.543899654897,"FireCause":"Natural","Year":1988}},{"type":"Feature","geometry":{"type":"Polygon","coordinates":[[[-120.12475,39.74982],[-120.1225,39.75081],[-120.11382,39.75123],[-120.11193,39.7498],[-120.11029,39.74617],[-120.10645,39.74408],[-120.09894,39.74334],[-120.10036,39.74108],[-120.10181,39.7405],[-120.10755,39.74109],[-120.1139,39.74312],[-120.11383,39.74105],[-120.11656,39.73686],[-120.11927,39.73731],[-120.1217,39.73668],[-120.12331,39.7378],[-120.12441,39.73606],[-120.12572,39.7359],[-120.12818,39.73727],[-120.12914,39.73945],[-120.12863,39.74182],[-120.12663,39.74302],[-120.1282,39.74526],[-120.12825,39.74683],[-120.12475,39.74982]]]},"properties":{"IncidentName":"Martin Nec","GISAcres":577.7339312195506,"FireCause":"Natural","Year":1988}},{"type":"Feature","geometry":{"type":"Polygon","coordinates":[[[-119.77634,39.1567],[-119.77198,39.15579],[-119.7721,39.15477],[-119.76865,39.15035],[-119.7692,39.14916],[-119.77083,39.14863],[-119.77196,39.14639],[-119.77535,39.1464],[-119.77515,39.14427],[-119.77444,39.14376],[-119.77469,39.13977],[-119.77694,39.13894],[-119.7746,39.13754],[-119.77883,39.13609],[-119.78056,39.13466],[-119.78182,39.13474],[-119.78245,39.13621],[-119.78489,39.1364],[-119.7849,39.13757],[-119.78715,39.13824],[-119.7916,39.13819],[-119.80095,39.14147],[-119.80014,39.14003],[-119.80146,39.13986],[-119.80137,39.14065],[-119.80415,39.1434],[-119.80819,39.14001],[-119.80972,39.14081],[-119.80937,39.14164],[-119.81128,39.1438],[-119.81013,39.1472],[-119.81134,39.14902],[-119.80999,39.151],[-119.80358,39.15704],[-119.80278,39.15615],[-119.79524,39.15858],[-119.79227,39.16264],[-119.79094,39.16217],[-119.78676,39.16396],[-119.78015,39.16294],[-119.77901,39.16146],[-119.78063,39.15891],[-119.78018,39.15768],[-119.77634,39.1567]]]},"properties":{"IncidentName":"Kings Canyon","GISAcres":1797.3226203464992,"FireCause":"Undetermined","Year":1988}},{"type":"Feature","geometry":{"type":"Polygon","coordinates":[[[-119.78704,38.80215],[-119.79574,38.79805],[-119.7986,38.7985],[-119.80124,38.80019],[-119.79571,38.80447],[-119.79036,38.8127],[-119.7838,38.81687],[-119.7813,38.81767],[-119.77903,38.81236],[-119.77876,38.80764],[-119.78108,38.80501],[-119.78704,38.80215]]]},"properties":{"IncidentName":"Unknown","GISAcres":494.95147039024715,"FireCause":"Undetermined","Year":1988}},{"type":"Feature","geometry":{"type":"Polygon","coordinates":[[[-119.8066,39.2009],[-119.80463,39.20414],[-119.8004,39.20564],[-119.79853,39.20549],[-119.79033,39.1983],[-119.78969,39.19634],[-119.79023,39.19534],[-119.79687,39.1932],[-119.79856,39.19157],[-119.79648,39.18716],[-119.79678,39.18621],[-119.79839,39.18657],[-119.80112,39.18509],[-119.80257,39.18577],[-119.80496,39.19039],[-119.80525,39.19659],[-119.8066,39.2009]]]},"properties":{"IncidentName":"NDF 4","GISAcres":485.10345091399313,"FireCause":"Undetermined","Year":1987}},{"type":"Feature","geometry":{"type":"Polygon","coordinates":[[[-119.79291,38.79166],[-119.79583,38.78854],[-119.79895,38.78672],[-119.80564,38.78583],[-119.81049,38.78307],[-119.79898,38.7797],[-119.79794,38.77849],[-119.79377,38.78023],[-119.7933,38.77975],[-119.79402,38.77847],[-119.80339,38.77376],[-119.80805,38.76924],[-119.81011,38.76888],[-119.81078,38.77136],[-119.81143,38.77151],[-119.8127,38.76904],[-119.81207,38.76716],[-119.81589,38.76492],[-119.81844,38.76464],[-119.819,38.7628],[-119.82074,38.76099],[-119.82881,38.76068],[-119.84162,38.75406],[-119.84286,38.75588],[-119.84349,38.76627],[-119.85523,38.76483],[-119.8572,38.76554],[-119.85481,38.76924],[-119.85543,38.77403],[-119.85605,38.77547],[-119.8591,38.77797],[-119.85415,38.78227],[-119.85453,38.78405],[-119.85184,38.78496],[-119.84979,38.78378],[-119.84886,38.78421],[-119.84718,38.78937],[-119.84118,38.79584],[-119.84246,38.79973],[-119.83941,38.80042],[-119.83744,38.80305],[-119.83556,38.80831],[-119.83635,38.81153],[-119.83319,38.81385],[-119.83242,38.81572],[-119.82526,38.8145],[-119.8186,38.81467],[-119.81276,38.81247],[-119.80909,38.81193],[-119.7917,38.81148],[-119.78694,38.815],[-119.78226,38.81995],[-119.77903,38.81236],[-119.77876,38.80764],[-119.78108,38.80501],[-119.78941,38.80094],[-119.79269,38.79695],[-119.79267,38.79595],[-119.79134,38.79502],[-119.79291,38.79166]]]},"properties":{"IncidentName":"Acorn","GISAcres":6349.435419764286,"FireCause":"Undetermined","Year":1987}},{"type":"Feature","geometry":{"type":"Polygon","coordinates":[[[-119.43219,39.01139],[-119.43521,39.01464],[-119.43543,39.0165],[-119.43022,39.0171],[-119.42436,39.01633],[-119.42501,39.0087],[-119.42598,39.0117],[-119.43219,39.01139]]]},"properties":{"IncidentName":"Unknown","GISAcres":139.31627113111227,"FireCause":"Undetermined","Year":1987}},{"type":"Feature","geometry":{"type":"Polygon","coordinates":[[[-120.01425,39.88327],[-120.02044,39.88145],[-120.02322,39.88284],[-120.01218,39.89963],[-120.01234,39.9033],[-120.01103,39.90377],[-120.00532,39.90194],[-120.00135,39.90202],[-120.00088,39.89966],[-119.99531,39.89936],[-119.99309,39.89779],[-119.99162,39.8951],[-119.9928,39.8941],[-119.9933,39.89143],[-119.99655,39.88719],[-120.00021,39.88586],[-120.00155,39.8844],[-120.00424,39.8842],[-120.00612,39.88236],[-120.00983,39.88476],[-120.01425,39.88327]]]},"properties":{"IncidentName":"Red Rck Cy","GISAcres":927.1168206955253,"FireCause":"Human","Year":1986}},{"type":"Feature","geometry":{"type":"Polygon","coordinates":[[[-119.80782,39.72969],[-119.81377,39.73121],[-119.81737,39.73692],[-119.81148,39.738],[-119.8088,39.74048],[-119.8037,39.74249],[-119.79945,39.74257],[-119.79653,39.74452],[-119.79341,39.74813],[-119.79121,39.74804],[-119.78537,39.74358],[-119.7853,39.74075],[-119.7823,39.73746],[-119.78238,39.73595],[-119.78423,39.73408],[-119.79849,39.72842],[-119.8029,39.72797],[-119.80782,39.72969]]]},"properties":{"IncidentName":"Antelop V2","GISAcres":945.4351361618204,"FireCause":"Human","Year":1986}},{"type":"Feature","geometry":{"type":"MultiPolygon","coordinates":[[[[-119.31473,39.33012],[-119.31027,39.33196],[-119.30424,39.33589],[-119.30156,39.33457],[-119.30372,39.33164],[-119.30319,39.33022],[-119.30101,39.32996],[-119.29902,39.33193],[-119.29763,39.33201],[-119.29825,39.32942],[-119.29614,39.32681],[-119.29664,39.3253],[-119.30272,39.32308],[-119.30427,39.32083],[-119.29955,39.31569],[-119.29758,39.31458],[-119.29652,39.31122],[-119.29818,39.30582],[-119.30025,39.30491],[-119.29998,39.30185],[-119.30118,39.30056],[-119.30489,39.29957],[-119.30602,39.30016],[-119.30724,39.30818],[-119.30929,39.30711],[-119.3112,39.30822],[-119.31189,39.30791],[-119.31139,39.3013],[-119.31214,39.29996],[-119.3138,39.29924],[-119.3165,39.29979],[-119.3175,39.3014],[-119.31935,39.30151],[-119.31972,39.30419],[-119.323,39.30401],[-119.32514,39.30659],[-119.32705,39.30483],[-119.32871,39.30481],[-119.33161,39.30715],[-119.32934,39.31032],[-119.33124,39.31671],[-119.33182,39.32174],[-119.32748,39.33105],[-119.32296,39.33604],[-119.31827,39.33765],[-119.3171,39.3364],[-119.31957,39.33322],[-119.31602,39.33228],[-119.31473,39.33012]]],[[[-119.34369,39.34312],[-119.33959,39.34332],[-119.33801,39.3426],[-119.33812,39.34071],[-119.33963,39.33923],[-119.34555,39.3395],[-119.34644,39.33865],[-119.34321,39.33366],[-119.33881,39.3318],[-119.33804,39.32935],[-119.33877,39.32776],[-119.34392,39.32955],[-119.34861,39.32825],[-119.35168,39.33269],[-119.34901,39.34587],[-119.35196,39.34942],[-119.35196,39.35208],[-119.34267,39.35538],[-119.34098,39.35482],[-119.3411,39.35185],[-119.34401,39.35099],[-119.34613,39.34875],[-119.34461,39.34597],[-119.34466,39.34387],[-119.34369,39.34312]]]]},"properties":{"IncidentName":"Churchl Bt","GISAcres":2727.502770705896,"FireCause":"Natural","Year":1986}},{"type":"Feature","geometry":{"type":"Polygon","coordinates":[[[-119.80435,38.81179],[-119.81276,38.81247],[-119.8186,38.81467],[-119.82208,38.81426],[-119.83051,38.81501],[-119.83197,38.81586],[-119.83203,38.81667],[-119.83001,38.82039],[-119.83038,38.82318],[-119.82906,38.82635],[-119.82957,38.82885],[-119.82683,38.83055],[-119.82665,38.83564],[-119.82309,38.83724],[-119.82162,38.83967],[-119.81632,38.84416],[-119.81343,38.85031],[-119.81066,38.85343],[-119.80754,38.85888],[-119.7971,38.85485],[-119.79442,38.84997],[-119.79556,38.84794],[-119.79389,38.83943],[-119.79496,38.83946],[-119.79524,38.83657],[-119.79392,38.83456],[-119.79031,38.83336],[-119.79002,38.83219],[-119.78799,38.83113],[-119.78665,38.82753],[-119.78484,38.82613],[-119.78271,38.82119],[-119.78334,38.81894],[-119.78694,38.815],[-119.7917,38.81148],[-119.80435,38.81179]]]},"properties":{"IncidentName":"Fredricksburg","GISAcres":3381.0198738271865,"FireCause":"Undetermined","Year":1986}},{"type":"Feature","geometry":{"type":"Polygon","coordinates":[[[-119.99784,39.90323],[-119.9963,39.90246],[-119.99085,39.90271],[-119.987,39.90131],[-119.98658,39.89743],[-119.9874,39.89388],[-119.98558,39.89412],[-119.97953,39.8919],[-119.9685,39.87991],[-119.96354,39.87161],[-119.96092,39.86871],[-119.95824,39.86781],[-119.95218,39.86927],[-119.94629,39.86749],[-119.93892,39.86123],[-119.93785,39.8594],[-119.93697,39.8567],[-119.93643,39.84867],[-119.93773,39.84341],[-119.93731,39.84112],[-119.94116,39.8325],[-119.94115,39.82613],[-119.93701,39.81395],[-119.93393,39.80952],[-119.9348,39.80684],[-119.93505,39.80015],[-119.9363,39.79638],[-119.93916,39.79231],[-119.9424,39.78945],[-119.94596,39.78881],[-119.94739,39.78985],[-119.94914,39.79193],[-119.95127,39.79831],[-119.95368,39.79946],[-119.96778,39.80007],[-119.97116,39.80259],[-119.97397,39.807],[-119.98033,39.81362],[-119.98183,39.81709],[-119.98254,39.82468],[-119.98201,39.82968],[-119.98278,39.83254],[-119.9858,39.83605],[-119.9943,39.8402],[-119.99671,39.84425],[-119.99854,39.84539],[-120.00114,39.84601],[-120.01073,39.845],[-120.01085,39.84207],[-120.01312,39.83948],[-120.01606,39.84111],[-120.01809,39.8413],[-120.02588,39.8399],[-120.02708,39.84036],[-120.02938,39.84347],[-120.03422,39.84584],[-120.0356,39.84729],[-120.03365,39.84953],[-120.03106,39.85058],[-120.02604,39.85182],[-120.02271,39.85148],[-120.02259,39.85485],[-120.02111,39.85984],[-120.02068,39.86254],[-120.02244,39.8674],[-120.02603,39.87244],[-120.03077,39.87466],[-120.03044,39.87563],[-120.02554,39.88068],[-120.02409,39.88107],[-120.02145,39.87965],[-120.01807,39.87992],[-120.01434,39.88168],[-120.00846,39.8882],[-120.00527,39.88897],[-119.9984,39.8876],[-119.99401,39.89226],[-119.9971,39.89378],[-119.99986,39.89828],[-120.00271,39.90053],[-120.00424,39.9011],[-120.00801,39.90064],[-120.0092,39.9014],[-120.0112,39.90638],[-120.00057,39.90466],[-119.99784,39.90323]]]},"properties":{"IncidentName":"Long Va","GISAcres":12953.672089697819,"FireCause":"Natural","Year":1985}},{"type":"Feature","geometry":{"type":"Polygon","coordinates":[[[-119.42017,39.70618],[-119.41847,39.70454],[-119.42237,39.69969],[-119.42252,39.69852],[-119.42113,39.69603],[-119.42379,39.69002],[-119.42788,39.68675],[-119.43261,39.68827],[-119.43913,39.68394],[-119.44032,39.68385],[-119.44098,39.68548],[-119.44031,39.69018],[-119.44291,39.69187],[-119.44066,39.69495],[-119.44663,39.69637],[-119.44642,39.69761],[-119.44235,39.69884],[-119.43991,39.69871],[-119.43479,39.7011],[-119.43157,39.70173],[-119.42464,39.70534],[-119.42017,39.70618]]]},"properties":{"IncidentName":"Unknown","GISAcres":737.2406201710552,"FireCause":"Undetermined","Year":1985}},{"type":"Feature","geometry":{"type":"Polygon","coordinates":[[[-120.05109,39.82152],[-120.04724,39.82328],[-120.04447,39.82345],[-120.04083,39.81816],[-120.03579,39.81616],[-120.03733,39.81383],[-120.04068,39.81267],[-120.04608,39.80924],[-120.04884,39.8088],[-120.05192,39.81137],[-120.05455,39.81245],[-120.05604,39.81453],[-120.05549,39.8161],[-120.05252,39.81791],[-120.05109,39.82152]]]},"properties":{"IncidentName":"Hal Jnct","GISAcres":389.3986690802015,"FireCause":"Natural","Year":1985}},{"type":"Feature","geometry":{"type":"Polygon","coordinates":[[[-120.00911,39.79144],[-120.00777,39.79146],[-120.00609,39.78986],[-120.00528,39.78385],[-120.00188,39.77973],[-120.00017,39.77358],[-120.00134,39.76892],[-120.00091,39.76182],[-119.99922,39.75624],[-120.00177,39.74711],[-120.00389,39.74446],[-120.00717,39.74295],[-120.01209,39.74544],[-120.01339,39.75096],[-120.01595,39.75388],[-120.01645,39.75665],[-120.02068,39.75864],[-120.02379,39.76123],[-120.02559,39.76837],[-120.02398,39.77498],[-120.01515,39.78283],[-120.01089,39.79024],[-120.00911,39.79144]]]},"properties":{"IncidentName":"Hal Jnct 2","GISAcres":1853.3612387393973,"FireCause":"Natural","Year":1985}},{"type":"Feature","geometry":{"type":"MultiPolygon","coordinates":[[[[-119.87005,39.82063],[-119.86199,39.82125],[-119.85208,39.82511],[-119.84853,39.82482],[-119.8387,39.81927],[-119.83172,39.81863],[-119.82959,39.8157],[-119.82299,39.81389],[-119.81979,39.8141],[-119.81935,39.81117],[-119.82261,39.80325],[-119.82742,39.79443],[-119.83332,39.78825],[-119.83626,39.78272],[-119.83871,39.76921],[-119.84297,39.75789],[-119.84345,39.75382],[-119.84289,39.74952],[-119.84449,39.74078],[-119.84725,39.73869],[-119.85717,39.73745],[-119.86648,39.73764],[-119.87653,39.73893],[-119.88943,39.74233],[-119.90113,39.74007],[-119.90515,39.74757],[-119.91169,39.75256],[-119.91513,39.75343],[-119.92079,39.75297],[-119.92685,39.75693],[-119.93341,39.76368],[-119.93476,39.76911],[-119.93833,39.77321],[-119.93987,39.77838],[-119.93811,39.78814],[-119.93835,39.79423],[-119.93593,39.79894],[-119.93443,39.80872],[-119.92815,39.80371],[-119.91319,39.80258],[-119.90854,39.80121],[-119.90489,39.80166],[-119.89553,39.80589],[-119.89072,39.81257],[-119.88857,39.81419],[-119.87005,39.82063]]],[[[-119.87005,39.82063],[-119.87778,39.8229],[-119.88811,39.82942],[-119.89519,39.83032],[-119.89739,39.8315],[-119.89856,39.84215],[-119.90089,39.8446],[-119.90916,39.84756],[-119.91419,39.8505],[-119.91394,39.85319],[-119.91109,39.85561],[-119.9096,39.85968],[-119.90946,39.86895],[-119.90848,39.87315],[-119.91044,39.87735],[-119.91441,39.88174],[-119.91335,39.89041],[-119.91698,39.8944],[-119.90959,39.90126],[-119.9064,39.90195],[-119.9083,39.89785],[-119.9069,39.8968],[-119.89816,39.89841],[-119.89517,39.89816],[-119.88968,39.89556],[-119.88556,39.89211],[-119.88513,39.88674],[-119.88392,39.88501],[-119.88424,39.88243],[-119.8892,39.8757],[-119.89144,39.87408],[-119.89192,39.87117],[-119.89072,39.86765],[-119.88862,39.86594],[-119.8748,39.86374],[-119.85201,39.8643],[-119.84917,39.86389],[-119.84769,39.86207],[-119.84472,39.86122],[-119.84181,39.8615],[-119.84094,39.86015],[-119.84577,39.85709],[-119.84773,39.85487],[-119.8507,39.85342],[-119.86025,39.8511],[-119.86379,39.84792],[-119.86461,39.84236],[-119.86325,39.8396],[-119.8591,39.83567],[-119.85606,39.83459],[-119.85521,39.83288],[-119.8552,39.82931],[-119.85276,39.82816],[-119.85371,39.82704],[-119.86539,39.82147],[-119.87005,39.82063]]]]},"properties":{"IncidentName":"Bedell 4","GISAcres":22905.638262306486,"FireCause":"Human","Year":1984}},{"type":"Feature","geometry":{"type":"Polygon","coordinates":[[[-119.88281,39.89305],[-119.88055,39.89399],[-119.87706,39.89395],[-119.87592,39.8947],[-119.87529,39.89656],[-119.86791,39.89557],[-119.86585,39.89873],[-119.86261,39.90005],[-119.86057,39.89962],[-119.85753,39.89749],[-119.85504,39.89254],[-119.85268,39.89009],[-119.85303,39.88866],[-119.85506,39.88669],[-119.86808,39.87982],[-119.87371,39.8809],[-119.88281,39.89305]]]},"properties":{"IncidentName":"Bedell","GISAcres":837.6811429307236,"FireCause":"Natural","Year":1984}},{"type":"Feature","geometry":{"type":"Polygon","coordinates":[[[-120.05414,39.86058],[-120.0506,39.86134],[-120.04792,39.86027],[-120.04651,39.85723],[-120.04277,39.85436],[-120.04216,39.85303],[-120.04234,39.84546],[-120.03574,39.81937],[-120.036,39.81616],[-120.04015,39.81867],[-120.04575,39.82388],[-120.04822,39.82388],[-120.05235,39.8216],[-120.05492,39.82197],[-120.05915,39.82798],[-120.05929,39.82971],[-120.05398,39.84252],[-120.05676,39.8544],[-120.05667,39.8582],[-120.05414,39.86058]]]},"properties":{"IncidentName":"Hal Jct 6","GISAcres":1415.0686911192577,"FireCause":"Natural","Year":1984}},{"type":"Feature","geometry":{"type":"Polygon","coordinates":[[[-120.00394,39.79982],[-120.00104,39.79937],[-119.99857,39.80019],[-119.99289,39.80832],[-119.98961,39.81176],[-119.98708,39.81286],[-119.98424,39.81346],[-119.97792,39.81278],[-119.97385,39.80802],[-119.97393,39.80591],[-119.97555,39.80222],[-119.98306,39.79878],[-119.97902,39.78993],[-119.97144,39.781],[-119.97048,39.77862],[-119.97173,39.77685],[-119.98045,39.77203],[-119.98263,39.76639],[-119.97968,39.74233],[-119.97721,39.73637],[-119.97439,39.73341],[-119.97438,39.7321],[-119.97743,39.73177],[-119.98987,39.73526],[-119.99168,39.73507],[-119.99395,39.73277],[-119.99977,39.7366],[-120.01046,39.74026],[-120.01508,39.74356],[-120.01488,39.74492],[-120.01354,39.74589],[-120.00587,39.74349],[-120.00328,39.74439],[-119.99926,39.75225],[-119.99925,39.75855],[-120.00056,39.76656],[-119.99928,39.77543],[-120.00182,39.78183],[-120.00186,39.78408],[-119.99961,39.78856],[-119.99912,39.79303],[-120.0001,39.79577],[-120.00394,39.79982]]]},"properties":{"IncidentName":"Peterson","GISAcres":4033.3436508984096,"FireCause":"Natural","Year":1984}},{"type":"Feature","geometry":{"type":"Polygon","coordinates":[[[-119.79782,39.77173],[-119.78939,39.77026],[-119.78415,39.76811],[-119.78918,39.75591],[-119.78903,39.75177],[-119.78964,39.75119],[-119.79272,39.75291],[-119.79381,39.75927],[-119.79696,39.76232],[-119.79943,39.76357],[-119.7998,39.7706],[-119.79782,39.77173]]]},"properties":{"IncidentName":"Hungry Mt","GISAcres":423.66120231778467,"FireCause":"Natural","Year":1984}},{"type":"Feature","geometry":{"type":"Polygon","coordinates":[[[-119.77212,39.33193],[-119.77672,39.3389],[-119.77654,39.34026],[-119.77418,39.34502],[-119.77032,39.34725],[-119.76731,39.34743],[-119.7634,39.34387],[-119.76037,39.33819],[-119.75662,39.33513],[-119.75682,39.33256],[-119.75971,39.32842],[-119.76492,39.32649],[-119.76939,39.32708],[-119.77212,39.33193]]]},"properties":{"IncidentName":"Pleasant V","GISAcres":639.4992504828283,"FireCause":"Natural","Year":1984}},{"type":"Feature","geometry":{"type":"Polygon","coordinates":[[[-119.43624,39.02518],[-119.4308,39.02501],[-119.43426,39.0247],[-119.43453,39.024],[-119.43288,39.0232],[-119.43272,39.02224],[-119.43853,39.01716],[-119.441,39.01674],[-119.44048,39.01864],[-119.44171,39.01901],[-119.44165,39.02028],[-119.43938,39.02346],[-119.43624,39.02518]]]},"properties":{"IncidentName":"Mt Como","GISAcres":105.14608853697561,"FireCause":"Natural","Year":1984}},{"type":"Feature","geometry":{"type":"Polygon","coordinates":[[[-120.00001,39.62899],[-119.99992,39.6503],[-119.9986,39.65025],[-119.99693,39.65388],[-119.99206,39.65101],[-119.98912,39.65173],[-119.98892,39.65061],[-119.98678,39.6502],[-119.98528,39.64882],[-119.98417,39.64398],[-119.98547,39.63617],[-119.9848,39.63192],[-119.98057,39.63283],[-119.97797,39.6348],[-119.97542,39.63549],[-119.96339,39.63446],[-119.9536,39.6376],[-119.95272,39.63747],[-119.95298,39.63582],[-119.95159,39.63456],[-119.94775,39.63447],[-119.94292,39.63278],[-119.94051,39.63355],[-119.9392,39.63297],[-119.93889,39.63179],[-119.94544,39.61896],[-119.94756,39.61711],[-119.95029,39.61672],[-119.95216,39.6155],[-119.95214,39.61163],[-119.95408,39.61087],[-119.95507,39.60914],[-119.95768,39.61001],[-119.96296,39.60994],[-119.96983,39.60364],[-119.96988,39.6014],[-119.96548,39.59899],[-119.96459,39.59687],[-119.97163,39.59049],[-119.97575,39.5893],[-119.97559,39.58696],[-119.97653,39.58614],[-119.97701,39.58387],[-119.9813,39.58145],[-119.98014,39.57919],[-119.98525,39.57746],[-119.98854,39.57741],[-119.99158,39.58025],[-119.99272,39.57956],[-119.99423,39.57492],[-119.99907,39.57291],[-120.00003,39.56933],[-120.00397,39.56722],[-120.0073,39.56658],[-120.01022,39.56741],[-120.01439,39.57112],[-120.01418,39.5732],[-120.017,39.57448],[-120.02212,39.57934],[-120.02526,39.59055],[-120.02486,39.5936],[-120.02622,39.59469],[-120.02667,39.59624],[-120.02529,39.60145],[-120.02636,39.60369],[-120.02361,39.60856],[-120.02709,39.61168],[-120.02754,39.61405],[-120.02677,39.61734],[-120.02273,39.62403],[-120.0182,39.62866],[-120.00846,39.63528],[-120.0054,39.6358],[-120.00388,39.63047],[-120.00223,39.62908],[-120.00001,39.62899]]]},"properties":{"IncidentName":"Mitchell Canyon","GISAcres":9461.072498465492,"FireCause":"Undetermined","Year":1984}},{"type":"Feature","geometry":{"type":"Polygon","coordinates":[[[-119.77547,39.12502],[-119.77639,39.12316],[-119.77449,39.12282],[-119.77953,39.11989],[-119.78133,39.11719],[-119.77966,39.11641],[-119.78242,39.11487],[-119.78424,39.11423],[-119.78626,39.1166],[-119.79028,39.11786],[-119.78969,39.11981],[-119.78685,39.12167],[-119.78797,39.12238],[-119.78649,39.1254],[-119.77708,39.12832],[-119.77494,39.12692],[-119.77547,39.12502]]]},"properties":{"IncidentName":"Unknown","GISAcres":276.9130551146164,"FireCause":"Undetermined","Year":1984}},{"type":"Feature","geometry":{"type":"Polygon","coordinates":[[[-119.83182,38.98399],[-119.83381,38.97845],[-119.83818,38.97324],[-119.83826,38.97453],[-119.83994,38.97495],[-119.84189,38.97263],[-119.84327,38.97292],[-119.84689,38.98138],[-119.84547,38.98643],[-119.83503,38.98461],[-119.83267,38.98355],[-119.83182,38.98399]]]},"properties":{"IncidentName":"Unknown","GISAcres":315.6312699243798,"FireCause":"Undetermined","Year":1984}},{"type":"Feature","geometry":{"type":"Polygon","coordinates":[[[-119.6636,38.86225],[-119.66339,38.8609],[-119.66508,38.86053],[-119.66406,38.85684],[-119.65992,38.85443],[-119.65204,38.85231],[-119.64407,38.84854],[-119.63661,38.84288],[-119.6317,38.83628],[-119.63296,38.83436],[-119.63834,38.83023],[-119.63266,38.82202],[-119.6333,38.81713],[-119.63074,38.81408],[-119.6323,38.80936],[-119.63078,38.80438],[-119.63191,38.80084],[-119.65021,38.79854],[-119.6602,38.79926],[-119.66739,38.79756],[-119.67194,38.79786],[-119.67597,38.79708],[-119.68824,38.80169],[-119.69539,38.80156],[-119.69605,38.80019],[-119.69577,38.7969],[-119.69389,38.79401],[-119.69588,38.78945],[-119.70735,38.77343],[-119.7101,38.77215],[-119.71077,38.76905],[-119.71546,38.77025],[-119.71831,38.769],[-119.71897,38.76722],[-119.71838,38.76287],[-119.72544,38.77012],[-119.73223,38.76947],[-119.73731,38.77224],[-119.74012,38.77286],[-119.74059,38.768],[-119.73963,38.76638],[-119.74176,38.76569],[-119.74302,38.76402],[-119.74314,38.76027],[-119.7474,38.75875],[-119.74882,38.75675],[-119.74934,38.75322],[-119.75425,38.74967],[-119.75796,38.74835],[-119.76645,38.74828],[-119.77126,38.75195],[-119.7782,38.75322],[-119.78122,38.75854],[-119.77983,38.76706],[-119.77888,38.76893],[-119.77606,38.77053],[-119.77349,38.77072],[-119.76615,38.77452],[-119.75964,38.77615],[-119.75633,38.77875],[-119.75282,38.77988],[-119.75209,38.78237],[-119.74921,38.78506],[-119.74821,38.7884],[-119.74643,38.79057],[-119.74404,38.79241],[-119.73983,38.79383],[-119.73702,38.79879],[-119.73429,38.79973],[-119.73208,38.80243],[-119.72697,38.80444],[-119.72435,38.8071],[-119.72152,38.81739],[-119.71819,38.82039],[-119.71385,38.82604],[-119.71409,38.83724],[-119.71307,38.83903],[-119.71007,38.84129],[-119.71186,38.84622],[-119.71254,38.8516],[-119.71136,38.85628],[-119.70904,38.85963],[-119.70174,38.86297],[-119.69867,38.86298],[-119.69341,38.86138],[-119.6932,38.86469],[-119.69033,38.86672],[-119.68952,38.87008],[-119.68329,38.87504],[-119.6604,38.87504],[-119.65879,38.87324],[-119.65862,38.87127],[-119.66277,38.86619],[-119.6636,38.86225]]]},"properties":{"IncidentName":"Indian","GISAcres":17760.856599179264,"FireCause":"Human","Year":1984}},{"type":"Feature","geometry":{"type":"Polygon","coordinates":[[[-119.79392,39.37926],[-119.79645,39.37582],[-119.79714,39.37589],[-119.79832,39.3781],[-119.79702,39.37814],[-119.79744,39.37992],[-119.79647,39.37891],[-119.79637,39.38017],[-119.7944,39.37998],[-119.79392,39.37926]]]},"properties":{"IncidentName":"Unknown","GISAcres":23.338054193358662,"FireCause":"Undetermined","Year":1984}},{"type":"Feature","geometry":{"type":"Polygon","coordinates":[[[-119.96174,39.99181],[-119.95862,39.99021],[-119.95572,39.99088],[-119.95513,39.99223],[-119.95566,39.99613],[-119.95381,39.99719],[-119.95252,39.99597],[-119.94924,39.98867],[-119.94719,39.98691],[-119.94606,39.98121],[-119.94858,39.97854],[-119.95207,39.97837],[-119.95513,39.98112],[-119.95802,39.98597],[-119.96029,39.98708],[-119.96198,39.9899],[-119.96411,39.99108],[-119.96451,39.9917],[-119.96363,39.99201],[-119.96174,39.99181]]]},"properties":{"IncidentName":"Unknown","GISAcres":355.53255789152763,"FireCause":"Undetermined","Year":1983}},{"type":"Feature","geometry":{"type":"Polygon","coordinates":[[[-119.96954,39.92183],[-119.96575,39.92542],[-119.96167,39.92756],[-119.94532,39.93221],[-119.94167,39.92848],[-119.9386,39.92347],[-119.93559,39.92136],[-119.93358,39.92183],[-119.93222,39.9233],[-119.92855,39.92233],[-119.92138,39.92381],[-119.91918,39.92293],[-119.91896,39.92153],[-119.91607,39.92068],[-119.91404,39.92145],[-119.91406,39.9234],[-119.90905,39.92303],[-119.90482,39.9243],[-119.9001,39.92394],[-119.89815,39.92263],[-119.89073,39.92267],[-119.89167,39.92111],[-119.89752,39.91807],[-119.90287,39.91334],[-119.92093,39.90724],[-119.92568,39.90323],[-119.92717,39.90332],[-119.93427,39.90883],[-119.93905,39.91119],[-119.94456,39.91015],[-119.95216,39.90478],[-119.95467,39.90506],[-119.95915,39.90855],[-119.96954,39.92183]]]},"properties":{"IncidentName":"7 Lakes","GISAcres":2647.2797867945196,"FireCause":"Natural","Year":1983}},{"type":"Feature","geometry":{"type":"Polygon","coordinates":[[[-119.88636,39.88904],[-119.87687,39.88317],[-119.87274,39.87747],[-119.85884,39.86928],[-119.85285,39.86804],[-119.85138,39.86655],[-119.85226,39.86488],[-119.86534,39.86186],[-119.8844,39.863],[-119.88964,39.86493],[-119.89204,39.87099],[-119.884,39.88032],[-119.88369,39.88202],[-119.88389,39.88386],[-119.88612,39.88697],[-119.88636,39.88904]]]},"properties":{"IncidentName":"Granite 2","GISAcres":1224.0144912064177,"FireCause":"Natural","Year":1983}},{"type":"Feature","geometry":{"type":"Polygon","coordinates":[[[-119.84254,39.86147],[-119.84186,39.86367],[-119.83622,39.86203],[-119.83393,39.86357],[-119.83316,39.86581],[-119.83073,39.86739],[-119.82558,39.8686],[-119.81215,39.86656],[-119.80265,39.86321],[-119.79886,39.86068],[-119.79613,39.85651],[-119.79714,39.84539],[-119.79472,39.84281],[-119.79381,39.83884],[-119.7848,39.83393],[-119.7871,39.83279],[-119.79731,39.83065],[-119.80284,39.82811],[-119.80369,39.82641],[-119.80314,39.82272],[-119.80505,39.82166],[-119.81176,39.82794],[-119.81539,39.82867],[-119.82493,39.82815],[-119.82991,39.82952],[-119.83583,39.83507],[-119.83539,39.83623],[-119.84251,39.85248],[-119.843,39.85528],[-119.84083,39.85978],[-119.84254,39.86147]]]},"properties":{"IncidentName":"Bedell 2","GISAcres":3876.3334112201137,"FireCause":"Natural","Year":1983}},{"type":"Feature","geometry":{"type":"Polygon","coordinates":[[[-119.64288,39.62366],[-119.64147,39.62437],[-119.63626,39.61983],[-119.63268,39.62167],[-119.63107,39.62358],[-119.62161,39.6216],[-119.61083,39.62159],[-119.60037,39.62323],[-119.5907,39.62886],[-119.58749,39.62971],[-119.58286,39.62587],[-119.57231,39.62286],[-119.56872,39.62286],[-119.55741,39.62559],[-119.55164,39.62894],[-119.54868,39.62937],[-119.54507,39.62859],[-119.53491,39.62293],[-119.54879,39.6081],[-119.5508,39.60513],[-119.55072,39.60301],[-119.54708,39.60246],[-119.54261,39.60388],[-119.53585,39.60836],[-119.53396,39.60869],[-119.5319,39.60796],[-119.52934,39.60645],[-119.52491,39.60062],[-119.52293,39.59217],[-119.52078,39.58872],[-119.52228,39.58564],[-119.5278,39.58302],[-119.53419,39.57834],[-119.53977,39.57196],[-119.55293,39.56652],[-119.56609,39.55949],[-119.56972,39.55868],[-119.57841,39.55876],[-119.59334,39.55424],[-119.5948,39.5521],[-119.59469,39.54624],[-119.60027,39.54391],[-119.60856,39.53839],[-119.61258,39.53785],[-119.6211,39.54327],[-119.62442,39.5444],[-119.63104,39.54506],[-119.63585,39.54401],[-119.63708,39.54201],[-119.63616,39.54083],[-119.62701,39.5339],[-119.63106,39.53345],[-119.6377,39.53473],[-119.64297,39.53443],[-119.64484,39.53304],[-119.64447,39.53128],[-119.63217,39.52532],[-119.6312,39.52326],[-119.63184,39.52155],[-119.63786,39.51797],[-119.64129,39.51634],[-119.64437,39.51632],[-119.65502,39.5132],[-119.66523,39.51236],[-119.67522,39.5138],[-119.68071,39.5165],[-119.6819,39.518],[-119.68137,39.52157],[-119.68188,39.52306],[-119.69091,39.52376],[-119.69994,39.52925],[-119.6959,39.53624],[-119.69642,39.54034],[-119.69533,39.54415],[-119.69119,39.54815],[-119.6905,39.55032],[-119.6906,39.55307],[-119.69442,39.55637],[-119.6947,39.5603],[-119.69344,39.56237],[-119.69083,39.56328],[-119.68311,39.56434],[-119.66721,39.56307],[-119.6612,39.56346],[-119.65639,39.56661],[-119.65423,39.57161],[-119.65338,39.57707],[-119.65395,39.57996],[-119.65581,39.5829],[-119.65523,39.58739],[-119.65178,39.59188],[-119.65173,39.59563],[-119.65061,39.59736],[-119.644,39.60109],[-119.64235,39.60296],[-119.64235,39.60677],[-119.64554,39.61087],[-119.64344,39.61499],[-119.64308,39.61729],[-119.64437,39.62005],[-119.64288,39.62366]]]},"properties":{"IncidentName":"Sparks","GISAcres":25530.262686822418,"FireCause":"Natural","Year":1983}},{"type":"Feature","geometry":{"type":"Polygon","coordinates":[[[-119.85756,40.00108],[-119.85982,40.00279],[-119.85829,40.00576],[-119.86018,40.0083],[-119.86228,40.01525],[-119.86414,40.01862],[-119.86315,40.02271],[-119.86231,40.02371],[-119.86018,40.02423],[-119.84786,40.02356],[-119.84409,40.02458],[-119.84087,40.02342],[-119.83848,40.01798],[-119.84047,40.01446],[-119.8406,40.01057],[-119.84194,40.00701],[-119.84461,40.00556],[-119.85226,40.00461],[-119.85756,40.00108]]]},"properties":{"IncidentName":"Wildcat","GISAcres":987.7988730877099,"FireCause":"Natural","Year":1983}},{"type":"Feature","geometry":{"type":"Polygon","coordinates":[[[-119.64043,38.95836],[-119.63692,38.9655],[-119.63668,38.96759],[-119.63842,38.97103],[-119.63532,38.97773],[-119.63305,38.97976],[-119.62853,38.97986],[-119.62501,38.98783],[-119.62315,38.98951],[-119.61895,38.98825],[-119.6185,38.98937],[-119.61553,38.99128],[-119.61121,38.99167],[-119.60474,39.00023],[-119.60185,39.00097],[-119.6001,39.00043],[-119.60032,38.99815],[-119.59936,38.99566],[-119.59991,38.99211],[-119.60108,38.9901],[-119.60505,38.98682],[-119.60504,38.98232],[-119.60401,38.97945],[-119.60952,38.97603],[-119.60899,38.97522],[-119.61722,38.96566],[-119.62373,38.96401],[-119.62791,38.9615],[-119.63402,38.9602],[-119.63754,38.95823],[-119.64043,38.95836]]]},"properties":{"IncidentName":"S Pinenut","GISAcres":1796.0688556958655,"FireCause":"Human","Year":1983}},{"type":"Feature","geometry":{"type":"Polygon","coordinates":[[[-119.84633,39.25003],[-119.84919,39.24842],[-119.84968,39.24682],[-119.84953,39.23638],[-119.84749,39.23389],[-119.84728,39.22902],[-119.84652,39.22766],[-119.84495,39.22673],[-119.84232,39.22657],[-119.83672,39.23027],[-119.82975,39.23052],[-119.82558,39.22745],[-119.82393,39.22724],[-119.82134,39.22849],[-119.81591,39.2262],[-119.8149,39.21813],[-119.8159,39.21464],[-119.81399,39.21128],[-119.8142,39.20835],[-119.81545,39.20505],[-119.81858,39.20461],[-119.82037,39.20063],[-119.81972,39.19876],[-119.8202,39.19756],[-119.82664,39.19676],[-119.83314,39.19405],[-119.8421,39.19326],[-119.8423,39.19765],[-119.84518,39.20131],[-119.84886,39.20281],[-119.8589,39.2046],[-119.86041,39.20609],[-119.86708,39.20506],[-119.86751,39.20601],[-119.87029,39.20715],[-119.86876,39.208],[-119.87052,39.20934],[-119.86893,39.20929],[-119.86936,39.21027],[-119.86806,39.21102],[-119.87044,39.21176],[-119.87279,39.21387],[-119.87425,39.21805],[-119.87444,39.22396],[-119.87215,39.23385],[-119.87041,39.23771],[-119.87122,39.24162],[-119.87344,39.2438],[-119.87267,39.2461],[-119.87351,39.2476],[-119.87301,39.24911],[-119.8737,39.25183],[-119.87263,39.25283],[-119.86959,39.25235],[-119.86514,39.25332],[-119.85834,39.25134],[-119.85449,39.25269],[-119.85282,39.25217],[-119.84895,39.25316],[-119.84633,39.25189],[-119.84633,39.25003]]]},"properties":{"IncidentName":"Unknown","GISAcres":5138.287892307992,"FireCause":"Undetermined","Year":1981}},{"type":"Feature","geometry":{"type":"Polygon","coordinates":[[[-119.75196,38.7982],[-119.75357,38.79804],[-119.7521,38.80142],[-119.75089,38.80225],[-119.7504,38.80164],[-119.75152,38.8],[-119.75081,38.79914],[-119.75196,38.7982]]]},"properties":{"IncidentName":"Unknown","GISAcres":14.622172549784995,"FireCause":"Undetermined","Year":1981}},{"type":"Feature","geometry":{"type":"Polygon","coordinates":[[[-119.81976,39.36711],[-119.82285,39.36903],[-119.82514,39.36919],[-119.82913,39.3711],[-119.82636,39.37475],[-119.82678,39.37563],[-119.82903,39.37582],[-119.82911,39.37862],[-119.83059,39.38145],[-119.83017,39.39325],[-119.82713,39.39632],[-119.81385,39.4019],[-119.80215,39.41053],[-119.79349,39.41459],[-119.78991,39.41202],[-119.78322,39.40415],[-119.78126,39.40029],[-119.77882,39.39191],[-119.77702,39.38949],[-119.76464,39.38647],[-119.76131,39.38347],[-119.76244,39.37928],[-119.76697,39.37394],[-119.77061,39.37146],[-119.77809,39.36861],[-119.78464,39.36358],[-119.78598,39.35675],[-119.78862,39.35162],[-119.79082,39.34943],[-119.79272,39.34935],[-119.79499,39.35088],[-119.79628,39.35065],[-119.80096,39.3528],[-119.80301,39.35641],[-119.80573,39.35805],[-119.80753,39.36128],[-119.81667,39.36643],[-119.81976,39.36711]]]},"properties":{"IncidentName":"Unknown","GISAcres":5950.812080418798,"FireCause":"Undetermined","Year":1981}},{"type":"Feature","geometry":{"type":"Polygon","coordinates":[[[-119.56217,38.93218],[-119.56124,38.93558],[-119.55755,38.93778],[-119.55389,38.93931],[-119.54889,38.93957],[-119.54818,38.94045],[-119.54848,38.94175],[-119.55414,38.94288],[-119.55502,38.94475],[-119.54885,38.94701],[-119.54296,38.94646],[-119.53807,38.94473],[-119.534,38.94516],[-119.53124,38.94382],[-119.5244,38.94285],[-119.52308,38.94225],[-119.5217,38.93987],[-119.52161,38.93755],[-119.52301,38.93501],[-119.53132,38.93058],[-119.53572,38.92923],[-119.54535,38.92868],[-119.54907,38.93082],[-119.55529,38.93175],[-119.55997,38.93121],[-119.56217,38.93218]]]},"properties":{"IncidentName":"Unknown","GISAcres":1152.8645064709465,"FireCause":"Undetermined","Year":1981}},{"type":"Feature","geometry":{"type":"Polygon","coordinates":[[[-120.00009,39.49984],[-120.00033,39.49737],[-120.00242,39.49753],[-120.00435,39.4993],[-120.00392,39.5008],[-120.00282,39.50146],[-120.00069,39.50152],[-120.00009,39.49984]]]},"properties":{"IncidentName":"Unknown","GISAcres":34.72799897884724,"FireCause":"Undetermined","Year":1980}},{"type":"Feature","geometry":{"type":"Polygon","coordinates":[[[-119.80581,39.17882],[-119.80834,39.17693],[-119.81303,39.17697],[-119.81606,39.18156],[-119.81453,39.18225],[-119.80986,39.18077],[-119.80683,39.18253],[-119.80173,39.18298],[-119.79982,39.18134],[-119.79887,39.1791],[-119.80451,39.17755],[-119.80417,39.17912],[-119.80581,39.17882]]]},"properties":{"IncidentName":"Unknown","GISAcres":161.43062122997932,"FireCause":"Undetermined","Year":1980}},{"type":"Feature","geometry":{"type":"Polygon","coordinates":[[[-119.44849,39.13483],[-119.44898,39.13419],[-119.44809,39.13311],[-119.45259,39.13159],[-119.45789,39.13179],[-119.46032,39.13298],[-119.46234,39.13223],[-119.46906,39.13253],[-119.46395,39.13605],[-119.46365,39.13703],[-119.46715,39.13793],[-119.47092,39.13506],[-119.47257,39.13507],[-119.47307,39.13643],[-119.47244,39.13791],[-119.47547,39.1401],[-119.47551,39.14099],[-119.47137,39.14312],[-119.46553,39.14377],[-119.46421,39.14167],[-119.46538,39.14116],[-119.46489,39.14011],[-119.45002,39.13971],[-119.44766,39.13724],[-119.44734,39.13605],[-119.44849,39.13483]]]},"properties":{"IncidentName":"Unknown","GISAcres":458.0967757310078,"FireCause":"Undetermined","Year":1980}},{"type":"Feature","geometry":{"type":"Polygon","coordinates":[[[-119.69235,39.3754],[-119.69456,39.37418],[-119.69604,39.37101],[-119.70345,39.37062],[-119.70735,39.37192],[-119.70505,39.38043],[-119.70291,39.38099],[-119.70165,39.38241],[-119.69902,39.38758],[-119.69513,39.38913],[-119.69278,39.38896],[-119.69134,39.38834],[-119.69037,39.38501],[-119.68917,39.38562],[-119.68866,39.38716],[-119.68538,39.38731],[-119.68428,39.38814],[-119.68071,39.38807],[-119.67671,39.38926],[-119.67377,39.38874],[-119.67309,39.38796],[-119.67408,39.38691],[-119.67625,39.38716],[-119.68061,39.38545],[-119.67437,39.38457],[-119.6734,39.38379],[-119.67387,39.38145],[-119.67654,39.38233],[-119.67877,39.38177],[-119.68085,39.37939],[-119.68322,39.37999],[-119.68602,39.37941],[-119.68749,39.37851],[-119.68633,39.37773],[-119.68743,39.37697],[-119.69235,39.3754]]]},"properties":{"IncidentName":"Toll Rd","GISAcres":792.9577899004053,"FireCause":"Human","Year":1985}},{"type":"Feature","geometry":{"type":"Polygon","coordinates":[[[-120.1404,40.10875],[-120.13862,40.10854],[-120.13439,40.10035],[-120.13297,40.10068],[-120.12403,40.09866],[-120.12004,40.09886],[-120.11612,40.0971],[-120.11482,40.09748],[-120.11493,40.08888],[-120.13243,40.08928],[-120.13335,40.09117],[-120.1373,40.09294],[-120.13882,40.09444],[-120.14188,40.09591],[-120.14673,40.0966],[-120.14907,40.09931],[-120.1474,40.10162],[-120.14594,40.10629],[-120.14217,40.10878],[-120.1404,40.10875]]]},"properties":{"IncidentName":"Laver","GISAcres":812.763043127312,"FireCause":"Human","Year":1986}},{"type":"Feature","geometry":{"type":"Polygon","coordinates":[[[-119.71787,39.19541],[-119.71956,39.1978],[-119.72096,39.20295],[-119.72259,39.20397],[-119.72255,39.20472],[-119.7213,39.20606],[-119.71202,39.20868],[-119.71553,39.21497],[-119.71086,39.21933],[-119.7077,39.2211],[-119.70547,39.22036],[-119.69925,39.22389],[-119.69702,39.22339],[-119.688,39.2256],[-119.67945,39.22472],[-119.6764,39.22714],[-119.67282,39.22773],[-119.66945,39.23028],[-119.66447,39.23175],[-119.66348,39.23166],[-119.66297,39.23053],[-119.65936,39.23005],[-119.66321,39.22837],[-119.66237,39.22675],[-119.66337,39.2252],[-119.66048,39.22334],[-119.66049,39.22257],[-119.66362,39.22209],[-119.66785,39.2192],[-119.67099,39.21849],[-119.67607,39.21367],[-119.67784,39.21306],[-119.67776,39.21161],[-119.68126,39.21174],[-119.68565,39.20647],[-119.6977,39.20083],[-119.69914,39.2006],[-119.7001,39.20132],[-119.70274,39.19964],[-119.70428,39.20065],[-119.70744,39.20019],[-119.71213,39.1937],[-119.71435,39.19358],[-119.71787,39.19541]]]},"properties":{"IncidentName":"Moundhouse","GISAcres":2343.4494304498808,"FireCause":"Human","Year":1983}},{"type":"Feature","geometry":{"type":"Polygon","coordinates":[[[-119.73398,39.79265],[-119.72418,39.79244],[-119.72048,39.79338],[-119.72241,39.79453],[-119.72211,39.795],[-119.71991,39.79513],[-119.71842,39.79437],[-119.71608,39.79546],[-119.71349,39.79485],[-119.71111,39.79537],[-119.7074,39.79328],[-119.70708,39.78889],[-119.7023,39.78754],[-119.70173,39.78607],[-119.69905,39.78658],[-119.69665,39.78313],[-119.69005,39.78528],[-119.69044,39.78596],[-119.68675,39.78603],[-119.68237,39.78769],[-119.68322,39.78952],[-119.67937,39.78933],[-119.67812,39.78998],[-119.67962,39.79121],[-119.67822,39.79212],[-119.67617,39.79176],[-119.67282,39.79258],[-119.67016,39.79432],[-119.67067,39.79217],[-119.67009,39.79135],[-119.66839,39.79273],[-119.66568,39.79085],[-119.65855,39.79147],[-119.65408,39.78964],[-119.64948,39.78643],[-119.64168,39.77583],[-119.6391,39.77527],[-119.63803,39.77369],[-119.6383,39.77288],[-119.63996,39.77279],[-119.63964,39.76929],[-119.63686,39.76929],[-119.63373,39.76732],[-119.63202,39.7652],[-119.62728,39.76395],[-119.62342,39.76141],[-119.62345,39.75989],[-119.62724,39.75992],[-119.62115,39.75811],[-119.62112,39.74994],[-119.61754,39.74917],[-119.61619,39.74697],[-119.61651,39.74516],[-119.62402,39.74523],[-119.62491,39.74652],[-119.62777,39.74539],[-119.62661,39.74491],[-119.62651,39.74394],[-119.62853,39.74442],[-119.62935,39.74298],[-119.63201,39.74376],[-119.63318,39.74335],[-119.63351,39.74247],[-119.63163,39.74196],[-119.6313,39.74097],[-119.6344,39.74008],[-119.63664,39.74146],[-119.63618,39.74354],[-119.64269,39.74316],[-119.64512,39.74123],[-119.65096,39.74367],[-119.65182,39.74555],[-119.65061,39.74678],[-119.65329,39.74626],[-119.65705,39.74913],[-119.65797,39.75141],[-119.65711,39.75345],[-119.65845,39.75675],[-119.66119,39.75687],[-119.66584,39.75556],[-119.67675,39.75726],[-119.68361,39.76044],[-119.68589,39.76012],[-119.68658,39.75045],[-119.68213,39.7519],[-119.68407,39.7531],[-119.67783,39.75313],[-119.6748,39.75261],[-119.67273,39.74921],[-119.68574,39.74886],[-119.6854,39.74787],[-119.68671,39.74762],[-119.68785,39.73495],[-119.69471,39.73608],[-119.69858,39.73288],[-119.69783,39.73203],[-119.70109,39.73187],[-119.70225,39.73416],[-119.70192,39.73504],[-119.70483,39.73635],[-119.70562,39.73801],[-119.70767,39.73697],[-119.70938,39.73816],[-119.70902,39.7394],[-119.71024,39.74279],[-119.71265,39.74332],[-119.71484,39.74248],[-119.71894,39.74479],[-119.7202,39.74303],[-119.72504,39.74665],[-119.72488,39.74891],[-119.72669,39.74879],[-119.72706,39.74989],[-119.72952,39.74941],[-119.73044,39.74778],[-119.73435,39.74497],[-119.74081,39.74559],[-119.74208,39.74477],[-119.74167,39.74309],[-119.74549,39.74182],[-119.74337,39.74194],[-119.74289,39.74075],[-119.74524,39.74018],[-119.74566,39.73846],[-119.74929,39.73776],[-119.74545,39.73598],[-119.74193,39.73608],[-119.7426,39.73507],[-119.74118,39.73248],[-119.74487,39.73107],[-119.74823,39.73118],[-119.74792,39.7289],[-119.74987,39.7294],[-119.75771,39.72794],[-119.75747,39.72723],[-119.75381,39.72782],[-119.75108,39.72636],[-119.74938,39.72657],[-119.74896,39.72577],[-119.75227,39.72303],[-119.75001,39.72317],[-119.7458,39.72627],[-119.74353,39.72571],[-119.74196,39.72836],[-119.73947,39.72831],[-119.73805,39.73005],[-119.7372,39.7298],[-119.73772,39.72701],[-119.73568,39.7253],[-119.73478,39.72559],[-119.73382,39.72689],[-119.73478,39.72881],[-119.73352,39.73034],[-119.73009,39.72498],[-119.733,39.72512],[-119.73168,39.72397],[-119.73319,39.72157],[-119.73553,39.72188],[-119.73777,39.72004],[-119.74174,39.72062],[-119.74198,39.71765],[-119.74035,39.71785],[-119.73929,39.71653],[-119.74199,39.7163],[-119.74171,39.71501],[-119.74504,39.71437],[-119.746,39.71494],[-119.74625,39.71384],[-119.74918,39.71339],[-119.75142,39.7143],[-119.75152,39.71645],[-119.75321,39.71665],[-119.75565,39.71518],[-119.75769,39.71666],[-119.76206,39.71201],[-119.76419,39.71352],[-119.76602,39.71276],[-119.76753,39.71405],[-119.76877,39.71703],[-119.76727,39.71878],[-119.76881,39.72058],[-119.76898,39.72225],[-119.76661,39.72481],[-119.76664,39.72697],[-119.77723,39.7364],[-119.77875,39.73611],[-119.77964,39.73968],[-119.77858,39.74064],[-119.77915,39.74164],[-119.78511,39.74283],[-119.78822,39.74497],[-119.79302,39.74592],[-119.79378,39.74887],[-119.79197,39.74992],[-119.79219,39.75148],[-119.79389,39.75262],[-119.79017,39.75327],[-119.78885,39.75256],[-119.78643,39.75566],[-119.78743,39.7598],[-119.78682,39.76278],[-119.78473,39.76412],[-119.78624,39.76816],[-119.79623,39.77184],[-119.79633,39.77427],[-119.79251,39.77414],[-119.79239,39.77516],[-119.79101,39.77542],[-119.79007,39.77537],[-119.78979,39.77455],[-119.78834,39.7753],[-119.78594,39.77892],[-119.77586,39.7811],[-119.77326,39.78277],[-119.77141,39.78301],[-119.77079,39.78208],[-119.77135,39.78168],[-119.7677,39.77958],[-119.76572,39.77943],[-119.76368,39.78001],[-119.76012,39.78526],[-119.75507,39.7822],[-119.75335,39.7844],[-119.75386,39.78775],[-119.75326,39.78828],[-119.75437,39.79111],[-119.75058,39.79131],[-119.74949,39.79334],[-119.74307,39.79446],[-119.74173,39.79577],[-119.73847,39.79687],[-119.73603,39.7974],[-119.73344,39.79568],[-119.73526,39.79445],[-119.73398,39.79265]]]},"properties":{"IncidentName":"Hungry Va3","GISAcres":18149.532228191223,"FireCause":"Natural","Year":1985}},{"type":"Feature","geometry":{"type":"Polygon","coordinates":[[[-119.66381,39.59028],[-119.66179,39.59092],[-119.66357,39.58917],[-119.66381,39.59028]]]},"properties":{"IncidentName":"Golden Eagle ","GISAcres":3.2915078233975232,"FireCause":"Undetermined","Year":2022}},{"type":"Feature","geometry":{"type":"Polygon","coordinates":[[[-119.64117,39.67825],[-119.6414,39.67847],[-119.64096,39.67869],[-119.64117,39.67825]],[[-119.64126,39.67846],[-119.64132,39.67849],[-119.64132,39.67849],[-119.64126,39.67846]]]},"properties":{"IncidentName":"Rowe","GISAcres":0.36892000412060433,"FireCause":"Undetermined","Year":2022}},{"type":"Feature","geometry":{"type":"Polygon","coordinates":[[[-119.38788,39.99804],[-119.38783,39.99825],[-119.3876,39.99771],[-119.38788,39.99804]]]},"properties":{"IncidentName":"East Pyramid ","GISAcres":0.17523509014275923,"FireCause":"Undetermined","Year":2022}},{"type":"Feature","geometry":{"type":"Polygon","coordinates":[[[-119.35999,40.28612],[-119.3598,40.28657],[-119.35986,40.28622],[-119.35999,40.28612]]]},"properties":{"IncidentName":"Hwy 447 MM 49","GISAcres":0.07585184258491574,"FireCause":"Human","Year":2022}},{"type":"Feature","geometry":{"type":"Polygon","coordinates":[[[-119.38497,39.98937],[-119.38492,39.98942],[-119.38489,39.98933],[-119.38497,39.98937]]]},"properties":{"IncidentName":"Red Bay","GISAcres":0.013552139564067919,"FireCause":"Human","Year":2022}},{"type":"Feature","geometry":{"type":"Polygon","coordinates":[[[-119.96194,39.51835],[-119.96249,39.51863],[-119.96166,39.51867],[-119.96194,39.51835]]]},"properties":{"IncidentName":"Boomtown","GISAcres":0.6055972292470675,"FireCause":"Undetermined","Year":2022}},{"type":"Feature","geometry":{"type":"Polygon","coordinates":[[[-120.03043,39.87581],[-120.03029,39.87591],[-120.03042,39.87575],[-120.03043,39.87581]]]},"properties":{"IncidentName":"Rock Rail","GISAcres":0.0296493664227916,"FireCause":"Undetermined","Year":2022}},{"type":"Feature","geometry":{"type":"MultiPolygon","coordinates":[[[[-119.54391,39.91593],[-119.54686,39.91665],[-119.54475,39.9171],[-119.54298,39.91579],[-119.54391,39.91593]]],[[[-119.54391,39.91593],[-119.54391,39.91593],[-119.54391,39.91593],[-119.54391,39.91593]]]]},"properties":{"IncidentName":"Waterfall","GISAcres":6.249440306372485,"FireCause":"Undetermined","Year":2022}},{"type":"Feature","geometry":{"type":"MultiPolygon","coordinates":[[[[-119.57055,39.15555],[-119.57036,39.15648],[-119.56934,39.15648],[-119.57055,39.15555]]],[[[-119.56985,39.15594],[-119.56983,39.15599],[-119.56983,39.15596],[-119.56985,39.15594]]],[[[-119.57043,39.15646],[-119.57035,39.15649],[-119.57036,39.15648],[-119.57043,39.15646]]],[[[-119.56988,39.15589],[-119.56987,39.15591],[-119.56986,39.15592],[-119.56988,39.15589]]],[[[-119.56986,39.15592],[-119.56985,39.15594],[-119.56985,39.15593],[-119.56986,39.15592]]]]},"properties":{"IncidentName":"Como","GISAcres":1.2784142596254,"FireCause":"Undetermined","Year":2022}},{"type":"Feature","geometry":{"type":"Polygon","coordinates":[[[-119.66482,39.5677],[-119.66529,39.56985],[-119.66423,39.56997],[-119.66382,39.56885],[-119.66482,39.5677]]]},"properties":{"IncidentName":"Belmar","GISAcres":5.134118279588051,"FireCause":"Undetermined","Year":2022}},{"type":"Feature","geometry":{"type":"Polygon","coordinates":[[[-119.68265,39.16423],[-119.68278,39.16422],[-119.68265,39.16433],[-119.68265,39.16423]]]},"properties":{"IncidentName":"Brunswick","GISAcres":0.028830257535846053,"FireCause":"Human","Year":2022}},{"type":"Feature","geometry":{"type":"Polygon","coordinates":[[[-120.01512,39.44547],[-120.01653,39.44595],[-120.01552,39.4467],[-120.01299,39.44658],[-120.01327,39.44545],[-120.01512,39.44547]]]},"properties":{"IncidentName":"Stateline","GISAcres":8.955950139354778,"FireCause":"Undetermined","Year":2022}},{"type":"Feature","geometry":{"type":"Polygon","coordinates":[[[-119.52496,39.20886],[-119.52496,39.21124],[-119.52739,39.21346],[-119.52661,39.21467],[-119.52343,39.21455],[-119.52334,39.21533],[-119.52137,39.21631],[-119.51825,39.21624],[-119.51636,39.21523],[-119.51625,39.21304],[-119.52023,39.21162],[-119.51942,39.20951],[-119.52058,39.20807],[-119.52271,39.2093],[-119.52496,39.20886]]]},"properties":{"IncidentName":"Unknown","GISAcres":128.25554174516083,"FireCause":"Undetermined","Year":1980}},{"type":"Feature","geometry":{"type":"Polygon","coordinates":[[[-119.50481,39.11418],[-119.50239,39.114],[-119.50224,39.11268],[-119.50481,39.11255],[-119.50714,39.11077],[-119.50775,39.10604],[-119.50923,39.10438],[-119.50892,39.10271],[-119.51031,39.10284],[-119.51204,39.10457],[-119.51225,39.10689],[-119.51313,39.10691],[-119.51182,39.11199],[-119.50823,39.1144],[-119.50481,39.11418]]]},"properties":{"IncidentName":"Unknown","GISAcres":138.33281787739315,"FireCause":"Undetermined","Year":1980}},{"type":"Feature","geometry":{"type":"Polygon","coordinates":[[[-119.54922,39.09176],[-119.54428,39.09215],[-119.54075,39.09144],[-119.54512,39.09016],[-119.5475,39.09052],[-119.54922,39.09176]]]},"properties":{"IncidentName":"Unknown","GISAcres":27.233388667510454,"FireCause":"Undetermined","Year":1980}},{"type":"Feature","geometry":{"type":"Polygon","coordinates":[[[-119.42626,39.55203],[-119.42373,39.55252],[-119.42152,39.55166],[-119.4184,39.54875],[-119.41649,39.54946],[-119.41591,39.54864],[-119.41301,39.54849],[-119.40867,39.54558],[-119.40803,39.54366],[-119.40846,39.54147],[-119.40725,39.54106],[-119.40639,39.53918],[-119.40116,39.54451],[-119.40007,39.54331],[-119.39929,39.54399],[-119.40055,39.54661],[-119.39499,39.54586],[-119.39721,39.54351],[-119.3951,39.54292],[-119.39193,39.54311],[-119.39282,39.5437],[-119.38873,39.54483],[-119.38434,39.54363],[-119.37861,39.54443],[-119.37631,39.54376],[-119.3696,39.5451],[-119.367,39.54442],[-119.37685,39.54073],[-119.37822,39.53884],[-119.37753,39.53698],[-119.37836,39.53437],[-119.37968,39.53394],[-119.38003,39.53037],[-119.382,39.52865],[-119.38068,39.52768],[-119.38084,39.527],[-119.38368,39.52652],[-119.38654,39.52889],[-119.38732,39.52658],[-119.38553,39.52489],[-119.38683,39.52324],[-119.38657,39.52247],[-119.38509,39.52217],[-119.38441,39.51897],[-119.37944,39.51764],[-119.37594,39.51936],[-119.374,39.51932],[-119.37124,39.51886],[-119.37151,39.51805],[-119.36807,39.51788],[-119.36727,39.5157],[-119.37056,39.51636],[-119.37201,39.51608],[-119.37248,39.51494],[-119.37074,39.5134],[-119.36678,39.51351],[-119.36439,39.5114],[-119.3621,39.51073],[-119.36389,39.50986],[-119.36592,39.50719],[-119.36743,39.50755],[-119.36836,39.5069],[-119.36583,39.50552],[-119.36475,39.50526],[-119.35989,39.50706],[-119.35857,39.50562],[-119.35022,39.50733],[-119.34367,39.50402],[-119.34336,39.50308],[-119.34468,39.50126],[-119.34226,39.50113],[-119.34224,39.49851],[-119.34101,39.49617],[-119.34908,39.49457],[-119.34819,39.49374],[-119.34176,39.49356],[-119.33598,39.49443],[-119.32882,39.49323],[-119.32739,39.49402],[-119.32625,39.4929],[-119.32392,39.49328],[-119.31537,39.49205],[-119.31377,39.49136],[-119.3123,39.48901],[-119.3091,39.48723],[-119.3044,39.4867],[-119.30098,39.48378],[-119.29737,39.48447],[-119.29588,39.4858],[-119.28733,39.47778],[-119.28471,39.47635],[-119.28408,39.47466],[-119.27897,39.47499],[-119.27895,39.47634],[-119.27552,39.47828],[-119.27373,39.47797],[-119.2648,39.48072],[-119.25927,39.48493],[-119.25916,39.48647],[-119.25804,39.4875],[-119.25526,39.48791],[-119.25401,39.48949],[-119.25,39.4913],[-119.25068,39.49222],[-119.25052,39.49476],[-119.24703,39.49864],[-119.24953,39.49875],[-119.25014,39.49992],[-119.24748,39.50118],[-119.24826,39.50378],[-119.24372,39.50423],[-119.24679,39.50657],[-119.24527,39.50849],[-119.24645,39.51066],[-119.24334,39.51102],[-119.23981,39.51338],[-119.23735,39.51362],[-119.23603,39.51498],[-119.23632,39.51095],[-119.23437,39.51109],[-119.2307,39.51371],[-119.22974,39.5129],[-119.23155,39.51092],[-119.22987,39.51025],[-119.23013,39.50868],[-119.22919,39.50629],[-119.22592,39.50498],[-119.22615,39.50383],[-119.22814,39.50357],[-119.22715,39.50148],[-119.22597,39.50117],[-119.22559,39.48688],[-119.22118,39.48515],[-119.22568,39.48529],[-119.22603,39.47839],[-119.23347,39.47978],[-119.23405,39.47827],[-119.23539,39.47953],[-119.24748,39.47636],[-119.24766,39.47458],[-119.24753,39.47396],[-119.24562,39.4742],[-119.24536,39.4725],[-119.2461,39.47148],[-119.2445,39.4708],[-119.23792,39.47018],[-119.2377,39.47115],[-119.23579,39.47],[-119.23129,39.46939],[-119.22956,39.47089],[-119.23272,39.4749],[-119.23102,39.47511],[-119.22843,39.47262],[-119.22596,39.47303],[-119.22477,39.47477],[-119.22393,39.47458],[-119.22585,39.47083],[-119.22553,39.46914],[-119.22654,39.46614],[-119.238,39.46362],[-119.24578,39.46629],[-119.24869,39.46509],[-119.25165,39.4664],[-119.25659,39.46622],[-119.25908,39.46517],[-119.2635,39.46462],[-119.26513,39.46513],[-119.2688,39.4639],[-119.27021,39.46445],[-119.2701,39.46552],[-119.27606,39.46451],[-119.27142,39.46019],[-119.26735,39.4581],[-119.2677,39.45658],[-119.26992,39.4554],[-119.27384,39.45611],[-119.27407,39.45519],[-119.27879,39.45669],[-119.2817,39.45596],[-119.28327,39.45677],[-119.28419,39.4549],[-119.2818,39.45465],[-119.2818,39.45325],[-119.2787,39.45127],[-119.27946,39.44821],[-119.27904,39.4467],[-119.28117,39.44314],[-119.2807,39.44171],[-119.27357,39.44102],[-119.27225,39.44028],[-119.27124,39.43814],[-119.27503,39.43824],[-119.27819,39.43617],[-119.28034,39.43711],[-119.28232,39.43545],[-119.28373,39.43553],[-119.28534,39.43715],[-119.28917,39.43806],[-119.29112,39.43769],[-119.29244,39.4396],[-119.29668,39.44153],[-119.30094,39.4468],[-119.30069,39.44976],[-119.29863,39.45121],[-119.3049,39.45252],[-119.30836,39.45604],[-119.30915,39.45448],[-119.31212,39.45392],[-119.31606,39.46053],[-119.31611,39.46139],[-119.3145,39.46234],[-119.31293,39.46223],[-119.31319,39.463],[-119.31673,39.4635],[-119.31944,39.4652],[-119.32222,39.46479],[-119.32379,39.4663],[-119.32703,39.46726],[-119.33021,39.47062],[-119.33505,39.47064],[-119.33604,39.46922],[-119.33647,39.4661],[-119.33936,39.46648],[-119.33967,39.46485],[-119.33584,39.46371],[-119.33551,39.46249],[-119.33772,39.46102],[-119.34015,39.46119],[-119.34118,39.45662],[-119.34389,39.45949],[-119.34469,39.46167],[-119.34626,39.46085],[-119.34702,39.45848],[-119.34868,39.45817],[-119.34998,39.46166],[-119.34839,39.46289],[-119.35004,39.46486],[-119.34755,39.46592],[-119.34699,39.46818],[-119.3404,39.47078],[-119.34327,39.47205],[-119.3443,39.47331],[-119.35077,39.47243],[-119.35098,39.47005],[-119.35338,39.46802],[-119.3547,39.46782],[-119.35765,39.46977],[-119.35812,39.46863],[-119.3603,39.46804],[-119.36122,39.46664],[-119.35931,39.46455],[-119.35824,39.46014],[-119.361,39.46224],[-119.36653,39.46434],[-119.37159,39.46197],[-119.37468,39.46179],[-119.37571,39.46305],[-119.37715,39.46301],[-119.37963,39.46634],[-119.38171,39.46635],[-119.38455,39.4696],[-119.38762,39.46843],[-119.38999,39.46956],[-119.3917,39.4687],[-119.39143,39.46741],[-119.39397,39.46535],[-119.39799,39.4682],[-119.40276,39.46939],[-119.40348,39.46809],[-119.40731,39.46759],[-119.40834,39.46815],[-119.41499,39.46618],[-119.41493,39.46531],[-119.41272,39.46422],[-119.41317,39.46349],[-119.42107,39.4639],[-119.42411,39.46496],[-119.42216,39.4679],[-119.41991,39.46831],[-119.42115,39.46994],[-119.42333,39.47028],[-119.42307,39.47343],[-119.42414,39.47597],[-119.42195,39.48235],[-119.42106,39.48246],[-119.42103,39.48352],[-119.41825,39.48651],[-119.41871,39.48835],[-119.41318,39.49069],[-119.41421,39.49148],[-119.4179,39.49171],[-119.4209,39.49359],[-119.4253,39.49433],[-119.42778,39.49789],[-119.43122,39.50038],[-119.43924,39.50072],[-119.44367,39.4997],[-119.44763,39.49286],[-119.45236,39.4916],[-119.45656,39.48688],[-119.46068,39.48586],[-119.46113,39.4877],[-119.46482,39.48653],[-119.47004,39.48745],[-119.47351,39.48539],[-119.47665,39.48654],[-119.47689,39.48772],[-119.47538,39.48941],[-119.47822,39.49033],[-119.48031,39.49361],[-119.4811,39.49346],[-119.48155,39.49133],[-119.48297,39.49099],[-119.48453,39.49245],[-119.48751,39.4924],[-119.48717,39.49112],[-119.48367,39.48963],[-119.48394,39.48672],[-119.48045,39.48546],[-119.48156,39.48303],[-119.48281,39.48261],[-119.48385,39.48089],[-119.48451,39.47872],[-119.48387,39.4768],[-119.47912,39.4773],[-119.47478,39.47649],[-119.47446,39.47551],[-119.47139,39.47598],[-119.46776,39.47106],[-119.47084,39.47017],[-119.47156,39.4691],[-119.46905,39.46823],[-119.46583,39.46873],[-119.45785,39.47476],[-119.45693,39.47038],[-119.45861,39.46895],[-119.46,39.46898],[-119.46247,39.46576],[-119.46483,39.46571],[-119.46679,39.46212],[-119.46982,39.46014],[-119.46989,39.45919],[-119.4744,39.45796],[-119.47572,39.4566],[-119.47504,39.4548],[-119.4805,39.44949],[-119.4842,39.44954],[-119.48537,39.45329],[-119.48238,39.45631],[-119.48336,39.45905],[-119.48236,39.46018],[-119.48358,39.46362],[-119.48148,39.46449],[-119.48463,39.46541],[-119.48423,39.46654],[-119.48178,39.46655],[-119.48014,39.46786],[-119.48444,39.46925],[-119.48212,39.47104],[-119.48224,39.47558],[-119.48462,39.47512],[-119.48715,39.4758],[-119.48969,39.47164],[-119.4923,39.47301],[-119.4935,39.47201],[-119.49683,39.47371],[-119.49693,39.47539],[-119.49838,39.47581],[-119.49992,39.47861],[-119.50279,39.47777],[-119.50395,39.47825],[-119.50431,39.47958],[-119.50311,39.48221],[-119.50825,39.4815],[-119.51448,39.48521],[-119.51641,39.48777],[-119.5162,39.49085],[-119.51897,39.4934],[-119.51921,39.49668],[-119.51751,39.49941],[-119.51601,39.49999],[-119.51621,39.50082],[-119.51201,39.50344],[-119.51134,39.50515],[-119.50911,39.50467],[-119.50788,39.50584],[-119.50933,39.50719],[-119.50786,39.50876],[-119.50626,39.5079],[-119.50603,39.50929],[-119.50452,39.51028],[-119.49935,39.51232],[-119.49596,39.51876],[-119.49385,39.52121],[-119.49333,39.52382],[-119.49022,39.52512],[-119.48876,39.52441],[-119.48733,39.52591],[-119.48318,39.52776],[-119.48043,39.52828],[-119.4765,39.52384],[-119.47482,39.52504],[-119.47474,39.5271],[-119.4732,39.52687],[-119.46908,39.52812],[-119.4669,39.53105],[-119.46318,39.53305],[-119.46032,39.53231],[-119.45826,39.53376],[-119.44675,39.53474],[-119.44266,39.5333],[-119.44135,39.53075],[-119.43498,39.52706],[-119.43204,39.52259],[-119.43034,39.5221],[-119.42863,39.52599],[-119.4295,39.52816],[-119.42283,39.52915],[-119.42252,39.53031],[-119.41653,39.5331],[-119.42015,39.54473],[-119.42498,39.54515],[-119.42583,39.5461],[-119.42178,39.54804],[-119.42269,39.54939],[-119.42948,39.54669],[-119.43159,39.55049],[-119.42859,39.55258],[-119.42626,39.55203]]]},"properties":{"IncidentName":"Gooseberry","GISAcres":29289.623239274602,"FireCause":"Natural","Year":1985}},{"type":"Feature","geometry":{"type":"Polygon","coordinates":[[[-119.75764,39.88058],[-119.75553,39.88052],[-119.75148,39.87791],[-119.75178,39.87604],[-119.74893,39.87448],[-119.74889,39.87367],[-119.7519,39.87274],[-119.75142,39.87084],[-119.74844,39.87142],[-119.74536,39.86961],[-119.74798,39.86753],[-119.74946,39.868],[-119.75446,39.86634],[-119.75502,39.8657],[-119.75372,39.86461],[-119.74835,39.86266],[-119.74443,39.86365],[-119.74221,39.86624],[-119.74105,39.86577],[-119.73755,39.86732],[-119.73833,39.86986],[-119.73571,39.87194],[-119.72932,39.87247],[-119.72582,39.86075],[-119.72147,39.85931],[-119.72134,39.85711],[-119.72448,39.85656],[-119.72336,39.85347],[-119.72993,39.85302],[-119.72931,39.84635],[-119.72136,39.84637],[-119.71287,39.81978],[-119.71751,39.81911],[-119.71631,39.81829],[-119.71228,39.81825],[-119.71059,39.81326],[-119.71502,39.81059],[-119.71539,39.80777],[-119.7141,39.80714],[-119.71553,39.80634],[-119.71932,39.80637],[-119.72065,39.80161],[-119.72327,39.8018],[-119.72495,39.8006],[-119.72982,39.8027],[-119.73574,39.80331],[-119.73957,39.80234],[-119.73933,39.80116],[-119.74186,39.80272],[-119.74544,39.80278],[-119.75071,39.80469],[-119.75154,39.80348],[-119.74984,39.80211],[-119.74684,39.80076],[-119.74044,39.79966],[-119.74022,39.79853],[-119.74282,39.79732],[-119.74577,39.79781],[-119.75375,39.79673],[-119.75488,39.79874],[-119.75866,39.80169],[-119.76186,39.80294],[-119.76423,39.80629],[-119.76649,39.80796],[-119.7661,39.80908],[-119.76676,39.81059],[-119.76865,39.81093],[-119.76982,39.81532],[-119.77145,39.81785],[-119.77139,39.8195],[-119.77482,39.82281],[-119.77999,39.82438],[-119.78098,39.82594],[-119.78009,39.82881],[-119.7843,39.83074],[-119.78502,39.83242],[-119.7854,39.83538],[-119.78402,39.83793],[-119.78398,39.83987],[-119.78641,39.83952],[-119.79039,39.83664],[-119.79226,39.83897],[-119.79251,39.84245],[-119.79068,39.84345],[-119.78944,39.84527],[-119.79094,39.8465],[-119.79081,39.84887],[-119.78819,39.85142],[-119.79329,39.85073],[-119.79652,39.85455],[-119.79491,39.85527],[-119.7913,39.85991],[-119.78589,39.86084],[-119.78164,39.85628],[-119.77764,39.8584],[-119.77684,39.85715],[-119.7782,39.85525],[-119.77571,39.85474],[-119.77329,39.85099],[-119.77039,39.84927],[-119.76879,39.84666],[-119.76471,39.84943],[-119.76518,39.85174],[-119.76645,39.85185],[-119.76742,39.85061],[-119.76811,39.85264],[-119.7676,39.85548],[-119.76837,39.85709],[-119.76966,39.85702],[-119.76954,39.8578],[-119.76811,39.85837],[-119.76821,39.86028],[-119.76497,39.86143],[-119.76416,39.86592],[-119.76447,39.8675],[-119.76773,39.87166],[-119.76762,39.87478],[-119.76627,39.87604],[-119.7664,39.87712],[-119.76356,39.87902],[-119.76466,39.87997],[-119.76348,39.88091],[-119.76205,39.88037],[-119.76177,39.88136],[-119.75832,39.88191],[-119.75764,39.88058]]]},"properties":{"IncidentName":"Bedel Flat","GISAcres":9495.346212290815,"FireCause":"Natural","Year":1985}},{"type":"Feature","geometry":{"type":"Polygon","coordinates":[[[-119.64881,40.31532],[-119.64658,40.31422],[-119.64496,40.30968],[-119.6433,40.30959],[-119.64514,40.30537],[-119.64482,40.30304],[-119.64763,40.29293],[-119.647,40.28855],[-119.64277,40.28293],[-119.64123,40.2779],[-119.63876,40.27451],[-119.63971,40.27409],[-119.63934,40.273],[-119.63848,40.27322],[-119.63788,40.27004],[-119.63705,40.26943],[-119.63512,40.27109],[-119.63335,40.27043],[-119.63301,40.26851],[-119.6343,40.26657],[-119.63187,40.26446],[-119.6356,40.25614],[-119.64113,40.25526],[-119.6425,40.25634],[-119.64289,40.25405],[-119.6411,40.24482],[-119.64277,40.24263],[-119.64075,40.23687],[-119.63907,40.23421],[-119.63592,40.23224],[-119.63507,40.22995],[-119.63499,40.22903],[-119.63583,40.22875],[-119.63579,40.21551],[-119.63655,40.21314],[-119.63996,40.21197],[-119.64035,40.21382],[-119.64402,40.21411],[-119.64733,40.21933],[-119.65149,40.22128],[-119.65468,40.22038],[-119.65732,40.22305],[-119.6593,40.22272],[-119.66114,40.22056],[-119.66056,40.21886],[-119.65933,40.21798],[-119.65846,40.21885],[-119.65755,40.21546],[-119.65866,40.21437],[-119.66447,40.21595],[-119.66498,40.21468],[-119.6611,40.21103],[-119.66194,40.21029],[-119.66476,40.21104],[-119.66555,40.20948],[-119.66661,40.20916],[-119.6677,40.2117],[-119.67114,40.21291],[-119.67153,40.215],[-119.67365,40.21577],[-119.67497,40.2192],[-119.67821,40.22121],[-119.67882,40.22302],[-119.67774,40.22487],[-119.68009,40.22699],[-119.68325,40.22802],[-119.6836,40.22907],[-119.68756,40.23158],[-119.68878,40.23521],[-119.68648,40.23758],[-119.68877,40.23907],[-119.68945,40.24108],[-119.69642,40.24378],[-119.70115,40.2472],[-119.70218,40.24701],[-119.70829,40.25794],[-119.7063,40.2585],[-119.69961,40.26376],[-119.69503,40.27032],[-119.69216,40.26918],[-119.68919,40.27349],[-119.68636,40.27409],[-119.68207,40.27725],[-119.67668,40.27672],[-119.67361,40.28052],[-119.67487,40.28057],[-119.6755,40.28198],[-119.67533,40.2833],[-119.67403,40.2836],[-119.67356,40.28749],[-119.675,40.28991],[-119.6749,40.29145],[-119.67753,40.29235],[-119.67683,40.29303],[-119.67251,40.29222],[-119.67161,40.29415],[-119.66997,40.29435],[-119.66916,40.29655],[-119.66451,40.29662],[-119.66427,40.29842],[-119.66594,40.29921],[-119.6662,40.30021],[-119.66518,40.30111],[-119.66522,40.30239],[-119.66931,40.30389],[-119.66933,40.30511],[-119.67086,40.30663],[-119.67065,40.30831],[-119.67207,40.31069],[-119.67047,40.3124],[-119.6725,40.31424],[-119.6757,40.31544],[-119.67703,40.31501],[-119.67814,40.31023],[-119.67991,40.31042],[-119.67905,40.31521],[-119.67621,40.31786],[-119.66906,40.31378],[-119.66649,40.31492],[-119.66395,40.31476],[-119.65891,40.31619],[-119.65908,40.31716],[-119.65463,40.31847],[-119.65525,40.31964],[-119.65391,40.32119],[-119.6507,40.32273],[-119.64881,40.31532]]]},"properties":{"IncidentName":"Bia 6","GISAcres":10225.866643225203,"FireCause":"Human","Year":1985}},{"type":"Feature","geometry":{"type":"Polygon","coordinates":[[[-119.87741,40.29856],[-119.87822,40.29273],[-119.87696,40.29292],[-119.87745,40.29095],[-119.87922,40.29067],[-119.87955,40.28978],[-119.87817,40.28917],[-119.87903,40.2869],[-119.87757,40.28671],[-119.87741,40.28511],[-119.8786,40.28382],[-119.87636,40.28203],[-119.87149,40.28397],[-119.87057,40.27145],[-119.86838,40.27163],[-119.86704,40.27388],[-119.86326,40.2735],[-119.86231,40.27322],[-119.86191,40.27206],[-119.85698,40.27196],[-119.85696,40.27121],[-119.85905,40.27004],[-119.85884,40.26944],[-119.85516,40.27027],[-119.85149,40.26787],[-119.84934,40.26179],[-119.8503,40.25753],[-119.84821,40.25688],[-119.84575,40.25057],[-119.84366,40.24969],[-119.84146,40.25122],[-119.83536,40.24608],[-119.83714,40.24468],[-119.83376,40.24229],[-119.83349,40.23965],[-119.83597,40.23941],[-119.83687,40.23795],[-119.8386,40.23732],[-119.84383,40.23625],[-119.84323,40.23906],[-119.85316,40.23855],[-119.85456,40.23717],[-119.8645,40.2342],[-119.86764,40.22948],[-119.8671,40.22789],[-119.86879,40.22581],[-119.86901,40.22325],[-119.86676,40.22099],[-119.86741,40.21899],[-119.86629,40.21593],[-119.86335,40.21463],[-119.86186,40.2148],[-119.86668,40.21094],[-119.86655,40.20986],[-119.86795,40.20941],[-119.86809,40.2071],[-119.86918,40.20595],[-119.8718,40.20773],[-119.87362,40.21147],[-119.87553,40.20818],[-119.87564,40.205],[-119.88106,40.19762],[-119.87872,40.19281],[-119.88223,40.19014],[-119.88479,40.19011],[-119.88622,40.18088],[-119.88772,40.18048],[-119.88844,40.18145],[-119.88642,40.18945],[-119.88676,40.19067],[-119.89477,40.18614],[-119.89705,40.18599],[-119.92498,40.21988],[-119.92524,40.22064],[-119.92357,40.21962],[-119.92292,40.22022],[-119.92558,40.22345],[-119.92985,40.22549],[-119.93191,40.22743],[-119.9346,40.22527],[-119.93532,40.22601],[-119.93302,40.22885],[-119.94165,40.23863],[-119.94958,40.23955],[-119.94494,40.24437],[-119.9386,40.24882],[-119.93784,40.2509],[-119.93192,40.25339],[-119.93183,40.25516],[-119.93336,40.25645],[-119.93281,40.25802],[-119.93727,40.26219],[-119.93799,40.26403],[-119.93005,40.27926],[-119.93014,40.28088],[-119.92899,40.28163],[-119.92572,40.28115],[-119.92187,40.28195],[-119.92084,40.28555],[-119.91722,40.29064],[-119.9171,40.29212],[-119.91383,40.29258],[-119.91323,40.29398],[-119.90987,40.29668],[-119.90314,40.29816],[-119.90118,40.29743],[-119.89537,40.29217],[-119.88737,40.2881],[-119.88642,40.28828],[-119.88465,40.29289],[-119.88127,40.2953],[-119.8815,40.29824],[-119.883,40.29877],[-119.88354,40.30013],[-119.88075,40.30313],[-119.87674,40.30414],[-119.87533,40.30341],[-119.87504,40.30166],[-119.87616,40.29992],[-119.87789,40.29929],[-119.87741,40.29856]]]},"properties":{"IncidentName":"Dry Valley","GISAcres":15748.54423397805,"FireCause":"Natural","Year":1985}},{"type":"Feature","geometry":{"type":"Polygon","coordinates":[[[-119.29651,39.84687],[-119.29202,39.84427],[-119.29111,39.84152],[-119.29178,39.83982],[-119.29044,39.83692],[-119.29009,39.8305],[-119.29305,39.82638],[-119.29523,39.8255],[-119.29634,39.82605],[-119.29832,39.82456],[-119.30024,39.82525],[-119.30073,39.8237],[-119.30235,39.82275],[-119.30637,39.81392],[-119.30857,39.81146],[-119.31231,39.8111],[-119.31512,39.81191],[-119.31541,39.81279],[-119.31687,39.81275],[-119.31692,39.81408],[-119.31919,39.81558],[-119.3191,39.81718],[-119.31823,39.81781],[-119.31849,39.82092],[-119.32021,39.82263],[-119.31934,39.82443],[-119.31831,39.8248],[-119.31856,39.82604],[-119.3162,39.82707],[-119.31497,39.82894],[-119.31221,39.82923],[-119.31081,39.83341],[-119.30896,39.83318],[-119.30803,39.83481],[-119.30774,39.83814],[-119.30184,39.83896],[-119.29999,39.84037],[-119.30019,39.84144],[-119.29701,39.84303],[-119.2974,39.84419],[-119.2987,39.84394],[-119.29898,39.845],[-119.29689,39.84592],[-119.29651,39.84687]]]},"properties":{"IncidentName":"Nixon","GISAcres":1226.0193583072469,"FireCause":"Natural","Year":1985}},{"type":"Feature","geometry":{"type":"Polygon","coordinates":[[[-119.54546,39.8526],[-119.54545,39.85143],[-119.54829,39.84837],[-119.54613,39.84744],[-119.54732,39.8464],[-119.54703,39.84575],[-119.54075,39.84268],[-119.54162,39.84135],[-119.54425,39.8409],[-119.54595,39.84228],[-119.55273,39.84454],[-119.55539,39.84257],[-119.55453,39.84162],[-119.55513,39.8411],[-119.55673,39.8415],[-119.56004,39.83823],[-119.56283,39.83735],[-119.5619,39.83478],[-119.55469,39.82938],[-119.55265,39.82977],[-119.55205,39.82795],[-119.56275,39.82602],[-119.56303,39.82708],[-119.56558,39.82799],[-119.57084,39.8271],[-119.57381,39.8249],[-119.57671,39.82411],[-119.58018,39.82525],[-119.58381,39.82917],[-119.58353,39.83297],[-119.58272,39.83377],[-119.5836,39.83985],[-119.58575,39.84698],[-119.58237,39.84933],[-119.5742,39.85376],[-119.56879,39.85123],[-119.56369,39.85145],[-119.56305,39.84999],[-119.55981,39.84816],[-119.55481,39.85215],[-119.55103,39.85264],[-119.55041,39.85492],[-119.54728,39.85435],[-119.54786,39.85284],[-119.54546,39.8526]]]},"properties":{"IncidentName":"Quail","GISAcres":1788.4737919253128,"FireCause":"Human","Year":1984}},{"type":"Feature","geometry":{"type":"Polygon","coordinates":[[[-119.8228,40.32743],[-119.82106,40.32461],[-119.81987,40.32501],[-119.81872,40.32435],[-119.81808,40.32272],[-119.81917,40.31678],[-119.82125,40.31649],[-119.81724,40.31498],[-119.81647,40.31273],[-119.81236,40.3123],[-119.80952,40.31471],[-119.80763,40.31438],[-119.80532,40.30985],[-119.80591,40.30634],[-119.80514,40.30567],[-119.80594,40.30253],[-119.80558,40.29851],[-119.80759,40.2987],[-119.80901,40.30059],[-119.81127,40.29993],[-119.81018,40.29832],[-119.81227,40.29394],[-119.81147,40.29181],[-119.80223,40.29324],[-119.80058,40.29502],[-119.79925,40.29452],[-119.79889,40.29347],[-119.7965,40.29376],[-119.79712,40.29147],[-119.79999,40.29168],[-119.80027,40.28999],[-119.8025,40.28991],[-119.80306,40.28928],[-119.80263,40.28846],[-119.80931,40.29051],[-119.80938,40.28979],[-119.80479,40.28682],[-119.80039,40.28667],[-119.80023,40.28576],[-119.80133,40.28555],[-119.8002,40.28407],[-119.79302,40.28306],[-119.79251,40.28111],[-119.79086,40.28084],[-119.79181,40.27995],[-119.78993,40.27786],[-119.78877,40.27767],[-119.7857,40.27458],[-119.78313,40.27454],[-119.78275,40.27298],[-119.78083,40.27282],[-119.77898,40.26668],[-119.76984,40.27183],[-119.76845,40.2714],[-119.76575,40.27233],[-119.76231,40.27088],[-119.76248,40.2698],[-119.76577,40.26917],[-119.76738,40.26774],[-119.76963,40.26725],[-119.76953,40.26651],[-119.77916,40.26489],[-119.77963,40.26305],[-119.78192,40.26156],[-119.78396,40.26186],[-119.784,40.25922],[-119.78579,40.25671],[-119.79785,40.25744],[-119.79877,40.25878],[-119.80178,40.25761],[-119.80504,40.25851],[-119.80807,40.25553],[-119.8096,40.25547],[-119.80974,40.2545],[-119.81407,40.25168],[-119.81655,40.2512],[-119.81714,40.24927],[-119.81496,40.24905],[-119.81548,40.24807],[-119.81893,40.24709],[-119.81856,40.24646],[-119.81462,40.24699],[-119.8127,40.24636],[-119.81695,40.24402],[-119.81924,40.24411],[-119.81932,40.24321],[-119.82123,40.24402],[-119.82429,40.24185],[-119.8317,40.24282],[-119.83235,40.2445],[-119.83623,40.24586],[-119.83982,40.24862],[-119.84075,40.25114],[-119.84276,40.25157],[-119.84638,40.2497],[-119.8474,40.25108],[-119.84696,40.25275],[-119.84906,40.25573],[-119.85061,40.26006],[-119.85037,40.26233],[-119.85129,40.2632],[-119.85122,40.26503],[-119.85241,40.26738],[-119.85371,40.26847],[-119.85526,40.268],[-119.85596,40.26915],[-119.85764,40.26859],[-119.85984,40.2691],[-119.86028,40.26995],[-119.8558,40.27164],[-119.85658,40.27254],[-119.85893,40.27238],[-119.86003,40.2731],[-119.86219,40.27099],[-119.86392,40.27264],[-119.87021,40.27488],[-119.87157,40.27611],[-119.87161,40.27826],[-119.87148,40.28291],[-119.86784,40.28502],[-119.86459,40.28073],[-119.86425,40.28156],[-119.86179,40.28186],[-119.86076,40.28293],[-119.85886,40.28125],[-119.85883,40.28412],[-119.85754,40.2856],[-119.85548,40.28524],[-119.85501,40.28638],[-119.85557,40.28826],[-119.85791,40.28805],[-119.85853,40.29214],[-119.85764,40.29272],[-119.85853,40.29741],[-119.85751,40.2976],[-119.85828,40.29939],[-119.85806,40.30194],[-119.85759,40.30285],[-119.85527,40.30336],[-119.85601,40.30482],[-119.85859,40.30555],[-119.85822,40.30791],[-119.85693,40.30821],[-119.85587,40.3131],[-119.8523,40.31221],[-119.8517,40.31022],[-119.84955,40.30847],[-119.84885,40.3062],[-119.84789,40.30522],[-119.84693,40.30534],[-119.84555,40.30292],[-119.84393,40.30341],[-119.84318,40.30256],[-119.84312,40.30058],[-119.84224,40.30028],[-119.84166,40.29858],[-119.84356,40.29821],[-119.84302,40.29685],[-119.84181,40.29627],[-119.84094,40.29234],[-119.83892,40.29074],[-119.83926,40.28856],[-119.83573,40.28802],[-119.83637,40.28988],[-119.83534,40.29348],[-119.8344,40.29459],[-119.83231,40.29441],[-119.83248,40.29672],[-119.83142,40.30026],[-119.8299,40.3019],[-119.83007,40.30309],[-119.83139,40.30401],[-119.83063,40.30679],[-119.83234,40.30611],[-119.83393,40.30826],[-119.83324,40.30921],[-119.83467,40.31133],[-119.83296,40.31248],[-119.83381,40.31361],[-119.83155,40.31428],[-119.83225,40.31543],[-119.83124,40.31656],[-119.83365,40.32113],[-119.83355,40.32337],[-119.83278,40.32475],[-119.83024,40.32529],[-119.8297,40.32622],[-119.82722,40.32488],[-119.82607,40.32516],[-119.82638,40.32674],[-119.8228,40.32743]]]},"properties":{"IncidentName":"Dry Valley","GISAcres":9034.538114482328,"FireCause":"Natural","Year":1984}},{"type":"Feature","geometry":{"type":"Polygon","coordinates":[[[-120.07579,40.10496],[-120.07088,40.10227],[-120.06729,40.10221],[-120.06192,40.09741],[-120.06094,40.09795],[-120.05116,40.09207],[-120.04702,40.09288],[-120.03839,40.08877],[-120.03691,40.08988],[-120.03219,40.08834],[-120.03007,40.08623],[-120.03107,40.08551],[-120.03003,40.08408],[-120.03267,40.08204],[-120.03785,40.08109],[-120.04349,40.07806],[-120.04651,40.07489],[-120.04644,40.07309],[-120.04922,40.07032],[-120.05345,40.06184],[-120.06052,40.05759],[-120.06182,40.05822],[-120.06212,40.05681],[-120.06457,40.05493],[-120.07133,40.05156],[-120.0733,40.05141],[-120.07508,40.05504],[-120.07003,40.05726],[-120.07059,40.05867],[-120.07009,40.05947],[-120.07106,40.06004],[-120.07508,40.05978],[-120.08188,40.06173],[-120.08139,40.06347],[-120.07984,40.06348],[-120.08053,40.06504],[-120.09011,40.06504],[-120.09347,40.06807],[-120.09554,40.07545],[-120.0908,40.07814],[-120.09091,40.07981],[-120.08925,40.08084],[-120.09021,40.08206],[-120.0881,40.08382],[-120.0856,40.08425],[-120.08494,40.08637],[-120.0815,40.09014],[-120.07853,40.09213],[-120.07731,40.0967],[-120.07525,40.09862],[-120.0769,40.09959],[-120.07544,40.10145],[-120.07579,40.10496]]]},"properties":{"IncidentName":"Turtle","GISAcres":3978.562505416397,"FireCause":"Natural","Year":1984}},{"type":"Feature","geometry":{"type":"Polygon","coordinates":[[[-119.47006,39.85481],[-119.4693,39.85443],[-119.47003,39.85437],[-119.47006,39.85481]]]},"properties":{"IncidentName":"Anderson","GISAcres":0.44671466522724607,"FireCause":"Undetermined","Year":2023}},{"type":"Feature","geometry":{"type":"Polygon","coordinates":[[[-119.66263,39.07298],[-119.66276,39.07306],[-119.6627,39.0731],[-119.66263,39.07298]]]},"properties":{"IncidentName":"Hot Springs Mountain","GISAcres":0.02284176575573759,"FireCause":"Undetermined","Year":2023}},{"type":"Feature","geometry":{"type":"Polygon","coordinates":[[[-119.71823,39.46996],[-119.71784,39.47002],[-119.7181,39.46983],[-119.71823,39.46996]]]},"properties":{"IncidentName":"Landscape","GISAcres":0.12627049970908585,"FireCause":"Undetermined","Year":2023}},{"type":"Feature","geometry":{"type":"Polygon","coordinates":[[[-120.03921,39.78232],[-120.03918,39.78209],[-120.03934,39.78235],[-120.03921,39.78232]]]},"properties":{"IncidentName":"Hallelujah","GISAcres":0.08632214378277682,"FireCause":"Natural","Year":2023}},{"type":"Feature","geometry":{"type":"MultiPolygon","coordinates":[[[[-119.68715,39.56785],[-119.68716,39.56786],[-119.68715,39.56787],[-119.68715,39.56785]]],[[[-119.68715,39.56785],[-119.68715,39.56785],[-119.68715,39.56785],[-119.68715,39.56785]]],[[[-119.68629,39.56679],[-119.68871,39.56757],[-119.68868,39.56941],[-119.68787,39.56981],[-119.68628,39.56896],[-119.68601,39.56838],[-119.6872,39.56793],[-119.68629,39.56679]]]]},"properties":{"IncidentName":"Culpepper","GISAcres":12.796811476221782,"FireCause":"Undetermined","Year":2023}},{"type":"Feature","geometry":{"type":"Polygon","coordinates":[[[-119.61517,39.99247],[-119.61509,39.99254],[-119.615,39.99243],[-119.61517,39.99247]]]},"properties":{"IncidentName":"Pelican","GISAcres":0.03866978279859343,"FireCause":"Undetermined","Year":2023}},{"type":"Feature","geometry":{"type":"Polygon","coordinates":[[[-119.92108,39.62723],[-119.92092,39.6272],[-119.921,39.62702],[-119.92108,39.62723]]]},"properties":{"IncidentName":"Red Rock","GISAcres":0.06079845013289477,"FireCause":"Undetermined","Year":2023}},{"type":"Feature","geometry":{"type":"Polygon","coordinates":[[[-119.6328,39.74941],[-119.63343,39.748],[-119.63353,39.74954],[-119.6328,39.74941]]]},"properties":{"IncidentName":"Morgan","GISAcres":2.827630055277005,"FireCause":"Undetermined","Year":2023}},{"type":"Feature","geometry":{"type":"Polygon","coordinates":[[[-120.03292,39.81312],[-120.03356,39.81263],[-120.03399,39.81478],[-120.03338,39.81336],[-120.03217,39.81352],[-120.03292,39.81312]]]},"properties":{"IncidentName":"Hallelujah 2","GISAcres":3.1989822783984834,"FireCause":"Undetermined","Year":2023}},{"type":"Feature","geometry":{"type":"Polygon","coordinates":[[[-119.86216,39.60373],[-119.8609,39.60329],[-119.86208,39.60263],[-119.8628,39.60333],[-119.86216,39.60373]]]},"properties":{"IncidentName":"Seneca","GISAcres":3.0410107609450163,"FireCause":"Human","Year":2023}},{"type":"Feature","geometry":{"type":"Polygon","coordinates":[[[-119.9894,39.59318],[-119.98995,39.59352],[-119.98752,39.59407],[-119.98617,39.59298],[-119.98768,39.59236],[-119.9894,39.59318]]]},"properties":{"IncidentName":"Peavine Peak","GISAcres":8.311907052052964,"FireCause":"Undetermined","Year":2023}},{"type":"Feature","geometry":{"type":"Polygon","coordinates":[[[-120.00676,39.61818],[-120.00675,39.61815],[-120.00681,39.61817],[-120.00676,39.61818]]]},"properties":{"IncidentName":"Mitchell","GISAcres":0.004332325407056658,"FireCause":"Natural","Year":2023}},{"type":"Feature","geometry":{"type":"MultiPolygon","coordinates":[[[[-119.92112,39.6272],[-119.9212,39.62722],[-119.92112,39.62724],[-119.92112,39.6272]]],[[[-119.92111,39.62719],[-119.92109,39.6272],[-119.92109,39.62719],[-119.92111,39.62719]]],[[[-119.92109,39.6272],[-119.92108,39.6272],[-119.92109,39.6272],[-119.92109,39.6272]]]]},"properties":{"IncidentName":"Moya","GISAcres":0.003585438360099007,"FireCause":"Human","Year":2023}},{"type":"Feature","geometry":{"type":"MultiPolygon","coordinates":[[[[-119.69044,39.54361],[-119.69043,39.54361],[-119.69043,39.54361],[-119.69044,39.54361]]],[[[-119.68488,39.53838],[-119.68984,39.54013],[-119.68859,39.54105],[-119.68948,39.54197],[-119.69032,39.54059],[-119.6925,39.53996],[-119.69431,39.54079],[-119.69103,39.54371],[-119.68608,39.54296],[-119.68353,39.54161],[-119.68216,39.53991],[-119.68299,39.53978],[-119.68281,39.53891],[-119.68158,39.53847],[-119.68488,39.53838]]],[[[-119.69231,39.54011],[-119.69232,39.54011],[-119.69232,39.54011],[-119.69231,39.54011]]],[[[-119.68352,39.54097],[-119.68352,39.54097],[-119.68352,39.54097],[-119.68352,39.54097]]],[[[-119.68351,39.54097],[-119.68348,39.54098],[-119.68352,39.54097],[-119.68351,39.54097]]],[[[-119.69234,39.54009],[-119.69232,39.54011],[-119.69237,39.54009],[-119.69234,39.54009]]]]},"properties":{"IncidentName":"S Hill","GISAcres":77.98262297249863,"FireCause":"Human","Year":2023}},{"type":"Feature","geometry":{"type":"Polygon","coordinates":[[[-119.94981,39.63978],[-119.95088,39.6398],[-119.95127,39.64055],[-119.94981,39.63978]]]},"properties":{"IncidentName":"White Lake","GISAcres":0.8697675822333848,"FireCause":"Undetermined","Year":2023}},{"type":"Feature","geometry":{"type":"MultiPolygon","coordinates":[[[[-119.86058,39.30737],[-119.86059,39.30737],[-119.86056,39.30739],[-119.86058,39.30737]]],[[[-119.86029,39.30677],[-119.86032,39.30681],[-119.86026,39.30678],[-119.86029,39.30677]]],[[[-119.86009,39.30661],[-119.86106,39.30638],[-119.86125,39.30732],[-119.86009,39.30661]]],[[[-119.86112,39.30732],[-119.86114,39.30735],[-119.86115,39.30736],[-119.86112,39.30732]]],[[[-119.86049,39.30707],[-119.86044,39.30709],[-119.86044,39.30709],[-119.86049,39.30707]]]]},"properties":{"IncidentName":"Slide","GISAcres":1.9543496589002898,"FireCause":"Human","Year":2023}},{"type":"Feature","geometry":{"type":"MultiPolygon","coordinates":[[[[-120.01316,39.51994],[-120.01028,39.51959],[-120.00907,39.52055],[-120.00751,39.52044],[-120.00767,39.52103],[-120.00632,39.52166],[-120.00348,39.5217],[-120.00299,39.5208],[-120.00377,39.51998],[-120.00471,39.52038],[-120.00481,39.51972],[-120.00754,39.51957],[-120.01093,39.51694],[-120.01213,39.517],[-120.01398,39.51861],[-120.01435,39.51943],[-120.01316,39.51994]]],[[[-120.00353,39.52425],[-120.00291,39.52421],[-120.00341,39.52384],[-120.00353,39.52425]]],[[[-120.01322,39.51995],[-120.01319,39.51998],[-120.01315,39.51998],[-120.01322,39.51995]]],[[[-120.00328,39.52432],[-120.00329,39.52432],[-120.00326,39.52433],[-120.00328,39.52432]]]]},"properties":{"IncidentName":"Hill","GISAcres":52.93390662267806,"FireCause":"Human","Year":2023}},{"type":"Feature","geometry":{"type":"Polygon","coordinates":[[[-119.59864,39.54009],[-119.59725,39.54146],[-119.59799,39.5403],[-119.59864,39.54009]]]},"properties":{"IncidentName":"I-80","GISAcres":1.4950353929748814,"FireCause":"Human","Year":2024}},{"type":"Feature","geometry":{"type":"Polygon","coordinates":[[[-119.68687,39.51978],[-119.68696,39.51984],[-119.68688,39.51995],[-119.68687,39.51978]]]},"properties":{"IncidentName":"Lockwood","GISAcres":0.038968868031088656,"FireCause":"Human","Year":2024}},{"type":"Feature","geometry":{"type":"Polygon","coordinates":[[[-119.90644,39.6188],[-119.90321,39.6181],[-119.90205,39.6167],[-119.90069,39.61708],[-119.90068,39.6147],[-119.90046,39.61572],[-119.89949,39.61589],[-119.90001,39.61404],[-119.89886,39.60921],[-119.90134,39.60612],[-119.90413,39.60787],[-119.90423,39.61081],[-119.906,39.61293],[-119.90712,39.61533],[-119.90668,39.61589],[-119.90792,39.61623],[-119.90774,39.6176],[-119.91121,39.61743],[-119.9114,39.61825],[-119.90981,39.61835],[-119.91315,39.62002],[-119.91181,39.62145],[-119.91051,39.62154],[-119.90621,39.62012],[-119.90644,39.6188]]]},"properties":{"IncidentName":"Trail","GISAcres":193.0228495370462,"FireCause":"Human","Year":2024}},{"type":"Feature","geometry":{"type":"Polygon","coordinates":[[[-119.76378,39.56303],[-119.76536,39.56468],[-119.76463,39.56545],[-119.76628,39.56543],[-119.76777,39.56704],[-119.77197,39.56653],[-119.77307,39.56829],[-119.76703,39.57073],[-119.76567,39.57066],[-119.76477,39.56958],[-119.76379,39.57047],[-119.7628,39.56989],[-119.76222,39.57077],[-119.76001,39.57033],[-119.75858,39.56782],[-119.76028,39.56523],[-119.76283,39.56542],[-119.76301,39.5645],[-119.76385,39.56474],[-119.76378,39.56303]]]},"properties":{"IncidentName":"Sullivan","GISAcres":138.589431032355,"FireCause":"Human","Year":2024}},{"type":"Feature","geometry":{"type":"MultiPolygon","coordinates":[[[[-119.68,38.86865],[-119.68,38.86864],[-119.68,38.86863],[-119.68,38.86865]]],[[[-119.67852,38.86726],[-119.67917,38.86749],[-119.68007,38.86856],[-119.67852,38.86726]]]]},"properties":{"IncidentName":"Rockbottom","GISAcres":0.9238030058553207,"FireCause":"Human","Year":2024}},{"type":"Feature","geometry":{"type":"Polygon","coordinates":[[[-119.04612,38.81208],[-119.04529,38.81159],[-119.04532,38.81043],[-119.04699,38.81152],[-119.04612,38.81208]]]},"properties":{"IncidentName":"Wassuk ","GISAcres":4.639640458083017,"FireCause":"Natural","Year":2024}},{"type":"Feature","geometry":{"type":"Polygon","coordinates":[[[-120.02826,39.87865],[-120.03195,39.87456],[-120.03236,39.87595],[-120.02951,39.87989],[-120.02812,39.88064],[-120.02826,39.87865]]]},"properties":{"IncidentName":"Peterson","GISAcres":19.7274054563384,"FireCause":"Human","Year":2024}},{"type":"Feature","geometry":{"type":"Polygon","coordinates":[[[-119.64503,39.78045],[-119.64137,39.77452],[-119.6434,39.77399],[-119.64183,39.77122],[-119.64317,39.76959],[-119.64262,39.76749],[-119.64552,39.76687],[-119.64631,39.76849],[-119.64494,39.77049],[-119.65094,39.77399],[-119.65144,39.77614],[-119.65108,39.77882],[-119.64739,39.77732],[-119.64574,39.77947],[-119.64562,39.78092],[-119.64503,39.78045]]]},"properties":{"IncidentName":"Ironwood","GISAcres":164.26773106042825,"FireCause":"Human","Year":2024}},{"type":"Feature","geometry":{"type":"Polygon","coordinates":[[[-119.67023,39.13721],[-119.67056,39.1382],[-119.67014,39.1387],[-119.67023,39.13721]]]},"properties":{"IncidentName":"Bunker","GISAcres":1.7739209571954668,"FireCause":"Human","Year":2024}},{"type":"Feature","geometry":{"type":"Polygon","coordinates":[[[-119.76549,39.45314],[-119.7668,39.45166],[-119.76807,39.45373],[-119.76723,39.45552],[-119.76575,39.45474],[-119.76549,39.45314]]]},"properties":{"IncidentName":"Offenhauser","GISAcres":14.137632252992905,"FireCause":"Human","Year":2024}},{"type":"Feature","geometry":{"type":"Polygon","coordinates":[[[-119.58278,39.24453],[-119.58415,39.2443],[-119.58399,39.24521],[-119.58284,39.24537],[-119.58278,39.24453]]]},"properties":{"IncidentName":"Dayton","GISAcres":3.421932389515271,"FireCause":"Human","Year":2024}},{"type":"Feature","geometry":{"type":"MultiPolygon","coordinates":[[[[-119.43228,39.58896],[-119.43228,39.58896],[-119.43229,39.58895],[-119.43228,39.58896]]],[[[-119.43191,39.58891],[-119.43228,39.58896],[-119.43182,39.58902],[-119.43191,39.58891]]]]},"properties":{"IncidentName":"Derby","GISAcres":0.06355710721982237,"FireCause":"Human","Year":2024}},{"type":"Feature","geometry":{"type":"Polygon","coordinates":[[[-119.80967,39.4641],[-119.80926,39.46366],[-119.80946,39.46255],[-119.80967,39.4641]]]},"properties":{"IncidentName":"Windy Hill","GISAcres":1.729919801247761,"FireCause":"Natural","Year":2024}},{"type":"Feature","geometry":{"type":"MultiPolygon","coordinates":[[[[-119.5752,39.22269],[-119.5752,39.22269],[-119.5752,39.22269],[-119.5752,39.22269]]],[[[-119.5752,39.22269],[-119.57521,39.22262],[-119.57535,39.22265],[-119.5752,39.22269]]],[[[-119.57484,39.22324],[-119.57493,39.22316],[-119.57495,39.22342],[-119.57484,39.22324]]]]},"properties":{"IncidentName":"Rodeo 2","GISAcres":0.08294041478923081,"FireCause":"Human","Year":2024}},{"type":"Feature","geometry":{"type":"Polygon","coordinates":[[[-119.90658,39.61743],[-119.90669,39.61751],[-119.90657,39.61749],[-119.90658,39.61743]],[[-119.90663,39.61747],[-119.90664,39.61746],[-119.90663,39.61746],[-119.90663,39.61747]]]},"properties":{"IncidentName":"Marmac","GISAcres":0.018906739166046155,"FireCause":"Human","Year":2024}},{"type":"Feature","geometry":{"type":"MultiPolygon","coordinates":[[[[-119.99381,39.48628],[-119.99421,39.48733],[-119.99333,39.48751],[-119.99295,39.48627],[-119.99381,39.48628]]],[[[-119.99381,39.48625],[-119.99385,39.48627],[-119.99381,39.48627],[-119.99381,39.48625]]]]},"properties":{"IncidentName":"State","GISAcres":2.98343660575636,"FireCause":"Human","Year":2024}},{"type":"Feature","geometry":{"type":"Polygon","coordinates":[[[-119.57549,39.71335],[-119.5755,39.71334],[-119.57549,39.71337],[-119.57549,39.71335]]]},"properties":{"IncidentName":"Chancy","GISAcres":0.00025987381922334464,"FireCause":"Natural","Year":2024}},{"type":"Feature","geometry":{"type":"MultiPolygon","coordinates":[[[[-119.88495,39.58629],[-119.88495,39.58629],[-119.88495,39.58629],[-119.88495,39.58629]]],[[[-119.88526,39.58604],[-119.88495,39.58629],[-119.88509,39.58605],[-119.88526,39.58604]]],[[[-119.88541,39.58551],[-119.88443,39.5863],[-119.88446,39.58582],[-119.88541,39.58551]]],[[[-119.88459,39.58639],[-119.88459,39.58642],[-119.8846,39.58642],[-119.88459,39.58639]]]]},"properties":{"IncidentName":"Pond","GISAcres":0.6508965734189227,"FireCause":"Human","Year":2024}},{"type":"Feature","geometry":{"type":"Polygon","coordinates":[[[-120.02444,39.58555],[-120.02388,39.58546],[-120.02432,39.58518],[-120.02444,39.58555]]]},"properties":{"IncidentName":"Dawg","GISAcres":0.5917593935313301,"FireCause":"Natural","Year":2024}},{"type":"Feature","geometry":{"type":"Polygon","coordinates":[[[-119.85817,39.36494],[-119.85796,39.36485],[-119.85817,39.36483],[-119.85817,39.36494]]]},"properties":{"IncidentName":"Creek","GISAcres":0.06937332899792846,"FireCause":"Human","Year":2024}},{"type":"Feature","geometry":{"type":"Polygon","coordinates":[[[-119.7069,38.97035],[-119.70678,38.97128],[-119.70626,38.97157],[-119.7069,38.97035]]]},"properties":{"IncidentName":"East Valley 2","GISAcres":0.8903642510009722,"FireCause":"Natural","Year":2024}},{"type":"Feature","geometry":{"type":"Polygon","coordinates":[[[-119.76107,39.60763],[-119.76142,39.60742],[-119.76155,39.60767],[-119.76107,39.60763]]]},"properties":{"IncidentName":"Klondike","GISAcres":0.2639440111735657,"FireCause":"Human","Year":2024}},{"type":"Feature","geometry":{"type":"MultiPolygon","coordinates":[[[[-119.99414,39.48847],[-119.99735,39.49585],[-119.99813,39.49994],[-119.99757,39.5047],[-119.99634,39.49864],[-119.99492,39.49705],[-119.9956,39.49523],[-119.99403,39.49197],[-119.99356,39.48897],[-119.99414,39.48847]]],[[[-119.9889,39.5126],[-119.98806,39.5122],[-119.9889,39.51153],[-119.98819,39.51012],[-119.9906,39.5077],[-119.99007,39.50513],[-119.98603,39.50305],[-119.98512,39.50536],[-119.98187,39.50775],[-119.9809,39.50761],[-119.9808,39.50365],[-119.97968,39.50296],[-119.98031,39.5025],[-119.98086,39.50323],[-119.98148,39.50126],[-119.98384,39.50333],[-119.98289,39.50163],[-119.98492,39.50125],[-119.98224,39.49968],[-119.9842,39.49807],[-119.98149,39.49868],[-119.98202,39.49812],[-119.98047,39.4978],[-119.98164,39.49733],[-119.98057,39.49764],[-119.97963,39.49639],[-119.97819,39.49609],[-119.97777,39.4942],[-119.98108,39.49121],[-119.98017,39.48936],[-119.98176,39.48771],[-119.98493,39.48704],[-119.98813,39.48742],[-119.98848,39.48655],[-119.99011,39.48814],[-119.98914,39.48961],[-119.98958,39.4955],[-119.9922,39.49407],[-119.99193,39.49096],[-119.99315,39.49104],[-119.99176,39.4892],[-119.99289,39.48909],[-119.99506,39.49588],[-119.99412,39.49819],[-119.99592,39.50091],[-119.99667,39.50465],[-119.99495,39.50617],[-119.99503,39.50708],[-119.99431,39.50558],[-119.99381,39.50772],[-119.99279,39.50774],[-119.99077,39.51163],[-119.9889,39.5126]]],[[[-119.99379,39.50096],[-119.9935,39.49978],[-119.9924,39.50122],[-119.99048,39.50192],[-119.99106,39.5026],[-119.99057,39.50319],[-119.99397,39.50322],[-119.99379,39.50096]]]]},"properties":{"IncidentName":"Gold Ranch","GISAcres":625.0802992545817,"FireCause":"Human","Year":2024}},{"type":"Feature","geometry":{"type":"Polygon","coordinates":[[[-119.66942,39.59496],[-119.66918,39.5952],[-119.66889,39.59495],[-119.66942,39.59496]]]},"properties":{"IncidentName":"Balllpark","GISAcres":0.29368170471401034,"FireCause":"Human","Year":2024}},{"type":"Feature","geometry":{"type":"Polygon","coordinates":[[[-119.1799,38.89042],[-119.17996,38.89149],[-119.17776,38.89107],[-119.1799,38.89042]]]},"properties":{"IncidentName":"Nordyke 2","GISAcres":4.00646381224119,"FireCause":"Human","Year":2024}},{"type":"Feature","geometry":{"type":"Polygon","coordinates":[[[-119.74795,39.6445],[-119.75143,39.64497],[-119.75099,39.64571],[-119.74879,39.64549],[-119.74795,39.6445]]]},"properties":{"IncidentName":"School","GISAcres":5.259081116445672,"FireCause":"Undetermined","Year":2024}},{"type":"Feature","geometry":{"type":"Polygon","coordinates":[[[-119.86694,39.32041],[-119.86765,39.32457],[-119.86595,39.32454],[-119.86821,39.32538],[-119.86818,39.32681],[-119.86906,39.32751],[-119.86724,39.32979],[-119.86557,39.33017],[-119.86588,39.33083],[-119.86106,39.33342],[-119.86221,39.33516],[-119.86225,39.33686],[-119.86037,39.33721],[-119.86003,39.33923],[-119.85805,39.33893],[-119.85732,39.34138],[-119.85493,39.34275],[-119.85507,39.34408],[-119.85579,39.34419],[-119.85534,39.34652],[-119.85454,39.34678],[-119.85293,39.35151],[-119.85196,39.35159],[-119.85237,39.35096],[-119.85144,39.34953],[-119.84876,39.34767],[-119.84784,39.34309],[-119.84469,39.34475],[-119.8357,39.34625],[-119.83509,39.34543],[-119.8366,39.34435],[-119.83378,39.34352],[-119.83183,39.34089],[-119.83052,39.34046],[-119.83078,39.33766],[-119.82908,39.33588],[-119.8286,39.33364],[-119.82763,39.33332],[-119.82674,39.33398],[-119.82634,39.33615],[-119.82269,39.3362],[-119.82192,39.33896],[-119.82005,39.33864],[-119.81969,39.33983],[-119.82064,39.34037],[-119.81736,39.34184],[-119.81729,39.3429],[-119.81257,39.34388],[-119.81131,39.34555],[-119.81029,39.34437],[-119.80784,39.34607],[-119.80777,39.35146],[-119.80295,39.35292],[-119.80303,39.35424],[-119.80713,39.36065],[-119.80413,39.36349],[-119.79918,39.36338],[-119.79866,39.3648],[-119.7978,39.36448],[-119.79671,39.36618],[-119.79649,39.36493],[-119.79552,39.36635],[-119.79457,39.36504],[-119.79362,39.36538],[-119.79236,39.36702],[-119.79145,39.37066],[-119.79077,39.36979],[-119.79132,39.36851],[-119.7882,39.3696],[-119.78902,39.368],[-119.78837,39.36589],[-119.78959,39.36336],[-119.78787,39.36313],[-119.7877,39.36373],[-119.78588,39.36215],[-119.78307,39.36292],[-119.78477,39.36105],[-119.78461,39.35873],[-119.78739,39.35663],[-119.79085,39.35102],[-119.79137,39.34913],[-119.78901,39.34898],[-119.78954,39.34773],[-119.79583,39.34608],[-119.79609,39.34457],[-119.80006,39.34252],[-119.79966,39.34171],[-119.79781,39.34148],[-119.7972,39.33975],[-119.79394,39.33977],[-119.79841,39.33935],[-119.79847,39.33707],[-119.80104,39.33713],[-119.80156,39.3378],[-119.80324,39.33591],[-119.80426,39.33619],[-119.8043,39.33476],[-119.80534,39.33431],[-119.80529,39.33263],[-119.80794,39.33212],[-119.80804,39.32861],[-119.80945,39.3282],[-119.81098,39.32931],[-119.81214,39.32864],[-119.81429,39.32607],[-119.81387,39.32481],[-119.81452,39.32354],[-119.81979,39.31681],[-119.81827,39.31518],[-119.81548,39.31486],[-119.81561,39.31656],[-119.81008,39.31783],[-119.8077,39.32286],[-119.80597,39.32431],[-119.80065,39.32458],[-119.79866,39.32743],[-119.79903,39.32344],[-119.79826,39.32227],[-119.79962,39.32042],[-119.8011,39.32007],[-119.79982,39.31932],[-119.80078,39.31844],[-119.80078,39.31296],[-119.79956,39.31369],[-119.79897,39.31165],[-119.80089,39.3108],[-119.80104,39.30991],[-119.80181,39.31004],[-119.80199,39.31209],[-119.81354,39.30444],[-119.82292,39.30181],[-119.82471,39.30179],[-119.82759,39.30392],[-119.82953,39.30243],[-119.83332,39.3039],[-119.83346,39.30567],[-119.8319,39.30663],[-119.83258,39.30754],[-119.83183,39.30789],[-119.83175,39.30922],[-119.83829,39.31535],[-119.8422,39.31498],[-119.84319,39.31338],[-119.84651,39.31309],[-119.85052,39.31465],[-119.85114,39.31405],[-119.85353,39.31422],[-119.85627,39.31525],[-119.85632,39.31634],[-119.85825,39.31796],[-119.8592,39.31762],[-119.86008,39.31856],[-119.86392,39.31757],[-119.86694,39.32041]]]},"properties":{"IncidentName":"Davis","GISAcres":5496.313475676783,"FireCause":"Undetermined","Year":2024}},{"type":"Feature","geometry":{"type":"Polygon","coordinates":[[[-119.76534,39.2297],[-119.76543,39.22968],[-119.76539,39.22973],[-119.76534,39.2297]]]},"properties":{"IncidentName":"Eastlake","GISAcres":0.009791264360244214,"FireCause":"Natural","Year":2024}},{"type":"Feature","geometry":{"type":"Polygon","coordinates":[[[-119.25144,39.31485],[-119.25155,39.31458],[-119.25169,39.31467],[-119.25144,39.31485]]]},"properties":{"IncidentName":"Cougar","GISAcres":0.12948909763743377,"FireCause":"Human","Year":2024}},{"type":"Feature","geometry":{"type":"Polygon","coordinates":[[[-119.42205,39.58948],[-119.42174,39.58942],[-119.42188,39.58936],[-119.42205,39.58948]]]},"properties":{"IncidentName":"Railroad 2","GISAcres":0.07630048261603697,"FireCause":"Human","Year":2024}},{"type":"Feature","geometry":{"type":"Polygon","coordinates":[[[-119.54261,39.77351],[-119.54218,39.77366],[-119.54214,39.77319],[-119.54261,39.77351]]]},"properties":{"IncidentName":"Right Hand","GISAcres":0.5037138392605977,"FireCause":"Human","Year":2024}},{"type":"Feature","geometry":{"type":"Polygon","coordinates":[[[-119.66395,39.58856],[-119.66303,39.58896],[-119.66288,39.58799],[-119.66395,39.58856]]]},"properties":{"IncidentName":"Double Play","GISAcres":1.354215477950812,"FireCause":"Human","Year":2024}},{"type":"Feature","geometry":{"type":"Polygon","coordinates":[[[-119.82002,39.09149],[-119.82272,39.09091],[-119.82211,39.09171],[-119.82002,39.09149]]]},"properties":{"IncidentName":"Alpine 2","GISAcres":2.9901049533220303,"FireCause":"Undetermined","Year":2024}},{"type":"Feature","geometry":{"type":"MultiPolygon","coordinates":[[[[-119.80522,39.35681],[-119.80566,39.35673],[-119.80536,39.35699],[-119.80522,39.35681]]],[[[-119.81085,39.35809],[-119.81006,39.35681],[-119.80678,39.35577],[-119.80775,39.35526],[-119.80622,39.35384],[-119.80521,39.35401],[-119.80519,39.35268],[-119.80777,39.35154],[-119.809,39.35393],[-119.80867,39.3551],[-119.81171,39.35761],[-119.81085,39.35809]]],[[[-119.81049,39.36623],[-119.80931,39.36546],[-119.80826,39.36619],[-119.80808,39.36186],[-119.80751,39.36185],[-119.8063,39.35766],[-119.80855,39.36088],[-119.81143,39.3626],[-119.81083,39.36315],[-119.80817,39.36197],[-119.80921,39.36307],[-119.80883,39.36359],[-119.8115,39.36563],[-119.81049,39.36623]]]]},"properties":{"IncidentName":"Callahan Ranch","GISAcres":59.38606177650455,"FireCause":"Undetermined","Year":2024}},{"type":"Feature","geometry":{"type":"Polygon","coordinates":[[[-120.02378,39.60898],[-120.02315,39.60898],[-120.02463,39.60833],[-120.02378,39.60898]]]},"properties":{"IncidentName":"Mitchell","GISAcres":1.1223664274658351,"FireCause":"Human","Year":2024}},{"type":"Feature","geometry":{"type":"Polygon","coordinates":[[[-119.66155,38.90723],[-119.66116,38.9073],[-119.66142,38.90704],[-119.66155,38.90723]]]},"properties":{"IncidentName":"Pinenut","GISAcres":0.14850772440654084,"FireCause":"Human","Year":2024}},{"type":"Feature","geometry":{"type":"Polygon","coordinates":[[[-119.65977,39.57284],[-119.65888,39.57435],[-119.65814,39.57347],[-119.65529,39.5735],[-119.65626,39.57225],[-119.65823,39.57179],[-119.65977,39.57284]]]},"properties":{"IncidentName":"Homerun","GISAcres":14.511682211742842,"FireCause":"Human","Year":2024}},{"type":"Feature","geometry":{"type":"Polygon","coordinates":[[[-119.31412,39.29322],[-119.31427,39.29323],[-119.3143,39.2934],[-119.31412,39.29322]]]},"properties":{"IncidentName":"Fort Churchill ","GISAcres":0.03775406731621099,"FireCause":"Human","Year":2024}},{"type":"Feature","geometry":{"type":"MultiPolygon","coordinates":[[[[-119.6625,39.58469],[-119.66328,39.58324],[-119.66435,39.58406],[-119.66495,39.58869],[-119.66372,39.58864],[-119.66395,39.58674],[-119.66235,39.58579],[-119.6625,39.58469]]],[[[-119.66499,39.58827],[-119.66572,39.58787],[-119.66565,39.58858],[-119.66499,39.58827]]]]},"properties":{"IncidentName":"Triple Play","GISAcres":16.24860577823449,"FireCause":"Human","Year":2024}},{"type":"Feature","geometry":{"type":"Polygon","coordinates":[[[-119.05144,39.04358],[-119.05212,39.04421],[-119.0515,39.04517],[-119.05144,39.04358]]]},"properties":{"IncidentName":"Bybee","GISAcres":1.6945357706246351,"FireCause":"Human","Year":2024}},{"type":"Feature","geometry":{"type":"Polygon","coordinates":[[[-119.66575,39.58904],[-119.66639,39.58917],[-119.66582,39.58929],[-119.66575,39.58904]]]},"properties":{"IncidentName":"Pah Rah","GISAcres":0.17822481965272602,"FireCause":"Human","Year":2024}},{"type":"Feature","geometry":{"type":"Polygon","coordinates":[[[-119.61908,39.52747],[-119.61902,39.52736],[-119.61926,39.52722],[-119.61908,39.52747]]]},"properties":{"IncidentName":"Frontage","GISAcres":0.0801006001162719,"FireCause":"Human","Year":2024}},{"type":"Feature","geometry":{"type":"Polygon","coordinates":[[[-119.49036,38.99901],[-119.48914,38.99987],[-119.48836,38.99812],[-119.49058,38.99832],[-119.49036,38.99901]]]},"properties":{"IncidentName":"Sunrise","GISAcres":5.286035882506928,"FireCause":"Natural","Year":2024}},{"type":"Feature","geometry":{"type":"Polygon","coordinates":[[[-119.34318,39.76818],[-119.33722,39.7564],[-119.33898,39.75436],[-119.33675,39.75286],[-119.33454,39.7498],[-119.33476,39.74827],[-119.33576,39.74748],[-119.33515,39.74554],[-119.33598,39.74407],[-119.33829,39.74406],[-119.34258,39.74644],[-119.34292,39.75041],[-119.34517,39.75457],[-119.34482,39.75722],[-119.3429,39.76125],[-119.34136,39.76272],[-119.34318,39.76818]]]},"properties":{"IncidentName":"447","GISAcres":285.88856284977334,"FireCause":"Human","Year":2024}},{"type":"Feature","geometry":{"type":"Polygon","coordinates":[[[-119.45436,39.84687],[-119.4548,39.84665],[-119.4551,39.84705],[-119.45436,39.84687]]]},"properties":{"IncidentName":"Popcorn Rock","GISAcres":0.9171880180852414,"FireCause":"Human","Year":2024}},{"type":"Feature","geometry":{"type":"Polygon","coordinates":[[[-119.30914,39.61345],[-119.30914,39.61328],[-119.30946,39.61337],[-119.30914,39.61345]]]},"properties":{"IncidentName":"Field","GISAcres":0.07588539898642695,"FireCause":"Human","Year":2024}},{"type":"Feature","geometry":{"type":"Polygon","coordinates":[[[-119.67133,40.04567],[-119.66883,40.04499],[-119.66988,40.04478],[-119.6705,40.04549],[-119.67124,40.04496],[-119.67133,40.04567]],[[-119.67071,40.04518],[-119.6707,40.04523],[-119.67072,40.04521],[-119.67071,40.04518]]]},"properties":{"IncidentName":"Warrior Point","GISAcres":3.5837134202821894,"FireCause":"Human","Year":2024}},{"type":"Feature","geometry":{"type":"Polygon","coordinates":[[[-119.75634,39.87635],[-119.75492,39.87517],[-119.75644,39.87503],[-119.75708,39.87605],[-119.75793,39.87534],[-119.75819,39.87601],[-119.75739,39.87587],[-119.75832,39.87672],[-119.75688,39.87634],[-119.75756,39.87684],[-119.75685,39.87723],[-119.75634,39.87635]]]},"properties":{"IncidentName":"Winnemucca Ranch","GISAcres":6.780521394645188,"FireCause":"Natural","Year":2024}},{"type":"Feature","geometry":{"type":"Polygon","coordinates":[[[-119.61665,39.86254],[-119.6153,39.86213],[-119.61599,39.86158],[-119.61556,39.86077],[-119.61665,39.86254]]]},"properties":{"IncidentName":"Silver","GISAcres":1.997032765773578,"FireCause":"Human","Year":2024}},{"type":"Feature","geometry":{"type":"Polygon","coordinates":[[[-119.54038,39.91303],[-119.54043,39.91316],[-119.54024,39.91308],[-119.54038,39.91303]]]},"properties":{"IncidentName":"Rock","GISAcres":0.044167814035627084,"FireCause":"Human","Year":2024}},{"type":"Feature","geometry":{"type":"MultiPolygon","coordinates":[[[[-120.00146,39.90656],[-120.00147,39.90657],[-120.00147,39.90657],[-120.00146,39.90656]]],[[[-120.00123,39.9065],[-120.00167,39.90673],[-120.00124,39.90685],[-120.00123,39.9065]]]]},"properties":{"IncidentName":"Red Rock","GISAcres":0.2599085119275453,"FireCause":"Human","Year":2024}},{"type":"Feature","geometry":{"type":"MultiPolygon","coordinates":[[[[-119.30187,39.70414],[-119.30157,39.70305],[-119.30306,39.70356],[-119.30188,39.70412],[-119.30571,39.70408],[-119.30187,39.70414]]],[[[-119.30497,39.70297],[-119.30414,39.70303],[-119.30157,39.70305],[-119.30497,39.70297]]],[[[-119.30156,39.70305],[-119.30157,39.70305],[-119.30157,39.70305],[-119.30156,39.70305]]],[[[-119.30537,39.70323],[-119.30527,39.70372],[-119.30362,39.70356],[-119.30537,39.70323]]],[[[-119.3036,39.70356],[-119.30359,39.70356],[-119.30356,39.70356],[-119.3036,39.70356]]],[[[-119.30346,39.70356],[-119.30338,39.70356],[-119.30335,39.70356],[-119.30346,39.70356]]],[[[-119.30355,39.70356],[-119.30356,39.70356],[-119.3035,39.70356],[-119.30355,39.70356]]],[[[-119.30335,39.70356],[-119.30335,39.70356],[-119.3033,39.70356],[-119.30335,39.70356]]],[[[-119.3033,39.70356],[-119.3033,39.70356],[-119.30329,39.70356],[-119.3033,39.70356]]],[[[-119.30329,39.70356],[-119.30327,39.70356],[-119.30327,39.70356],[-119.30329,39.70356]]],[[[-119.30311,39.70356],[-119.30315,39.70356],[-119.30309,39.70356],[-119.30311,39.70356]]],[[[-119.30327,39.70356],[-119.30315,39.70356],[-119.30318,39.70356],[-119.30327,39.70356]]],[[[-119.30309,39.70356],[-119.30307,39.70356],[-119.30306,39.70356],[-119.30309,39.70356]]]]},"properties":{"IncidentName":"Chicken Ranch","GISAcres":1.4194053705684901,"FireCause":"Human","Year":2024}},{"type":"Feature","geometry":{"type":"MultiPolygon","coordinates":[[[[-119.97709,39.73478],[-119.97709,39.73478],[-119.97708,39.73481],[-119.97709,39.73478]]],[[[-119.97471,39.73595],[-119.97471,39.73596],[-119.9747,39.73596],[-119.97471,39.73595]]],[[[-119.97471,39.73596],[-119.97471,39.73596],[-119.97471,39.73597],[-119.97471,39.73596]]],[[[-119.97709,39.73478],[-119.97507,39.7336],[-119.97289,39.73475],[-119.97502,39.73462],[-119.97651,39.73588],[-119.97805,39.73552],[-119.97842,39.73604],[-119.97702,39.7366],[-119.97529,39.73566],[-119.97477,39.73673],[-119.97471,39.73585],[-119.97314,39.73622],[-119.97221,39.73554],[-119.97157,39.73608],[-119.97231,39.73674],[-119.97076,39.73574],[-119.96946,39.73639],[-119.97018,39.73515],[-119.97364,39.73353],[-119.97394,39.73182],[-119.9797,39.73326],[-119.98006,39.73455],[-119.97888,39.73542],[-119.97709,39.73478]]]]},"properties":{"IncidentName":"Petersons","GISAcres":52.0025775159808,"FireCause":"Human","Year":2024}},{"type":"Feature","geometry":{"type":"Polygon","coordinates":[[[-119.96101,39.72924],[-119.96101,39.72896],[-119.96203,39.72895],[-119.96101,39.72924]]]},"properties":{"IncidentName":"Patterson","GISAcres":0.7458111746779528,"FireCause":"Natural","Year":2024}},{"type":"Feature","geometry":{"type":"Polygon","coordinates":[[[-120.02779,39.8086],[-120.03303,39.80956],[-120.03303,39.81026],[-120.03033,39.81036],[-120.02991,39.80955],[-120.0259,39.81054],[-120.02518,39.81018],[-120.02606,39.80968],[-120.02523,39.8095],[-120.02744,39.80962],[-120.02516,39.80932],[-120.02779,39.8086]]]},"properties":{"IncidentName":"Ranch","GISAcres":19.747480397494794,"FireCause":"Human","Year":2024}},{"type":"Feature","geometry":{"type":"Polygon","coordinates":[[[-119.71563,39.72105],[-119.71594,39.72142],[-119.71538,39.72202],[-119.71563,39.72105]]]},"properties":{"IncidentName":"Hungry","GISAcres":0.9191436393884088,"FireCause":"Natural","Year":2024}},{"type":"Feature","geometry":{"type":"MultiPolygon","coordinates":[[[[-119.54141,39.91382],[-119.54143,39.91385],[-119.5414,39.91386],[-119.54141,39.91382]]],[[[-119.5414,39.91386],[-119.54156,39.914],[-119.54143,39.91398],[-119.5414,39.91386]]]]},"properties":{"IncidentName":"Bay","GISAcres":0.03439558302459203,"FireCause":"Human","Year":2024}},{"type":"Feature","geometry":{"type":"MultiPolygon","coordinates":[[[[-119.60264,39.95648],[-119.60265,39.95649],[-119.60263,39.9565],[-119.60264,39.95648]]],[[[-119.60268,39.95648],[-119.60268,39.95654],[-119.60265,39.95649],[-119.60268,39.95648]]]]},"properties":{"IncidentName":"Barbed","GISAcres":0.0032566807672987507,"FireCause":"Human","Year":2024}},{"type":"Feature","geometry":{"type":"MultiPolygon","coordinates":[[[[-119.59604,39.95197],[-119.59604,39.95194],[-119.59604,39.95197],[-119.59604,39.95197]]],[[[-119.59611,39.95196],[-119.59617,39.95203],[-119.59599,39.95208],[-119.59611,39.95196]]]]},"properties":{"IncidentName":"Marina","GISAcres":0.035447687533324675,"FireCause":"Human","Year":2024}},{"type":"Feature","geometry":{"type":"Polygon","coordinates":[[[-119.20305,38.95207],[-119.20289,38.9521],[-119.20294,38.95205],[-119.20305,38.95207]]]},"properties":{"IncidentName":"McConnell","GISAcres":0.012410502742343432,"FireCause":"Human","Year":2024}},{"type":"Feature","geometry":{"type":"MultiPolygon","coordinates":[[[[-119.75756,39.57948],[-119.75768,39.57947],[-119.75764,39.57952],[-119.75756,39.57948]]],[[[-119.75757,39.57953],[-119.75759,39.57952],[-119.75758,39.57954],[-119.75757,39.57953]]],[[[-119.75751,39.57955],[-119.75751,39.57954],[-119.75752,39.57955],[-119.75751,39.57955]]]]},"properties":{"IncidentName":"Stockade","GISAcres":0.01842181602819498,"FireCause":"Human","Year":2024}},{"type":"Feature","geometry":{"type":"Polygon","coordinates":[[[-119.95744,39.70834],[-119.95705,39.70829],[-119.95728,39.70812],[-119.95744,39.70834]]]},"properties":{"IncidentName":"Columbia","GISAcres":0.1595849790378591,"FireCause":"Human","Year":2024}},{"type":"Feature","geometry":{"type":"MultiPolygon","coordinates":[[[[-119.46438,38.90779],[-119.46412,38.90652],[-119.46522,38.90584],[-119.46657,38.90886],[-119.46438,38.90779]]],[[[-119.46654,38.90866],[-119.4665,38.90868],[-119.46651,38.90866],[-119.46654,38.90866]]]]},"properties":{"IncidentName":"Siegal","GISAcres":9.07397470416455,"FireCause":"Natural","Year":2024}},{"type":"Feature","geometry":{"type":"MultiPolygon","coordinates":[[[[-119.51286,38.97816],[-119.51287,38.97823],[-119.51267,38.9782],[-119.51286,38.97816]]],[[[-119.51235,38.97818],[-119.51145,38.97881],[-119.51099,38.97865],[-119.51235,38.97818]]],[[[-119.51264,38.97819],[-119.51267,38.9782],[-119.51264,38.97821],[-119.51264,38.97819]]]]},"properties":{"IncidentName":"Smith","GISAcres":0.8738972179922445,"FireCause":"Natural","Year":2024}},{"type":"Feature","geometry":{"type":"Polygon","coordinates":[[[-119.63834,39.99237],[-119.63973,39.99257],[-119.63852,39.99288],[-119.63834,39.99237]]]},"properties":{"IncidentName":"Windless","GISAcres":1.1905306161205016,"FireCause":"Human","Year":2024}},{"type":"Feature","geometry":{"type":"Polygon","coordinates":[[[-119.48725,39.56346],[-119.48733,39.56329],[-119.48762,39.56318],[-119.48725,39.56346]]]},"properties":{"IncidentName":"Truckee River","GISAcres":0.09486982981001324,"FireCause":"Undetermined","Year":2025}},{"type":"Feature","geometry":{"type":"Polygon","coordinates":[[[-119.79211,39.56662],[-119.79143,39.56717],[-119.79073,39.56648],[-119.79141,39.566],[-119.79211,39.56662]]]},"properties":{"IncidentName":"Scottsdale","GISAcres":2.64,"FireCause":"Human","Year":2025}},{"type":"Feature","geometry":{"type":"Polygon","coordinates":[[[-119.67916,39.78721],[-119.67804,39.78771],[-119.67913,39.78691],[-119.67916,39.78721]]]},"properties":{"IncidentName":"Ironwood","GISAcres":0.9147503813720187,"FireCause":"Human","Year":2025}},{"type":"Feature","geometry":{"type":"MultiPolygon","coordinates":[[[[-119.30933,39.61017],[-119.30753,39.61053],[-119.30706,39.60946],[-119.31394,39.60713],[-119.31067,39.61025],[-119.30933,39.61017]]],[[[-119.31167,39.61149],[-119.31039,39.6113],[-119.31229,39.60934],[-119.31167,39.61149]]]]},"properties":{"IncidentName":"Oling ","GISAcres":22.41061,"FireCause":"Human","Year":2025}},{"type":"Feature","geometry":{"type":"Polygon","coordinates":[[[-119.20632,39.47539],[-119.20601,39.47454],[-119.20617,39.47447],[-119.20632,39.47539]]]},"properties":{"IncidentName":"Damon","GISAcres":0.31,"FireCause":"Human","Year":2025}},{"type":"Feature","geometry":{"type":"Polygon","coordinates":[[[-119.7564,39.62204],[-119.75245,39.6233],[-119.75201,39.62263],[-119.74809,39.62218],[-119.74885,39.6214],[-119.74763,39.62121],[-119.746,39.62252],[-119.73952,39.6233],[-119.73773,39.62267],[-119.73834,39.62231],[-119.73783,39.62148],[-119.73608,39.62116],[-119.74307,39.62102],[-119.74693,39.61824],[-119.75409,39.62011],[-119.7564,39.62204]]]},"properties":{"IncidentName":"Marie","GISAcres":114.95,"FireCause":"Human","Year":2025}},{"type":"Feature","geometry":{"type":"MultiPolygon","coordinates":[[[[-119.75153,39.33237],[-119.75003,39.3323],[-119.74957,39.32991],[-119.75091,39.33145],[-119.75172,39.3308],[-119.75153,39.33237]]],[[[-119.74958,39.32985],[-119.74959,39.32987],[-119.74957,39.3299],[-119.74958,39.32985]]],[[[-119.74958,39.32985],[-119.74954,39.32979],[-119.74957,39.32981],[-119.74958,39.32985]]],[[[-119.74968,39.33155],[-119.74968,39.33156],[-119.74967,39.33159],[-119.74968,39.33155]]],[[[-119.74944,39.33136],[-119.74942,39.3314],[-119.74943,39.33137],[-119.74944,39.33136]]],[[[-119.74957,39.32991],[-119.74956,39.3299],[-119.74957,39.3299],[-119.74957,39.32991]]]]},"properties":{"IncidentName":"Skinner","GISAcres":6.13,"FireCause":"Human","Year":2025}},{"type":"Feature","geometry":{"type":"Polygon","coordinates":[[[-119.7512,39.4523],[-119.75225,39.4566],[-119.75407,39.45603],[-119.75515,39.4567],[-119.75495,39.45573],[-119.75612,39.4564],[-119.75611,39.45719],[-119.7591,39.45673],[-119.76161,39.45976],[-119.76193,39.46132],[-119.76135,39.46146],[-119.7632,39.4635],[-119.7594,39.46784],[-119.75855,39.46752],[-119.75881,39.46613],[-119.758,39.46531],[-119.7549,39.46552],[-119.75049,39.46355],[-119.74945,39.46438],[-119.74865,39.46402],[-119.74973,39.45985],[-119.7475,39.459],[-119.74717,39.45701],[-119.74851,39.4559],[-119.74983,39.45626],[-119.74971,39.4553],[-119.74786,39.45527],[-119.74929,39.4535],[-119.74805,39.45357],[-119.7512,39.4523]]]},"properties":{"IncidentName":"Barron","GISAcres":290.39,"FireCause":"Human","Year":2025}},{"type":"Feature","geometry":{"type":"Polygon","coordinates":[[[-119.40961,39.59152],[-119.40944,39.59139],[-119.41051,39.59153],[-119.40961,39.59152]]]},"properties":{"IncidentName":"Derby","GISAcres":0.22,"FireCause":"Human","Year":2025}},{"type":"Feature","geometry":{"type":"Polygon","coordinates":[[[-119.78468,39.1544],[-119.78653,39.15034],[-119.78782,39.14962],[-119.78946,39.15107],[-119.78988,39.15227],[-119.78927,39.15342],[-119.79124,39.15655],[-119.78968,39.15681],[-119.78824,39.15876],[-119.78611,39.15586],[-119.78437,39.15505],[-119.78468,39.1544]]]},"properties":{"IncidentName":"C Hill","GISAcres":77.12,"FireCause":"Human","Year":2025}},{"type":"Feature","geometry":{"type":"Polygon","coordinates":[[[-119.3099,39.61093],[-119.31018,39.61085],[-119.31002,39.61107],[-119.3099,39.61093]]]},"properties":{"IncidentName":"Wadsworth","GISAcres":0.14,"FireCause":"Human","Year":2025}},{"type":"Feature","geometry":{"type":"MultiPolygon","coordinates":[[[[-120.00708,39.51937],[-120.00678,39.51916],[-120.00715,39.51912],[-120.00708,39.51937]]],[[[-120.0067,39.51932],[-120.00672,39.51931],[-120.00671,39.51934],[-120.0067,39.51932]]],[[[-120.00663,39.51926],[-120.00669,39.5195],[-120.00655,39.51942],[-120.00663,39.51926]]]]},"properties":{"IncidentName":"Kimber Fire","GISAcres":0.33951137346747395,"FireCause":"Human","Year":2025}},{"type":"Feature","geometry":{"type":"Polygon","coordinates":[[[-119.61711,39.76275],[-119.61681,39.7605],[-119.61742,39.76028],[-119.6225,39.76032],[-119.62412,39.76256],[-119.62229,39.76361],[-119.61711,39.76275]]]},"properties":{"IncidentName":"Ironwood 2","GISAcres":44.4,"FireCause":"Human","Year":2025}},{"type":"Feature","geometry":{"type":"Polygon","coordinates":[[[-119.67837,39.78768],[-119.67872,39.78812],[-119.67762,39.78805],[-119.67837,39.78768]]]},"properties":{"IncidentName":"Moses Rock","GISAcres":0.81,"FireCause":"Human","Year":2025}},{"type":"Feature","geometry":{"type":"Polygon","coordinates":[[[-119.9457,39.68735],[-119.9411,39.68709],[-119.94486,39.68676],[-119.9457,39.68735]]]},"properties":{"IncidentName":"Ridge","GISAcres":4.66,"FireCause":"Human","Year":2025}},{"type":"Feature","geometry":{"type":"Polygon","coordinates":[[[-119.96052,39.70963],[-119.96,39.70984],[-119.95965,39.7097],[-119.96052,39.70963]]]},"properties":{"IncidentName":"Mud Springs","GISAcres":0.28,"FireCause":"Human","Year":2025}},{"type":"Feature","geometry":{"type":"Polygon","coordinates":[[[-119.94975,39.63403],[-119.95091,39.63536],[-119.95031,39.6363],[-119.95281,39.63886],[-119.95228,39.6394],[-119.95012,39.63887],[-119.94106,39.63377],[-119.93946,39.63142],[-119.94016,39.63049],[-119.94024,39.63117],[-119.9405,39.63058],[-119.94384,39.63072],[-119.94822,39.6324],[-119.94975,39.63403]]]},"properties":{"IncidentName":"Peavine","GISAcres":119.24,"FireCause":"Human","Year":2025}},{"type":"Feature","geometry":{"type":"Polygon","coordinates":[[[-119.61636,39.63982],[-119.61661,39.63968],[-119.61656,39.63995],[-119.61636,39.63982]]]},"properties":{"IncidentName":"Walrus","GISAcres":0.12,"FireCause":"Natural","Year":2025}},{"type":"Feature","geometry":{"type":"MultiPolygon","coordinates":[[[[-119.78715,39.63114],[-119.78715,39.63114],[-119.78714,39.63115],[-119.78715,39.63114]]],[[[-119.78731,39.63085],[-119.78803,39.63171],[-119.78714,39.63222],[-119.78731,39.63085]]]]},"properties":{"IncidentName":"Chimney 2","GISAcres":2.24,"FireCause":"Human","Year":2025}},{"type":"Feature","geometry":{"type":"Polygon","coordinates":[[[-119.97592,39.58336],[-119.97608,39.58257],[-119.97703,39.58253],[-119.97682,39.58378],[-119.97592,39.58336]]]},"properties":{"IncidentName":"Chrystal","GISAcres":2.21,"FireCause":"Human","Year":2025}},{"type":"Feature","geometry":{"type":"Polygon","coordinates":[[[-119.68672,38.85414],[-119.68675,38.85406],[-119.68681,38.85413],[-119.68672,38.85414]]]},"properties":{"IncidentName":"China Springs","GISAcres":0.01,"FireCause":"Natural","Year":2025}},{"type":"Feature","geometry":{"type":"Polygon","coordinates":[[[-119.76928,39.85247],[-119.76946,39.85233],[-119.76934,39.85261],[-119.76928,39.85247]]]},"properties":{"IncidentName":"Moon 2","GISAcres":0.1,"FireCause":"Natural","Year":2025}},{"type":"Feature","geometry":{"type":"Polygon","coordinates":[[[-119.78364,39.62452],[-119.78359,39.62442],[-119.78369,39.62449],[-119.78364,39.62452]]]},"properties":{"IncidentName":"Chimney","GISAcres":0.02,"FireCause":"Human","Year":2025}},{"type":"Feature","geometry":{"type":"Polygon","coordinates":[[[-119.6646,39.58856],[-119.66548,39.58865],[-119.66334,39.58967],[-119.66364,39.58773],[-119.6646,39.58856]]]},"properties":{"IncidentName":"Golden Eagle","GISAcres":2.26,"FireCause":"Human","Year":2025}},{"type":"Feature","geometry":{"type":"Polygon","coordinates":[[[-119.9512,39.67344],[-119.95126,39.67353],[-119.95105,39.67359],[-119.9512,39.67344]]]},"properties":{"IncidentName":"Polar Bear","GISAcres":0.05,"FireCause":"Human","Year":2025}},{"type":"Feature","geometry":{"type":"Polygon","coordinates":[[[-119.66454,39.59042],[-119.66331,39.58934],[-119.66455,39.58909],[-119.66463,39.5902],[-119.66548,39.59057],[-119.66454,39.59042]]]},"properties":{"IncidentName":"Hulk","GISAcres":3.04,"FireCause":"Human","Year":2025}},{"type":"Feature","geometry":{"type":"Polygon","coordinates":[[[-119.59109,39.92546],[-119.59073,39.92467],[-119.59137,39.92504],[-119.59109,39.92546]]]},"properties":{"IncidentName":"Cliff","GISAcres":1.11,"FireCause":"Human","Year":2025}},{"type":"Feature","geometry":{"type":"Polygon","coordinates":[[[-119.49205,39.87518],[-119.49258,39.87541],[-119.4923,39.87548],[-119.49205,39.87518]]]},"properties":{"IncidentName":"Blockhouse","GISAcres":0.26,"FireCause":"Human","Year":2025}},{"type":"Feature","geometry":{"type":"Polygon","coordinates":[[[-119.57235,39.92448],[-119.57322,39.92429],[-119.57272,39.92464],[-119.57235,39.92448]]]},"properties":{"IncidentName":"Rabbit","GISAcres":0.5,"FireCause":"Human","Year":2025}},{"type":"Feature","geometry":{"type":"Polygon","coordinates":[[[-119.43387,39.8228],[-119.43313,39.82302],[-119.43343,39.82201],[-119.43455,39.82167],[-119.43387,39.8228]],[[-119.43363,39.82192],[-119.43359,39.82192],[-119.43359,39.82192],[-119.43363,39.82192]]]},"properties":{"IncidentName":"Crowley","GISAcres":2.87,"FireCause":"Natural","Year":2025}},{"type":"Feature","geometry":{"type":"Polygon","coordinates":[[[-119.5994,39.94616],[-119.59948,39.94555],[-119.60019,39.94558],[-119.5994,39.94616]]]},"properties":{"IncidentName":"Tufa Rock","GISAcres":0.86,"FireCause":"Human","Year":2025}},{"type":"Feature","geometry":{"type":"Polygon","coordinates":[[[-119.60315,39.95701],[-119.60359,39.9577],[-119.60279,39.95799],[-119.60315,39.95701]]]},"properties":{"IncidentName":"Marina","GISAcres":1.4,"FireCause":"Human","Year":2025}},{"type":"Feature","geometry":{"type":"Polygon","coordinates":[[[-119.57437,39.91899],[-119.57451,39.91849],[-119.57513,39.9189],[-119.57437,39.91899]]]},"properties":{"IncidentName":"Junction","GISAcres":0.5,"FireCause":"Human","Year":2025}},{"type":"Feature","geometry":{"type":"Polygon","coordinates":[[[-120.00378,39.94691],[-120.00577,39.94861],[-120.00501,39.95018],[-120.00199,39.94777],[-120.00378,39.94691]]]},"properties":{"IncidentName":"South Constantia","GISAcres":14.53,"FireCause":"Natural","Year":2025}},{"type":"Feature","geometry":{"type":"Polygon","coordinates":[[[-120.03155,39.9577],[-120.03225,39.95822],[-120.03157,39.95827],[-120.03155,39.9577]]]},"properties":{"IncidentName":"Stack","GISAcres":1,"FireCause":"Human","Year":2025}},{"type":"Feature","geometry":{"type":"Polygon","coordinates":[[[-120.04382,39.83458],[-120.04388,39.83468],[-120.04366,39.83474],[-120.04382,39.83458]]]},"properties":{"IncidentName":"Channel","GISAcres":0.03,"FireCause":"Natural","Year":2025}},{"type":"Feature","geometry":{"type":"Polygon","coordinates":[[[-119.65636,38.85318],[-119.65707,38.85336],[-119.65684,38.85351],[-119.65636,38.85318]]]},"properties":{"IncidentName":"Ray May","GISAcres":0.38,"FireCause":"Human","Year":2025}},{"type":"Feature","geometry":{"type":"Polygon","coordinates":[[[-119.77013,39.85023],[-119.77014,39.8502],[-119.77018,39.85025],[-119.77013,39.85023]]]},"properties":{"IncidentName":"Moon","GISAcres":0,"FireCause":"Natural","Year":2025}},{"type":"Feature","geometry":{"type":"Polygon","coordinates":[[[-119.7768,39.63321],[-119.779,39.63461],[-119.78014,39.63449],[-119.78133,39.63616],[-119.77967,39.63709],[-119.7792,39.63668],[-119.77914,39.63731],[-119.77869,39.63642],[-119.77787,39.63659],[-119.77771,39.63541],[-119.77724,39.63602],[-119.77648,39.63566],[-119.77644,39.63719],[-119.77302,39.63683],[-119.77418,39.63597],[-119.77413,39.63408],[-119.7765,39.63392],[-119.7768,39.63321]]]},"properties":{"IncidentName":"Van","GISAcres":41,"FireCause":"Human","Year":2025}},{"type":"Feature","geometry":{"type":"Polygon","coordinates":[[[-119.96378,39.73719],[-119.96125,39.73862],[-119.96105,39.73756],[-119.95978,39.73704],[-119.96251,39.73678],[-119.96212,39.73595],[-119.96055,39.73562],[-119.96146,39.73487],[-119.96378,39.73719]]]},"properties":{"IncidentName":"Flat","GISAcres":13.95,"FireCause":"Natural","Year":2025}},{"type":"Feature","geometry":{"type":"Polygon","coordinates":[[[-120.03402,39.70447],[-120.03391,39.70407],[-120.03408,39.70443],[-120.03402,39.70447]]]},"properties":{"IncidentName":"Roadside","GISAcres":0.03,"FireCause":"Human","Year":2025}},{"type":"Feature","geometry":{"type":"MultiPolygon","coordinates":[[[[-119.78112,39.66296],[-119.7799,39.66394],[-119.77658,39.66432],[-119.77562,39.66588],[-119.77496,39.66506],[-119.7762,39.66179],[-119.78054,39.66206],[-119.78112,39.66296]]],[[[-119.78114,39.66294],[-119.78115,39.66296],[-119.78112,39.66296],[-119.78114,39.66294]]],[[[-119.77563,39.66261],[-119.77562,39.66261],[-119.77561,39.66258],[-119.77563,39.66261]]]]},"properties":{"IncidentName":"Chickadee ","GISAcres":32.38,"FireCause":"Human","Year":2025}},{"type":"Feature","geometry":{"type":"Polygon","coordinates":[[[-119.80149,39.62183],[-119.80124,39.62163],[-119.80164,39.62173],[-119.80149,39.62183]]]},"properties":{"IncidentName":"Whammy","GISAcres":0.1149784,"FireCause":"Natural","Year":2025}},{"type":"Feature","geometry":{"type":"Polygon","coordinates":[[[-119.63676,39.59901],[-119.63034,39.60175],[-119.62316,39.60303],[-119.61954,39.60448],[-119.62074,39.59971],[-119.62787,39.5891],[-119.63394,39.58536],[-119.63935,39.5872],[-119.64005,39.58525],[-119.63901,39.58339],[-119.64196,39.58117],[-119.65062,39.58287],[-119.6535,39.58528],[-119.6539,39.58372],[-119.65264,39.58256],[-119.6516,39.57959],[-119.64862,39.57884],[-119.64731,39.57744],[-119.65299,39.57627],[-119.65676,39.57209],[-119.65942,39.57249],[-119.66387,39.57935],[-119.65911,39.58481],[-119.6561,39.58603],[-119.65574,39.5885],[-119.6531,39.59306],[-119.65046,39.59467],[-119.64835,39.59433],[-119.64627,39.59583],[-119.63676,39.59901]]]},"properties":{"IncidentName":"Gold","GISAcres":1268.24,"FireCause":"Human","Year":2025}},{"type":"Feature","geometry":{"type":"Polygon","coordinates":[[[-119.38786,39.99819],[-119.38807,39.9986],[-119.38795,39.99873],[-119.38786,39.99819]]]},"properties":{"IncidentName":"MM 29","GISAcres":0.18,"FireCause":"Human","Year":2025}},{"type":"Feature","geometry":{"type":"Polygon","coordinates":[[[-119.91942,39.63068],[-119.91954,39.63044],[-119.9197,39.63057],[-119.91942,39.63068]]]},"properties":{"IncidentName":"Line","GISAcres":0.15,"FireCause":"Human","Year":2025}},{"type":"Feature","geometry":{"type":"Polygon","coordinates":[[[-119.60059,39.94454],[-119.60107,39.94432],[-119.6012,39.94443],[-119.60059,39.94454]]]},"properties":{"IncidentName":"Tufa","GISAcres":0.17,"FireCause":"Human","Year":2025}},{"type":"Feature","geometry":{"type":"Polygon","coordinates":[[[-119.94803,39.62787],[-119.94811,39.62761],[-119.94868,39.62797],[-119.94803,39.62787]]]},"properties":{"IncidentName":"Shooter","GISAcres":0.33,"FireCause":"Human","Year":2025}},{"type":"Feature","geometry":{"type":"MultiPolygon","coordinates":[[[[-119.47477,38.97906],[-119.46855,38.97748],[-119.4678,38.97572],[-119.46949,38.97502],[-119.46911,38.97414],[-119.47005,38.97357],[-119.46953,38.97309],[-119.47046,38.97341],[-119.4717,38.97228],[-119.47326,38.97271],[-119.4742,38.97174],[-119.47617,38.97235],[-119.47704,38.97024],[-119.47046,38.96883],[-119.4692,38.96941],[-119.46931,38.96834],[-119.4678,38.96911],[-119.46752,38.96821],[-119.46541,38.96774],[-119.46861,38.96522],[-119.46736,38.96551],[-119.4658,38.96458],[-119.46534,38.96557],[-119.46316,38.96446],[-119.46246,38.9648],[-119.46313,38.96324],[-119.46612,38.96077],[-119.46689,38.96162],[-119.46555,38.96272],[-119.46664,38.96321],[-119.46907,38.96241],[-119.46888,38.95961],[-119.47085,38.95628],[-119.46756,38.94897],[-119.47005,38.94916],[-119.47612,38.94753],[-119.47999,38.9492],[-119.48174,38.94819],[-119.47863,38.94654],[-119.47776,38.94487],[-119.47878,38.9432],[-119.48082,38.94317],[-119.48254,38.9393],[-119.4803,38.94016],[-119.48078,38.93858],[-119.47907,38.93944],[-119.47878,38.93841],[-119.481,38.9358],[-119.48469,38.93679],[-119.48513,38.93534],[-119.48212,38.93399],[-119.48279,38.93321],[-119.48216,38.93282],[-119.48111,38.933],[-119.48132,38.93512],[-119.47972,38.93525],[-119.47874,38.93271],[-119.47952,38.93128],[-119.47932,38.92877],[-119.48477,38.93083],[-119.49061,38.93485],[-119.49062,38.9383],[-119.4919,38.93614],[-119.49371,38.93554],[-119.49805,38.93145],[-119.5026,38.93003],[-119.50634,38.93226],[-119.50817,38.93151],[-119.5064,38.92932],[-119.50836,38.9252],[-119.50752,38.9243],[-119.50576,38.92446],[-119.5036,38.92636],[-119.50303,38.92354],[-119.49971,38.92455],[-119.50057,38.92566],[-119.50114,38.92413],[-119.50183,38.92467],[-119.50184,38.92702],[-119.49815,38.92916],[-119.49681,38.9316],[-119.49588,38.93185],[-119.49636,38.93085],[-119.4949,38.92984],[-119.49275,38.92964],[-119.49353,38.92887],[-119.49378,38.92474],[-119.49876,38.92335],[-119.49803,38.92157],[-119.49693,38.92133],[-119.49776,38.92003],[-119.49607,38.91888],[-119.49792,38.91767],[-119.49461,38.91615],[-119.49387,38.91686],[-119.49299,38.9151],[-119.49058,38.91366],[-119.49197,38.91332],[-119.49349,38.91423],[-119.49481,38.91393],[-119.4944,38.91333],[-119.49675,38.91437],[-119.49958,38.9138],[-119.50205,38.91579],[-119.50452,38.9152],[-119.50328,38.91436],[-119.50426,38.91291],[-119.50624,38.91369],[-119.50726,38.91298],[-119.50735,38.91455],[-119.50832,38.91469],[-119.50754,38.91569],[-119.51157,38.9191],[-119.51229,38.91935],[-119.51262,38.91835],[-119.514,38.91901],[-119.51327,38.91808],[-119.51426,38.91742],[-119.51589,38.91871],[-119.51868,38.9188],[-119.51937,38.91851],[-119.51843,38.91812],[-119.51888,38.91717],[-119.51625,38.9167],[-119.51746,38.91533],[-119.51659,38.91457],[-119.52078,38.91251],[-119.522,38.91126],[-119.52124,38.91068],[-119.52268,38.91029],[-119.52139,38.91],[-119.52317,38.90755],[-119.52276,38.90627],[-119.52574,38.90299],[-119.5245,38.9019],[-119.52514,38.90032],[-119.52994,38.90078],[-119.52908,38.89975],[-119.53208,38.89982],[-119.53056,38.89834],[-119.52753,38.89729],[-119.52719,38.89628],[-119.53032,38.89633],[-119.53413,38.89849],[-119.53542,38.8984],[-119.53355,38.8965],[-119.53315,38.89276],[-119.5296,38.89103],[-119.53136,38.89064],[-119.53045,38.88852],[-119.53101,38.88787],[-119.53385,38.88884],[-119.53307,38.88831],[-119.5334,38.88724],[-119.53529,38.88769],[-119.53245,38.88591],[-119.53451,38.88547],[-119.5345,38.88348],[-119.53126,38.88229],[-119.52901,38.8831],[-119.52703,38.88307],[-119.52648,38.88229],[-119.52807,38.88031],[-119.53369,38.87974],[-119.53415,38.87887],[-119.53354,38.87846],[-119.5354,38.87723],[-119.53992,38.87824],[-119.53769,38.87648],[-119.53364,38.87627],[-119.53071,38.87449],[-119.53025,38.87618],[-119.53088,38.87835],[-119.52784,38.87628],[-119.5263,38.87689],[-119.52496,38.87638],[-119.5251,38.87545],[-119.5244,38.87513],[-119.52536,38.87449],[-119.52442,38.87367],[-119.52421,38.87189],[-119.52195,38.87109],[-119.51995,38.86891],[-119.52027,38.8682],[-119.52439,38.86722],[-119.525,38.86821],[-119.5254,38.86666],[-119.52722,38.86521],[-119.53484,38.86454],[-119.55499,38.87262],[-119.55466,38.87142],[-119.55546,38.87085],[-119.56127,38.86985],[-119.56147,38.87043],[-119.5592,38.87104],[-119.56175,38.87182],[-119.56314,38.87105],[-119.56834,38.87407],[-119.57157,38.8745],[-119.57224,38.87395],[-119.57093,38.87353],[-119.57319,38.87303],[-119.57391,38.87377],[-119.57407,38.87645],[-119.5748,38.87254],[-119.57402,38.87066],[-119.57497,38.86836],[-119.57437,38.86517],[-119.57594,38.86297],[-119.57612,38.85917],[-119.57496,38.85673],[-119.57557,38.85554],[-119.57657,38.85481],[-119.57776,38.85513],[-119.57791,38.85383],[-119.57929,38.85406],[-119.57919,38.85288],[-119.5798,38.85271],[-119.58089,38.85324],[-119.58067,38.85403],[-119.58243,38.85397],[-119.58356,38.8528],[-119.58472,38.85376],[-119.5843,38.85423],[-119.58864,38.85565],[-119.58993,38.85402],[-119.58877,38.85177],[-119.58912,38.84979],[-119.59108,38.85052],[-119.59115,38.85178],[-119.59231,38.85199],[-119.59221,38.85289],[-119.59373,38.85415],[-119.59352,38.85585],[-119.59677,38.85783],[-119.5995,38.85596],[-119.60123,38.85575],[-119.59972,38.85352],[-119.60179,38.85382],[-119.60324,38.85231],[-119.60031,38.85269],[-119.5992,38.85187],[-119.60221,38.85113],[-119.60344,38.84901],[-119.60447,38.84867],[-119.60427,38.84773],[-119.61129,38.8494],[-119.61313,38.85331],[-119.61608,38.85149],[-119.62234,38.85526],[-119.62787,38.85664],[-119.62924,38.85634],[-119.62961,38.85516],[-119.633,38.85509],[-119.63737,38.85755],[-119.63869,38.8551],[-119.64166,38.85325],[-119.64281,38.85378],[-119.64429,38.85222],[-119.64557,38.85657],[-119.64851,38.85677],[-119.64849,38.8596],[-119.64578,38.85983],[-119.64522,38.86115],[-119.64577,38.86236],[-119.64473,38.86421],[-119.64203,38.86563],[-119.63985,38.86572],[-119.63845,38.86333],[-119.63403,38.86272],[-119.63407,38.86479],[-119.63273,38.8666],[-119.63262,38.86821],[-119.63172,38.86862],[-119.63014,38.8679],[-119.63188,38.86961],[-119.637,38.8697],[-119.63893,38.8709],[-119.63926,38.87263],[-119.63709,38.87384],[-119.63218,38.87343],[-119.63263,38.8765],[-119.63176,38.87904],[-119.63043,38.87954],[-119.63096,38.88059],[-119.6292,38.88102],[-119.63078,38.882],[-119.62998,38.88355],[-119.62454,38.88541],[-119.62277,38.88525],[-119.6185,38.88733],[-119.61786,38.8892],[-119.61499,38.89147],[-119.60825,38.89413],[-119.60522,38.89385],[-119.60329,38.89643],[-119.59651,38.89659],[-119.58863,38.89212],[-119.58586,38.89238],[-119.58576,38.89488],[-119.58335,38.89616],[-119.58178,38.89598],[-119.57835,38.89912],[-119.58026,38.89829],[-119.58127,38.89882],[-119.58123,38.89967],[-119.57941,38.89929],[-119.57585,38.90077],[-119.57687,38.9029],[-119.57603,38.90475],[-119.56994,38.9093],[-119.56446,38.91164],[-119.56315,38.9148],[-119.556,38.92323],[-119.5481,38.9282],[-119.54414,38.93188],[-119.54486,38.93247],[-119.54429,38.9336],[-119.54473,38.93423],[-119.54555,38.93357],[-119.54553,38.93529],[-119.54725,38.93654],[-119.54555,38.9372],[-119.54311,38.94041],[-119.54073,38.94108],[-119.54017,38.94483],[-119.53907,38.94538],[-119.53642,38.94475],[-119.5332,38.94577],[-119.5322,38.94506],[-119.52771,38.94869],[-119.52589,38.94848],[-119.52443,38.95055],[-119.52217,38.95028],[-119.52189,38.95234],[-119.51857,38.95214],[-119.51472,38.95348],[-119.515,38.95442],[-119.5135,38.95468],[-119.51377,38.9556],[-119.51528,38.95625],[-119.51495,38.95707],[-119.51625,38.95902],[-119.51692,38.96111],[-119.51614,38.9625],[-119.51115,38.96362],[-119.50761,38.96239],[-119.50586,38.96027],[-119.50547,38.96087],[-119.50671,38.96194],[-119.50477,38.96267],[-119.50386,38.96486],[-119.50422,38.96578],[-119.50157,38.96728],[-119.50058,38.96966],[-119.4981,38.96937],[-119.49743,38.97094],[-119.49572,38.97002],[-119.49478,38.96787],[-119.49381,38.96865],[-119.49401,38.96957],[-119.49054,38.97035],[-119.48779,38.97277],[-119.48748,38.97172],[-119.48562,38.97115],[-119.48266,38.97155],[-119.47813,38.97733],[-119.47477,38.97906]]],[[[-119.51624,38.95447],[-119.51565,38.95413],[-119.51615,38.95397],[-119.51624,38.95447]]],[[[-119.51627,38.95453],[-119.51628,38.95451],[-119.51631,38.95452],[-119.51627,38.95453]]],[[[-119.46871,38.9795],[-119.46621,38.97937],[-119.46918,38.97874],[-119.46991,38.97946],[-119.46871,38.9795]]]]},"properties":{"IncidentName":"Conner","GISAcres":17714.15,"FireCause":"Human","Year":2025}},{"type":"Feature","geometry":{"type":"Polygon","coordinates":[[[-119.42794,38.83535],[-119.42774,38.83535],[-119.42767,38.8352],[-119.42794,38.83535]]]},"properties":{"IncidentName":"Day","GISAcres":0.06,"FireCause":"Natural","Year":2025}},{"type":"Feature","geometry":{"type":"Polygon","coordinates":[[[-119.86611,39.83777],[-119.87177,39.8376],[-119.87264,39.83637],[-119.871,39.83553],[-119.87239,39.83455],[-119.87985,39.83529],[-119.88234,39.83686],[-119.8812,39.83762],[-119.88159,39.83816],[-119.88453,39.83724],[-119.88554,39.83596],[-119.88688,39.83686],[-119.89276,39.83516],[-119.90139,39.83487],[-119.90419,39.83229],[-119.90274,39.82961],[-119.90317,39.82547],[-119.90639,39.82465],[-119.91267,39.82587],[-119.91523,39.83042],[-119.91924,39.83033],[-119.92052,39.83258],[-119.9265,39.83542],[-119.92825,39.83778],[-119.92761,39.83882],[-119.92699,39.83718],[-119.92287,39.83631],[-119.91388,39.83915],[-119.90339,39.83924],[-119.89494,39.84399],[-119.8927,39.84369],[-119.87925,39.8462],[-119.87878,39.84735],[-119.86164,39.8463],[-119.85977,39.84573],[-119.86084,39.84503],[-119.85967,39.84448],[-119.855,39.84499],[-119.85373,39.84435],[-119.85304,39.84568],[-119.85117,39.84539],[-119.8527,39.84271],[-119.86611,39.83777]]]},"properties":{"IncidentName":"Rancho","GISAcres":1482.77,"FireCause":"Human","Year":2025}},{"type":"Feature","geometry":{"type":"Polygon","coordinates":[[[-119.76164,39.62257],[-119.76165,39.62252],[-119.76174,39.62258],[-119.76164,39.62257]]]},"properties":{"IncidentName":"Donatello","GISAcres":0.01,"FireCause":"Human","Year":2025}},{"type":"Feature","geometry":{"type":"Polygon","coordinates":[[[-119.76433,39.58262],[-119.7648,39.58296],[-119.76381,39.58295],[-119.76433,39.58262]]]},"properties":{"IncidentName":"Tower","GISAcres":0.9,"FireCause":"Human","Year":2025}},{"type":"Feature","geometry":{"type":"Polygon","coordinates":[[[-119.60055,39.9042],[-119.59996,39.9041],[-119.60052,39.90378],[-119.60055,39.9042]]]},"properties":{"IncidentName":"Dump","GISAcres":0.53,"FireCause":"Human","Year":2025}}]}